solid Uranium STLWriter Sun 30 Jan 2022 13:50:49
facet normal 0.0 0.0 0.0
  outer loop
    vertex -7.206399440765381 -2.406399965286255 2.384185791015625e-07
    vertex -0.6015980839729309 -2.9951999187469482 2.384185791015625e-07
    vertex -7.500799655914307 -2.7007999420166016 2.384185791015625e-07
  endloop
endfacet
facet normal 0.0 0.0 0.0
  outer loop
    vertex -7.206399440765381 -2.406399965286255 2.384185791015625e-07
    vertex -7.500799655914307 -2.7007999420166016 2.384185791015625e-07
    vertex -14.412799835205078 -2.406399965286255 2.384185791015625e-07
  endloop
endfacet
facet normal 0.0 0.0 0.0
  outer loop
    vertex -8.102398872375488 -3.3024001121520996 2.384185791015625e-07
    vertex -14.412799835205078 -2.406399965286255 2.384185791015625e-07
    vertex -7.500799655914307 -2.7007999420166016 2.384185791015625e-07
  endloop
endfacet
facet normal 0.0 0.0 0.0
  outer loop
    vertex 7.193601608276367 2.39359974861145 2.384185791015625e-07
    vertex 0.5888009667396545 2.9952001571655273 2.384185791015625e-07
    vertex 7.488000869750977 2.7007997035980225 2.384185791015625e-07
  endloop
endfacet
facet normal 0.0 0.0 0.0
  outer loop
    vertex -14.412799835205078 2.39359974861145 2.384185791015625e-07
    vertex -7.807999610900879 3.5968005657196045 2.384185791015625e-07
    vertex -7.206399440765381 2.9952001571655273 2.384185791015625e-07
  endloop
endfacet
facet normal 0.0 0.0 0.0
  outer loop
    vertex -8.102398872375488 -3.3024001121520996 2.384185791015625e-07
    vertex -7.500799655914307 -2.7007999420166016 2.384185791015625e-07
    vertex -0.6015980839729309 -2.9951999187469482 2.384185791015625e-07
  endloop
endfacet
facet normal 0.0 0.0 0.0
  outer loop
    vertex 7.193601608276367 -2.406399965286255 2.384185791015625e-07
    vertex 6.899202346801758 -2.7007999420166016 2.384185791015625e-07
    vertex -0.01279831025749445 -2.406399965286255 2.384185791015625e-07
  endloop
endfacet
facet normal 0.0 0.0 0.0
  outer loop
    vertex 14.400001525878906 -2.406399965286255 2.384185791015625e-07
    vertex 7.193601608276367 -2.9951999187469482 2.384185791015625e-07
    vertex 6.899202346801758 -2.7007999420166016 2.384185791015625e-07
  endloop
endfacet
facet normal 0.0 0.0 0.0
  outer loop
    vertex -0.01279831025749445 2.39359974861145 2.384185791015625e-07
    vertex 0.5888009667396545 2.9952001571655273 2.384185791015625e-07
    vertex 7.193601608276367 2.39359974861145 2.384185791015625e-07
  endloop
endfacet
facet normal 0.0 0.0 0.0
  outer loop
    vertex 8.08960247039795 3.302400588989258 2.384185791015625e-07
    vertex 14.400001525878906 2.39359974861145 2.384185791015625e-07
    vertex 7.488000869750977 2.7007997035980225 2.384185791015625e-07
  endloop
endfacet
facet normal 0.0 0.0 0.0
  outer loop
    vertex 14.400001525878906 2.39359974861145 2.384185791015625e-07
    vertex 15.590404510498047 -3.596799850463867 2.384185791015625e-07
    vertex 14.400001525878906 -2.406399965286255 2.384185791015625e-07
  endloop
endfacet
facet normal 0.0 0.0 0.0
  outer loop
    vertex 8.08960247039795 3.302400588989258 2.384185791015625e-07
    vertex 7.488000869750977 2.7007997035980225 2.384185791015625e-07
    vertex 0.5888009667396545 2.9952001571655273 2.384185791015625e-07
  endloop
endfacet
facet normal 0.0 0.0 0.0
  outer loop
    vertex -14.412799835205078 2.39359974861145 2.384185791015625e-07
    vertex -6.911999702453613 2.7007997035980225 2.384185791015625e-07
    vertex -7.206399440765381 2.39359974861145 2.384185791015625e-07
  endloop
endfacet
facet normal 0.0 0.0 0.0
  outer loop
    vertex -0.6015980839729309 -2.9951999187469482 2.384185791015625e-07
    vertex -0.01279831025749445 -2.406399965286255 2.384185791015625e-07
    vertex 6.899202346801758 -2.7007999420166016 2.384185791015625e-07
  endloop
endfacet
facet normal 0.0 0.0 0.0
  outer loop
    vertex -7.206399440765381 2.39359974861145 2.384185791015625e-07
    vertex -6.911999702453613 2.7007997035980225 2.384185791015625e-07
    vertex -0.01279831025749445 2.39359974861145 2.384185791015625e-07
  endloop
endfacet
facet normal 0.0 0.0 0.0
  outer loop
    vertex -14.412799835205078 2.39359974861145 2.384185791015625e-07
    vertex -7.206399440765381 2.9952001571655273 2.384185791015625e-07
    vertex -6.911999702453613 2.7007997035980225 2.384185791015625e-07
  endloop
endfacet
facet normal 0.0 0.0 0.0
  outer loop
    vertex -14.412799835205078 -2.406399965286255 2.384185791015625e-07
    vertex -15.603200912475586 3.5968005657196045 2.384185791015625e-07
    vertex -14.412799835205078 2.39359974861145 2.384185791015625e-07
  endloop
endfacet
facet normal 0.0 0.0 0.0
  outer loop
    vertex 7.193601608276367 2.39359974861145 2.384185791015625e-07
    vertex 7.488000869750977 2.7007997035980225 2.384185791015625e-07
    vertex 14.400001525878906 2.39359974861145 2.384185791015625e-07
  endloop
endfacet
facet normal 0.0 0.0 0.0
  outer loop
    vertex 14.400001525878906 -2.406399965286255 2.384185791015625e-07
    vertex 6.899202346801758 -2.7007999420166016 2.384185791015625e-07
    vertex 7.193601608276367 -2.406399965286255 2.384185791015625e-07
  endloop
endfacet
facet normal 0.0 0.0 0.0
  outer loop
    vertex -0.01279831025749445 -3.596799850463867 2.384185791015625e-07
    vertex 7.193601608276367 -2.9951999187469482 2.384185791015625e-07
    vertex 7.795201301574707 -3.596799850463867 2.384185791015625e-07
  endloop
endfacet
facet normal 0.0 0.0 0.0
  outer loop
    vertex 6.899202346801758 -2.7007999420166016 2.384185791015625e-07
    vertex -0.01279831025749445 -3.596799850463867 2.384185791015625e-07
    vertex -0.6015980839729309 -2.9951999187469482 2.384185791015625e-07
  endloop
endfacet
facet normal 0.0 0.0 0.0
  outer loop
    vertex -7.807999610900879 3.5968005657196045 2.384185791015625e-07
    vertex -14.412799835205078 2.39359974861145 2.384185791015625e-07
    vertex -15.603200912475586 3.5968005657196045 2.384185791015625e-07
  endloop
endfacet
facet normal 0.0 0.0 0.0
  outer loop
    vertex -7.807999610900879 -3.596799850463867 2.384185791015625e-07
    vertex -0.6015980839729309 -2.9951999187469482 2.384185791015625e-07
    vertex -0.01279831025749445 -3.596799850463867 2.384185791015625e-07
  endloop
endfacet
facet normal 0.0 0.0 0.0
  outer loop
    vertex -15.603200912475586 -3.596799850463867 2.384185791015625e-07
    vertex -15.603200912475586 3.5968005657196045 2.384185791015625e-07
    vertex -14.412799835205078 -2.406399965286255 2.384185791015625e-07
  endloop
endfacet
facet normal 0.0 0.0 0.0
  outer loop
    vertex -0.01279831025749445 -3.596799850463867 2.384185791015625e-07
    vertex 6.899202346801758 -2.7007999420166016 2.384185791015625e-07
    vertex 7.193601608276367 -2.9951999187469482 2.384185791015625e-07
  endloop
endfacet
facet normal 0.0 0.0 0.0
  outer loop
    vertex -0.01279831025749445 3.5968005657196045 2.384185791015625e-07
    vertex -7.206399440765381 2.9952001571655273 2.384185791015625e-07
    vertex -7.807999610900879 3.5968005657196045 2.384185791015625e-07
  endloop
endfacet
facet normal 0.0 0.0 0.0
  outer loop
    vertex -15.603200912475586 -3.596799850463867 2.384185791015625e-07
    vertex -8.102398872375488 -3.3024001121520996 2.384185791015625e-07
    vertex -7.807999610900879 -3.596799850463867 2.384185791015625e-07
  endloop
endfacet
facet normal 0.0 0.0 0.0
  outer loop
    vertex 15.590404510498047 3.5968005657196045 2.384185791015625e-07
    vertex 14.400001525878906 2.39359974861145 2.384185791015625e-07
    vertex 8.08960247039795 3.302400588989258 2.384185791015625e-07
  endloop
endfacet
facet normal 0.0 0.0 0.0
  outer loop
    vertex 14.400001525878906 -2.406399965286255 2.384185791015625e-07
    vertex 7.795201301574707 -3.596799850463867 2.384185791015625e-07
    vertex 7.193601608276367 -2.9951999187469482 2.384185791015625e-07
  endloop
endfacet
facet normal 0.0 0.0 0.0
  outer loop
    vertex 15.590404510498047 3.5968005657196045 2.384185791015625e-07
    vertex 8.08960247039795 3.302400588989258 2.384185791015625e-07
    vertex 7.795201301574707 3.5968005657196045 2.384185791015625e-07
  endloop
endfacet
facet normal 0.0 0.0 0.0
  outer loop
    vertex -0.01279831025749445 3.5968005657196045 2.384185791015625e-07
    vertex -6.911999702453613 2.7007997035980225 2.384185791015625e-07
    vertex -7.206399440765381 2.9952001571655273 2.384185791015625e-07
  endloop
endfacet
facet normal 0.0 0.0 0.0
  outer loop
    vertex -6.911999702453613 2.7007997035980225 2.384185791015625e-07
    vertex -0.01279831025749445 3.5968005657196045 2.384185791015625e-07
    vertex 0.5888009667396545 2.9952001571655273 2.384185791015625e-07
  endloop
endfacet
facet normal 0.0 0.0 0.0
  outer loop
    vertex -15.603200912475586 -3.596799850463867 2.384185791015625e-07
    vertex -14.412799835205078 -2.406399965286255 2.384185791015625e-07
    vertex -8.102398872375488 -3.3024001121520996 2.384185791015625e-07
  endloop
endfacet
facet normal 0.0 0.0 0.0
  outer loop
    vertex 0.5888009667396545 2.9952001571655273 2.384185791015625e-07
    vertex -0.01279831025749445 2.39359974861145 2.384185791015625e-07
    vertex -6.911999702453613 2.7007997035980225 2.384185791015625e-07
  endloop
endfacet
facet normal 0.0 0.0 0.0
  outer loop
    vertex -0.6015980839729309 -2.9951999187469482 2.384185791015625e-07
    vertex -7.807999610900879 -3.596799850463867 2.384185791015625e-07
    vertex -8.102398872375488 -3.3024001121520996 2.384185791015625e-07
  endloop
endfacet
facet normal 0.0 0.0 0.0
  outer loop
    vertex 0.5888009667396545 2.9952001571655273 2.384185791015625e-07
    vertex 7.795201301574707 3.5968005657196045 2.384185791015625e-07
    vertex 8.08960247039795 3.302400588989258 2.384185791015625e-07
  endloop
endfacet
facet normal 0.0 0.0 0.0
  outer loop
    vertex 7.795201301574707 3.5968005657196045 2.384185791015625e-07
    vertex 0.5888009667396545 2.9952001571655273 2.384185791015625e-07
    vertex -0.01279831025749445 3.5968005657196045 2.384185791015625e-07
  endloop
endfacet
facet normal 0.0 0.0 0.0
  outer loop
    vertex 15.590404510498047 3.5968005657196045 2.384185791015625e-07
    vertex 15.590404510498047 -3.596799850463867 2.384185791015625e-07
    vertex 14.400001525878906 2.39359974861145 2.384185791015625e-07
  endloop
endfacet
facet normal 0.0 0.0 0.0
  outer loop
    vertex 7.795201301574707 -3.596799850463867 2.384185791015625e-07
    vertex 14.400001525878906 -2.406399965286255 2.384185791015625e-07
    vertex 15.590404510498047 -3.596799850463867 2.384185791015625e-07
  endloop
endfacet
facet normal 0.0 0.0 0.0
  outer loop
    vertex -0.01279831025749445 -2.406399965286255 2.384185791015625e-07
    vertex -0.6015980839729309 -2.9951999187469482 2.384185791015625e-07
    vertex -7.206399440765381 -2.406399965286255 2.384185791015625e-07
  endloop
endfacet
facet normal 0.0 0.0 0.0
  outer loop
    vertex 8.00000286102295 -3.2998482168977716e-08 2.384185791015625e-07
    vertex 9.587203025817871 0.10240014642477036 2.384185791015625e-07
    vertex 9.600001335144043 -3.2998482168977716e-08 2.384185791015625e-07
  endloop
endfacet
facet normal 0.0 0.0 0.0
  outer loop
    vertex 8.00000286102295 -3.2998482168977716e-08 2.384185791015625e-07
    vertex 9.57440185546875 0.20480003952980042 2.384185791015625e-07
    vertex 9.587203025817871 0.10240014642477036 2.384185791015625e-07
  endloop
endfacet
facet normal 0.0 0.0 0.0
  outer loop
    vertex 6.400001525878906 -3.2998482168977716e-08 2.384185791015625e-07
    vertex 6.400001525878906 0.10240014642477036 2.384185791015625e-07
    vertex 8.00000286102295 -3.2998482168977716e-08 2.384185791015625e-07
  endloop
endfacet
facet normal 0.0 0.0 0.0
  outer loop
    vertex 8.00000286102295 -3.2998482168977716e-08 2.384185791015625e-07
    vertex 9.561601638793945 0.30720022320747375 2.384185791015625e-07
    vertex 9.57440185546875 0.20480003952980042 2.384185791015625e-07
  endloop
endfacet
facet normal 0.0 0.0 0.0
  outer loop
    vertex 8.00000286102295 -3.2998482168977716e-08 2.384185791015625e-07
    vertex 9.536002159118652 0.4096001088619232 2.384185791015625e-07
    vertex 9.561601638793945 0.30720022320747375 2.384185791015625e-07
  endloop
endfacet
facet normal 0.0 0.0 0.0
  outer loop
    vertex 8.00000286102295 -3.2998482168977716e-08 2.384185791015625e-07
    vertex 9.510403633117676 0.512000322341919 2.384185791015625e-07
    vertex 9.536002159118652 0.4096001088619232 2.384185791015625e-07
  endloop
endfacet
facet normal 0.0 0.0 0.0
  outer loop
    vertex 8.00000286102295 -3.2998482168977716e-08 2.384185791015625e-07
    vertex 9.472003936767578 0.6144002079963684 2.384185791015625e-07
    vertex 9.510403633117676 0.512000322341919 2.384185791015625e-07
  endloop
endfacet
facet normal 0.0 0.0 0.0
  outer loop
    vertex 8.00000286102295 -3.2998482168977716e-08 2.384185791015625e-07
    vertex 9.433601379394531 0.7039999961853027 2.384185791015625e-07
    vertex 9.472003936767578 0.6144002079963684 2.384185791015625e-07
  endloop
endfacet
facet normal 0.0 0.0 0.0
  outer loop
    vertex 8.00000286102295 -3.2998482168977716e-08 2.384185791015625e-07
    vertex 9.382401466369629 0.7936000823974609 2.384185791015625e-07
    vertex 9.433601379394531 0.7039999961853027 2.384185791015625e-07
  endloop
endfacet
facet normal 0.0 0.0 0.0
  outer loop
    vertex 8.00000286102295 -3.2998482168977716e-08 2.384185791015625e-07
    vertex 9.318402290344238 0.8832001686096191 2.384185791015625e-07
    vertex 9.382401466369629 0.7936000823974609 2.384185791015625e-07
  endloop
endfacet
facet normal 0.0 0.0 0.0
  outer loop
    vertex 8.00000286102295 -3.2998482168977716e-08 2.384185791015625e-07
    vertex 9.267202377319336 0.9727999567985535 2.384185791015625e-07
    vertex 9.318402290344238 0.8832001686096191 2.384185791015625e-07
  endloop
endfacet
facet normal 0.0 0.0 0.0
  outer loop
    vertex 8.00000286102295 -3.2998482168977716e-08 2.384185791015625e-07
    vertex 9.19040298461914 1.0496002435684204 2.384185791015625e-07
    vertex 9.267202377319336 0.9727999567985535 2.384185791015625e-07
  endloop
endfacet
facet normal 0.0 0.0 0.0
  outer loop
    vertex 8.00000286102295 -3.2998482168977716e-08 2.384185791015625e-07
    vertex 9.126401901245117 1.1264002323150635 2.384185791015625e-07
    vertex 9.19040298461914 1.0496002435684204 2.384185791015625e-07
  endloop
endfacet
facet normal 0.0 0.0 0.0
  outer loop
    vertex 8.00000286102295 -3.2998482168977716e-08 2.384185791015625e-07
    vertex 9.049602508544922 1.2032002210617065 2.384185791015625e-07
    vertex 9.126401901245117 1.1264002323150635 2.384185791015625e-07
  endloop
endfacet
facet normal 0.0 0.0 0.0
  outer loop
    vertex 8.00000286102295 -3.2998482168977716e-08 2.384185791015625e-07
    vertex 8.972803115844727 1.2672001123428345 2.384185791015625e-07
    vertex 9.049602508544922 1.2032002210617065 2.384185791015625e-07
  endloop
endfacet
facet normal 0.0 0.0 0.0
  outer loop
    vertex 8.00000286102295 -3.2998482168977716e-08 2.384185791015625e-07
    vertex 8.88320255279541 1.3312000036239624 2.384185791015625e-07
    vertex 8.972803115844727 1.2672001123428345 2.384185791015625e-07
  endloop
endfacet
facet normal 0.0 0.0 0.0
  outer loop
    vertex 8.00000286102295 -3.2998482168977716e-08 2.384185791015625e-07
    vertex 8.79360294342041 1.3823997974395752 2.384185791015625e-07
    vertex 8.88320255279541 1.3312000036239624 2.384185791015625e-07
  endloop
endfacet
facet normal 0.0 0.0 0.0
  outer loop
    vertex 8.00000286102295 -3.2998482168977716e-08 2.384185791015625e-07
    vertex 8.704002380371094 1.4336001873016357 2.384185791015625e-07
    vertex 8.79360294342041 1.3823997974395752 2.384185791015625e-07
  endloop
endfacet
facet normal 0.0 0.0 0.0
  outer loop
    vertex 8.00000286102295 -3.2998482168977716e-08 2.384185791015625e-07
    vertex 8.601601600646973 1.4719998836517334 2.384185791015625e-07
    vertex 8.704002380371094 1.4336001873016357 2.384185791015625e-07
  endloop
endfacet
facet normal 0.0 0.0 0.0
  outer loop
    vertex 8.00000286102295 -3.2998482168977716e-08 2.384185791015625e-07
    vertex 8.512001991271973 1.5104001760482788 2.384185791015625e-07
    vertex 8.601601600646973 1.4719998836517334 2.384185791015625e-07
  endloop
endfacet
facet normal 0.0 0.0 0.0
  outer loop
    vertex 8.00000286102295 -3.2998482168977716e-08 2.384185791015625e-07
    vertex 8.409601211547852 1.5488004684448242 2.384185791015625e-07
    vertex 8.512001991271973 1.5104001760482788 2.384185791015625e-07
  endloop
endfacet
facet normal 0.0 0.0 0.0
  outer loop
    vertex 8.00000286102295 -3.2998482168977716e-08 2.384185791015625e-07
    vertex 8.307202339172363 1.5744000673294067 2.384185791015625e-07
    vertex 8.409601211547852 1.5488004684448242 2.384185791015625e-07
  endloop
endfacet
facet normal 0.0 0.0 0.0
  outer loop
    vertex 8.00000286102295 -3.2998482168977716e-08 2.384185791015625e-07
    vertex 8.204801559448242 1.5872001647949219 2.384185791015625e-07
    vertex 8.307202339172363 1.5744000673294067 2.384185791015625e-07
  endloop
endfacet
facet normal 0.0 0.0 0.0
  outer loop
    vertex 8.00000286102295 -3.2998482168977716e-08 2.384185791015625e-07
    vertex 8.10240364074707 1.5999996662139893 2.384185791015625e-07
    vertex 8.204801559448242 1.5872001647949219 2.384185791015625e-07
  endloop
endfacet
facet normal 0.0 0.0 0.0
  outer loop
    vertex 8.00000286102295 -3.2998482168977716e-08 2.384185791015625e-07
    vertex 8.00000286102295 1.5999996662139893 2.384185791015625e-07
    vertex 8.10240364074707 1.5999996662139893 2.384185791015625e-07
  endloop
endfacet
facet normal 0.0 0.0 0.0
  outer loop
    vertex -8.012800216674805 -3.2998482168977716e-08 2.384185791015625e-07
    vertex -8.012800216674805 1.5999996662139893 2.384185791015625e-07
    vertex -7.897599697113037 1.5999996662139893 2.384185791015625e-07
  endloop
endfacet
facet normal 0.0 0.0 0.0
  outer loop
    vertex 8.00000286102295 1.5999996662139893 2.384185791015625e-07
    vertex 8.00000286102295 -3.2998482168977716e-08 2.384185791015625e-07
    vertex 7.884801387786865 1.5999996662139893 2.384185791015625e-07
  endloop
endfacet
facet normal 0.0 0.0 0.0
  outer loop
    vertex 7.884801387786865 1.5999996662139893 2.384185791015625e-07
    vertex 8.00000286102295 -3.2998482168977716e-08 2.384185791015625e-07
    vertex 7.782402992248535 1.5872001647949219 2.384185791015625e-07
  endloop
endfacet
facet normal 0.0 0.0 0.0
  outer loop
    vertex -8.012800216674805 -3.2998482168977716e-08 2.384185791015625e-07
    vertex -7.897599697113037 1.5999996662139893 2.384185791015625e-07
    vertex -7.795199394226074 1.5872001647949219 2.384185791015625e-07
  endloop
endfacet
facet normal 0.0 0.0 0.0
  outer loop
    vertex 7.782402992248535 1.5872001647949219 2.384185791015625e-07
    vertex 8.00000286102295 -3.2998482168977716e-08 2.384185791015625e-07
    vertex 7.680002212524414 1.5744000673294067 2.384185791015625e-07
  endloop
endfacet
facet normal 0.0 0.0 0.0
  outer loop
    vertex -8.012800216674805 -3.2998482168977716e-08 2.384185791015625e-07
    vertex -7.795199394226074 1.5872001647949219 2.384185791015625e-07
    vertex -7.692799091339111 1.5744000673294067 2.384185791015625e-07
  endloop
endfacet
facet normal 0.0 0.0 0.0
  outer loop
    vertex 7.680002212524414 1.5744000673294067 2.384185791015625e-07
    vertex 8.00000286102295 -3.2998482168977716e-08 2.384185791015625e-07
    vertex 7.577603816986084 1.5488004684448242 2.384185791015625e-07
  endloop
endfacet
facet normal 0.0 0.0 0.0
  outer loop
    vertex -8.012800216674805 -3.2998482168977716e-08 2.384185791015625e-07
    vertex -7.692799091339111 1.5744000673294067 2.384185791015625e-07
    vertex -7.590400218963623 1.5488004684448242 2.384185791015625e-07
  endloop
endfacet
facet normal 0.0 0.0 0.0
  outer loop
    vertex 7.577603816986084 1.5488004684448242 2.384185791015625e-07
    vertex 8.00000286102295 -3.2998482168977716e-08 2.384185791015625e-07
    vertex 7.475202560424805 1.5104001760482788 2.384185791015625e-07
  endloop
endfacet
facet normal 0.0 0.0 0.0
  outer loop
    vertex -8.012800216674805 -3.2998482168977716e-08 2.384185791015625e-07
    vertex -7.590400218963623 1.5488004684448242 2.384185791015625e-07
    vertex -7.48799991607666 1.5104001760482788 2.384185791015625e-07
  endloop
endfacet
facet normal 0.0 0.0 0.0
  outer loop
    vertex 7.475202560424805 1.5104001760482788 2.384185791015625e-07
    vertex 8.00000286102295 -3.2998482168977716e-08 2.384185791015625e-07
    vertex 7.3856024742126465 1.4719998836517334 2.384185791015625e-07
  endloop
endfacet
facet normal 0.0 0.0 0.0
  outer loop
    vertex -8.012800216674805 -3.2998482168977716e-08 2.384185791015625e-07
    vertex -7.48799991607666 1.5104001760482788 2.384185791015625e-07
    vertex -7.398399353027344 1.4719998836517334 2.384185791015625e-07
  endloop
endfacet
facet normal 0.0 0.0 0.0
  outer loop
    vertex 7.3856024742126465 1.4719998836517334 2.384185791015625e-07
    vertex 8.00000286102295 -3.2998482168977716e-08 2.384185791015625e-07
    vertex 7.283201694488525 1.4336001873016357 2.384185791015625e-07
  endloop
endfacet
facet normal 0.0 0.0 0.0
  outer loop
    vertex -8.012800216674805 -3.2998482168977716e-08 2.384185791015625e-07
    vertex -7.398399353027344 1.4719998836517334 2.384185791015625e-07
    vertex -7.295999526977539 1.4336001873016357 2.384185791015625e-07
  endloop
endfacet
facet normal 0.0 0.0 0.0
  outer loop
    vertex 7.283201694488525 1.4336001873016357 2.384185791015625e-07
    vertex 8.00000286102295 -3.2998482168977716e-08 2.384185791015625e-07
    vertex 7.193601608276367 1.3823997974395752 2.384185791015625e-07
  endloop
endfacet
facet normal 0.0 0.0 0.0
  outer loop
    vertex -8.012800216674805 -3.2998482168977716e-08 2.384185791015625e-07
    vertex -7.295999526977539 1.4336001873016357 2.384185791015625e-07
    vertex -7.206399440765381 1.3823997974395752 2.384185791015625e-07
  endloop
endfacet
facet normal 0.0 0.0 0.0
  outer loop
    vertex 7.193601608276367 1.3823997974395752 2.384185791015625e-07
    vertex 8.00000286102295 -3.2998482168977716e-08 2.384185791015625e-07
    vertex 7.104001522064209 1.3312000036239624 2.384185791015625e-07
  endloop
endfacet
facet normal 0.0 0.0 0.0
  outer loop
    vertex -8.012800216674805 -3.2998482168977716e-08 2.384185791015625e-07
    vertex -7.206399440765381 1.3823997974395752 2.384185791015625e-07
    vertex -7.116799831390381 1.3312000036239624 2.384185791015625e-07
  endloop
endfacet
facet normal 0.0 0.0 0.0
  outer loop
    vertex 7.104001522064209 1.3312000036239624 2.384185791015625e-07
    vertex 8.00000286102295 -3.2998482168977716e-08 2.384185791015625e-07
    vertex 7.014401435852051 1.2672001123428345 2.384185791015625e-07
  endloop
endfacet
facet normal 0.0 0.0 0.0
  outer loop
    vertex -8.012800216674805 -3.2998482168977716e-08 2.384185791015625e-07
    vertex -7.116799831390381 1.3312000036239624 2.384185791015625e-07
    vertex -7.0271992683410645 1.2672001123428345 2.384185791015625e-07
  endloop
endfacet
facet normal 0.0 0.0 0.0
  outer loop
    vertex 7.014401435852051 1.2672001123428345 2.384185791015625e-07
    vertex 8.00000286102295 -3.2998482168977716e-08 2.384185791015625e-07
    vertex 6.9376020431518555 1.2032002210617065 2.384185791015625e-07
  endloop
endfacet
facet normal 0.0 0.0 0.0
  outer loop
    vertex -8.012800216674805 -3.2998482168977716e-08 2.384185791015625e-07
    vertex -7.0271992683410645 1.2672001123428345 2.384185791015625e-07
    vertex -6.950399875640869 1.2032002210617065 2.384185791015625e-07
  endloop
endfacet
facet normal 0.0 0.0 0.0
  outer loop
    vertex 6.9376020431518555 1.2032002210617065 2.384185791015625e-07
    vertex 8.00000286102295 -3.2998482168977716e-08 2.384185791015625e-07
    vertex 6.86080265045166 1.1264002323150635 2.384185791015625e-07
  endloop
endfacet
facet normal 0.0 0.0 0.0
  outer loop
    vertex -8.012800216674805 -3.2998482168977716e-08 2.384185791015625e-07
    vertex -6.950399875640869 1.2032002210617065 2.384185791015625e-07
    vertex -6.873599529266357 1.1264002323150635 2.384185791015625e-07
  endloop
endfacet
facet normal 0.0 0.0 0.0
  outer loop
    vertex 6.86080265045166 1.1264002323150635 2.384185791015625e-07
    vertex 8.00000286102295 -3.2998482168977716e-08 2.384185791015625e-07
    vertex 6.796801567077637 1.0496002435684204 2.384185791015625e-07
  endloop
endfacet
facet normal 0.0 0.0 0.0
  outer loop
    vertex -8.012800216674805 -3.2998482168977716e-08 2.384185791015625e-07
    vertex -6.873599529266357 1.1264002323150635 2.384185791015625e-07
    vertex -6.80959939956665 1.0496002435684204 2.384185791015625e-07
  endloop
endfacet
facet normal 0.0 0.0 0.0
  outer loop
    vertex 6.796801567077637 1.0496002435684204 2.384185791015625e-07
    vertex 8.00000286102295 -3.2998482168977716e-08 2.384185791015625e-07
    vertex 6.720002174377441 0.9727999567985535 2.384185791015625e-07
  endloop
endfacet
facet normal 0.0 0.0 0.0
  outer loop
    vertex -8.012800216674805 -3.2998482168977716e-08 2.384185791015625e-07
    vertex -6.80959939956665 1.0496002435684204 2.384185791015625e-07
    vertex -6.732799530029297 0.9727999567985535 2.384185791015625e-07
  endloop
endfacet
facet normal 0.0 0.0 0.0
  outer loop
    vertex 6.720002174377441 0.9727999567985535 2.384185791015625e-07
    vertex 8.00000286102295 -3.2998482168977716e-08 2.384185791015625e-07
    vertex 6.668801784515381 0.8832001686096191 2.384185791015625e-07
  endloop
endfacet
facet normal 0.0 0.0 0.0
  outer loop
    vertex -8.012800216674805 -3.2998482168977716e-08 2.384185791015625e-07
    vertex -6.732799530029297 0.9727999567985535 2.384185791015625e-07
    vertex -6.681599140167236 0.8832001686096191 2.384185791015625e-07
  endloop
endfacet
facet normal 0.0 0.0 0.0
  outer loop
    vertex 6.668801784515381 0.8832001686096191 2.384185791015625e-07
    vertex 8.00000286102295 -3.2998482168977716e-08 2.384185791015625e-07
    vertex 6.604800701141357 0.7936000823974609 2.384185791015625e-07
  endloop
endfacet
facet normal 0.0 0.0 0.0
  outer loop
    vertex -8.012800216674805 -3.2998482168977716e-08 2.384185791015625e-07
    vertex -6.681599140167236 0.8832001686096191 2.384185791015625e-07
    vertex -6.617599010467529 0.7936000823974609 2.384185791015625e-07
  endloop
endfacet
facet normal 0.0 0.0 0.0
  outer loop
    vertex 6.604800701141357 0.7936000823974609 2.384185791015625e-07
    vertex 8.00000286102295 -3.2998482168977716e-08 2.384185791015625e-07
    vertex 6.553602695465088 0.7039999961853027 2.384185791015625e-07
  endloop
endfacet
facet normal 0.0 0.0 0.0
  outer loop
    vertex -8.012800216674805 -3.2998482168977716e-08 2.384185791015625e-07
    vertex -6.617599010467529 0.7936000823974609 2.384185791015625e-07
    vertex -6.566399574279785 0.7039999961853027 2.384185791015625e-07
  endloop
endfacet
facet normal 0.0 0.0 0.0
  outer loop
    vertex 6.553602695465088 0.7039999961853027 2.384185791015625e-07
    vertex 8.00000286102295 -3.2998482168977716e-08 2.384185791015625e-07
    vertex 6.515200614929199 0.6144002079963684 2.384185791015625e-07
  endloop
endfacet
facet normal 0.0 0.0 0.0
  outer loop
    vertex -8.012800216674805 -3.2998482168977716e-08 2.384185791015625e-07
    vertex -6.566399574279785 0.7039999961853027 2.384185791015625e-07
    vertex -6.5279998779296875 0.6144002079963684 2.384185791015625e-07
  endloop
endfacet
facet normal 0.0 0.0 0.0
  outer loop
    vertex 6.515200614929199 0.6144002079963684 2.384185791015625e-07
    vertex 8.00000286102295 -3.2998482168977716e-08 2.384185791015625e-07
    vertex 6.476800918579102 0.512000322341919 2.384185791015625e-07
  endloop
endfacet
facet normal 0.0 0.0 0.0
  outer loop
    vertex -8.012800216674805 -3.2998482168977716e-08 2.384185791015625e-07
    vertex -6.5279998779296875 0.6144002079963684 2.384185791015625e-07
    vertex -6.489599227905273 0.512000322341919 2.384185791015625e-07
  endloop
endfacet
facet normal 0.0 0.0 0.0
  outer loop
    vertex 6.476800918579102 0.512000322341919 2.384185791015625e-07
    vertex 8.00000286102295 -3.2998482168977716e-08 2.384185791015625e-07
    vertex 6.451201915740967 0.4096001088619232 2.384185791015625e-07
  endloop
endfacet
facet normal 0.0 0.0 0.0
  outer loop
    vertex -8.012800216674805 -3.2998482168977716e-08 2.384185791015625e-07
    vertex -6.489599227905273 0.512000322341919 2.384185791015625e-07
    vertex -6.463999271392822 0.4096001088619232 2.384185791015625e-07
  endloop
endfacet
facet normal 0.0 0.0 0.0
  outer loop
    vertex 6.451201915740967 0.4096001088619232 2.384185791015625e-07
    vertex 8.00000286102295 -3.2998482168977716e-08 2.384185791015625e-07
    vertex 6.425602912902832 0.30720022320747375 2.384185791015625e-07
  endloop
endfacet
facet normal 0.0 0.0 0.0
  outer loop
    vertex -8.012800216674805 -3.2998482168977716e-08 2.384185791015625e-07
    vertex -6.463999271392822 0.4096001088619232 2.384185791015625e-07
    vertex -6.438399791717529 0.30720022320747375 2.384185791015625e-07
  endloop
endfacet
facet normal 0.0 0.0 0.0
  outer loop
    vertex 6.425602912902832 0.30720022320747375 2.384185791015625e-07
    vertex 8.00000286102295 -3.2998482168977716e-08 2.384185791015625e-07
    vertex 6.412802219390869 0.20480003952980042 2.384185791015625e-07
  endloop
endfacet
facet normal 0.0 0.0 0.0
  outer loop
    vertex -8.012800216674805 -3.2998482168977716e-08 2.384185791015625e-07
    vertex -6.438399791717529 0.30720022320747375 2.384185791015625e-07
    vertex -6.425599575042725 0.20480003952980042 2.384185791015625e-07
  endloop
endfacet
facet normal 0.0 0.0 0.0
  outer loop
    vertex 6.412802219390869 0.20480003952980042 2.384185791015625e-07
    vertex 8.00000286102295 -3.2998482168977716e-08 2.384185791015625e-07
    vertex 6.400001525878906 0.10240014642477036 2.384185791015625e-07
  endloop
endfacet
facet normal 0.0 0.0 0.0
  outer loop
    vertex -8.012800216674805 -3.2998482168977716e-08 2.384185791015625e-07
    vertex -6.425599575042725 0.20480003952980042 2.384185791015625e-07
    vertex -6.412799835205078 0.10240014642477036 2.384185791015625e-07
  endloop
endfacet
facet normal 0.0 0.0 0.0
  outer loop
    vertex -8.012800216674805 -3.2998482168977716e-08 2.384185791015625e-07
    vertex -9.600000381469727 -0.10239992290735245 2.384185791015625e-07
    vertex -9.612800598144531 -3.2998482168977716e-08 2.384185791015625e-07
  endloop
endfacet
facet normal 0.0 0.0 0.0
  outer loop
    vertex -8.012800216674805 -3.2998482168977716e-08 2.384185791015625e-07
    vertex -9.587199211120605 -0.2048000991344452 2.384185791015625e-07
    vertex -9.600000381469727 -0.10239992290735245 2.384185791015625e-07
  endloop
endfacet
facet normal 0.0 0.0 0.0
  outer loop
    vertex -8.012800216674805 -3.2998482168977716e-08 2.384185791015625e-07
    vertex -9.574399948120117 -0.30719998478889465 2.384185791015625e-07
    vertex -9.587199211120605 -0.2048000991344452 2.384185791015625e-07
  endloop
endfacet
facet normal 0.0 0.0 0.0
  outer loop
    vertex -0.01279831025749445 -3.2998482168977716e-08 2.384185791015625e-07
    vertex 1.574400782585144 0.20480003952980042 2.384185791015625e-07
    vertex 1.587201476097107 0.10240014642477036 2.384185791015625e-07
  endloop
endfacet
facet normal 0.0 0.0 0.0
  outer loop
    vertex -8.012800216674805 -3.2998482168977716e-08 2.384185791015625e-07
    vertex -9.548799514770508 -0.409600168466568 2.384185791015625e-07
    vertex -9.574399948120117 -0.30719998478889465 2.384185791015625e-07
  endloop
endfacet
facet normal 0.0 0.0 0.0
  outer loop
    vertex 8.00000286102295 -3.2998482168977716e-08 2.384185791015625e-07
    vertex 6.400001525878906 -0.10239992290735245 2.384185791015625e-07
    vertex 6.400001525878906 -3.2998482168977716e-08 2.384185791015625e-07
  endloop
endfacet
facet normal 0.0 0.0 0.0
  outer loop
    vertex -8.012800216674805 -3.2998482168977716e-08 2.384185791015625e-07
    vertex -9.523199081420898 -0.5120000243186951 2.384185791015625e-07
    vertex -9.548799514770508 -0.409600168466568 2.384185791015625e-07
  endloop
endfacet
facet normal 0.0 0.0 0.0
  outer loop
    vertex 8.00000286102295 -3.2998482168977716e-08 2.384185791015625e-07
    vertex 6.412802219390869 -0.2048000991344452 2.384185791015625e-07
    vertex 6.400001525878906 -0.10239992290735245 2.384185791015625e-07
  endloop
endfacet
facet normal 0.0 0.0 0.0
  outer loop
    vertex -8.012800216674805 -3.2998482168977716e-08 2.384185791015625e-07
    vertex -9.4847993850708 -0.6144002079963684 2.384185791015625e-07
    vertex -9.523199081420898 -0.5120000243186951 2.384185791015625e-07
  endloop
endfacet
facet normal 0.0 0.0 0.0
  outer loop
    vertex 8.00000286102295 -3.2998482168977716e-08 2.384185791015625e-07
    vertex 6.425602912902832 -0.30719998478889465 2.384185791015625e-07
    vertex 6.412802219390869 -0.2048000991344452 2.384185791015625e-07
  endloop
endfacet
facet normal 0.0 0.0 0.0
  outer loop
    vertex -8.012800216674805 -3.2998482168977716e-08 2.384185791015625e-07
    vertex -9.446399688720703 -0.7039999961853027 2.384185791015625e-07
    vertex -9.4847993850708 -0.6144002079963684 2.384185791015625e-07
  endloop
endfacet
facet normal 0.0 0.0 0.0
  outer loop
    vertex 8.00000286102295 -3.2998482168977716e-08 2.384185791015625e-07
    vertex 6.451201915740967 -0.409600168466568 2.384185791015625e-07
    vertex 6.425602912902832 -0.30719998478889465 2.384185791015625e-07
  endloop
endfacet
facet normal 0.0 0.0 0.0
  outer loop
    vertex -8.012800216674805 -3.2998482168977716e-08 2.384185791015625e-07
    vertex -9.3951997756958 -0.8063998818397522 2.384185791015625e-07
    vertex -9.446399688720703 -0.7039999961853027 2.384185791015625e-07
  endloop
endfacet
facet normal 0.0 0.0 0.0
  outer loop
    vertex 8.00000286102295 -3.2998482168977716e-08 2.384185791015625e-07
    vertex 6.476800918579102 -0.5120000243186951 2.384185791015625e-07
    vertex 6.451201915740967 -0.409600168466568 2.384185791015625e-07
  endloop
endfacet
facet normal 0.0 0.0 0.0
  outer loop
    vertex -8.012800216674805 -3.2998482168977716e-08 2.384185791015625e-07
    vertex -9.331199645996094 -0.8831998705863953 2.384185791015625e-07
    vertex -9.3951997756958 -0.8063998818397522 2.384185791015625e-07
  endloop
endfacet
facet normal 0.0 0.0 0.0
  outer loop
    vertex 8.00000286102295 -3.2998482168977716e-08 2.384185791015625e-07
    vertex 6.515200614929199 -0.6144002079963684 2.384185791015625e-07
    vertex 6.476800918579102 -0.5120000243186951 2.384185791015625e-07
  endloop
endfacet
facet normal 0.0 0.0 0.0
  outer loop
    vertex -8.012800216674805 -3.2998482168977716e-08 2.384185791015625e-07
    vertex -9.279999732971191 -0.9727999567985535 2.384185791015625e-07
    vertex -9.331199645996094 -0.8831998705863953 2.384185791015625e-07
  endloop
endfacet
facet normal 0.0 0.0 0.0
  outer loop
    vertex 8.00000286102295 -3.2998482168977716e-08 2.384185791015625e-07
    vertex 6.553602695465088 -0.7039999961853027 2.384185791015625e-07
    vertex 6.515200614929199 -0.6144002079963684 2.384185791015625e-07
  endloop
endfacet
facet normal 0.0 0.0 0.0
  outer loop
    vertex -8.012800216674805 -3.2998482168977716e-08 2.384185791015625e-07
    vertex -9.203200340270996 -1.0495998859405518 2.384185791015625e-07
    vertex -9.279999732971191 -0.9727999567985535 2.384185791015625e-07
  endloop
endfacet
facet normal 0.0 0.0 0.0
  outer loop
    vertex 8.00000286102295 -3.2998482168977716e-08 2.384185791015625e-07
    vertex 6.604800701141357 -0.8063998818397522 2.384185791015625e-07
    vertex 6.553602695465088 -0.7039999961853027 2.384185791015625e-07
  endloop
endfacet
facet normal 0.0 0.0 0.0
  outer loop
    vertex -8.012800216674805 -3.2998482168977716e-08 2.384185791015625e-07
    vertex -9.139200210571289 -1.1263999938964844 2.384185791015625e-07
    vertex -9.203200340270996 -1.0495998859405518 2.384185791015625e-07
  endloop
endfacet
facet normal 0.0 0.0 0.0
  outer loop
    vertex 8.00000286102295 -3.2998482168977716e-08 2.384185791015625e-07
    vertex 6.668801784515381 -0.8831998705863953 2.384185791015625e-07
    vertex 6.604800701141357 -0.8063998818397522 2.384185791015625e-07
  endloop
endfacet
facet normal 0.0 0.0 0.0
  outer loop
    vertex -8.012800216674805 -3.2998482168977716e-08 2.384185791015625e-07
    vertex -9.062399864196777 -1.203199863433838 2.384185791015625e-07
    vertex -9.139200210571289 -1.1263999938964844 2.384185791015625e-07
  endloop
endfacet
facet normal 0.0 0.0 0.0
  outer loop
    vertex 8.00000286102295 -3.2998482168977716e-08 2.384185791015625e-07
    vertex 6.720002174377441 -0.9727999567985535 2.384185791015625e-07
    vertex 6.668801784515381 -0.8831998705863953 2.384185791015625e-07
  endloop
endfacet
facet normal 0.0 0.0 0.0
  outer loop
    vertex -8.012800216674805 -3.2998482168977716e-08 2.384185791015625e-07
    vertex -8.985599517822266 -1.2671997547149658 2.384185791015625e-07
    vertex -9.062399864196777 -1.203199863433838 2.384185791015625e-07
  endloop
endfacet
facet normal 0.0 0.0 0.0
  outer loop
    vertex 8.00000286102295 -3.2998482168977716e-08 2.384185791015625e-07
    vertex 6.796801567077637 -1.0495998859405518 2.384185791015625e-07
    vertex 6.720002174377441 -0.9727999567985535 2.384185791015625e-07
  endloop
endfacet
facet normal 0.0 0.0 0.0
  outer loop
    vertex -8.012800216674805 -3.2998482168977716e-08 2.384185791015625e-07
    vertex -8.895999908447266 -1.3312000036239624 2.384185791015625e-07
    vertex -8.985599517822266 -1.2671997547149658 2.384185791015625e-07
  endloop
endfacet
facet normal 0.0 0.0 0.0
  outer loop
    vertex 8.00000286102295 -3.2998482168977716e-08 2.384185791015625e-07
    vertex 6.86080265045166 -1.1263999938964844 2.384185791015625e-07
    vertex 6.796801567077637 -1.0495998859405518 2.384185791015625e-07
  endloop
endfacet
facet normal 0.0 0.0 0.0
  outer loop
    vertex -8.012800216674805 -3.2998482168977716e-08 2.384185791015625e-07
    vertex -8.80639934539795 -1.3823997974395752 2.384185791015625e-07
    vertex -8.895999908447266 -1.3312000036239624 2.384185791015625e-07
  endloop
endfacet
facet normal 0.0 0.0 0.0
  outer loop
    vertex 8.00000286102295 -3.2998482168977716e-08 2.384185791015625e-07
    vertex 6.9376020431518555 -1.203199863433838 2.384185791015625e-07
    vertex 6.86080265045166 -1.1263999938964844 2.384185791015625e-07
  endloop
endfacet
facet normal 0.0 0.0 0.0
  outer loop
    vertex -8.012800216674805 -3.2998482168977716e-08 2.384185791015625e-07
    vertex -8.71679973602295 -1.4335999488830566 2.384185791015625e-07
    vertex -8.80639934539795 -1.3823997974395752 2.384185791015625e-07
  endloop
endfacet
facet normal 0.0 0.0 0.0
  outer loop
    vertex 8.00000286102295 -3.2998482168977716e-08 2.384185791015625e-07
    vertex 7.014401435852051 -1.2671997547149658 2.384185791015625e-07
    vertex 6.9376020431518555 -1.203199863433838 2.384185791015625e-07
  endloop
endfacet
facet normal 0.0 0.0 0.0
  outer loop
    vertex -8.012800216674805 -3.2998482168977716e-08 2.384185791015625e-07
    vertex -8.614399909973145 -1.4719998836517334 2.384185791015625e-07
    vertex -8.71679973602295 -1.4335999488830566 2.384185791015625e-07
  endloop
endfacet
facet normal 0.0 0.0 0.0
  outer loop
    vertex 8.00000286102295 -3.2998482168977716e-08 2.384185791015625e-07
    vertex 7.104001522064209 -1.3312000036239624 2.384185791015625e-07
    vertex 7.014401435852051 -1.2671997547149658 2.384185791015625e-07
  endloop
endfacet
facet normal 0.0 0.0 0.0
  outer loop
    vertex -8.012800216674805 -3.2998482168977716e-08 2.384185791015625e-07
    vertex -8.524799346923828 -1.5104000568389893 2.384185791015625e-07
    vertex -8.614399909973145 -1.4719998836517334 2.384185791015625e-07
  endloop
endfacet
facet normal 0.0 0.0 0.0
  outer loop
    vertex 8.00000286102295 -3.2998482168977716e-08 2.384185791015625e-07
    vertex 7.193601608276367 -1.3823997974395752 2.384185791015625e-07
    vertex 7.104001522064209 -1.3312000036239624 2.384185791015625e-07
  endloop
endfacet
facet normal 0.0 0.0 0.0
  outer loop
    vertex -8.012800216674805 -3.2998482168977716e-08 2.384185791015625e-07
    vertex -8.422399520874023 -1.5487998723983765 2.384185791015625e-07
    vertex -8.524799346923828 -1.5104000568389893 2.384185791015625e-07
  endloop
endfacet
facet normal 0.0 0.0 0.0
  outer loop
    vertex 8.00000286102295 -3.2998482168977716e-08 2.384185791015625e-07
    vertex 7.283201694488525 -1.4335999488830566 2.384185791015625e-07
    vertex 7.193601608276367 -1.3823997974395752 2.384185791015625e-07
  endloop
endfacet
facet normal 0.0 0.0 0.0
  outer loop
    vertex -8.012800216674805 -3.2998482168977716e-08 2.384185791015625e-07
    vertex -8.319999694824219 -1.5743999481201172 2.384185791015625e-07
    vertex -8.422399520874023 -1.5487998723983765 2.384185791015625e-07
  endloop
endfacet
facet normal 0.0 0.0 0.0
  outer loop
    vertex 8.00000286102295 -3.2998482168977716e-08 2.384185791015625e-07
    vertex 7.3856024742126465 -1.4719998836517334 2.384185791015625e-07
    vertex 7.283201694488525 -1.4335999488830566 2.384185791015625e-07
  endloop
endfacet
facet normal 0.0 0.0 0.0
  outer loop
    vertex -8.012800216674805 -3.2998482168977716e-08 2.384185791015625e-07
    vertex -8.217599868774414 -1.5872000455856323 2.384185791015625e-07
    vertex -8.319999694824219 -1.5743999481201172 2.384185791015625e-07
  endloop
endfacet
facet normal 0.0 0.0 0.0
  outer loop
    vertex 8.00000286102295 -3.2998482168977716e-08 2.384185791015625e-07
    vertex 7.475202560424805 -1.5104000568389893 2.384185791015625e-07
    vertex 7.3856024742126465 -1.4719998836517334 2.384185791015625e-07
  endloop
endfacet
facet normal 0.0 0.0 0.0
  outer loop
    vertex -8.012800216674805 -3.2998482168977716e-08 2.384185791015625e-07
    vertex -8.115199089050293 -1.5999999046325684 2.384185791015625e-07
    vertex -8.217599868774414 -1.5872000455856323 2.384185791015625e-07
  endloop
endfacet
facet normal 0.0 0.0 0.0
  outer loop
    vertex 8.00000286102295 -3.2998482168977716e-08 2.384185791015625e-07
    vertex 7.577603816986084 -1.5487998723983765 2.384185791015625e-07
    vertex 7.475202560424805 -1.5104000568389893 2.384185791015625e-07
  endloop
endfacet
facet normal 0.0 0.0 0.0
  outer loop
    vertex 8.00000286102295 -1.5999999046325684 2.384185791015625e-07
    vertex 8.00000286102295 -3.2998482168977716e-08 2.384185791015625e-07
    vertex 8.10240364074707 -1.5999999046325684 2.384185791015625e-07
  endloop
endfacet
facet normal 0.0 0.0 0.0
  outer loop
    vertex 8.00000286102295 -3.2998482168977716e-08 2.384185791015625e-07
    vertex 7.680002212524414 -1.5743999481201172 2.384185791015625e-07
    vertex 7.577603816986084 -1.5487998723983765 2.384185791015625e-07
  endloop
endfacet
facet normal 0.0 0.0 0.0
  outer loop
    vertex 8.00000286102295 -3.2998482168977716e-08 2.384185791015625e-07
    vertex 7.782402992248535 -1.5872000455856323 2.384185791015625e-07
    vertex 7.680002212524414 -1.5743999481201172 2.384185791015625e-07
  endloop
endfacet
facet normal 0.0 0.0 0.0
  outer loop
    vertex 8.00000286102295 -3.2998482168977716e-08 2.384185791015625e-07
    vertex 7.884801387786865 -1.5999999046325684 2.384185791015625e-07
    vertex 7.782402992248535 -1.5872000455856323 2.384185791015625e-07
  endloop
endfacet
facet normal 0.0 0.0 0.0
  outer loop
    vertex -8.012800216674805 -3.2998482168977716e-08 2.384185791015625e-07
    vertex -8.012800216674805 -1.5999999046325684 2.384185791015625e-07
    vertex -8.115199089050293 -1.5999999046325684 2.384185791015625e-07
  endloop
endfacet
facet normal 0.0 0.0 0.0
  outer loop
    vertex 8.00000286102295 -3.2998482168977716e-08 2.384185791015625e-07
    vertex 8.00000286102295 -1.5999999046325684 2.384185791015625e-07
    vertex 7.884801387786865 -1.5999999046325684 2.384185791015625e-07
  endloop
endfacet
facet normal 0.0 0.0 0.0
  outer loop
    vertex 8.10240364074707 -1.5999999046325684 2.384185791015625e-07
    vertex 8.00000286102295 -3.2998482168977716e-08 2.384185791015625e-07
    vertex 8.204801559448242 -1.5872000455856323 2.384185791015625e-07
  endloop
endfacet
facet normal 0.0 0.0 0.0
  outer loop
    vertex 8.204801559448242 -1.5872000455856323 2.384185791015625e-07
    vertex 8.00000286102295 -3.2998482168977716e-08 2.384185791015625e-07
    vertex 8.307202339172363 -1.5743999481201172 2.384185791015625e-07
  endloop
endfacet
facet normal 0.0 0.0 0.0
  outer loop
    vertex 8.307202339172363 -1.5743999481201172 2.384185791015625e-07
    vertex 8.00000286102295 -3.2998482168977716e-08 2.384185791015625e-07
    vertex 8.409601211547852 -1.5487998723983765 2.384185791015625e-07
  endloop
endfacet
facet normal 0.0 0.0 0.0
  outer loop
    vertex 8.409601211547852 -1.5487998723983765 2.384185791015625e-07
    vertex 8.00000286102295 -3.2998482168977716e-08 2.384185791015625e-07
    vertex 8.512001991271973 -1.5104000568389893 2.384185791015625e-07
  endloop
endfacet
facet normal 0.0 0.0 0.0
  outer loop
    vertex 8.512001991271973 -1.5104000568389893 2.384185791015625e-07
    vertex 8.00000286102295 -3.2998482168977716e-08 2.384185791015625e-07
    vertex 8.601601600646973 -1.4719998836517334 2.384185791015625e-07
  endloop
endfacet
facet normal 0.0 0.0 0.0
  outer loop
    vertex 8.601601600646973 -1.4719998836517334 2.384185791015625e-07
    vertex 8.00000286102295 -3.2998482168977716e-08 2.384185791015625e-07
    vertex 8.704002380371094 -1.4335999488830566 2.384185791015625e-07
  endloop
endfacet
facet normal 0.0 0.0 0.0
  outer loop
    vertex 8.704002380371094 -1.4335999488830566 2.384185791015625e-07
    vertex 8.00000286102295 -3.2998482168977716e-08 2.384185791015625e-07
    vertex 8.79360294342041 -1.3823997974395752 2.384185791015625e-07
  endloop
endfacet
facet normal 0.0 0.0 0.0
  outer loop
    vertex 8.79360294342041 -1.3823997974395752 2.384185791015625e-07
    vertex 8.00000286102295 -3.2998482168977716e-08 2.384185791015625e-07
    vertex 8.88320255279541 -1.3312000036239624 2.384185791015625e-07
  endloop
endfacet
facet normal 0.0 0.0 0.0
  outer loop
    vertex 8.88320255279541 -1.3312000036239624 2.384185791015625e-07
    vertex 8.00000286102295 -3.2998482168977716e-08 2.384185791015625e-07
    vertex 8.972803115844727 -1.2671997547149658 2.384185791015625e-07
  endloop
endfacet
facet normal 0.0 0.0 0.0
  outer loop
    vertex 8.972803115844727 -1.2671997547149658 2.384185791015625e-07
    vertex 8.00000286102295 -3.2998482168977716e-08 2.384185791015625e-07
    vertex 9.049602508544922 -1.203199863433838 2.384185791015625e-07
  endloop
endfacet
facet normal 0.0 0.0 0.0
  outer loop
    vertex 9.049602508544922 -1.203199863433838 2.384185791015625e-07
    vertex 8.00000286102295 -3.2998482168977716e-08 2.384185791015625e-07
    vertex 9.126401901245117 -1.1263999938964844 2.384185791015625e-07
  endloop
endfacet
facet normal 0.0 0.0 0.0
  outer loop
    vertex 9.126401901245117 -1.1263999938964844 2.384185791015625e-07
    vertex 8.00000286102295 -3.2998482168977716e-08 2.384185791015625e-07
    vertex 9.19040298461914 -1.0495998859405518 2.384185791015625e-07
  endloop
endfacet
facet normal 0.0 0.0 0.0
  outer loop
    vertex 9.19040298461914 -1.0495998859405518 2.384185791015625e-07
    vertex 8.00000286102295 -3.2998482168977716e-08 2.384185791015625e-07
    vertex 9.267202377319336 -0.9727999567985535 2.384185791015625e-07
  endloop
endfacet
facet normal 0.0 0.0 0.0
  outer loop
    vertex 9.267202377319336 -0.9727999567985535 2.384185791015625e-07
    vertex 8.00000286102295 -3.2998482168977716e-08 2.384185791015625e-07
    vertex 9.318402290344238 -0.8831998705863953 2.384185791015625e-07
  endloop
endfacet
facet normal 0.0 0.0 0.0
  outer loop
    vertex 9.318402290344238 -0.8831998705863953 2.384185791015625e-07
    vertex 8.00000286102295 -3.2998482168977716e-08 2.384185791015625e-07
    vertex 9.382401466369629 -0.8063998818397522 2.384185791015625e-07
  endloop
endfacet
facet normal 0.0 0.0 0.0
  outer loop
    vertex 9.382401466369629 -0.8063998818397522 2.384185791015625e-07
    vertex 8.00000286102295 -3.2998482168977716e-08 2.384185791015625e-07
    vertex 9.433601379394531 -0.7039999961853027 2.384185791015625e-07
  endloop
endfacet
facet normal 0.0 0.0 0.0
  outer loop
    vertex 9.433601379394531 -0.7039999961853027 2.384185791015625e-07
    vertex 8.00000286102295 -3.2998482168977716e-08 2.384185791015625e-07
    vertex 9.472003936767578 -0.6144002079963684 2.384185791015625e-07
  endloop
endfacet
facet normal 0.0 0.0 0.0
  outer loop
    vertex 9.472003936767578 -0.6144002079963684 2.384185791015625e-07
    vertex 8.00000286102295 -3.2998482168977716e-08 2.384185791015625e-07
    vertex 9.510403633117676 -0.5120000243186951 2.384185791015625e-07
  endloop
endfacet
facet normal 0.0 0.0 0.0
  outer loop
    vertex 9.510403633117676 -0.5120000243186951 2.384185791015625e-07
    vertex 8.00000286102295 -3.2998482168977716e-08 2.384185791015625e-07
    vertex 9.536002159118652 -0.409600168466568 2.384185791015625e-07
  endloop
endfacet
facet normal 0.0 0.0 0.0
  outer loop
    vertex 9.536002159118652 -0.409600168466568 2.384185791015625e-07
    vertex 8.00000286102295 -3.2998482168977716e-08 2.384185791015625e-07
    vertex 9.561601638793945 -0.30719998478889465 2.384185791015625e-07
  endloop
endfacet
facet normal 0.0 0.0 0.0
  outer loop
    vertex 9.561601638793945 -0.30719998478889465 2.384185791015625e-07
    vertex 8.00000286102295 -3.2998482168977716e-08 2.384185791015625e-07
    vertex 9.57440185546875 -0.2048000991344452 2.384185791015625e-07
  endloop
endfacet
facet normal 0.0 0.0 0.0
  outer loop
    vertex 9.57440185546875 -0.2048000991344452 2.384185791015625e-07
    vertex 8.00000286102295 -3.2998482168977716e-08 2.384185791015625e-07
    vertex 9.587203025817871 -0.10239992290735245 2.384185791015625e-07
  endloop
endfacet
facet normal 0.0 0.0 0.0
  outer loop
    vertex 9.600001335144043 -3.2998482168977716e-08 2.384185791015625e-07
    vertex 9.587203025817871 -0.10239992290735245 2.384185791015625e-07
    vertex 8.00000286102295 -3.2998482168977716e-08 2.384185791015625e-07
  endloop
endfacet
facet normal 0.0 0.0 0.0
  outer loop
    vertex -8.012800216674805 -3.2998482168977716e-08 2.384185791015625e-07
    vertex -6.412799835205078 0.10240014642477036 2.384185791015625e-07
    vertex -6.412799835205078 -3.2998482168977716e-08 2.384185791015625e-07
  endloop
endfacet
facet normal 0.0 0.0 0.0
  outer loop
    vertex -0.01279831025749445 -3.2998482168977716e-08 2.384185791015625e-07
    vertex 1.536002278327942 0.4096001088619232 2.384185791015625e-07
    vertex 1.5616024732589722 0.30720022320747375 2.384185791015625e-07
  endloop
endfacet
facet normal 0.0 0.0 0.0
  outer loop
    vertex -9.612800598144531 -3.2998482168977716e-08 2.384185791015625e-07
    vertex -9.600000381469727 0.10240014642477036 2.384185791015625e-07
    vertex -8.012800216674805 -3.2998482168977716e-08 2.384185791015625e-07
  endloop
endfacet
facet normal 0.0 0.0 0.0
  outer loop
    vertex -0.01279831025749445 -3.2998482168977716e-08 2.384185791015625e-07
    vertex 1.5616024732589722 0.30720022320747375 2.384185791015625e-07
    vertex 1.574400782585144 0.20480003952980042 2.384185791015625e-07
  endloop
endfacet
facet normal 0.0 0.0 0.0
  outer loop
    vertex -0.01279831025749445 -3.2998482168977716e-08 2.384185791015625e-07
    vertex 1.5104008913040161 0.512000322341919 2.384185791015625e-07
    vertex 1.536002278327942 0.4096001088619232 2.384185791015625e-07
  endloop
endfacet
facet normal 0.0 0.0 0.0
  outer loop
    vertex -0.01279831025749445 -3.2998482168977716e-08 2.384185791015625e-07
    vertex 1.4720011949539185 0.6144002079963684 2.384185791015625e-07
    vertex 1.5104008913040161 0.512000322341919 2.384185791015625e-07
  endloop
endfacet
facet normal 0.0 0.0 0.0
  outer loop
    vertex -0.01279831025749445 -3.2998482168977716e-08 2.384185791015625e-07
    vertex 1.4336014986038208 0.7039999961853027 2.384185791015625e-07
    vertex 1.4720011949539185 0.6144002079963684 2.384185791015625e-07
  endloop
endfacet
facet normal 0.0 0.0 0.0
  outer loop
    vertex -0.01279831025749445 -3.2998482168977716e-08 2.384185791015625e-07
    vertex 1.3824011087417603 0.7936000823974609 2.384185791015625e-07
    vertex 1.4336014986038208 0.7039999961853027 2.384185791015625e-07
  endloop
endfacet
facet normal 0.0 0.0 0.0
  outer loop
    vertex -0.01279831025749445 -3.2998482168977716e-08 2.384185791015625e-07
    vertex 1.3184012174606323 0.8832001686096191 2.384185791015625e-07
    vertex 1.3824011087417603 0.7936000823974609 2.384185791015625e-07
  endloop
endfacet
facet normal 0.0 0.0 0.0
  outer loop
    vertex -0.01279831025749445 -3.2998482168977716e-08 2.384185791015625e-07
    vertex 1.2672020196914673 0.9727999567985535 2.384185791015625e-07
    vertex 1.3184012174606323 0.8832001686096191 2.384185791015625e-07
  endloop
endfacet
facet normal 0.0 0.0 0.0
  outer loop
    vertex -0.01279831025749445 -3.2998482168977716e-08 2.384185791015625e-07
    vertex 1.1904014348983765 1.0496002435684204 2.384185791015625e-07
    vertex 1.2672020196914673 0.9727999567985535 2.384185791015625e-07
  endloop
endfacet
facet normal 0.0 0.0 0.0
  outer loop
    vertex -0.01279831025749445 -3.2998482168977716e-08 2.384185791015625e-07
    vertex 1.1264015436172485 1.1264002323150635 2.384185791015625e-07
    vertex 1.1904014348983765 1.0496002435684204 2.384185791015625e-07
  endloop
endfacet
facet normal 0.0 0.0 0.0
  outer loop
    vertex -0.01279831025749445 -3.2998482168977716e-08 2.384185791015625e-07
    vertex 1.0496009588241577 1.2032002210617065 2.384185791015625e-07
    vertex 1.1264015436172485 1.1264002323150635 2.384185791015625e-07
  endloop
endfacet
facet normal 0.0 0.0 0.0
  outer loop
    vertex -0.01279831025749445 -3.2998482168977716e-08 2.384185791015625e-07
    vertex 0.9728015661239624 1.2672001123428345 2.384185791015625e-07
    vertex 1.0496009588241577 1.2032002210617065 2.384185791015625e-07
  endloop
endfacet
facet normal 0.0 0.0 0.0
  outer loop
    vertex -0.01279831025749445 -3.2998482168977716e-08 2.384185791015625e-07
    vertex 0.8832002282142639 1.3312000036239624 2.384185791015625e-07
    vertex 0.9728015661239624 1.2672001123428345 2.384185791015625e-07
  endloop
endfacet
facet normal 0.0 0.0 0.0
  outer loop
    vertex -0.01279831025749445 -3.2998482168977716e-08 2.384185791015625e-07
    vertex 0.7936013340950012 1.3823997974395752 2.384185791015625e-07
    vertex 0.8832002282142639 1.3312000036239624 2.384185791015625e-07
  endloop
endfacet
facet normal 0.0 0.0 0.0
  outer loop
    vertex -0.01279831025749445 -3.2998482168977716e-08 2.384185791015625e-07
    vertex 0.704001247882843 1.4336001873016357 2.384185791015625e-07
    vertex 0.7936013340950012 1.3823997974395752 2.384185791015625e-07
  endloop
endfacet
facet normal 0.0 0.0 0.0
  outer loop
    vertex -0.01279831025749445 -3.2998482168977716e-08 2.384185791015625e-07
    vertex 0.6016016602516174 1.4719998836517334 2.384185791015625e-07
    vertex 0.704001247882843 1.4336001873016357 2.384185791015625e-07
  endloop
endfacet
facet normal 0.0 0.0 0.0
  outer loop
    vertex -0.01279831025749445 -3.2998482168977716e-08 2.384185791015625e-07
    vertex 0.5120015740394592 1.5104001760482788 2.384185791015625e-07
    vertex 0.6016016602516174 1.4719998836517334 2.384185791015625e-07
  endloop
endfacet
facet normal 0.0 0.0 0.0
  outer loop
    vertex -0.01279831025749445 -3.2998482168977716e-08 2.384185791015625e-07
    vertex 0.40960195660591125 1.5488004684448242 2.384185791015625e-07
    vertex 0.5120015740394592 1.5104001760482788 2.384185791015625e-07
  endloop
endfacet
facet normal 0.0 0.0 0.0
  outer loop
    vertex -0.01279831025749445 -3.2998482168977716e-08 2.384185791015625e-07
    vertex 0.30720117688179016 1.5744000673294067 2.384185791015625e-07
    vertex 0.40960195660591125 1.5488004684448242 2.384185791015625e-07
  endloop
endfacet
facet normal 0.0 0.0 0.0
  outer loop
    vertex -0.01279831025749445 -3.2998482168977716e-08 2.384185791015625e-07
    vertex 0.20480157434940338 1.5872001647949219 2.384185791015625e-07
    vertex 0.30720117688179016 1.5744000673294067 2.384185791015625e-07
  endloop
endfacet
facet normal 0.0 0.0 0.0
  outer loop
    vertex -0.01279831025749445 -3.2998482168977716e-08 2.384185791015625e-07
    vertex 0.10240078717470169 1.5999996662139893 2.384185791015625e-07
    vertex 0.20480157434940338 1.5872001647949219 2.384185791015625e-07
  endloop
endfacet
facet normal 0.0 0.0 0.0
  outer loop
    vertex -8.012800216674805 1.5999996662139893 2.384185791015625e-07
    vertex -8.012800216674805 -3.2998482168977716e-08 2.384185791015625e-07
    vertex -8.115199089050293 1.5999996662139893 2.384185791015625e-07
  endloop
endfacet
facet normal 0.0 0.0 0.0
  outer loop
    vertex -0.01279831025749445 -3.2998482168977716e-08 2.384185791015625e-07
    vertex -0.01279831025749445 1.5999996662139893 2.384185791015625e-07
    vertex 0.10240078717470169 1.5999996662139893 2.384185791015625e-07
  endloop
endfacet
facet normal 0.0 0.0 0.0
  outer loop
    vertex -8.115199089050293 1.5999996662139893 2.384185791015625e-07
    vertex -8.012800216674805 -3.2998482168977716e-08 2.384185791015625e-07
    vertex -8.217599868774414 1.5872001647949219 2.384185791015625e-07
  endloop
endfacet
facet normal 0.0 0.0 0.0
  outer loop
    vertex -8.217599868774414 1.5872001647949219 2.384185791015625e-07
    vertex -8.012800216674805 -3.2998482168977716e-08 2.384185791015625e-07
    vertex -8.319999694824219 1.5744000673294067 2.384185791015625e-07
  endloop
endfacet
facet normal 0.0 0.0 0.0
  outer loop
    vertex -8.319999694824219 1.5744000673294067 2.384185791015625e-07
    vertex -8.012800216674805 -3.2998482168977716e-08 2.384185791015625e-07
    vertex -8.422399520874023 1.5488004684448242 2.384185791015625e-07
  endloop
endfacet
facet normal 0.0 0.0 0.0
  outer loop
    vertex -8.422399520874023 1.5488004684448242 2.384185791015625e-07
    vertex -8.012800216674805 -3.2998482168977716e-08 2.384185791015625e-07
    vertex -8.524799346923828 1.5104001760482788 2.384185791015625e-07
  endloop
endfacet
facet normal 0.0 0.0 0.0
  outer loop
    vertex -8.524799346923828 1.5104001760482788 2.384185791015625e-07
    vertex -8.012800216674805 -3.2998482168977716e-08 2.384185791015625e-07
    vertex -8.614399909973145 1.4719998836517334 2.384185791015625e-07
  endloop
endfacet
facet normal 0.0 0.0 0.0
  outer loop
    vertex -8.614399909973145 1.4719998836517334 2.384185791015625e-07
    vertex -8.012800216674805 -3.2998482168977716e-08 2.384185791015625e-07
    vertex -8.71679973602295 1.4336001873016357 2.384185791015625e-07
  endloop
endfacet
facet normal 0.0 0.0 0.0
  outer loop
    vertex -8.71679973602295 1.4336001873016357 2.384185791015625e-07
    vertex -8.012800216674805 -3.2998482168977716e-08 2.384185791015625e-07
    vertex -8.80639934539795 1.3823997974395752 2.384185791015625e-07
  endloop
endfacet
facet normal 0.0 0.0 0.0
  outer loop
    vertex -8.80639934539795 1.3823997974395752 2.384185791015625e-07
    vertex -8.012800216674805 -3.2998482168977716e-08 2.384185791015625e-07
    vertex -8.895999908447266 1.3312000036239624 2.384185791015625e-07
  endloop
endfacet
facet normal 0.0 0.0 0.0
  outer loop
    vertex -8.895999908447266 1.3312000036239624 2.384185791015625e-07
    vertex -8.012800216674805 -3.2998482168977716e-08 2.384185791015625e-07
    vertex -8.985599517822266 1.2672001123428345 2.384185791015625e-07
  endloop
endfacet
facet normal 0.0 0.0 0.0
  outer loop
    vertex -8.985599517822266 1.2672001123428345 2.384185791015625e-07
    vertex -8.012800216674805 -3.2998482168977716e-08 2.384185791015625e-07
    vertex -9.062399864196777 1.2032002210617065 2.384185791015625e-07
  endloop
endfacet
facet normal 0.0 0.0 0.0
  outer loop
    vertex -9.062399864196777 1.2032002210617065 2.384185791015625e-07
    vertex -8.012800216674805 -3.2998482168977716e-08 2.384185791015625e-07
    vertex -9.139200210571289 1.1264002323150635 2.384185791015625e-07
  endloop
endfacet
facet normal 0.0 0.0 0.0
  outer loop
    vertex -9.139200210571289 1.1264002323150635 2.384185791015625e-07
    vertex -8.012800216674805 -3.2998482168977716e-08 2.384185791015625e-07
    vertex -9.203200340270996 1.0496002435684204 2.384185791015625e-07
  endloop
endfacet
facet normal 0.0 0.0 0.0
  outer loop
    vertex -9.203200340270996 1.0496002435684204 2.384185791015625e-07
    vertex -8.012800216674805 -3.2998482168977716e-08 2.384185791015625e-07
    vertex -9.279999732971191 0.9727999567985535 2.384185791015625e-07
  endloop
endfacet
facet normal 0.0 0.0 0.0
  outer loop
    vertex -9.279999732971191 0.9727999567985535 2.384185791015625e-07
    vertex -8.012800216674805 -3.2998482168977716e-08 2.384185791015625e-07
    vertex -9.331199645996094 0.8832001686096191 2.384185791015625e-07
  endloop
endfacet
facet normal 0.0 0.0 0.0
  outer loop
    vertex -9.331199645996094 0.8832001686096191 2.384185791015625e-07
    vertex -8.012800216674805 -3.2998482168977716e-08 2.384185791015625e-07
    vertex -9.3951997756958 0.7936000823974609 2.384185791015625e-07
  endloop
endfacet
facet normal 0.0 0.0 0.0
  outer loop
    vertex -9.3951997756958 0.7936000823974609 2.384185791015625e-07
    vertex -8.012800216674805 -3.2998482168977716e-08 2.384185791015625e-07
    vertex -9.446399688720703 0.7039999961853027 2.384185791015625e-07
  endloop
endfacet
facet normal 0.0 0.0 0.0
  outer loop
    vertex -9.446399688720703 0.7039999961853027 2.384185791015625e-07
    vertex -8.012800216674805 -3.2998482168977716e-08 2.384185791015625e-07
    vertex -9.4847993850708 0.6144002079963684 2.384185791015625e-07
  endloop
endfacet
facet normal 0.0 0.0 0.0
  outer loop
    vertex -9.4847993850708 0.6144002079963684 2.384185791015625e-07
    vertex -8.012800216674805 -3.2998482168977716e-08 2.384185791015625e-07
    vertex -9.523199081420898 0.512000322341919 2.384185791015625e-07
  endloop
endfacet
facet normal 0.0 0.0 0.0
  outer loop
    vertex -9.523199081420898 0.512000322341919 2.384185791015625e-07
    vertex -8.012800216674805 -3.2998482168977716e-08 2.384185791015625e-07
    vertex -9.548799514770508 0.4096001088619232 2.384185791015625e-07
  endloop
endfacet
facet normal 0.0 0.0 0.0
  outer loop
    vertex -9.548799514770508 0.4096001088619232 2.384185791015625e-07
    vertex -8.012800216674805 -3.2998482168977716e-08 2.384185791015625e-07
    vertex -9.574399948120117 0.30720022320747375 2.384185791015625e-07
  endloop
endfacet
facet normal 0.0 0.0 0.0
  outer loop
    vertex -9.574399948120117 0.30720022320747375 2.384185791015625e-07
    vertex -8.012800216674805 -3.2998482168977716e-08 2.384185791015625e-07
    vertex -9.587199211120605 0.20480003952980042 2.384185791015625e-07
  endloop
endfacet
facet normal 0.0 0.0 0.0
  outer loop
    vertex -9.587199211120605 0.20480003952980042 2.384185791015625e-07
    vertex -8.012800216674805 -3.2998482168977716e-08 2.384185791015625e-07
    vertex -9.600000381469727 0.10240014642477036 2.384185791015625e-07
  endloop
endfacet
facet normal 0.0 0.0 0.0
  outer loop
    vertex -0.01279831025749445 -3.2998482168977716e-08 2.384185791015625e-07
    vertex -1.574398398399353 -0.30719998478889465 2.384185791015625e-07
    vertex -1.587199091911316 -0.2048000991344452 2.384185791015625e-07
  endloop
endfacet
facet normal 0.0 0.0 0.0
  outer loop
    vertex -0.01279831025749445 -3.2998482168977716e-08 2.384185791015625e-07
    vertex -1.587199091911316 -0.2048000991344452 2.384185791015625e-07
    vertex -1.5999997854232788 -0.10239992290735245 2.384185791015625e-07
  endloop
endfacet
facet normal 0.0 0.0 0.0
  outer loop
    vertex -0.01279831025749445 -3.2998482168977716e-08 2.384185791015625e-07
    vertex -1.4847983121871948 -0.6144002079963684 2.384185791015625e-07
    vertex -1.523199200630188 -0.5120000243186951 2.384185791015625e-07
  endloop
endfacet
facet normal 0.0 0.0 0.0
  outer loop
    vertex -0.01279831025749445 -3.2998482168977716e-08 2.384185791015625e-07
    vertex -1.4463986158370972 -0.7039999961853027 2.384185791015625e-07
    vertex -1.4847983121871948 -0.6144002079963684 2.384185791015625e-07
  endloop
endfacet
facet normal 0.0 0.0 0.0
  outer loop
    vertex -0.01279831025749445 -3.2998482168977716e-08 2.384185791015625e-07
    vertex -1.523199200630188 -0.5120000243186951 2.384185791015625e-07
    vertex -1.5487982034683228 -0.409600168466568 2.384185791015625e-07
  endloop
endfacet
facet normal 0.0 0.0 0.0
  outer loop
    vertex -0.01279831025749445 -3.2998482168977716e-08 2.384185791015625e-07
    vertex -1.2799979448318481 -0.9727999567985535 2.384185791015625e-07
    vertex -1.3311995267868042 -0.8831998705863953 2.384185791015625e-07
  endloop
endfacet
facet normal 0.0 0.0 0.0
  outer loop
    vertex -0.01279831025749445 -3.2998482168977716e-08 2.384185791015625e-07
    vertex -1.5487982034683228 -0.409600168466568 2.384185791015625e-07
    vertex -1.574398398399353 -0.30719998478889465 2.384185791015625e-07
  endloop
endfacet
facet normal 0.0 0.0 0.0
  outer loop
    vertex -0.01279831025749445 -3.2998482168977716e-08 2.384185791015625e-07
    vertex -1.2031997442245483 -1.0495998859405518 2.384185791015625e-07
    vertex -1.2799979448318481 -0.9727999567985535 2.384185791015625e-07
  endloop
endfacet
facet normal 0.0 0.0 0.0
  outer loop
    vertex -0.01279831025749445 -3.2998482168977716e-08 2.384185791015625e-07
    vertex -1.3311995267868042 -0.8831998705863953 2.384185791015625e-07
    vertex -1.3951994180679321 -0.8063998818397522 2.384185791015625e-07
  endloop
endfacet
facet normal 0.0 0.0 0.0
  outer loop
    vertex -0.01279831025749445 -3.2998482168977716e-08 2.384185791015625e-07
    vertex -0.9855986833572388 -1.2671997547149658 2.384185791015625e-07
    vertex -1.0623992681503296 -1.203199863433838 2.384185791015625e-07
  endloop
endfacet
facet normal 0.0 0.0 0.0
  outer loop
    vertex -0.01279831025749445 -3.2998482168977716e-08 2.384185791015625e-07
    vertex -1.3951994180679321 -0.8063998818397522 2.384185791015625e-07
    vertex -1.4463986158370972 -0.7039999961853027 2.384185791015625e-07
  endloop
endfacet
facet normal 0.0 0.0 0.0
  outer loop
    vertex -0.01279831025749445 -3.2998482168977716e-08 2.384185791015625e-07
    vertex -0.8959985375404358 -1.3312000036239624 2.384185791015625e-07
    vertex -0.9855986833572388 -1.2671997547149658 2.384185791015625e-07
  endloop
endfacet
facet normal 0.0 0.0 0.0
  outer loop
    vertex -0.01279831025749445 -3.2998482168977716e-08 2.384185791015625e-07
    vertex -1.0623992681503296 -1.203199863433838 2.384185791015625e-07
    vertex -1.1391998529434204 -1.1263999938964844 2.384185791015625e-07
  endloop
endfacet
facet normal 0.0 0.0 0.0
  outer loop
    vertex -0.01279831025749445 -3.2998482168977716e-08 2.384185791015625e-07
    vertex -0.6143987774848938 -1.4719998836517334 2.384185791015625e-07
    vertex -0.7167995572090149 -1.4335999488830566 2.384185791015625e-07
  endloop
endfacet
facet normal 0.0 0.0 0.0
  outer loop
    vertex -0.01279831025749445 -3.2998482168977716e-08 2.384185791015625e-07
    vertex -1.1391998529434204 -1.1263999938964844 2.384185791015625e-07
    vertex -1.2031997442245483 -1.0495998859405518 2.384185791015625e-07
  endloop
endfacet
facet normal 0.0 0.0 0.0
  outer loop
    vertex -0.01279831025749445 -3.2998482168977716e-08 2.384185791015625e-07
    vertex -0.7167995572090149 -1.4335999488830566 2.384185791015625e-07
    vertex -0.8063984513282776 -1.3823997974395752 2.384185791015625e-07
  endloop
endfacet
facet normal 0.0 0.0 0.0
  outer loop
    vertex -0.01279831025749445 -3.2998482168977716e-08 2.384185791015625e-07
    vertex -0.5247974991798401 -1.5104000568389893 2.384185791015625e-07
    vertex -0.6143987774848938 -1.4719998836517334 2.384185791015625e-07
  endloop
endfacet
facet normal 0.0 0.0 0.0
  outer loop
    vertex -0.01279831025749445 -3.2998482168977716e-08 2.384185791015625e-07
    vertex -0.8063984513282776 -1.3823997974395752 2.384185791015625e-07
    vertex -0.8959985375404358 -1.3312000036239624 2.384185791015625e-07
  endloop
endfacet
facet normal 0.0 0.0 0.0
  outer loop
    vertex -0.01279831025749445 -3.2998482168977716e-08 2.384185791015625e-07
    vertex -0.21759869158267975 -1.5872000455856323 2.384185791015625e-07
    vertex -0.31999948620796204 -1.5743999481201172 2.384185791015625e-07
  endloop
endfacet
facet normal 0.0 0.0 0.0
  outer loop
    vertex -7.795199394226074 -1.5872000455856323 2.384185791015625e-07
    vertex -8.012800216674805 -3.2998482168977716e-08 2.384185791015625e-07
    vertex -7.692799091339111 -1.5743999481201172 2.384185791015625e-07
  endloop
endfacet
facet normal 0.0 0.0 0.0
  outer loop
    vertex -0.01279831025749445 -3.2998482168977716e-08 2.384185791015625e-07
    vertex -0.31999948620796204 -1.5743999481201172 2.384185791015625e-07
    vertex -0.4223990738391876 -1.5487998723983765 2.384185791015625e-07
  endloop
endfacet
facet normal 0.0 0.0 0.0
  outer loop
    vertex -0.01279831025749445 -3.2998482168977716e-08 2.384185791015625e-07
    vertex -0.01279831025749445 -1.5999999046325684 2.384185791015625e-07
    vertex -0.11519909650087357 -1.5999999046325684 2.384185791015625e-07
  endloop
endfacet
facet normal 0.0 0.0 0.0
  outer loop
    vertex -8.012800216674805 -1.5999999046325684 2.384185791015625e-07
    vertex -8.012800216674805 -3.2998482168977716e-08 2.384185791015625e-07
    vertex -7.897599697113037 -1.5999999046325684 2.384185791015625e-07
  endloop
endfacet
facet normal 0.0 0.0 0.0
  outer loop
    vertex -0.01279831025749445 -3.2998482168977716e-08 2.384185791015625e-07
    vertex -0.4223990738391876 -1.5487998723983765 2.384185791015625e-07
    vertex -0.5247974991798401 -1.5104000568389893 2.384185791015625e-07
  endloop
endfacet
facet normal 0.0 0.0 0.0
  outer loop
    vertex -0.01279831025749445 -3.2998482168977716e-08 2.384185791015625e-07
    vertex -0.11519909650087357 -1.5999999046325684 2.384185791015625e-07
    vertex -0.21759869158267975 -1.5872000455856323 2.384185791015625e-07
  endloop
endfacet
facet normal 0.0 0.0 0.0
  outer loop
    vertex -7.897599697113037 -1.5999999046325684 2.384185791015625e-07
    vertex -8.012800216674805 -3.2998482168977716e-08 2.384185791015625e-07
    vertex -7.795199394226074 -1.5872000455856323 2.384185791015625e-07
  endloop
endfacet
facet normal 0.0 0.0 0.0
  outer loop
    vertex -7.692799091339111 -1.5743999481201172 2.384185791015625e-07
    vertex -8.012800216674805 -3.2998482168977716e-08 2.384185791015625e-07
    vertex -7.590400218963623 -1.5487998723983765 2.384185791015625e-07
  endloop
endfacet
facet normal 0.0 0.0 0.0
  outer loop
    vertex -7.590400218963623 -1.5487998723983765 2.384185791015625e-07
    vertex -8.012800216674805 -3.2998482168977716e-08 2.384185791015625e-07
    vertex -7.48799991607666 -1.5104000568389893 2.384185791015625e-07
  endloop
endfacet
facet normal 0.0 0.0 0.0
  outer loop
    vertex -7.48799991607666 -1.5104000568389893 2.384185791015625e-07
    vertex -8.012800216674805 -3.2998482168977716e-08 2.384185791015625e-07
    vertex -7.398399353027344 -1.4719998836517334 2.384185791015625e-07
  endloop
endfacet
facet normal 0.0 0.0 0.0
  outer loop
    vertex -7.398399353027344 -1.4719998836517334 2.384185791015625e-07
    vertex -8.012800216674805 -3.2998482168977716e-08 2.384185791015625e-07
    vertex -7.295999526977539 -1.4335999488830566 2.384185791015625e-07
  endloop
endfacet
facet normal 0.0 0.0 0.0
  outer loop
    vertex -7.295999526977539 -1.4335999488830566 2.384185791015625e-07
    vertex -8.012800216674805 -3.2998482168977716e-08 2.384185791015625e-07
    vertex -7.206399440765381 -1.3823997974395752 2.384185791015625e-07
  endloop
endfacet
facet normal 0.0 0.0 0.0
  outer loop
    vertex -7.206399440765381 -1.3823997974395752 2.384185791015625e-07
    vertex -8.012800216674805 -3.2998482168977716e-08 2.384185791015625e-07
    vertex -7.116799831390381 -1.3312000036239624 2.384185791015625e-07
  endloop
endfacet
facet normal 0.0 0.0 0.0
  outer loop
    vertex -7.116799831390381 -1.3312000036239624 2.384185791015625e-07
    vertex -8.012800216674805 -3.2998482168977716e-08 2.384185791015625e-07
    vertex -7.0271992683410645 -1.2671997547149658 2.384185791015625e-07
  endloop
endfacet
facet normal 0.0 0.0 0.0
  outer loop
    vertex -7.0271992683410645 -1.2671997547149658 2.384185791015625e-07
    vertex -8.012800216674805 -3.2998482168977716e-08 2.384185791015625e-07
    vertex -6.950399875640869 -1.203199863433838 2.384185791015625e-07
  endloop
endfacet
facet normal 0.0 0.0 0.0
  outer loop
    vertex -6.950399875640869 -1.203199863433838 2.384185791015625e-07
    vertex -8.012800216674805 -3.2998482168977716e-08 2.384185791015625e-07
    vertex -6.873599529266357 -1.1263999938964844 2.384185791015625e-07
  endloop
endfacet
facet normal 0.0 0.0 0.0
  outer loop
    vertex -6.873599529266357 -1.1263999938964844 2.384185791015625e-07
    vertex -8.012800216674805 -3.2998482168977716e-08 2.384185791015625e-07
    vertex -6.80959939956665 -1.0495998859405518 2.384185791015625e-07
  endloop
endfacet
facet normal 0.0 0.0 0.0
  outer loop
    vertex -6.80959939956665 -1.0495998859405518 2.384185791015625e-07
    vertex -8.012800216674805 -3.2998482168977716e-08 2.384185791015625e-07
    vertex -6.732799530029297 -0.9727999567985535 2.384185791015625e-07
  endloop
endfacet
facet normal 0.0 0.0 0.0
  outer loop
    vertex -6.732799530029297 -0.9727999567985535 2.384185791015625e-07
    vertex -8.012800216674805 -3.2998482168977716e-08 2.384185791015625e-07
    vertex -6.681599140167236 -0.8831998705863953 2.384185791015625e-07
  endloop
endfacet
facet normal 0.0 0.0 0.0
  outer loop
    vertex -6.681599140167236 -0.8831998705863953 2.384185791015625e-07
    vertex -8.012800216674805 -3.2998482168977716e-08 2.384185791015625e-07
    vertex -6.617599010467529 -0.8063998818397522 2.384185791015625e-07
  endloop
endfacet
facet normal 0.0 0.0 0.0
  outer loop
    vertex -6.617599010467529 -0.8063998818397522 2.384185791015625e-07
    vertex -8.012800216674805 -3.2998482168977716e-08 2.384185791015625e-07
    vertex -6.566399574279785 -0.7039999961853027 2.384185791015625e-07
  endloop
endfacet
facet normal 0.0 0.0 0.0
  outer loop
    vertex -6.566399574279785 -0.7039999961853027 2.384185791015625e-07
    vertex -8.012800216674805 -3.2998482168977716e-08 2.384185791015625e-07
    vertex -6.5279998779296875 -0.6144002079963684 2.384185791015625e-07
  endloop
endfacet
facet normal 0.0 0.0 0.0
  outer loop
    vertex -6.5279998779296875 -0.6144002079963684 2.384185791015625e-07
    vertex -8.012800216674805 -3.2998482168977716e-08 2.384185791015625e-07
    vertex -6.489599227905273 -0.5120000243186951 2.384185791015625e-07
  endloop
endfacet
facet normal 0.0 0.0 0.0
  outer loop
    vertex -6.489599227905273 -0.5120000243186951 2.384185791015625e-07
    vertex -8.012800216674805 -3.2998482168977716e-08 2.384185791015625e-07
    vertex -6.463999271392822 -0.409600168466568 2.384185791015625e-07
  endloop
endfacet
facet normal 0.0 0.0 0.0
  outer loop
    vertex -6.463999271392822 -0.409600168466568 2.384185791015625e-07
    vertex -8.012800216674805 -3.2998482168977716e-08 2.384185791015625e-07
    vertex -6.438399791717529 -0.30719998478889465 2.384185791015625e-07
  endloop
endfacet
facet normal 0.0 0.0 0.0
  outer loop
    vertex -6.438399791717529 -0.30719998478889465 2.384185791015625e-07
    vertex -8.012800216674805 -3.2998482168977716e-08 2.384185791015625e-07
    vertex -6.425599575042725 -0.2048000991344452 2.384185791015625e-07
  endloop
endfacet
facet normal 0.0 0.0 0.0
  outer loop
    vertex -6.425599575042725 -0.2048000991344452 2.384185791015625e-07
    vertex -8.012800216674805 -3.2998482168977716e-08 2.384185791015625e-07
    vertex -6.412799835205078 -0.10239992290735245 2.384185791015625e-07
  endloop
endfacet
facet normal 0.0 0.0 0.0
  outer loop
    vertex -0.01279831025749445 -3.2998482168977716e-08 2.384185791015625e-07
    vertex 1.587201476097107 0.10240014642477036 2.384185791015625e-07
    vertex 1.6000021696090698 -3.2998482168977716e-08 2.384185791015625e-07
  endloop
endfacet
facet normal 0.0 0.0 0.0
  outer loop
    vertex -6.412799835205078 -3.2998482168977716e-08 2.384185791015625e-07
    vertex -6.412799835205078 -0.10239992290735245 2.384185791015625e-07
    vertex -8.012800216674805 -3.2998482168977716e-08 2.384185791015625e-07
  endloop
endfacet
facet normal 0.0 0.0 0.0
  outer loop
    vertex -0.01279831025749445 -3.2998482168977716e-08 2.384185791015625e-07
    vertex -1.5999997854232788 -0.10239992290735245 2.384185791015625e-07
    vertex -1.6127980947494507 -3.2998482168977716e-08 2.384185791015625e-07
  endloop
endfacet
facet normal 0.0 0.0 0.0
  outer loop
    vertex -0.01279831025749445 1.5999996662139893 2.384185791015625e-07
    vertex -0.01279831025749445 -3.2998482168977716e-08 2.384185791015625e-07
    vertex -0.11519909650087357 1.5999996662139893 2.384185791015625e-07
  endloop
endfacet
facet normal 0.0 0.0 0.0
  outer loop
    vertex -0.11519909650087357 1.5999996662139893 2.384185791015625e-07
    vertex -0.01279831025749445 -3.2998482168977716e-08 2.384185791015625e-07
    vertex -0.21759869158267975 1.5872001647949219 2.384185791015625e-07
  endloop
endfacet
facet normal 0.0 0.0 0.0
  outer loop
    vertex -0.21759869158267975 1.5872001647949219 2.384185791015625e-07
    vertex -0.01279831025749445 -3.2998482168977716e-08 2.384185791015625e-07
    vertex -0.31999948620796204 1.5744000673294067 2.384185791015625e-07
  endloop
endfacet
facet normal 0.0 0.0 0.0
  outer loop
    vertex -0.31999948620796204 1.5744000673294067 2.384185791015625e-07
    vertex -0.01279831025749445 -3.2998482168977716e-08 2.384185791015625e-07
    vertex -0.4223990738391876 1.5488004684448242 2.384185791015625e-07
  endloop
endfacet
facet normal 0.0 0.0 0.0
  outer loop
    vertex -0.4223990738391876 1.5488004684448242 2.384185791015625e-07
    vertex -0.01279831025749445 -3.2998482168977716e-08 2.384185791015625e-07
    vertex -0.5247974991798401 1.5104001760482788 2.384185791015625e-07
  endloop
endfacet
facet normal 0.0 0.0 0.0
  outer loop
    vertex -0.5247974991798401 1.5104001760482788 2.384185791015625e-07
    vertex -0.01279831025749445 -3.2998482168977716e-08 2.384185791015625e-07
    vertex -0.6143987774848938 1.4719998836517334 2.384185791015625e-07
  endloop
endfacet
facet normal 0.0 0.0 0.0
  outer loop
    vertex -0.6143987774848938 1.4719998836517334 2.384185791015625e-07
    vertex -0.01279831025749445 -3.2998482168977716e-08 2.384185791015625e-07
    vertex -0.7167995572090149 1.4336001873016357 2.384185791015625e-07
  endloop
endfacet
facet normal 0.0 0.0 0.0
  outer loop
    vertex -0.7167995572090149 1.4336001873016357 2.384185791015625e-07
    vertex -0.01279831025749445 -3.2998482168977716e-08 2.384185791015625e-07
    vertex -0.8063984513282776 1.3823997974395752 2.384185791015625e-07
  endloop
endfacet
facet normal 0.0 0.0 0.0
  outer loop
    vertex -0.8063984513282776 1.3823997974395752 2.384185791015625e-07
    vertex -0.01279831025749445 -3.2998482168977716e-08 2.384185791015625e-07
    vertex -0.8959985375404358 1.3312000036239624 2.384185791015625e-07
  endloop
endfacet
facet normal 0.0 0.0 0.0
  outer loop
    vertex -0.8959985375404358 1.3312000036239624 2.384185791015625e-07
    vertex -0.01279831025749445 -3.2998482168977716e-08 2.384185791015625e-07
    vertex -0.9855986833572388 1.2672001123428345 2.384185791015625e-07
  endloop
endfacet
facet normal 0.0 0.0 0.0
  outer loop
    vertex -0.9855986833572388 1.2672001123428345 2.384185791015625e-07
    vertex -0.01279831025749445 -3.2998482168977716e-08 2.384185791015625e-07
    vertex -1.0623992681503296 1.2032002210617065 2.384185791015625e-07
  endloop
endfacet
facet normal 0.0 0.0 0.0
  outer loop
    vertex -1.0623992681503296 1.2032002210617065 2.384185791015625e-07
    vertex -0.01279831025749445 -3.2998482168977716e-08 2.384185791015625e-07
    vertex -1.1391998529434204 1.1264002323150635 2.384185791015625e-07
  endloop
endfacet
facet normal 0.0 0.0 0.0
  outer loop
    vertex -1.1391998529434204 1.1264002323150635 2.384185791015625e-07
    vertex -0.01279831025749445 -3.2998482168977716e-08 2.384185791015625e-07
    vertex -1.2031997442245483 1.0496002435684204 2.384185791015625e-07
  endloop
endfacet
facet normal 0.0 0.0 0.0
  outer loop
    vertex -1.2031997442245483 1.0496002435684204 2.384185791015625e-07
    vertex -0.01279831025749445 -3.2998482168977716e-08 2.384185791015625e-07
    vertex -1.2799979448318481 0.9727999567985535 2.384185791015625e-07
  endloop
endfacet
facet normal 0.0 0.0 0.0
  outer loop
    vertex -1.2799979448318481 0.9727999567985535 2.384185791015625e-07
    vertex -0.01279831025749445 -3.2998482168977716e-08 2.384185791015625e-07
    vertex -1.3311995267868042 0.8832001686096191 2.384185791015625e-07
  endloop
endfacet
facet normal 0.0 0.0 0.0
  outer loop
    vertex -1.3311995267868042 0.8832001686096191 2.384185791015625e-07
    vertex -0.01279831025749445 -3.2998482168977716e-08 2.384185791015625e-07
    vertex -1.3951994180679321 0.7936000823974609 2.384185791015625e-07
  endloop
endfacet
facet normal 0.0 0.0 0.0
  outer loop
    vertex -1.3951994180679321 0.7936000823974609 2.384185791015625e-07
    vertex -0.01279831025749445 -3.2998482168977716e-08 2.384185791015625e-07
    vertex -1.4463986158370972 0.7039999961853027 2.384185791015625e-07
  endloop
endfacet
facet normal 0.0 0.0 0.0
  outer loop
    vertex -1.4463986158370972 0.7039999961853027 2.384185791015625e-07
    vertex -0.01279831025749445 -3.2998482168977716e-08 2.384185791015625e-07
    vertex -1.4847983121871948 0.6144002079963684 2.384185791015625e-07
  endloop
endfacet
facet normal 0.0 0.0 0.0
  outer loop
    vertex -1.4847983121871948 0.6144002079963684 2.384185791015625e-07
    vertex -0.01279831025749445 -3.2998482168977716e-08 2.384185791015625e-07
    vertex -1.523199200630188 0.512000322341919 2.384185791015625e-07
  endloop
endfacet
facet normal 0.0 0.0 0.0
  outer loop
    vertex -1.523199200630188 0.512000322341919 2.384185791015625e-07
    vertex -0.01279831025749445 -3.2998482168977716e-08 2.384185791015625e-07
    vertex -1.5487982034683228 0.4096001088619232 2.384185791015625e-07
  endloop
endfacet
facet normal 0.0 0.0 0.0
  outer loop
    vertex -1.5487982034683228 0.4096001088619232 2.384185791015625e-07
    vertex -0.01279831025749445 -3.2998482168977716e-08 2.384185791015625e-07
    vertex -1.574398398399353 0.30720022320747375 2.384185791015625e-07
  endloop
endfacet
facet normal 0.0 0.0 0.0
  outer loop
    vertex -1.574398398399353 0.30720022320747375 2.384185791015625e-07
    vertex -0.01279831025749445 -3.2998482168977716e-08 2.384185791015625e-07
    vertex -1.587199091911316 0.20480003952980042 2.384185791015625e-07
  endloop
endfacet
facet normal 0.0 0.0 0.0
  outer loop
    vertex -1.6127980947494507 -3.2998482168977716e-08 2.384185791015625e-07
    vertex -1.5999997854232788 0.10240014642477036 2.384185791015625e-07
    vertex -0.01279831025749445 -3.2998482168977716e-08 2.384185791015625e-07
  endloop
endfacet
facet normal 0.0 0.0 0.0
  outer loop
    vertex -1.587199091911316 0.20480003952980042 2.384185791015625e-07
    vertex -0.01279831025749445 -3.2998482168977716e-08 2.384185791015625e-07
    vertex -1.5999997854232788 0.10240014642477036 2.384185791015625e-07
  endloop
endfacet
facet normal 0.0 0.0 0.0
  outer loop
    vertex 0.20480157434940338 -1.5872000455856323 2.384185791015625e-07
    vertex -0.01279831025749445 -3.2998482168977716e-08 2.384185791015625e-07
    vertex 0.30720117688179016 -1.5743999481201172 2.384185791015625e-07
  endloop
endfacet
facet normal 0.0 0.0 0.0
  outer loop
    vertex -0.01279831025749445 -1.5999999046325684 2.384185791015625e-07
    vertex -0.01279831025749445 -3.2998482168977716e-08 2.384185791015625e-07
    vertex 0.10240078717470169 -1.5999999046325684 2.384185791015625e-07
  endloop
endfacet
facet normal 0.0 0.0 0.0
  outer loop
    vertex 0.10240078717470169 -1.5999999046325684 2.384185791015625e-07
    vertex -0.01279831025749445 -3.2998482168977716e-08 2.384185791015625e-07
    vertex 0.20480157434940338 -1.5872000455856323 2.384185791015625e-07
  endloop
endfacet
facet normal 0.0 0.0 0.0
  outer loop
    vertex 0.30720117688179016 -1.5743999481201172 2.384185791015625e-07
    vertex -0.01279831025749445 -3.2998482168977716e-08 2.384185791015625e-07
    vertex 0.40960195660591125 -1.5487998723983765 2.384185791015625e-07
  endloop
endfacet
facet normal 0.0 0.0 0.0
  outer loop
    vertex 0.40960195660591125 -1.5487998723983765 2.384185791015625e-07
    vertex -0.01279831025749445 -3.2998482168977716e-08 2.384185791015625e-07
    vertex 0.5120015740394592 -1.5104000568389893 2.384185791015625e-07
  endloop
endfacet
facet normal 0.0 0.0 0.0
  outer loop
    vertex 0.5120015740394592 -1.5104000568389893 2.384185791015625e-07
    vertex -0.01279831025749445 -3.2998482168977716e-08 2.384185791015625e-07
    vertex 0.6016016602516174 -1.4719998836517334 2.384185791015625e-07
  endloop
endfacet
facet normal 0.0 0.0 0.0
  outer loop
    vertex 0.6016016602516174 -1.4719998836517334 2.384185791015625e-07
    vertex -0.01279831025749445 -3.2998482168977716e-08 2.384185791015625e-07
    vertex 0.704001247882843 -1.4335999488830566 2.384185791015625e-07
  endloop
endfacet
facet normal 0.0 0.0 0.0
  outer loop
    vertex 0.704001247882843 -1.4335999488830566 2.384185791015625e-07
    vertex -0.01279831025749445 -3.2998482168977716e-08 2.384185791015625e-07
    vertex 0.7936013340950012 -1.3823997974395752 2.384185791015625e-07
  endloop
endfacet
facet normal 0.0 0.0 0.0
  outer loop
    vertex 0.7936013340950012 -1.3823997974395752 2.384185791015625e-07
    vertex -0.01279831025749445 -3.2998482168977716e-08 2.384185791015625e-07
    vertex 0.8832002282142639 -1.3312000036239624 2.384185791015625e-07
  endloop
endfacet
facet normal 0.0 0.0 0.0
  outer loop
    vertex 0.8832002282142639 -1.3312000036239624 2.384185791015625e-07
    vertex -0.01279831025749445 -3.2998482168977716e-08 2.384185791015625e-07
    vertex 0.9728015661239624 -1.2671997547149658 2.384185791015625e-07
  endloop
endfacet
facet normal 0.0 0.0 0.0
  outer loop
    vertex 0.9728015661239624 -1.2671997547149658 2.384185791015625e-07
    vertex -0.01279831025749445 -3.2998482168977716e-08 2.384185791015625e-07
    vertex 1.0496009588241577 -1.203199863433838 2.384185791015625e-07
  endloop
endfacet
facet normal 0.0 0.0 0.0
  outer loop
    vertex 1.0496009588241577 -1.203199863433838 2.384185791015625e-07
    vertex -0.01279831025749445 -3.2998482168977716e-08 2.384185791015625e-07
    vertex 1.1264015436172485 -1.1263999938964844 2.384185791015625e-07
  endloop
endfacet
facet normal 0.0 0.0 0.0
  outer loop
    vertex 1.1264015436172485 -1.1263999938964844 2.384185791015625e-07
    vertex -0.01279831025749445 -3.2998482168977716e-08 2.384185791015625e-07
    vertex 1.1904014348983765 -1.0495998859405518 2.384185791015625e-07
  endloop
endfacet
facet normal 0.0 0.0 0.0
  outer loop
    vertex 1.1904014348983765 -1.0495998859405518 2.384185791015625e-07
    vertex -0.01279831025749445 -3.2998482168977716e-08 2.384185791015625e-07
    vertex 1.2672020196914673 -0.9727999567985535 2.384185791015625e-07
  endloop
endfacet
facet normal 0.0 0.0 0.0
  outer loop
    vertex 1.2672020196914673 -0.9727999567985535 2.384185791015625e-07
    vertex -0.01279831025749445 -3.2998482168977716e-08 2.384185791015625e-07
    vertex 1.3184012174606323 -0.8831998705863953 2.384185791015625e-07
  endloop
endfacet
facet normal 0.0 0.0 0.0
  outer loop
    vertex 1.3184012174606323 -0.8831998705863953 2.384185791015625e-07
    vertex -0.01279831025749445 -3.2998482168977716e-08 2.384185791015625e-07
    vertex 1.3824011087417603 -0.8063998818397522 2.384185791015625e-07
  endloop
endfacet
facet normal 0.0 0.0 0.0
  outer loop
    vertex 1.3824011087417603 -0.8063998818397522 2.384185791015625e-07
    vertex -0.01279831025749445 -3.2998482168977716e-08 2.384185791015625e-07
    vertex 1.4336014986038208 -0.7039999961853027 2.384185791015625e-07
  endloop
endfacet
facet normal 0.0 0.0 0.0
  outer loop
    vertex 1.4336014986038208 -0.7039999961853027 2.384185791015625e-07
    vertex -0.01279831025749445 -3.2998482168977716e-08 2.384185791015625e-07
    vertex 1.4720011949539185 -0.6144002079963684 2.384185791015625e-07
  endloop
endfacet
facet normal 0.0 0.0 0.0
  outer loop
    vertex 1.4720011949539185 -0.6144002079963684 2.384185791015625e-07
    vertex -0.01279831025749445 -3.2998482168977716e-08 2.384185791015625e-07
    vertex 1.5104008913040161 -0.5120000243186951 2.384185791015625e-07
  endloop
endfacet
facet normal 0.0 0.0 0.0
  outer loop
    vertex 1.5104008913040161 -0.5120000243186951 2.384185791015625e-07
    vertex -0.01279831025749445 -3.2998482168977716e-08 2.384185791015625e-07
    vertex 1.536002278327942 -0.409600168466568 2.384185791015625e-07
  endloop
endfacet
facet normal 0.0 0.0 0.0
  outer loop
    vertex 1.536002278327942 -0.409600168466568 2.384185791015625e-07
    vertex -0.01279831025749445 -3.2998482168977716e-08 2.384185791015625e-07
    vertex 1.5616024732589722 -0.30719998478889465 2.384185791015625e-07
  endloop
endfacet
facet normal 0.0 0.0 0.0
  outer loop
    vertex 1.5616024732589722 -0.30719998478889465 2.384185791015625e-07
    vertex -0.01279831025749445 -3.2998482168977716e-08 2.384185791015625e-07
    vertex 1.574400782585144 -0.2048000991344452 2.384185791015625e-07
  endloop
endfacet
facet normal 0.0 0.0 0.0
  outer loop
    vertex 1.574400782585144 -0.2048000991344452 2.384185791015625e-07
    vertex -0.01279831025749445 -3.2998482168977716e-08 2.384185791015625e-07
    vertex 1.587201476097107 -0.10239992290735245 2.384185791015625e-07
  endloop
endfacet
facet normal 0.0 0.0 0.0
  outer loop
    vertex 1.6000021696090698 -3.2998482168977716e-08 2.384185791015625e-07
    vertex 1.587201476097107 -0.10239992290735245 2.384185791015625e-07
    vertex -0.01279831025749445 -3.2998482168977716e-08 2.384185791015625e-07
  endloop
endfacet
facet normal 0.0 0.0 0.0
  outer loop
    vertex -7.807999610900879 -3.596799850463867 0.39680027961730957
    vertex -0.20479799807071686 -3.8015999794006348 0.39680027961730957
    vertex -7.910399436950684 -3.699199914932251 0.39680027961730957
  endloop
endfacet
facet normal 0.0 0.0 0.0
  outer loop
    vertex -7.807999610900879 -3.596799850463867 0.39680027961730957
    vertex -7.910399436950684 -3.699199914932251 0.39680027961730957
    vertex -15.603200912475586 -3.596799850463867 0.39680027961730957
  endloop
endfacet
facet normal 0.0 0.0 0.0
  outer loop
    vertex -8.102398872375488 -3.9039998054504395 0.39680027961730957
    vertex -15.603200912475586 -3.596799850463867 0.39680027961730957
    vertex -7.910399436950684 -3.699199914932251 0.39680027961730957
  endloop
endfacet
facet normal 0.0 0.0 0.0
  outer loop
    vertex 7.795201301574707 3.5968005657196045 0.39680027961730957
    vertex 0.192002072930336 3.801600456237793 0.39680027961730957
    vertex 7.897602081298828 3.69920015335083 0.39680027961730957
  endloop
endfacet
facet normal 0.0 0.0 0.0
  outer loop
    vertex 0.192002072930336 3.801600456237793 0.39680027961730957
    vertex 8.00000286102295 3.9935998916625977 0.39680027961730957
    vertex 8.08960247039795 3.9040005207061768 0.39680027961730957
  endloop
endfacet
facet normal 0.0 0.0 0.0
  outer loop
    vertex -8.102398872375488 -3.9039998054504395 0.39680027961730957
    vertex -7.910399436950684 -3.699199914932251 0.39680027961730957
    vertex -0.20479799807071686 -3.8015999794006348 0.39680027961730957
  endloop
endfacet
facet normal 0.0 0.0 0.0
  outer loop
    vertex 15.590404510498047 -3.596799850463867 0.39680027961730957
    vertex 7.795201301574707 -3.8015999794006348 0.39680027961730957
    vertex 7.692802906036377 -3.699199914932251 0.39680027961730957
  endloop
endfacet
facet normal 0.0 0.0 0.0
  outer loop
    vertex -7.807999610900879 3.5968005657196045 0.39680027961730957
    vertex -7.705599784851074 3.69920015335083 0.39680027961730957
    vertex -0.01279831025749445 3.5968005657196045 0.39680027961730957
  endloop
endfacet
facet normal 0.0 0.0 0.0
  outer loop
    vertex -0.01279831025749445 3.5968005657196045 0.39680027961730957
    vertex 0.192002072930336 3.801600456237793 0.39680027961730957
    vertex 7.795201301574707 3.5968005657196045 0.39680027961730957
  endloop
endfacet
facet normal 0.0 0.0 0.0
  outer loop
    vertex 8.08960247039795 3.9040005207061768 0.39680027961730957
    vertex 15.590404510498047 3.5968005657196045 0.39680027961730957
    vertex 7.897602081298828 3.69920015335083 0.39680027961730957
  endloop
endfacet
facet normal 0.0 0.0 0.0
  outer loop
    vertex 15.590404510498047 3.5968005657196045 0.39680027961730957
    vertex 16.0 -3.9935998916625977 0.39680027961730957
    vertex 15.590404510498047 -3.596799850463867 0.39680027961730957
  endloop
endfacet
facet normal 0.0 0.0 0.0
  outer loop
    vertex 8.08960247039795 3.9040005207061768 0.39680027961730957
    vertex 7.897602081298828 3.69920015335083 0.39680027961730957
    vertex 0.192002072930336 3.801600456237793 0.39680027961730957
  endloop
endfacet
facet normal 0.0 0.0 0.0
  outer loop
    vertex -15.603200912475586 3.5968005657196045 0.39680027961730957
    vertex -7.705599784851074 3.69920015335083 0.39680027961730957
    vertex -7.807999610900879 3.5968005657196045 0.39680027961730957
  endloop
endfacet
facet normal 0.0 0.0 0.0
  outer loop
    vertex -15.603200912475586 3.5968005657196045 0.39680027961730957
    vertex -7.807999610900879 3.801600456237793 0.39680027961730957
    vertex -7.705599784851074 3.69920015335083 0.39680027961730957
  endloop
endfacet
facet normal 0.0 0.0 0.0
  outer loop
    vertex 7.795201301574707 -3.596799850463867 0.39680027961730957
    vertex 7.692802906036377 -3.699199914932251 0.39680027961730957
    vertex -0.01279831025749445 -3.596799850463867 0.39680027961730957
  endloop
endfacet
facet normal 0.0 0.0 0.0
  outer loop
    vertex -15.603200912475586 -3.596799850463867 0.39680027961730957
    vertex -16.0 3.9935998916625977 0.39680027961730957
    vertex -15.603200912475586 3.5968005657196045 0.39680027961730957
  endloop
endfacet
facet normal 0.0 0.0 0.0
  outer loop
    vertex -16.0 -3.9935998916625977 0.39680027961730957
    vertex -16.0 3.9935998916625977 0.39680027961730957
    vertex -15.603200912475586 -3.596799850463867 0.39680027961730957
  endloop
endfacet
facet normal 0.0 0.0 0.0
  outer loop
    vertex -0.20479799807071686 -3.8015999794006348 0.39680027961730957
    vertex -0.01279831025749445 -3.596799850463867 0.39680027961730957
    vertex 7.692802906036377 -3.699199914932251 0.39680027961730957
  endloop
endfacet
facet normal 0.0 0.0 0.0
  outer loop
    vertex 7.795201301574707 3.5968005657196045 0.39680027961730957
    vertex 7.897602081298828 3.69920015335083 0.39680027961730957
    vertex 15.590404510498047 3.5968005657196045 0.39680027961730957
  endloop
endfacet
facet normal 0.0 0.0 0.0
  outer loop
    vertex -8.012800216674805 3.9935998916625977 0.39680027961730957
    vertex -15.603200912475586 3.5968005657196045 0.39680027961730957
    vertex -16.0 3.9935998916625977 0.39680027961730957
  endloop
endfacet
facet normal 0.0 0.0 0.0
  outer loop
    vertex 8.00000286102295 3.9935998916625977 0.39680027961730957
    vertex 0.192002072930336 3.801600456237793 0.39680027961730957
    vertex -0.01279831025749445 3.9935998916625977 0.39680027961730957
  endloop
endfacet
facet normal 0.0 0.0 0.0
  outer loop
    vertex 15.590404510498047 -3.596799850463867 0.39680027961730957
    vertex 7.692802906036377 -3.699199914932251 0.39680027961730957
    vertex 7.795201301574707 -3.596799850463867 0.39680027961730957
  endloop
endfacet
facet normal 0.0 0.0 0.0
  outer loop
    vertex -0.01279831025749445 3.9935998916625977 0.39680027961730957
    vertex -7.807999610900879 3.801600456237793 0.39680027961730957
    vertex -8.012800216674805 3.9935998916625977 0.39680027961730957
  endloop
endfacet
facet normal 0.0 0.0 0.0
  outer loop
    vertex -0.01279831025749445 -3.9935998916625977 0.39680027961730957
    vertex 7.692802906036377 -3.699199914932251 0.39680027961730957
    vertex 7.795201301574707 -3.8015999794006348 0.39680027961730957
  endloop
endfacet
facet normal 0.0 0.0 0.0
  outer loop
    vertex -0.01279831025749445 -3.9935998916625977 0.39680027961730957
    vertex 7.795201301574707 -3.8015999794006348 0.39680027961730957
    vertex 8.00000286102295 -3.9935998916625977 0.39680027961730957
  endloop
endfacet
facet normal 0.0 0.0 0.0
  outer loop
    vertex 7.692802906036377 -3.699199914932251 0.39680027961730957
    vertex -0.01279831025749445 -3.9935998916625977 0.39680027961730957
    vertex -0.20479799807071686 -3.8015999794006348 0.39680027961730957
  endloop
endfacet
facet normal 0.0 0.0 0.0
  outer loop
    vertex -0.01279831025749445 3.9935998916625977 0.39680027961730957
    vertex -7.705599784851074 3.69920015335083 0.39680027961730957
    vertex -7.807999610900879 3.801600456237793 0.39680027961730957
  endloop
endfacet
facet normal 0.0 0.0 0.0
  outer loop
    vertex -8.012800216674805 -3.9935998916625977 0.39680027961730957
    vertex -0.20479799807071686 -3.8015999794006348 0.39680027961730957
    vertex -0.01279831025749445 -3.9935998916625977 0.39680027961730957
  endloop
endfacet
facet normal 0.0 0.0 0.0
  outer loop
    vertex -7.705599784851074 3.69920015335083 0.39680027961730957
    vertex -0.01279831025749445 3.9935998916625977 0.39680027961730957
    vertex 0.192002072930336 3.801600456237793 0.39680027961730957
  endloop
endfacet
facet normal 0.0 0.0 0.0
  outer loop
    vertex -16.0 -3.9935998916625977 0.39680027961730957
    vertex -15.603200912475586 -3.596799850463867 0.39680027961730957
    vertex -8.102398872375488 -3.9039998054504395 0.39680027961730957
  endloop
endfacet
facet normal 0.0 0.0 0.0
  outer loop
    vertex -16.0 -3.9935998916625977 0.39680027961730957
    vertex -8.102398872375488 -3.9039998054504395 0.39680027961730957
    vertex -8.012800216674805 -3.9935998916625977 0.39680027961730957
  endloop
endfacet
facet normal 0.0 0.0 0.0
  outer loop
    vertex 16.0 3.9935998916625977 0.39680027961730957
    vertex 15.590404510498047 3.5968005657196045 0.39680027961730957
    vertex 8.08960247039795 3.9040005207061768 0.39680027961730957
  endloop
endfacet
facet normal 0.0 0.0 0.0
  outer loop
    vertex 16.0 3.9935998916625977 0.39680027961730957
    vertex 8.08960247039795 3.9040005207061768 0.39680027961730957
    vertex 8.00000286102295 3.9935998916625977 0.39680027961730957
  endloop
endfacet
facet normal 0.0 0.0 0.0
  outer loop
    vertex 0.192002072930336 3.801600456237793 0.39680027961730957
    vertex -0.01279831025749445 3.5968005657196045 0.39680027961730957
    vertex -7.705599784851074 3.69920015335083 0.39680027961730957
  endloop
endfacet
facet normal 0.0 0.0 0.0
  outer loop
    vertex -0.20479799807071686 -3.8015999794006348 0.39680027961730957
    vertex -8.012800216674805 -3.9935998916625977 0.39680027961730957
    vertex -8.102398872375488 -3.9039998054504395 0.39680027961730957
  endloop
endfacet
facet normal 0.0 0.0 0.0
  outer loop
    vertex -15.603200912475586 3.5968005657196045 0.39680027961730957
    vertex -8.012800216674805 3.9935998916625977 0.39680027961730957
    vertex -7.807999610900879 3.801600456237793 0.39680027961730957
  endloop
endfacet
facet normal 0.0 0.0 0.0
  outer loop
    vertex 15.590404510498047 -3.596799850463867 0.39680027961730957
    vertex 8.00000286102295 -3.9935998916625977 0.39680027961730957
    vertex 7.795201301574707 -3.8015999794006348 0.39680027961730957
  endloop
endfacet
facet normal 0.0 0.0 0.0
  outer loop
    vertex 16.0 3.9935998916625977 0.39680027961730957
    vertex 16.0 -3.9935998916625977 0.39680027961730957
    vertex 15.590404510498047 3.5968005657196045 0.39680027961730957
  endloop
endfacet
facet normal 0.0 0.0 0.0
  outer loop
    vertex 8.00000286102295 -3.9935998916625977 0.39680027961730957
    vertex 15.590404510498047 -3.596799850463867 0.39680027961730957
    vertex 16.0 -3.9935998916625977 0.39680027961730957
  endloop
endfacet
facet normal 0.0 0.0 0.0
  outer loop
    vertex -0.01279831025749445 -3.596799850463867 0.39680027961730957
    vertex -0.20479799807071686 -3.8015999794006348 0.39680027961730957
    vertex -7.807999610900879 -3.596799850463867 0.39680027961730957
  endloop
endfacet
facet normal 0.0 0.0 0.0
  outer loop
    vertex 8.00000286102295 3.9935998916625977 2.496000289916992
    vertex -0.01279831025749445 3.9935998916625977 3.1872003078460693
    vertex 8.00000286102295 3.9935998916625977 3.1872003078460693
  endloop
endfacet
facet normal 0.0 0.0 0.0
  outer loop
    vertex 8.00000286102295 3.9935998916625977 1.0880002975463867
    vertex 16.0 3.9935998916625977 0.39680027961730957
    vertex 8.00000286102295 3.9935998916625977 0.39680027961730957
  endloop
endfacet
facet normal 0.0 0.0 0.0
  outer loop
    vertex -8.012800216674805 3.9935998916625977 1.0880002975463867
    vertex -0.01279831025749445 3.9935998916625977 0.39680027961730957
    vertex -8.012800216674805 3.9935998916625977 0.39680027961730957
  endloop
endfacet
facet normal 0.0 0.0 0.0
  outer loop
    vertex -8.012800216674805 3.9935998916625977 1.0880002975463867
    vertex -16.0 3.9935998916625977 3.1872003078460693
    vertex -8.012800216674805 3.9935998916625977 2.496000289916992
  endloop
endfacet
facet normal 0.0 0.0 0.0
  outer loop
    vertex -8.012800216674805 3.9935998916625977 0.39680027961730957
    vertex -16.0 3.9935998916625977 0.39680027961730957
    vertex -8.012800216674805 3.9935998916625977 1.0880002975463867
  endloop
endfacet
facet normal 0.0 0.0 0.0
  outer loop
    vertex 8.00000286102295 3.9935998916625977 0.39680027961730957
    vertex -0.01279831025749445 3.9935998916625977 0.39680027961730957
    vertex 8.00000286102295 3.9935998916625977 1.0880002975463867
  endloop
endfacet
facet normal 0.0 0.0 0.0
  outer loop
    vertex -0.01279831025749445 3.9935998916625977 0.39680027961730957
    vertex -8.012800216674805 3.9935998916625977 1.0880002975463867
    vertex -0.01279831025749445 3.9935998916625977 1.7920002937316895
  endloop
endfacet
facet normal 0.0 0.0 0.0
  outer loop
    vertex -8.012800216674805 3.9935998916625977 2.496000289916992
    vertex -16.0 3.9935998916625977 3.1872003078460693
    vertex -8.012800216674805 3.9935998916625977 3.1872003078460693
  endloop
endfacet
facet normal 0.0 0.0 0.0
  outer loop
    vertex -0.01279831025749445 3.9935998916625977 1.7920002937316895
    vertex 8.00000286102295 3.9935998916625977 1.0880002975463867
    vertex -0.01279831025749445 3.9935998916625977 0.39680027961730957
  endloop
endfacet
facet normal 0.0 0.0 0.0
  outer loop
    vertex 16.0 3.9935998916625977 0.39680027961730957
    vertex 8.00000286102295 3.9935998916625977 2.496000289916992
    vertex 16.0 3.9935998916625977 3.1872003078460693
  endloop
endfacet
facet normal 0.0 0.0 0.0
  outer loop
    vertex -0.01279831025749445 3.9935998916625977 3.1872003078460693
    vertex 8.00000286102295 3.9935998916625977 2.496000289916992
    vertex -0.01279831025749445 3.9935998916625977 1.7920002937316895
  endloop
endfacet
facet normal 0.0 0.0 0.0
  outer loop
    vertex 8.00000286102295 3.9935998916625977 3.1872003078460693
    vertex 16.0 3.9935998916625977 3.1872003078460693
    vertex 8.00000286102295 3.9935998916625977 2.496000289916992
  endloop
endfacet
facet normal 0.0 0.0 0.0
  outer loop
    vertex 8.00000286102295 3.9935998916625977 2.496000289916992
    vertex 16.0 3.9935998916625977 0.39680027961730957
    vertex 8.00000286102295 3.9935998916625977 1.0880002975463867
  endloop
endfacet
facet normal 0.0 0.0 0.0
  outer loop
    vertex -8.012800216674805 3.9935998916625977 2.496000289916992
    vertex -0.01279831025749445 3.9935998916625977 1.7920002937316895
    vertex -8.012800216674805 3.9935998916625977 1.0880002975463867
  endloop
endfacet
facet normal 0.0 0.0 0.0
  outer loop
    vertex -0.01279831025749445 3.9935998916625977 1.7920002937316895
    vertex -8.012800216674805 3.9935998916625977 2.496000289916992
    vertex -0.01279831025749445 3.9935998916625977 3.1872003078460693
  endloop
endfacet
facet normal 0.0 0.0 0.0
  outer loop
    vertex 8.00000286102295 3.9935998916625977 1.0880002975463867
    vertex -0.01279831025749445 3.9935998916625977 1.7920002937316895
    vertex 8.00000286102295 3.9935998916625977 2.496000289916992
  endloop
endfacet
facet normal 0.0 0.0 0.0
  outer loop
    vertex -8.012800216674805 3.9935998916625977 3.1872003078460693
    vertex -0.01279831025749445 3.9935998916625977 3.1872003078460693
    vertex -8.012800216674805 3.9935998916625977 2.496000289916992
  endloop
endfacet
facet normal 0.0 0.0 0.0
  outer loop
    vertex -16.0 3.9935998916625977 3.1872003078460693
    vertex -8.012800216674805 3.9935998916625977 1.0880002975463867
    vertex -16.0 3.9935998916625977 0.39680027961730957
  endloop
endfacet
facet normal 0.0 0.0 0.0
  outer loop
    vertex -16.0 -3.9935998916625977 3.1872003078460693
    vertex -16.0 3.9935998916625977 3.1872003078460693
    vertex -16.0 -3.9935998916625977 0.39680027961730957
  endloop
endfacet
facet normal 0.0 0.0 0.0
  outer loop
    vertex -16.0 3.9935998916625977 0.39680027961730957
    vertex -16.0 -3.9935998916625977 0.39680027961730957
    vertex -16.0 3.9935998916625977 3.1872003078460693
  endloop
endfacet
facet normal 0.0 0.0 0.0
  outer loop
    vertex 8.00000286102295 -3.9935998916625977 1.0880002975463867
    vertex 8.00000286102295 -3.9935998916625977 2.496000289916992
    vertex -0.01279831025749445 -3.9935998916625977 1.7920002937316895
  endloop
endfacet
facet normal 0.0 0.0 0.0
  outer loop
    vertex -8.012800216674805 -3.9935998916625977 0.39680027961730957
    vertex -8.012800216674805 -3.9935998916625977 1.0880002975463867
    vertex -16.0 -3.9935998916625977 0.39680027961730957
  endloop
endfacet
facet normal 0.0 0.0 0.0
  outer loop
    vertex -8.012800216674805 -3.9935998916625977 3.1872003078460693
    vertex -8.012800216674805 -3.9935998916625977 2.496000289916992
    vertex -0.01279831025749445 -3.9935998916625977 3.1872003078460693
  endloop
endfacet
facet normal 0.0 0.0 0.0
  outer loop
    vertex 8.00000286102295 -3.9935998916625977 0.39680027961730957
    vertex 8.00000286102295 -3.9935998916625977 1.0880002975463867
    vertex -0.01279831025749445 -3.9935998916625977 0.39680027961730957
  endloop
endfacet
facet normal 0.0 0.0 0.0
  outer loop
    vertex -8.012800216674805 -3.9935998916625977 2.496000289916992
    vertex -8.012800216674805 -3.9935998916625977 3.1872003078460693
    vertex -16.0 -3.9935998916625977 3.1872003078460693
  endloop
endfacet
facet normal 0.0 0.0 0.0
  outer loop
    vertex -8.012800216674805 -3.9935998916625977 1.0880002975463867
    vertex -8.012800216674805 -3.9935998916625977 2.496000289916992
    vertex -16.0 -3.9935998916625977 0.39680027961730957
  endloop
endfacet
facet normal 0.0 0.0 0.0
  outer loop
    vertex 8.00000286102295 -3.9935998916625977 3.1872003078460693
    vertex 8.00000286102295 -3.9935998916625977 2.496000289916992
    vertex 16.0 -3.9935998916625977 3.1872003078460693
  endloop
endfacet
facet normal 0.0 0.0 0.0
  outer loop
    vertex -8.012800216674805 -3.9935998916625977 1.0880002975463867
    vertex -8.012800216674805 -3.9935998916625977 0.39680027961730957
    vertex -0.01279831025749445 -3.9935998916625977 0.39680027961730957
  endloop
endfacet
facet normal 0.0 0.0 0.0
  outer loop
    vertex 8.00000286102295 -3.9935998916625977 1.0880002975463867
    vertex 8.00000286102295 -3.9935998916625977 0.39680027961730957
    vertex 16.0 -3.9935998916625977 0.39680027961730957
  endloop
endfacet
facet normal 0.0 0.0 0.0
  outer loop
    vertex -0.01279831025749445 -3.9935998916625977 3.1872003078460693
    vertex -0.01279831025749445 -3.9935998916625977 1.7920002937316895
    vertex 8.00000286102295 -3.9935998916625977 2.496000289916992
  endloop
endfacet
facet normal 0.0 0.0 0.0
  outer loop
    vertex -0.01279831025749445 -3.9935998916625977 0.39680027961730957
    vertex -0.01279831025749445 -3.9935998916625977 1.7920002937316895
    vertex -8.012800216674805 -3.9935998916625977 1.0880002975463867
  endloop
endfacet
facet normal 0.0 0.0 0.0
  outer loop
    vertex -0.01279831025749445 -3.9935998916625977 1.7920002937316895
    vertex -0.01279831025749445 -3.9935998916625977 3.1872003078460693
    vertex -8.012800216674805 -3.9935998916625977 2.496000289916992
  endloop
endfacet
facet normal 0.0 0.0 0.0
  outer loop
    vertex 8.00000286102295 -3.9935998916625977 2.496000289916992
    vertex 8.00000286102295 -3.9935998916625977 3.1872003078460693
    vertex -0.01279831025749445 -3.9935998916625977 3.1872003078460693
  endloop
endfacet
facet normal 0.0 0.0 0.0
  outer loop
    vertex 8.00000286102295 -3.9935998916625977 2.496000289916992
    vertex 8.00000286102295 -3.9935998916625977 1.0880002975463867
    vertex 16.0 -3.9935998916625977 3.1872003078460693
  endloop
endfacet
facet normal 0.0 0.0 0.0
  outer loop
    vertex -8.012800216674805 -3.9935998916625977 2.496000289916992
    vertex -8.012800216674805 -3.9935998916625977 1.0880002975463867
    vertex -0.01279831025749445 -3.9935998916625977 1.7920002937316895
  endloop
endfacet
facet normal 0.0 0.0 0.0
  outer loop
    vertex 16.0 -3.9935998916625977 0.39680027961730957
    vertex 16.0 -3.9935998916625977 3.1872003078460693
    vertex 8.00000286102295 -3.9935998916625977 1.0880002975463867
  endloop
endfacet
facet normal 0.0 0.0 0.0
  outer loop
    vertex -0.01279831025749445 -3.9935998916625977 1.7920002937316895
    vertex -0.01279831025749445 -3.9935998916625977 0.39680027961730957
    vertex 8.00000286102295 -3.9935998916625977 1.0880002975463867
  endloop
endfacet
facet normal 0.0 0.0 0.0
  outer loop
    vertex -16.0 -3.9935998916625977 3.1872003078460693
    vertex -16.0 -3.9935998916625977 0.39680027961730957
    vertex -8.012800216674805 -3.9935998916625977 2.496000289916992
  endloop
endfacet
facet normal 0.0 0.0 0.0
  outer loop
    vertex 16.0 3.9935998916625977 0.39680027961730957
    vertex 16.0 -3.9935998916625977 3.1872003078460693
    vertex 16.0 -3.9935998916625977 0.39680027961730957
  endloop
endfacet
facet normal 0.0 0.0 0.0
  outer loop
    vertex 16.0 -3.9935998916625977 3.1872003078460693
    vertex 16.0 3.9935998916625977 0.39680027961730957
    vertex 16.0 3.9935998916625977 3.1872003078460693
  endloop
endfacet
facet normal 0.0 0.0 0.0
  outer loop
    vertex -0.01279831025749445 3.5968005657196045 2.384185791015625e-07
    vertex -7.807999610900879 3.5968005657196045 0.0896003246307373
    vertex -0.01279831025749445 3.5968005657196045 0.192000150680542
  endloop
endfacet
facet normal 0.0 0.0 0.0
  outer loop
    vertex -7.807999610900879 3.5968005657196045 0.29440033435821533
    vertex -15.603200912475586 3.5968005657196045 0.39680027961730957
    vertex -7.807999610900879 3.5968005657196045 0.39680027961730957
  endloop
endfacet
facet normal 0.0 0.0 0.0
  outer loop
    vertex 7.795201301574707 3.5968005657196045 2.384185791015625e-07
    vertex -0.01279831025749445 3.5968005657196045 2.384185791015625e-07
    vertex 7.795201301574707 3.5968005657196045 0.0896003246307373
  endloop
endfacet
facet normal 0.0 0.0 0.0
  outer loop
    vertex -7.807999610900879 3.5968005657196045 0.0896003246307373
    vertex -0.01279831025749445 3.5968005657196045 2.384185791015625e-07
    vertex -7.807999610900879 3.5968005657196045 2.384185791015625e-07
  endloop
endfacet
facet normal 0.0 0.0 0.0
  outer loop
    vertex -7.807999610900879 3.5968005657196045 2.384185791015625e-07
    vertex -15.603200912475586 3.5968005657196045 2.384185791015625e-07
    vertex -7.807999610900879 3.5968005657196045 0.0896003246307373
  endloop
endfacet
facet normal 0.0 0.0 0.0
  outer loop
    vertex -0.01279831025749445 3.5968005657196045 0.39680027961730957
    vertex 7.795201301574707 3.5968005657196045 0.29440033435821533
    vertex -0.01279831025749445 3.5968005657196045 0.192000150680542
  endloop
endfacet
facet normal 0.0 0.0 0.0
  outer loop
    vertex 7.795201301574707 3.5968005657196045 0.0896003246307373
    vertex 15.590404510498047 3.5968005657196045 2.384185791015625e-07
    vertex 7.795201301574707 3.5968005657196045 2.384185791015625e-07
  endloop
endfacet
facet normal 0.0 0.0 0.0
  outer loop
    vertex 7.795201301574707 3.5968005657196045 0.0896003246307373
    vertex -0.01279831025749445 3.5968005657196045 0.192000150680542
    vertex 7.795201301574707 3.5968005657196045 0.29440033435821533
  endloop
endfacet
facet normal 0.0 0.0 0.0
  outer loop
    vertex 7.795201301574707 3.5968005657196045 0.29440033435821533
    vertex -0.01279831025749445 3.5968005657196045 0.39680027961730957
    vertex 7.795201301574707 3.5968005657196045 0.39680027961730957
  endloop
endfacet
facet normal 0.0 0.0 0.0
  outer loop
    vertex -7.807999610900879 3.5968005657196045 0.0896003246307373
    vertex -15.603200912475586 3.5968005657196045 0.39680027961730957
    vertex -7.807999610900879 3.5968005657196045 0.29440033435821533
  endloop
endfacet
facet normal 0.0 0.0 0.0
  outer loop
    vertex 15.590404510498047 3.5968005657196045 2.384185791015625e-07
    vertex 7.795201301574707 3.5968005657196045 0.29440033435821533
    vertex 15.590404510498047 3.5968005657196045 0.39680027961730957
  endloop
endfacet
facet normal 0.0 0.0 0.0
  outer loop
    vertex -7.807999610900879 3.5968005657196045 0.29440033435821533
    vertex -0.01279831025749445 3.5968005657196045 0.192000150680542
    vertex -7.807999610900879 3.5968005657196045 0.0896003246307373
  endloop
endfacet
facet normal 0.0 0.0 0.0
  outer loop
    vertex -0.01279831025749445 3.5968005657196045 0.192000150680542
    vertex 7.795201301574707 3.5968005657196045 0.0896003246307373
    vertex -0.01279831025749445 3.5968005657196045 2.384185791015625e-07
  endloop
endfacet
facet normal 0.0 0.0 0.0
  outer loop
    vertex -0.01279831025749445 3.5968005657196045 0.192000150680542
    vertex -7.807999610900879 3.5968005657196045 0.29440033435821533
    vertex -0.01279831025749445 3.5968005657196045 0.39680027961730957
  endloop
endfacet
facet normal 0.0 0.0 0.0
  outer loop
    vertex 7.795201301574707 3.5968005657196045 0.39680027961730957
    vertex 15.590404510498047 3.5968005657196045 0.39680027961730957
    vertex 7.795201301574707 3.5968005657196045 0.29440033435821533
  endloop
endfacet
facet normal 0.0 0.0 0.0
  outer loop
    vertex 7.795201301574707 3.5968005657196045 0.29440033435821533
    vertex 15.590404510498047 3.5968005657196045 2.384185791015625e-07
    vertex 7.795201301574707 3.5968005657196045 0.0896003246307373
  endloop
endfacet
facet normal 0.0 0.0 0.0
  outer loop
    vertex -7.807999610900879 3.5968005657196045 0.39680027961730957
    vertex -0.01279831025749445 3.5968005657196045 0.39680027961730957
    vertex -7.807999610900879 3.5968005657196045 0.29440033435821533
  endloop
endfacet
facet normal 0.0 0.0 0.0
  outer loop
    vertex -15.603200912475586 3.5968005657196045 0.39680027961730957
    vertex -7.807999610900879 3.5968005657196045 0.0896003246307373
    vertex -15.603200912475586 3.5968005657196045 2.384185791015625e-07
  endloop
endfacet
facet normal 0.0 0.0 0.0
  outer loop
    vertex -15.603200912475586 -3.596799850463867 0.39680027961730957
    vertex -15.603200912475586 3.5968005657196045 0.39680027961730957
    vertex -15.603200912475586 -3.596799850463867 2.384185791015625e-07
  endloop
endfacet
facet normal 0.0 0.0 0.0
  outer loop
    vertex -15.603200912475586 3.5968005657196045 2.384185791015625e-07
    vertex -15.603200912475586 -3.596799850463867 2.384185791015625e-07
    vertex -15.603200912475586 3.5968005657196045 0.39680027961730957
  endloop
endfacet
facet normal 0.0 0.0 0.0
  outer loop
    vertex 7.795201301574707 -3.596799850463867 0.0896003246307373
    vertex 7.795201301574707 -3.596799850463867 0.29440033435821533
    vertex -0.01279831025749445 -3.596799850463867 0.192000150680542
  endloop
endfacet
facet normal 0.0 0.0 0.0
  outer loop
    vertex -7.807999610900879 -3.596799850463867 0.29440033435821533
    vertex -7.807999610900879 -3.596799850463867 0.0896003246307373
    vertex -0.01279831025749445 -3.596799850463867 0.192000150680542
  endloop
endfacet
facet normal 0.0 0.0 0.0
  outer loop
    vertex -7.807999610900879 -3.596799850463867 0.39680027961730957
    vertex -7.807999610900879 -3.596799850463867 0.29440033435821533
    vertex -0.01279831025749445 -3.596799850463867 0.39680027961730957
  endloop
endfacet
facet normal 0.0 0.0 0.0
  outer loop
    vertex -7.807999610900879 -3.596799850463867 0.0896003246307373
    vertex -7.807999610900879 -3.596799850463867 0.29440033435821533
    vertex -15.603200912475586 -3.596799850463867 2.384185791015625e-07
  endloop
endfacet
facet normal 0.0 0.0 0.0
  outer loop
    vertex -7.807999610900879 -3.596799850463867 0.29440033435821533
    vertex -7.807999610900879 -3.596799850463867 0.39680027961730957
    vertex -15.603200912475586 -3.596799850463867 0.39680027961730957
  endloop
endfacet
facet normal 0.0 0.0 0.0
  outer loop
    vertex -7.807999610900879 -3.596799850463867 2.384185791015625e-07
    vertex -7.807999610900879 -3.596799850463867 0.0896003246307373
    vertex -15.603200912475586 -3.596799850463867 2.384185791015625e-07
  endloop
endfacet
facet normal 0.0 0.0 0.0
  outer loop
    vertex -0.01279831025749445 -3.596799850463867 0.192000150680542
    vertex -0.01279831025749445 -3.596799850463867 0.39680027961730957
    vertex -7.807999610900879 -3.596799850463867 0.29440033435821533
  endloop
endfacet
facet normal 0.0 0.0 0.0
  outer loop
    vertex 7.795201301574707 -3.596799850463867 2.384185791015625e-07
    vertex 7.795201301574707 -3.596799850463867 0.0896003246307373
    vertex -0.01279831025749445 -3.596799850463867 2.384185791015625e-07
  endloop
endfacet
facet normal 0.0 0.0 0.0
  outer loop
    vertex 7.795201301574707 -3.596799850463867 0.39680027961730957
    vertex 7.795201301574707 -3.596799850463867 0.29440033435821533
    vertex 15.590404510498047 -3.596799850463867 0.39680027961730957
  endloop
endfacet
facet normal 0.0 0.0 0.0
  outer loop
    vertex -7.807999610900879 -3.596799850463867 0.0896003246307373
    vertex -7.807999610900879 -3.596799850463867 2.384185791015625e-07
    vertex -0.01279831025749445 -3.596799850463867 2.384185791015625e-07
  endloop
endfacet
facet normal 0.0 0.0 0.0
  outer loop
    vertex 7.795201301574707 -3.596799850463867 0.0896003246307373
    vertex 7.795201301574707 -3.596799850463867 2.384185791015625e-07
    vertex 15.590404510498047 -3.596799850463867 2.384185791015625e-07
  endloop
endfacet
facet normal 0.0 0.0 0.0
  outer loop
    vertex -0.01279831025749445 -3.596799850463867 0.39680027961730957
    vertex -0.01279831025749445 -3.596799850463867 0.192000150680542
    vertex 7.795201301574707 -3.596799850463867 0.29440033435821533
  endloop
endfacet
facet normal 0.0 0.0 0.0
  outer loop
    vertex -0.01279831025749445 -3.596799850463867 2.384185791015625e-07
    vertex -0.01279831025749445 -3.596799850463867 0.192000150680542
    vertex -7.807999610900879 -3.596799850463867 0.0896003246307373
  endloop
endfacet
facet normal 0.0 0.0 0.0
  outer loop
    vertex 7.795201301574707 -3.596799850463867 0.29440033435821533
    vertex 7.795201301574707 -3.596799850463867 0.0896003246307373
    vertex 15.590404510498047 -3.596799850463867 0.39680027961730957
  endloop
endfacet
facet normal 0.0 0.0 0.0
  outer loop
    vertex 7.795201301574707 -3.596799850463867 0.29440033435821533
    vertex 7.795201301574707 -3.596799850463867 0.39680027961730957
    vertex -0.01279831025749445 -3.596799850463867 0.39680027961730957
  endloop
endfacet
facet normal 0.0 0.0 0.0
  outer loop
    vertex 15.590404510498047 -3.596799850463867 2.384185791015625e-07
    vertex 15.590404510498047 -3.596799850463867 0.39680027961730957
    vertex 7.795201301574707 -3.596799850463867 0.0896003246307373
  endloop
endfacet
facet normal 0.0 0.0 0.0
  outer loop
    vertex -0.01279831025749445 -3.596799850463867 0.192000150680542
    vertex -0.01279831025749445 -3.596799850463867 2.384185791015625e-07
    vertex 7.795201301574707 -3.596799850463867 0.0896003246307373
  endloop
endfacet
facet normal 0.0 0.0 0.0
  outer loop
    vertex -15.603200912475586 -3.596799850463867 0.39680027961730957
    vertex -15.603200912475586 -3.596799850463867 2.384185791015625e-07
    vertex -7.807999610900879 -3.596799850463867 0.29440033435821533
  endloop
endfacet
facet normal 0.0 0.0 0.0
  outer loop
    vertex 15.590404510498047 3.5968005657196045 2.384185791015625e-07
    vertex 15.590404510498047 -3.596799850463867 0.39680027961730957
    vertex 15.590404510498047 -3.596799850463867 2.384185791015625e-07
  endloop
endfacet
facet normal 0.0 0.0 0.0
  outer loop
    vertex 15.590404510498047 -3.596799850463867 0.39680027961730957
    vertex 15.590404510498047 3.5968005657196045 2.384185791015625e-07
    vertex 15.590404510498047 3.5968005657196045 0.39680027961730957
  endloop
endfacet
facet normal 0.0 0.0 0.0
  outer loop
    vertex -7.206399440765381 -2.406399965286255 1.6000003814697266
    vertex -7.206399440765381 -1.3823997974395752 1.6000003814697266
    vertex -0.01279831025749445 -2.406399965286255 1.6000003814697266
  endloop
endfacet
facet normal 0.0 0.0 0.0
  outer loop
    vertex 6.9376020431518555 -1.203199863433838 1.6000003814697266
    vertex 6.976001739501953 -1.2415999174118042 1.6000003814697266
    vertex 1.0496009588241577 -1.203199863433838 1.6000003814697266
  endloop
endfacet
facet normal 0.0 0.0 0.0
  outer loop
    vertex -8.115199089050293 1.5999996662139893 1.600000262260437
    vertex -14.412799835205078 2.39359974861145 1.600000262260437
    vertex -8.012800216674805 1.5999996662139893 1.600000262260437
  endloop
endfacet
facet normal 0.0 0.0 0.0
  outer loop
    vertex -8.217599868774414 1.5872001647949219 1.600000262260437
    vertex -14.412799835205078 2.39359974861145 1.600000262260437
    vertex -8.115199089050293 1.5999996662139893 1.600000262260437
  endloop
endfacet
facet normal 0.0 0.0 0.0
  outer loop
    vertex -8.319999694824219 1.5744000673294067 1.600000262260437
    vertex -14.412799835205078 2.39359974861145 1.600000262260437
    vertex -8.217599868774414 1.5872001647949219 1.600000262260437
  endloop
endfacet
facet normal 0.0 0.0 0.0
  outer loop
    vertex -8.422399520874023 1.5488004684448242 1.600000262260437
    vertex -14.412799835205078 2.39359974861145 1.600000262260437
    vertex -8.319999694824219 1.5744000673294067 1.600000262260437
  endloop
endfacet
facet normal 0.0 0.0 0.0
  outer loop
    vertex -8.524799346923828 1.5104001760482788 1.600000262260437
    vertex -14.412799835205078 2.39359974861145 1.600000262260437
    vertex -8.422399520874023 1.5488004684448242 1.600000262260437
  endloop
endfacet
facet normal 0.0 0.0 0.0
  outer loop
    vertex -8.614399909973145 1.4719998836517334 1.600000262260437
    vertex -14.412799835205078 2.39359974861145 1.600000262260437
    vertex -8.524799346923828 1.5104001760482788 1.600000262260437
  endloop
endfacet
facet normal 0.0 0.0 0.0
  outer loop
    vertex -8.69119930267334 1.4464002847671509 1.600000262260437
    vertex -14.412799835205078 2.39359974861145 1.600000262260437
    vertex -8.614399909973145 1.4719998836517334 1.600000262260437
  endloop
endfacet
facet normal 0.0 0.0 0.0
  outer loop
    vertex 8.10240364074707 -1.5999999046325684 1.6000003814697266
    vertex 14.400001525878906 -2.406399965286255 1.6000003814697266
    vertex 8.00000286102295 -1.5999999046325684 1.6000003814697266
  endloop
endfacet
facet normal 0.0 0.0 0.0
  outer loop
    vertex 8.204801559448242 -1.5872000455856323 1.6000003814697266
    vertex 14.400001525878906 -2.406399965286255 1.6000003814697266
    vertex 8.10240364074707 -1.5999999046325684 1.6000003814697266
  endloop
endfacet
facet normal 0.0 0.0 0.0
  outer loop
    vertex 8.307202339172363 -1.5743999481201172 1.6000003814697266
    vertex 14.400001525878906 -2.406399965286255 1.6000003814697266
    vertex 8.204801559448242 -1.5872000455856323 1.6000003814697266
  endloop
endfacet
facet normal 0.0 0.0 0.0
  outer loop
    vertex 8.409601211547852 -1.5487998723983765 1.6000003814697266
    vertex 14.400001525878906 -2.406399965286255 1.6000003814697266
    vertex 8.307202339172363 -1.5743999481201172 1.6000003814697266
  endloop
endfacet
facet normal 0.0 0.0 0.0
  outer loop
    vertex 8.512001991271973 -1.5104000568389893 1.6000003814697266
    vertex 14.400001525878906 -2.406399965286255 1.6000003814697266
    vertex 8.409601211547852 -1.5487998723983765 1.6000003814697266
  endloop
endfacet
facet normal 0.0 0.0 0.0
  outer loop
    vertex 8.601601600646973 -1.4719998836517334 1.6000003814697266
    vertex 14.400001525878906 -2.406399965286255 1.6000003814697266
    vertex 8.512001991271973 -1.5104000568389893 1.6000003814697266
  endloop
endfacet
facet normal 0.0 0.0 0.0
  outer loop
    vertex 8.678400993347168 -1.4463999271392822 1.6000003814697266
    vertex 14.400001525878906 -2.406399965286255 1.6000003814697266
    vertex 8.601601600646973 -1.4719998836517334 1.6000003814697266
  endloop
endfacet
facet normal 0.0 0.0 0.0
  outer loop
    vertex -0.01279831025749445 -2.406399965286255 1.6000003814697266
    vertex -0.11519909650087357 -1.5999999046325684 1.6000003814697266
    vertex -0.01279831025749445 -1.5999999046325684 1.6000003814697266
  endloop
endfacet
facet normal 0.0 0.0 0.0
  outer loop
    vertex -0.01279831025749445 -2.406399965286255 1.6000003814697266
    vertex -0.21759869158267975 -1.5872000455856323 1.6000003814697266
    vertex -0.11519909650087357 -1.5999999046325684 1.6000003814697266
  endloop
endfacet
facet normal 0.0 0.0 0.0
  outer loop
    vertex -0.01279831025749445 -2.406399965286255 1.6000003814697266
    vertex -0.31999948620796204 -1.5743999481201172 1.6000003814697266
    vertex -0.21759869158267975 -1.5872000455856323 1.6000003814697266
  endloop
endfacet
facet normal 0.0 0.0 0.0
  outer loop
    vertex -0.01279831025749445 -2.406399965286255 1.6000003814697266
    vertex -0.4223990738391876 -1.5487998723983765 1.6000003814697266
    vertex -0.31999948620796204 -1.5743999481201172 1.6000003814697266
  endloop
endfacet
facet normal 0.0 0.0 0.0
  outer loop
    vertex -0.01279831025749445 -2.406399965286255 1.6000003814697266
    vertex -0.5247974991798401 -1.5104000568389893 1.6000003814697266
    vertex -0.4223990738391876 -1.5487998723983765 1.6000003814697266
  endloop
endfacet
facet normal 0.0 0.0 0.0
  outer loop
    vertex -0.01279831025749445 -2.406399965286255 1.6000003814697266
    vertex -0.6143987774848938 -1.4719998836517334 1.6000003814697266
    vertex -0.5247974991798401 -1.5104000568389893 1.6000003814697266
  endloop
endfacet
facet normal 0.0 0.0 0.0
  outer loop
    vertex -0.01279831025749445 -2.406399965286255 1.6000003814697266
    vertex -0.7167995572090149 -1.4335999488830566 1.6000003814697266
    vertex -0.6143987774848938 -1.4719998836517334 1.6000003814697266
  endloop
endfacet
facet normal 0.0 0.0 0.0
  outer loop
    vertex -0.01279831025749445 -2.406399965286255 1.6000003814697266
    vertex -0.8063984513282776 -1.3823997974395752 1.6000003814697266
    vertex -0.7167995572090149 -1.4335999488830566 1.6000003814697266
  endloop
endfacet
facet normal 0.0 0.0 0.0
  outer loop
    vertex -0.01279831025749445 -2.406399965286255 1.6000003814697266
    vertex -0.8959985375404358 -1.3312000036239624 1.6000003814697266
    vertex -0.8063984513282776 -1.3823997974395752 1.6000003814697266
  endloop
endfacet
facet normal 0.0 0.0 0.0
  outer loop
    vertex -0.01279831025749445 -2.406399965286255 1.6000003814697266
    vertex -0.9855986833572388 -1.2671997547149658 1.6000003814697266
    vertex -0.8959985375404358 -1.3312000036239624 1.6000003814697266
  endloop
endfacet
facet normal 0.0 0.0 0.0
  outer loop
    vertex -0.01279831025749445 -2.406399965286255 1.6000003814697266
    vertex -6.988799095153809 -1.2415999174118042 1.6000003814697266
    vertex -0.9855986833572388 -1.2671997547149658 1.6000003814697266
  endloop
endfacet
facet normal 0.0 0.0 0.0
  outer loop
    vertex -7.116799831390381 -1.3312000036239624 1.6000003814697266
    vertex -0.01279831025749445 -2.406399965286255 1.6000003814697266
    vertex -7.206399440765381 -1.3823997974395752 1.6000003814697266
  endloop
endfacet
facet normal 0.0 0.0 0.0
  outer loop
    vertex -7.0271992683410645 -1.2671997547149658 1.6000003814697266
    vertex -0.01279831025749445 -2.406399965286255 1.6000003814697266
    vertex -7.116799831390381 -1.3312000036239624 1.6000003814697266
  endloop
endfacet
facet normal 0.0 0.0 0.0
  outer loop
    vertex -6.988799095153809 -1.2415999174118042 1.6000003814697266
    vertex -0.01279831025749445 -2.406399965286255 1.6000003814697266
    vertex -7.0271992683410645 -1.2671997547149658 1.6000003814697266
  endloop
endfacet
facet normal 0.0 0.0 0.0
  outer loop
    vertex 0.10240078717470169 -1.5999999046325684 1.6000003814697266
    vertex -0.01279831025749445 -2.406399965286255 1.6000003814697266
    vertex -0.01279831025749445 -1.5999999046325684 1.6000003814697266
  endloop
endfacet
facet normal 0.0 0.0 0.0
  outer loop
    vertex 0.20480157434940338 -1.5872000455856323 1.6000003814697266
    vertex -0.01279831025749445 -2.406399965286255 1.6000003814697266
    vertex 0.10240078717470169 -1.5999999046325684 1.6000003814697266
  endloop
endfacet
facet normal 0.0 0.0 0.0
  outer loop
    vertex 0.30720117688179016 -1.5743999481201172 1.6000003814697266
    vertex -0.01279831025749445 -2.406399965286255 1.6000003814697266
    vertex 0.20480157434940338 -1.5872000455856323 1.6000003814697266
  endloop
endfacet
facet normal 0.0 0.0 0.0
  outer loop
    vertex 0.40960195660591125 -1.5487998723983765 1.6000003814697266
    vertex -0.01279831025749445 -2.406399965286255 1.6000003814697266
    vertex 0.30720117688179016 -1.5743999481201172 1.6000003814697266
  endloop
endfacet
facet normal 0.0 0.0 0.0
  outer loop
    vertex 0.5120015740394592 -1.5104000568389893 1.6000003814697266
    vertex -0.01279831025749445 -2.406399965286255 1.6000003814697266
    vertex 0.40960195660591125 -1.5487998723983765 1.6000003814697266
  endloop
endfacet
facet normal 0.0 0.0 0.0
  outer loop
    vertex 0.6016016602516174 -1.4719998836517334 1.6000003814697266
    vertex -0.01279831025749445 -2.406399965286255 1.6000003814697266
    vertex 0.5120015740394592 -1.5104000568389893 1.6000003814697266
  endloop
endfacet
facet normal 0.0 0.0 0.0
  outer loop
    vertex 0.704001247882843 -1.4335999488830566 1.6000003814697266
    vertex -0.01279831025749445 -2.406399965286255 1.6000003814697266
    vertex 0.6016016602516174 -1.4719998836517334 1.6000003814697266
  endloop
endfacet
facet normal 0.0 0.0 0.0
  outer loop
    vertex 0.7936013340950012 -1.3823997974395752 1.6000003814697266
    vertex -0.01279831025749445 -2.406399965286255 1.6000003814697266
    vertex 0.704001247882843 -1.4335999488830566 1.6000003814697266
  endloop
endfacet
facet normal 0.0 0.0 0.0
  outer loop
    vertex 0.8832002282142639 -1.3312000036239624 1.6000003814697266
    vertex -0.01279831025749445 -2.406399965286255 1.6000003814697266
    vertex 0.7936013340950012 -1.3823997974395752 1.6000003814697266
  endloop
endfacet
facet normal 0.0 0.0 0.0
  outer loop
    vertex 0.9728015661239624 -1.2671997547149658 1.6000003814697266
    vertex -0.01279831025749445 -2.406399965286255 1.6000003814697266
    vertex 0.8832002282142639 -1.3312000036239624 1.6000003814697266
  endloop
endfacet
facet normal 0.0 0.0 0.0
  outer loop
    vertex 6.976001739501953 -1.2415999174118042 1.6000003814697266
    vertex -0.01279831025749445 -2.406399965286255 1.6000003814697266
    vertex 0.9728015661239624 -1.2671997547149658 1.6000003814697266
  endloop
endfacet
facet normal 0.0 0.0 0.0
  outer loop
    vertex -1.5999997854232788 -0.10239990055561066 1.6000003814697266
    vertex -1.587199091911316 -0.204800084233284 1.6000003814697266
    vertex -6.412799835205078 -0.10239990055561066 1.6000003814697266
  endloop
endfacet
facet normal 0.0 0.0 0.0
  outer loop
    vertex -1.587199091911316 -0.26879996061325073 1.6000003814697266
    vertex -6.463999271392822 -0.4096001386642456 1.6000003814697266
    vertex -6.438399791717529 -0.30719995498657227 1.6000003814697266
  endloop
endfacet
facet normal 0.0 0.0 0.0
  outer loop
    vertex -1.587199091911316 -0.26879996061325073 1.6000003814697266
    vertex -6.489599227905273 -0.5120000243186951 1.6000003814697266
    vertex -6.463999271392822 -0.4096001386642456 1.6000003814697266
  endloop
endfacet
facet normal 0.0 0.0 0.0
  outer loop
    vertex -1.587199091911316 -0.26879996061325073 1.6000003814697266
    vertex -6.5279998779296875 -0.6144002079963684 1.6000003814697266
    vertex -6.489599227905273 -0.5120000243186951 1.6000003814697266
  endloop
endfacet
facet normal 0.0 0.0 0.0
  outer loop
    vertex -1.587199091911316 -0.26879996061325073 1.6000003814697266
    vertex -6.566399574279785 -0.7039999961853027 1.6000003814697266
    vertex -6.5279998779296875 -0.6144002079963684 1.6000003814697266
  endloop
endfacet
facet normal 0.0 0.0 0.0
  outer loop
    vertex -1.587199091911316 -0.26879996061325073 1.6000003814697266
    vertex -6.617599010467529 -0.8063998818397522 1.6000003814697266
    vertex -6.566399574279785 -0.7039999961853027 1.6000003814697266
  endloop
endfacet
facet normal 0.0 0.0 0.0
  outer loop
    vertex -1.587199091911316 -0.26879996061325073 1.6000003814697266
    vertex -6.681599140167236 -0.8831998705863953 1.6000003814697266
    vertex -6.617599010467529 -0.8063998818397522 1.6000003814697266
  endloop
endfacet
facet normal 0.0 0.0 0.0
  outer loop
    vertex -1.587199091911316 -0.26879996061325073 1.6000003814697266
    vertex -6.732799530029297 -0.9727999567985535 1.6000003814697266
    vertex -6.681599140167236 -0.8831998705863953 1.6000003814697266
  endloop
endfacet
facet normal 0.0 0.0 0.0
  outer loop
    vertex -1.587199091911316 -0.26879996061325073 1.6000003814697266
    vertex -6.80959939956665 -1.0495998859405518 1.6000003814697266
    vertex -6.732799530029297 -0.9727999567985535 1.6000003814697266
  endloop
endfacet
facet normal 0.0 0.0 0.0
  outer loop
    vertex -1.587199091911316 -0.26879996061325073 1.6000003814697266
    vertex -6.873599529266357 -1.1263999938964844 1.6000003814697266
    vertex -6.80959939956665 -1.0495998859405518 1.6000003814697266
  endloop
endfacet
facet normal 0.0 0.0 0.0
  outer loop
    vertex -1.587199091911316 -0.26879996061325073 1.6000003814697266
    vertex -6.88640022277832 -1.151999831199646 1.6000003814697266
    vertex -6.873599529266357 -1.1263999938964844 1.6000003814697266
  endloop
endfacet
facet normal 0.0 0.0 0.0
  outer loop
    vertex 0.8832002282142639 1.3312000036239624 1.600000262260437
    vertex 6.976001739501953 1.2415999174118042 1.600000262260437
    vertex 0.9728015661239624 1.2672001123428345 1.600000262260437
  endloop
endfacet
facet normal 0.0 0.0 0.0
  outer loop
    vertex 0.7936013340950012 1.3823997974395752 1.600000262260437
    vertex 6.976001739501953 1.2415999174118042 1.600000262260437
    vertex 0.8832002282142639 1.3312000036239624 1.600000262260437
  endloop
endfacet
facet normal 0.0 0.0 0.0
  outer loop
    vertex 0.704001247882843 1.4336001873016357 1.600000262260437
    vertex 6.976001739501953 1.2415999174118042 1.600000262260437
    vertex 0.7936013340950012 1.3823997974395752 1.600000262260437
  endloop
endfacet
facet normal 0.0 0.0 0.0
  outer loop
    vertex 0.6016016602516174 1.4719998836517334 1.600000262260437
    vertex 6.976001739501953 1.2415999174118042 1.600000262260437
    vertex 0.704001247882843 1.4336001873016357 1.600000262260437
  endloop
endfacet
facet normal 0.0 0.0 0.0
  outer loop
    vertex 0.5120015740394592 1.5104001760482788 1.600000262260437
    vertex 6.976001739501953 1.2415999174118042 1.600000262260437
    vertex 0.6016016602516174 1.4719998836517334 1.600000262260437
  endloop
endfacet
facet normal 0.0 0.0 0.0
  outer loop
    vertex 0.40960195660591125 1.5488004684448242 1.600000262260437
    vertex 6.976001739501953 1.2415999174118042 1.600000262260437
    vertex 0.5120015740394592 1.5104001760482788 1.600000262260437
  endloop
endfacet
facet normal 0.0 0.0 0.0
  outer loop
    vertex 0.30720117688179016 1.5744000673294067 1.600000262260437
    vertex 6.976001739501953 1.2415999174118042 1.600000262260437
    vertex 0.40960195660591125 1.5488004684448242 1.600000262260437
  endloop
endfacet
facet normal 0.0 0.0 0.0
  outer loop
    vertex 0.20480157434940338 1.5872001647949219 1.600000262260437
    vertex 6.976001739501953 1.2415999174118042 1.600000262260437
    vertex 0.30720117688179016 1.5744000673294067 1.600000262260437
  endloop
endfacet
facet normal 0.0 0.0 0.0
  outer loop
    vertex 0.10240078717470169 1.5999996662139893 1.600000262260437
    vertex 6.976001739501953 1.2415999174118042 1.600000262260437
    vertex 0.20480157434940338 1.5872001647949219 1.600000262260437
  endloop
endfacet
facet normal 0.0 0.0 0.0
  outer loop
    vertex -0.01279831025749445 2.39359974861145 1.600000262260437
    vertex 0.10240078717470169 1.5999996662139893 1.600000262260437
    vertex -0.01279831025749445 1.5999996662139893 1.600000262260437
  endloop
endfacet
facet normal 0.0 0.0 0.0
  outer loop
    vertex -0.01279831025749445 2.39359974861145 1.600000262260437
    vertex 6.976001739501953 1.2415999174118042 1.600000262260437
    vertex 0.10240078717470169 1.5999996662139893 1.600000262260437
  endloop
endfacet
facet normal 0.0 0.0 0.0
  outer loop
    vertex 6.9376020431518555 1.2032002210617065 1.600000262260437
    vertex 6.873600959777832 1.151999831199646 1.600000262260437
    vertex 1.0496009588241577 1.2032002210617065 1.600000262260437
  endloop
endfacet
facet normal 0.0 0.0 0.0
  outer loop
    vertex -1.1391998529434204 -1.1263999938964844 1.6000003814697266
    vertex -1.0623992681503296 -1.203199863433838 1.6000003814697266
    vertex -6.88640022277832 -1.151999831199646 1.6000003814697266
  endloop
endfacet
facet normal 0.0 0.0 0.0
  outer loop
    vertex -0.9855986833572388 1.2672001123428345 1.600000262260437
    vertex -1.0623992681503296 1.2032002210617065 1.600000262260437
    vertex -6.988799095153809 1.2415999174118042 1.600000262260437
  endloop
endfacet
facet normal 0.0 0.0 0.0
  outer loop
    vertex -1.587199091911316 0.2048000544309616 1.600000262260437
    vertex -1.5999997854232788 0.10240016877651215 1.600000262260437
    vertex -6.425599575042725 0.2048000544309616 1.600000262260437
  endloop
endfacet
facet normal 0.0 0.0 0.0
  outer loop
    vertex -1.2031997442245483 1.0496002435684204 1.600000262260437
    vertex -6.88640022277832 1.151999831199646 1.600000262260437
    vertex -1.1391998529434204 1.1264002323150635 1.600000262260437
  endloop
endfacet
facet normal 0.0 0.0 0.0
  outer loop
    vertex -1.2799979448318481 0.9727999567985535 1.600000262260437
    vertex -6.88640022277832 1.151999831199646 1.600000262260437
    vertex -1.2031997442245483 1.0496002435684204 1.600000262260437
  endloop
endfacet
facet normal 0.0 0.0 0.0
  outer loop
    vertex -1.3311995267868042 0.8832001686096191 1.600000262260437
    vertex -6.88640022277832 1.151999831199646 1.600000262260437
    vertex -1.2799979448318481 0.9727999567985535 1.600000262260437
  endloop
endfacet
facet normal 0.0 0.0 0.0
  outer loop
    vertex -1.3951994180679321 0.7936000823974609 1.600000262260437
    vertex -6.88640022277832 1.151999831199646 1.600000262260437
    vertex -1.3311995267868042 0.8832001686096191 1.600000262260437
  endloop
endfacet
facet normal 0.0 0.0 0.0
  outer loop
    vertex -1.4463986158370972 0.7039999961853027 1.600000262260437
    vertex -6.88640022277832 1.151999831199646 1.600000262260437
    vertex -1.3951994180679321 0.7936000823974609 1.600000262260437
  endloop
endfacet
facet normal 0.0 0.0 0.0
  outer loop
    vertex -1.4847983121871948 0.6144002079963684 1.600000262260437
    vertex -6.88640022277832 1.151999831199646 1.600000262260437
    vertex -1.4463986158370972 0.7039999961853027 1.600000262260437
  endloop
endfacet
facet normal 0.0 0.0 0.0
  outer loop
    vertex -1.523199200630188 0.512000322341919 1.600000262260437
    vertex -6.88640022277832 1.151999831199646 1.600000262260437
    vertex -1.4847983121871948 0.6144002079963684 1.600000262260437
  endloop
endfacet
facet normal 0.0 0.0 0.0
  outer loop
    vertex -1.5487982034683228 0.4096001386642456 1.600000262260437
    vertex -6.88640022277832 1.151999831199646 1.600000262260437
    vertex -1.523199200630188 0.512000322341919 1.600000262260437
  endloop
endfacet
facet normal 0.0 0.0 0.0
  outer loop
    vertex -1.574398398399353 0.30720025300979614 1.600000262260437
    vertex -6.88640022277832 1.151999831199646 1.600000262260437
    vertex -1.5487982034683228 0.4096001386642456 1.600000262260437
  endloop
endfacet
facet normal 0.0 0.0 0.0
  outer loop
    vertex -1.587199091911316 0.26879996061325073 1.600000262260437
    vertex -6.88640022277832 1.151999831199646 1.600000262260437
    vertex -1.574398398399353 0.30720025300979614 1.600000262260437
  endloop
endfacet
facet normal 0.0 0.0 0.0
  outer loop
    vertex -7.897599697113037 -1.5999999046325684 1.6000003814697266
    vertex -7.206399440765381 -2.406399965286255 1.6000003814697266
    vertex -8.012800216674805 -1.5999999046325684 1.6000003814697266
  endloop
endfacet
facet normal 0.0 0.0 0.0
  outer loop
    vertex -7.795199394226074 -1.5872000455856323 1.6000003814697266
    vertex -7.206399440765381 -2.406399965286255 1.6000003814697266
    vertex -7.897599697113037 -1.5999999046325684 1.6000003814697266
  endloop
endfacet
facet normal 0.0 0.0 0.0
  outer loop
    vertex -7.692799091339111 -1.5743999481201172 1.6000003814697266
    vertex -7.206399440765381 -2.406399965286255 1.6000003814697266
    vertex -7.795199394226074 -1.5872000455856323 1.6000003814697266
  endloop
endfacet
facet normal 0.0 0.0 0.0
  outer loop
    vertex -7.590400218963623 -1.5487998723983765 1.6000003814697266
    vertex -7.206399440765381 -2.406399965286255 1.6000003814697266
    vertex -7.692799091339111 -1.5743999481201172 1.6000003814697266
  endloop
endfacet
facet normal 0.0 0.0 0.0
  outer loop
    vertex -7.48799991607666 -1.5104000568389893 1.6000003814697266
    vertex -7.206399440765381 -2.406399965286255 1.6000003814697266
    vertex -7.590400218963623 -1.5487998723983765 1.6000003814697266
  endloop
endfacet
facet normal 0.0 0.0 0.0
  outer loop
    vertex -7.398399353027344 -1.4719998836517334 1.6000003814697266
    vertex -7.206399440765381 -2.406399965286255 1.6000003814697266
    vertex -7.48799991607666 -1.5104000568389893 1.6000003814697266
  endloop
endfacet
facet normal 0.0 0.0 0.0
  outer loop
    vertex -7.295999526977539 -1.4335999488830566 1.6000003814697266
    vertex -7.206399440765381 -2.406399965286255 1.6000003814697266
    vertex -7.398399353027344 -1.4719998836517334 1.6000003814697266
  endloop
endfacet
facet normal 0.0 0.0 0.0
  outer loop
    vertex -7.206399440765381 -1.3823997974395752 1.6000003814697266
    vertex -7.206399440765381 -2.406399965286255 1.6000003814697266
    vertex -7.295999526977539 -1.4335999488830566 1.6000003814697266
  endloop
endfacet
facet normal 0.0 0.0 0.0
  outer loop
    vertex -14.412799835205078 2.39359974861145 1.600000262260437
    vertex -7.897599697113037 1.5999996662139893 1.600000262260437
    vertex -8.012800216674805 1.5999996662139893 1.600000262260437
  endloop
endfacet
facet normal 0.0 0.0 0.0
  outer loop
    vertex -14.412799835205078 2.39359974861145 1.600000262260437
    vertex -7.795199394226074 1.5872001647949219 1.600000262260437
    vertex -7.897599697113037 1.5999996662139893 1.600000262260437
  endloop
endfacet
facet normal 0.0 0.0 0.0
  outer loop
    vertex -7.206399440765381 2.39359974861145 1.600000262260437
    vertex -7.795199394226074 1.5872001647949219 1.600000262260437
    vertex -14.412799835205078 2.39359974861145 1.600000262260437
  endloop
endfacet
facet normal 0.0 0.0 0.0
  outer loop
    vertex -7.206399440765381 2.39359974861145 1.600000262260437
    vertex -7.692799091339111 1.5744000673294067 1.600000262260437
    vertex -7.795199394226074 1.5872001647949219 1.600000262260437
  endloop
endfacet
facet normal 0.0 0.0 0.0
  outer loop
    vertex -7.206399440765381 2.39359974861145 1.600000262260437
    vertex -7.590400218963623 1.5488004684448242 1.600000262260437
    vertex -7.692799091339111 1.5744000673294067 1.600000262260437
  endloop
endfacet
facet normal 0.0 0.0 0.0
  outer loop
    vertex -7.206399440765381 2.39359974861145 1.600000262260437
    vertex -7.48799991607666 1.5104001760482788 1.600000262260437
    vertex -7.590400218963623 1.5488004684448242 1.600000262260437
  endloop
endfacet
facet normal 0.0 0.0 0.0
  outer loop
    vertex -7.206399440765381 2.39359974861145 1.600000262260437
    vertex -7.398399353027344 1.4719998836517334 1.600000262260437
    vertex -7.48799991607666 1.5104001760482788 1.600000262260437
  endloop
endfacet
facet normal 0.0 0.0 0.0
  outer loop
    vertex -7.206399440765381 2.39359974861145 1.600000262260437
    vertex -7.295999526977539 1.4336001873016357 1.600000262260437
    vertex -7.398399353027344 1.4719998836517334 1.600000262260437
  endloop
endfacet
facet normal 0.0 0.0 0.0
  outer loop
    vertex -7.206399440765381 2.39359974861145 1.600000262260437
    vertex -7.206399440765381 1.3823997974395752 1.600000262260437
    vertex -7.295999526977539 1.4336001873016357 1.600000262260437
  endloop
endfacet
facet normal 0.0 0.0 0.0
  outer loop
    vertex -7.206399440765381 2.39359974861145 1.600000262260437
    vertex -7.116799831390381 1.3312000036239624 1.600000262260437
    vertex -7.206399440765381 1.3823997974395752 1.600000262260437
  endloop
endfacet
facet normal 0.0 0.0 0.0
  outer loop
    vertex -7.206399440765381 2.39359974861145 1.600000262260437
    vertex -7.0271992683410645 1.2672001123428345 1.600000262260437
    vertex -7.116799831390381 1.3312000036239624 1.600000262260437
  endloop
endfacet
facet normal 0.0 0.0 0.0
  outer loop
    vertex -7.206399440765381 2.39359974861145 1.600000262260437
    vertex -6.988799095153809 1.2415999174118042 1.600000262260437
    vertex -7.0271992683410645 1.2672001123428345 1.600000262260437
  endloop
endfacet
facet normal 0.0 0.0 0.0
  outer loop
    vertex -0.01279831025749445 2.39359974861145 1.600000262260437
    vertex -6.988799095153809 1.2415999174118042 1.600000262260437
    vertex -7.206399440765381 2.39359974861145 1.600000262260437
  endloop
endfacet
facet normal 0.0 0.0 0.0
  outer loop
    vertex -14.412799835205078 -2.406399965286255 1.6000003814697266
    vertex -9.600000381469727 0.10240016877651215 1.600000262260437
    vertex -9.612800598144531 -1.288293027812415e-08 1.6000003814697266
  endloop
endfacet
facet normal 0.0 0.0 0.0
  outer loop
    vertex -14.412799835205078 -2.406399965286255 1.6000003814697266
    vertex -9.587199211120605 0.2048000544309616 1.600000262260437
    vertex -9.600000381469727 0.10240016877651215 1.600000262260437
  endloop
endfacet
facet normal 0.0 0.0 0.0
  outer loop
    vertex -14.412799835205078 -2.406399965286255 1.6000003814697266
    vertex -9.574399948120117 0.30720025300979614 1.600000262260437
    vertex -9.587199211120605 0.2048000544309616 1.600000262260437
  endloop
endfacet
facet normal 0.0 0.0 0.0
  outer loop
    vertex -14.412799835205078 -2.406399965286255 1.6000003814697266
    vertex -9.548799514770508 0.4096001386642456 1.600000262260437
    vertex -9.574399948120117 0.30720025300979614 1.600000262260437
  endloop
endfacet
facet normal 0.0 0.0 0.0
  outer loop
    vertex -14.412799835205078 -2.406399965286255 1.6000003814697266
    vertex -9.523199081420898 0.512000322341919 1.600000262260437
    vertex -9.548799514770508 0.4096001386642456 1.600000262260437
  endloop
endfacet
facet normal 0.0 0.0 0.0
  outer loop
    vertex -14.412799835205078 -2.406399965286255 1.6000003814697266
    vertex -9.4847993850708 0.6144002079963684 1.600000262260437
    vertex -9.523199081420898 0.512000322341919 1.600000262260437
  endloop
endfacet
facet normal 0.0 0.0 0.0
  outer loop
    vertex -14.412799835205078 -2.406399965286255 1.6000003814697266
    vertex -9.446399688720703 0.7039999961853027 1.600000262260437
    vertex -9.4847993850708 0.6144002079963684 1.600000262260437
  endloop
endfacet
facet normal 0.0 0.0 0.0
  outer loop
    vertex -14.412799835205078 -2.406399965286255 1.6000003814697266
    vertex -9.3951997756958 0.7936000823974609 1.600000262260437
    vertex -9.446399688720703 0.7039999961853027 1.600000262260437
  endloop
endfacet
facet normal 0.0 0.0 0.0
  outer loop
    vertex -14.412799835205078 -2.406399965286255 1.6000003814697266
    vertex -9.331199645996094 0.8832001686096191 1.600000262260437
    vertex -9.3951997756958 0.7936000823974609 1.600000262260437
  endloop
endfacet
facet normal 0.0 0.0 0.0
  outer loop
    vertex -14.412799835205078 -2.406399965286255 1.6000003814697266
    vertex -9.279999732971191 0.9727999567985535 1.600000262260437
    vertex -9.331199645996094 0.8832001686096191 1.600000262260437
  endloop
endfacet
facet normal 0.0 0.0 0.0
  outer loop
    vertex -14.412799835205078 -2.406399965286255 1.6000003814697266
    vertex -9.203200340270996 1.0496002435684204 1.600000262260437
    vertex -9.279999732971191 0.9727999567985535 1.600000262260437
  endloop
endfacet
facet normal 0.0 0.0 0.0
  outer loop
    vertex -14.412799835205078 -2.406399965286255 1.6000003814697266
    vertex -9.139200210571289 1.1264002323150635 1.600000262260437
    vertex -9.203200340270996 1.0496002435684204 1.600000262260437
  endloop
endfacet
facet normal 0.0 0.0 0.0
  outer loop
    vertex -14.412799835205078 -2.406399965286255 1.6000003814697266
    vertex -9.062399864196777 1.2032002210617065 1.600000262260437
    vertex -9.139200210571289 1.1264002323150635 1.600000262260437
  endloop
endfacet
facet normal 0.0 0.0 0.0
  outer loop
    vertex -14.412799835205078 -2.406399965286255 1.6000003814697266
    vertex -8.985599517822266 1.2672001123428345 1.600000262260437
    vertex -9.062399864196777 1.2032002210617065 1.600000262260437
  endloop
endfacet
facet normal 0.0 0.0 0.0
  outer loop
    vertex -14.412799835205078 -2.406399965286255 1.6000003814697266
    vertex -8.895999908447266 1.3312000036239624 1.600000262260437
    vertex -8.985599517822266 1.2672001123428345 1.600000262260437
  endloop
endfacet
facet normal 0.0 0.0 0.0
  outer loop
    vertex -8.71679973602295 1.4336001873016357 1.600000262260437
    vertex -14.412799835205078 2.39359974861145 1.600000262260437
    vertex -8.69119930267334 1.4464002847671509 1.600000262260437
  endloop
endfacet
facet normal 0.0 0.0 0.0
  outer loop
    vertex -8.80639934539795 1.3823997974395752 1.600000262260437
    vertex -14.412799835205078 2.39359974861145 1.600000262260437
    vertex -8.71679973602295 1.4336001873016357 1.600000262260437
  endloop
endfacet
facet normal 0.0 0.0 0.0
  outer loop
    vertex -8.895999908447266 1.3312000036239624 1.600000262260437
    vertex -14.412799835205078 2.39359974861145 1.600000262260437
    vertex -8.80639934539795 1.3823997974395752 1.600000262260437
  endloop
endfacet
facet normal 0.0 0.0 0.0
  outer loop
    vertex -14.412799835205078 -2.406399965286255 1.6000003814697266
    vertex -14.412799835205078 2.39359974861145 1.600000262260437
    vertex -8.895999908447266 1.3312000036239624 1.600000262260437
  endloop
endfacet
facet normal 0.0 0.0 0.0
  outer loop
    vertex -1.5999997854232788 0.10240016877651215 1.600000262260437
    vertex -1.6127980947494507 -1.288293027812415e-08 1.6000003814697266
    vertex -6.412799835205078 0.10240016877651215 1.600000262260437
  endloop
endfacet
facet normal 0.0 0.0 0.0
  outer loop
    vertex -1.6127980947494507 -1.288293027812415e-08 1.6000003814697266
    vertex -1.5999997854232788 -0.10239990055561066 1.6000003814697266
    vertex -6.412799835205078 -1.288293027812415e-08 1.6000003814697266
  endloop
endfacet
facet normal 0.0 0.0 0.0
  outer loop
    vertex 7.193601608276367 2.39359974861145 1.600000262260437
    vertex 8.10240364074707 1.5999996662139893 1.600000262260437
    vertex 8.00000286102295 1.5999996662139893 1.600000262260437
  endloop
endfacet
facet normal 0.0 0.0 0.0
  outer loop
    vertex 7.193601608276367 2.39359974861145 1.600000262260437
    vertex 8.204801559448242 1.5872001647949219 1.600000262260437
    vertex 8.10240364074707 1.5999996662139893 1.600000262260437
  endloop
endfacet
facet normal 0.0 0.0 0.0
  outer loop
    vertex 7.193601608276367 2.39359974861145 1.600000262260437
    vertex 8.307202339172363 1.5744000673294067 1.600000262260437
    vertex 8.204801559448242 1.5872001647949219 1.600000262260437
  endloop
endfacet
facet normal 0.0 0.0 0.0
  outer loop
    vertex 7.193601608276367 2.39359974861145 1.600000262260437
    vertex 8.409601211547852 1.5488004684448242 1.600000262260437
    vertex 8.307202339172363 1.5744000673294067 1.600000262260437
  endloop
endfacet
facet normal 0.0 0.0 0.0
  outer loop
    vertex 7.193601608276367 2.39359974861145 1.600000262260437
    vertex 8.512001991271973 1.5104001760482788 1.600000262260437
    vertex 8.409601211547852 1.5488004684448242 1.600000262260437
  endloop
endfacet
facet normal 0.0 0.0 0.0
  outer loop
    vertex 7.193601608276367 2.39359974861145 1.600000262260437
    vertex 8.601601600646973 1.4719998836517334 1.600000262260437
    vertex 8.512001991271973 1.5104001760482788 1.600000262260437
  endloop
endfacet
facet normal 0.0 0.0 0.0
  outer loop
    vertex 7.193601608276367 2.39359974861145 1.600000262260437
    vertex 8.678400993347168 1.4464002847671509 1.600000262260437
    vertex 8.601601600646973 1.4719998836517334 1.600000262260437
  endloop
endfacet
facet normal 0.0 0.0 0.0
  outer loop
    vertex 14.400001525878906 2.39359974861145 1.600000262260437
    vertex 8.678400993347168 1.4464002847671509 1.600000262260437
    vertex 7.193601608276367 2.39359974861145 1.600000262260437
  endloop
endfacet
facet normal 0.0 0.0 0.0
  outer loop
    vertex 6.873600959777832 1.151999831199646 1.600000262260437
    vertex 1.1904014348983765 1.0496002435684204 1.600000262260437
    vertex 1.1264015436172485 1.1264002323150635 1.600000262260437
  endloop
endfacet
facet normal 0.0 0.0 0.0
  outer loop
    vertex 6.873600959777832 1.151999831199646 1.600000262260437
    vertex 1.2672020196914673 0.9727999567985535 1.600000262260437
    vertex 1.1904014348983765 1.0496002435684204 1.600000262260437
  endloop
endfacet
facet normal 0.0 0.0 0.0
  outer loop
    vertex 6.873600959777832 1.151999831199646 1.600000262260437
    vertex 1.3184012174606323 0.8832001686096191 1.600000262260437
    vertex 1.2672020196914673 0.9727999567985535 1.600000262260437
  endloop
endfacet
facet normal 0.0 0.0 0.0
  outer loop
    vertex 6.873600959777832 1.151999831199646 1.600000262260437
    vertex 1.3824011087417603 0.7936000823974609 1.600000262260437
    vertex 1.3184012174606323 0.8832001686096191 1.600000262260437
  endloop
endfacet
facet normal 0.0 0.0 0.0
  outer loop
    vertex 6.873600959777832 1.151999831199646 1.600000262260437
    vertex 1.4336014986038208 0.7039999961853027 1.600000262260437
    vertex 1.3824011087417603 0.7936000823974609 1.600000262260437
  endloop
endfacet
facet normal 0.0 0.0 0.0
  outer loop
    vertex 6.873600959777832 1.151999831199646 1.600000262260437
    vertex 1.4720011949539185 0.6144002079963684 1.600000262260437
    vertex 1.4336014986038208 0.7039999961853027 1.600000262260437
  endloop
endfacet
facet normal 0.0 0.0 0.0
  outer loop
    vertex 6.873600959777832 1.151999831199646 1.600000262260437
    vertex 1.5104008913040161 0.512000322341919 1.600000262260437
    vertex 1.4720011949539185 0.6144002079963684 1.600000262260437
  endloop
endfacet
facet normal 0.0 0.0 0.0
  outer loop
    vertex 6.873600959777832 1.151999831199646 1.600000262260437
    vertex 1.536002278327942 0.4096001386642456 1.600000262260437
    vertex 1.5104008913040161 0.512000322341919 1.600000262260437
  endloop
endfacet
facet normal 0.0 0.0 0.0
  outer loop
    vertex 6.873600959777832 1.151999831199646 1.600000262260437
    vertex 1.5616024732589722 0.30720025300979614 1.600000262260437
    vertex 1.536002278327942 0.4096001386642456 1.600000262260437
  endloop
endfacet
facet normal 0.0 0.0 0.0
  outer loop
    vertex 6.873600959777832 1.151999831199646 1.600000262260437
    vertex 1.574400782585144 0.26879996061325073 1.600000262260437
    vertex 1.5616024732589722 0.30720025300979614 1.600000262260437
  endloop
endfacet
facet normal 0.0 0.0 0.0
  outer loop
    vertex 7.193601608276367 -2.406399965286255 1.6000003814697266
    vertex 8.00000286102295 -1.5999999046325684 1.6000003814697266
    vertex 14.400001525878906 -2.406399965286255 1.6000003814697266
  endloop
endfacet
facet normal 0.0 0.0 0.0
  outer loop
    vertex 7.193601608276367 -2.406399965286255 1.6000003814697266
    vertex 7.884801387786865 -1.5999999046325684 1.6000003814697266
    vertex 8.00000286102295 -1.5999999046325684 1.6000003814697266
  endloop
endfacet
facet normal 0.0 0.0 0.0
  outer loop
    vertex 7.193601608276367 -2.406399965286255 1.6000003814697266
    vertex 7.782402992248535 -1.5872000455856323 1.6000003814697266
    vertex 7.884801387786865 -1.5999999046325684 1.6000003814697266
  endloop
endfacet
facet normal 0.0 0.0 0.0
  outer loop
    vertex 7.193601608276367 -2.406399965286255 1.6000003814697266
    vertex 7.680002212524414 -1.5743999481201172 1.6000003814697266
    vertex 7.782402992248535 -1.5872000455856323 1.6000003814697266
  endloop
endfacet
facet normal 0.0 0.0 0.0
  outer loop
    vertex 7.193601608276367 -2.406399965286255 1.6000003814697266
    vertex 7.577603816986084 -1.5487998723983765 1.6000003814697266
    vertex 7.680002212524414 -1.5743999481201172 1.6000003814697266
  endloop
endfacet
facet normal 0.0 0.0 0.0
  outer loop
    vertex 7.193601608276367 -2.406399965286255 1.6000003814697266
    vertex 7.475202560424805 -1.5104000568389893 1.6000003814697266
    vertex 7.577603816986084 -1.5487998723983765 1.6000003814697266
  endloop
endfacet
facet normal 0.0 0.0 0.0
  outer loop
    vertex 7.193601608276367 -2.406399965286255 1.6000003814697266
    vertex 7.3856024742126465 -1.4719998836517334 1.6000003814697266
    vertex 7.475202560424805 -1.5104000568389893 1.6000003814697266
  endloop
endfacet
facet normal 0.0 0.0 0.0
  outer loop
    vertex 7.193601608276367 -2.406399965286255 1.6000003814697266
    vertex 7.283201694488525 -1.4335999488830566 1.6000003814697266
    vertex 7.3856024742126465 -1.4719998836517334 1.6000003814697266
  endloop
endfacet
facet normal 0.0 0.0 0.0
  outer loop
    vertex 7.193601608276367 -2.406399965286255 1.6000003814697266
    vertex 7.193601608276367 -1.3823997974395752 1.6000003814697266
    vertex 7.283201694488525 -1.4335999488830566 1.6000003814697266
  endloop
endfacet
facet normal 0.0 0.0 0.0
  outer loop
    vertex 6.400001525878906 -0.10239990055561066 1.6000003814697266
    vertex 6.412802219390869 -0.204800084233284 1.6000003814697266
    vertex 1.587201476097107 -0.10239990055561066 1.6000003814697266
  endloop
endfacet
facet normal 0.0 0.0 0.0
  outer loop
    vertex 6.400001525878906 0.10240016877651215 1.600000262260437
    vertex 6.400001525878906 -1.288293027812415e-08 1.6000003814697266
    vertex 1.587201476097107 0.10240016877651215 1.600000262260437
  endloop
endfacet
facet normal 0.0 0.0 0.0
  outer loop
    vertex 6.400001525878906 -1.288293027812415e-08 1.6000003814697266
    vertex 6.400001525878906 -0.10239990055561066 1.6000003814697266
    vertex 1.6000021696090698 -1.288293027812415e-08 1.6000003814697266
  endloop
endfacet
facet normal 0.0 0.0 0.0
  outer loop
    vertex 6.412802219390869 0.2048000544309616 1.600000262260437
    vertex 6.400001525878906 0.10240016877651215 1.600000262260437
    vertex 1.574400782585144 0.2048000544309616 1.600000262260437
  endloop
endfacet
facet normal 0.0 0.0 0.0
  outer loop
    vertex -14.412799835205078 -2.406399965286255 1.6000003814697266
    vertex -8.012800216674805 -1.5999999046325684 1.6000003814697266
    vertex -7.206399440765381 -2.406399965286255 1.6000003814697266
  endloop
endfacet
facet normal 0.0 0.0 0.0
  outer loop
    vertex -14.412799835205078 -2.406399965286255 1.6000003814697266
    vertex -8.115199089050293 -1.5999999046325684 1.6000003814697266
    vertex -8.012800216674805 -1.5999999046325684 1.6000003814697266
  endloop
endfacet
facet normal 0.0 0.0 0.0
  outer loop
    vertex -14.412799835205078 -2.406399965286255 1.6000003814697266
    vertex -8.217599868774414 -1.5872000455856323 1.6000003814697266
    vertex -8.115199089050293 -1.5999999046325684 1.6000003814697266
  endloop
endfacet
facet normal 0.0 0.0 0.0
  outer loop
    vertex -14.412799835205078 -2.406399965286255 1.6000003814697266
    vertex -8.319999694824219 -1.5743999481201172 1.6000003814697266
    vertex -8.217599868774414 -1.5872000455856323 1.6000003814697266
  endloop
endfacet
facet normal 0.0 0.0 0.0
  outer loop
    vertex -14.412799835205078 -2.406399965286255 1.6000003814697266
    vertex -8.422399520874023 -1.5487998723983765 1.6000003814697266
    vertex -8.319999694824219 -1.5743999481201172 1.6000003814697266
  endloop
endfacet
facet normal 0.0 0.0 0.0
  outer loop
    vertex -14.412799835205078 -2.406399965286255 1.6000003814697266
    vertex -8.524799346923828 -1.5104000568389893 1.6000003814697266
    vertex -8.422399520874023 -1.5487998723983765 1.6000003814697266
  endloop
endfacet
facet normal 0.0 0.0 0.0
  outer loop
    vertex -14.412799835205078 -2.406399965286255 1.6000003814697266
    vertex -8.614399909973145 -1.4719998836517334 1.6000003814697266
    vertex -8.524799346923828 -1.5104000568389893 1.6000003814697266
  endloop
endfacet
facet normal 0.0 0.0 0.0
  outer loop
    vertex -14.412799835205078 -2.406399965286255 1.6000003814697266
    vertex -8.69119930267334 -1.4463999271392822 1.6000003814697266
    vertex -8.614399909973145 -1.4719998836517334 1.6000003814697266
  endloop
endfacet
facet normal 0.0 0.0 0.0
  outer loop
    vertex -1.587199091911316 -0.204800084233284 1.6000003814697266
    vertex -1.587199091911316 -0.26879996061325073 1.6000003814697266
    vertex -6.425599575042725 -0.204800084233284 1.6000003814697266
  endloop
endfacet
facet normal 0.0 0.0 0.0
  outer loop
    vertex 6.451201915740967 -0.4096001386642456 1.6000003814697266
    vertex 1.574400782585144 -0.26879996061325073 1.6000003814697266
    vertex 6.425602912902832 -0.30719995498657227 1.6000003814697266
  endloop
endfacet
facet normal 0.0 0.0 0.0
  outer loop
    vertex 6.476800918579102 -0.5120000243186951 1.6000003814697266
    vertex 1.574400782585144 -0.26879996061325073 1.6000003814697266
    vertex 6.451201915740967 -0.4096001386642456 1.6000003814697266
  endloop
endfacet
facet normal 0.0 0.0 0.0
  outer loop
    vertex 6.515200614929199 -0.6144002079963684 1.6000003814697266
    vertex 1.574400782585144 -0.26879996061325073 1.6000003814697266
    vertex 6.476800918579102 -0.5120000243186951 1.6000003814697266
  endloop
endfacet
facet normal 0.0 0.0 0.0
  outer loop
    vertex 6.553602695465088 -0.7039999961853027 1.6000003814697266
    vertex 1.574400782585144 -0.26879996061325073 1.6000003814697266
    vertex 6.515200614929199 -0.6144002079963684 1.6000003814697266
  endloop
endfacet
facet normal 0.0 0.0 0.0
  outer loop
    vertex 6.604800701141357 -0.8063998818397522 1.6000003814697266
    vertex 1.574400782585144 -0.26879996061325073 1.6000003814697266
    vertex 6.553602695465088 -0.7039999961853027 1.6000003814697266
  endloop
endfacet
facet normal 0.0 0.0 0.0
  outer loop
    vertex 6.668801784515381 -0.8831998705863953 1.6000003814697266
    vertex 1.574400782585144 -0.26879996061325073 1.6000003814697266
    vertex 6.604800701141357 -0.8063998818397522 1.6000003814697266
  endloop
endfacet
facet normal 0.0 0.0 0.0
  outer loop
    vertex 6.720002174377441 -0.9727999567985535 1.6000003814697266
    vertex 1.574400782585144 -0.26879996061325073 1.6000003814697266
    vertex 6.668801784515381 -0.8831998705863953 1.6000003814697266
  endloop
endfacet
facet normal 0.0 0.0 0.0
  outer loop
    vertex 6.796801567077637 -1.0495998859405518 1.6000003814697266
    vertex 1.574400782585144 -0.26879996061325073 1.6000003814697266
    vertex 6.720002174377441 -0.9727999567985535 1.6000003814697266
  endloop
endfacet
facet normal 0.0 0.0 0.0
  outer loop
    vertex 6.86080265045166 -1.1263999938964844 1.6000003814697266
    vertex 1.574400782585144 -0.26879996061325073 1.6000003814697266
    vertex 6.796801567077637 -1.0495998859405518 1.6000003814697266
  endloop
endfacet
facet normal 0.0 0.0 0.0
  outer loop
    vertex 6.873600959777832 -1.151999831199646 1.6000003814697266
    vertex 1.574400782585144 -0.26879996061325073 1.6000003814697266
    vertex 6.86080265045166 -1.1263999938964844 1.6000003814697266
  endloop
endfacet
facet normal 0.0 0.0 0.0
  outer loop
    vertex 7.884801387786865 1.5999996662139893 1.600000262260437
    vertex 7.193601608276367 2.39359974861145 1.600000262260437
    vertex 8.00000286102295 1.5999996662139893 1.600000262260437
  endloop
endfacet
facet normal 0.0 0.0 0.0
  outer loop
    vertex 7.782402992248535 1.5872001647949219 1.600000262260437
    vertex 7.193601608276367 2.39359974861145 1.600000262260437
    vertex 7.884801387786865 1.5999996662139893 1.600000262260437
  endloop
endfacet
facet normal 0.0 0.0 0.0
  outer loop
    vertex 7.680002212524414 1.5744000673294067 1.600000262260437
    vertex 7.193601608276367 2.39359974861145 1.600000262260437
    vertex 7.782402992248535 1.5872001647949219 1.600000262260437
  endloop
endfacet
facet normal 0.0 0.0 0.0
  outer loop
    vertex 7.577603816986084 1.5488004684448242 1.600000262260437
    vertex 7.193601608276367 2.39359974861145 1.600000262260437
    vertex 7.680002212524414 1.5744000673294067 1.600000262260437
  endloop
endfacet
facet normal 0.0 0.0 0.0
  outer loop
    vertex 7.475202560424805 1.5104001760482788 1.600000262260437
    vertex 7.193601608276367 2.39359974861145 1.600000262260437
    vertex 7.577603816986084 1.5488004684448242 1.600000262260437
  endloop
endfacet
facet normal 0.0 0.0 0.0
  outer loop
    vertex 7.3856024742126465 1.4719998836517334 1.600000262260437
    vertex 7.193601608276367 2.39359974861145 1.600000262260437
    vertex 7.475202560424805 1.5104001760482788 1.600000262260437
  endloop
endfacet
facet normal 0.0 0.0 0.0
  outer loop
    vertex 7.283201694488525 1.4336001873016357 1.600000262260437
    vertex 7.193601608276367 2.39359974861145 1.600000262260437
    vertex 7.3856024742126465 1.4719998836517334 1.600000262260437
  endloop
endfacet
facet normal 0.0 0.0 0.0
  outer loop
    vertex 7.193601608276367 1.3823997974395752 1.600000262260437
    vertex 7.193601608276367 2.39359974861145 1.600000262260437
    vertex 7.283201694488525 1.4336001873016357 1.600000262260437
  endloop
endfacet
facet normal 0.0 0.0 0.0
  outer loop
    vertex 7.104001522064209 1.3312000036239624 1.600000262260437
    vertex -0.01279831025749445 2.39359974861145 1.600000262260437
    vertex 7.193601608276367 1.3823997974395752 1.600000262260437
  endloop
endfacet
facet normal 0.0 0.0 0.0
  outer loop
    vertex 7.014401435852051 1.2672001123428345 1.600000262260437
    vertex -0.01279831025749445 2.39359974861145 1.600000262260437
    vertex 7.104001522064209 1.3312000036239624 1.600000262260437
  endloop
endfacet
facet normal 0.0 0.0 0.0
  outer loop
    vertex 6.976001739501953 1.2415999174118042 1.600000262260437
    vertex -0.01279831025749445 2.39359974861145 1.600000262260437
    vertex 7.014401435852051 1.2672001123428345 1.600000262260437
  endloop
endfacet
facet normal 0.0 0.0 0.0
  outer loop
    vertex -0.01279831025749445 -2.406399965286255 1.6000003814697266
    vertex 7.193601608276367 -1.3823997974395752 1.6000003814697266
    vertex 7.193601608276367 -2.406399965286255 1.6000003814697266
  endloop
endfacet
facet normal 0.0 0.0 0.0
  outer loop
    vertex -0.01279831025749445 -2.406399965286255 1.6000003814697266
    vertex 7.104001522064209 -1.3312000036239624 1.6000003814697266
    vertex 7.193601608276367 -1.3823997974395752 1.6000003814697266
  endloop
endfacet
facet normal 0.0 0.0 0.0
  outer loop
    vertex -0.01279831025749445 -2.406399965286255 1.6000003814697266
    vertex 7.014401435852051 -1.2671997547149658 1.6000003814697266
    vertex 7.104001522064209 -1.3312000036239624 1.6000003814697266
  endloop
endfacet
facet normal 0.0 0.0 0.0
  outer loop
    vertex -0.01279831025749445 -2.406399965286255 1.6000003814697266
    vertex 6.976001739501953 -1.2415999174118042 1.6000003814697266
    vertex 7.014401435852051 -1.2671997547149658 1.6000003814697266
  endloop
endfacet
facet normal 0.0 0.0 0.0
  outer loop
    vertex 8.704002380371094 -1.4335999488830566 1.6000003814697266
    vertex 14.400001525878906 -2.406399965286255 1.6000003814697266
    vertex 8.678400993347168 -1.4463999271392822 1.6000003814697266
  endloop
endfacet
facet normal 0.0 0.0 0.0
  outer loop
    vertex 8.79360294342041 -1.3823997974395752 1.6000003814697266
    vertex 14.400001525878906 -2.406399965286255 1.6000003814697266
    vertex 8.704002380371094 -1.4335999488830566 1.6000003814697266
  endloop
endfacet
facet normal 0.0 0.0 0.0
  outer loop
    vertex 8.88320255279541 -1.3312000036239624 1.6000003814697266
    vertex 14.400001525878906 -2.406399965286255 1.6000003814697266
    vertex 8.79360294342041 -1.3823997974395752 1.6000003814697266
  endloop
endfacet
facet normal 0.0 0.0 0.0
  outer loop
    vertex 8.972803115844727 -1.2671997547149658 1.6000003814697266
    vertex 14.400001525878906 -2.406399965286255 1.6000003814697266
    vertex 8.88320255279541 -1.3312000036239624 1.6000003814697266
  endloop
endfacet
facet normal 0.0 0.0 0.0
  outer loop
    vertex 9.049602508544922 -1.203199863433838 1.6000003814697266
    vertex 14.400001525878906 -2.406399965286255 1.6000003814697266
    vertex 8.972803115844727 -1.2671997547149658 1.6000003814697266
  endloop
endfacet
facet normal 0.0 0.0 0.0
  outer loop
    vertex 9.126401901245117 -1.1263999938964844 1.6000003814697266
    vertex 14.400001525878906 -2.406399965286255 1.6000003814697266
    vertex 9.049602508544922 -1.203199863433838 1.6000003814697266
  endloop
endfacet
facet normal 0.0 0.0 0.0
  outer loop
    vertex 9.19040298461914 -1.0495998859405518 1.6000003814697266
    vertex 14.400001525878906 -2.406399965286255 1.6000003814697266
    vertex 9.126401901245117 -1.1263999938964844 1.6000003814697266
  endloop
endfacet
facet normal 0.0 0.0 0.0
  outer loop
    vertex 9.267202377319336 -0.9727999567985535 1.6000003814697266
    vertex 14.400001525878906 -2.406399965286255 1.6000003814697266
    vertex 9.19040298461914 -1.0495998859405518 1.6000003814697266
  endloop
endfacet
facet normal 0.0 0.0 0.0
  outer loop
    vertex 9.318402290344238 -0.8831998705863953 1.6000003814697266
    vertex 14.400001525878906 -2.406399965286255 1.6000003814697266
    vertex 9.267202377319336 -0.9727999567985535 1.6000003814697266
  endloop
endfacet
facet normal 0.0 0.0 0.0
  outer loop
    vertex 9.382401466369629 -0.8063998818397522 1.6000003814697266
    vertex 14.400001525878906 -2.406399965286255 1.6000003814697266
    vertex 9.318402290344238 -0.8831998705863953 1.6000003814697266
  endloop
endfacet
facet normal 0.0 0.0 0.0
  outer loop
    vertex 9.433601379394531 -0.7039999961853027 1.6000003814697266
    vertex 14.400001525878906 -2.406399965286255 1.6000003814697266
    vertex 9.382401466369629 -0.8063998818397522 1.6000003814697266
  endloop
endfacet
facet normal 0.0 0.0 0.0
  outer loop
    vertex 9.472003936767578 -0.6144002079963684 1.6000003814697266
    vertex 14.400001525878906 -2.406399965286255 1.6000003814697266
    vertex 9.433601379394531 -0.7039999961853027 1.6000003814697266
  endloop
endfacet
facet normal 0.0 0.0 0.0
  outer loop
    vertex 9.510403633117676 -0.5120000243186951 1.6000003814697266
    vertex 14.400001525878906 -2.406399965286255 1.6000003814697266
    vertex 9.472003936767578 -0.6144002079963684 1.6000003814697266
  endloop
endfacet
facet normal 0.0 0.0 0.0
  outer loop
    vertex 9.536002159118652 -0.4096001386642456 1.6000003814697266
    vertex 14.400001525878906 -2.406399965286255 1.6000003814697266
    vertex 9.510403633117676 -0.5120000243186951 1.6000003814697266
  endloop
endfacet
facet normal 0.0 0.0 0.0
  outer loop
    vertex 9.561601638793945 -0.30719995498657227 1.6000003814697266
    vertex 14.400001525878906 -2.406399965286255 1.6000003814697266
    vertex 9.536002159118652 -0.4096001386642456 1.6000003814697266
  endloop
endfacet
facet normal 0.0 0.0 0.0
  outer loop
    vertex 9.57440185546875 -0.204800084233284 1.6000003814697266
    vertex 14.400001525878906 -2.406399965286255 1.6000003814697266
    vertex 9.561601638793945 -0.30719995498657227 1.6000003814697266
  endloop
endfacet
facet normal 0.0 0.0 0.0
  outer loop
    vertex 9.587203025817871 -0.10239990055561066 1.6000003814697266
    vertex 14.400001525878906 -2.406399965286255 1.6000003814697266
    vertex 9.57440185546875 -0.204800084233284 1.6000003814697266
  endloop
endfacet
facet normal 0.0 0.0 0.0
  outer loop
    vertex 9.600001335144043 -1.288293027812415e-08 1.6000003814697266
    vertex 14.400001525878906 -2.406399965286255 1.6000003814697266
    vertex 9.587203025817871 -0.10239990055561066 1.6000003814697266
  endloop
endfacet
facet normal 0.0 0.0 0.0
  outer loop
    vertex 14.400001525878906 2.39359974861145 1.600000262260437
    vertex 14.400001525878906 -2.406399965286255 1.6000003814697266
    vertex 9.600001335144043 -1.288293027812415e-08 1.6000003814697266
  endloop
endfacet
facet normal 0.0 0.0 0.0
  outer loop
    vertex 14.400001525878906 2.39359974861145 1.600000262260437
    vertex 8.704002380371094 1.4336001873016357 1.600000262260437
    vertex 8.678400993347168 1.4464002847671509 1.600000262260437
  endloop
endfacet
facet normal 0.0 0.0 0.0
  outer loop
    vertex 14.400001525878906 2.39359974861145 1.600000262260437
    vertex 8.79360294342041 1.3823997974395752 1.600000262260437
    vertex 8.704002380371094 1.4336001873016357 1.600000262260437
  endloop
endfacet
facet normal 0.0 0.0 0.0
  outer loop
    vertex 14.400001525878906 2.39359974861145 1.600000262260437
    vertex 8.88320255279541 1.3312000036239624 1.600000262260437
    vertex 8.79360294342041 1.3823997974395752 1.600000262260437
  endloop
endfacet
facet normal 0.0 0.0 0.0
  outer loop
    vertex 14.400001525878906 2.39359974861145 1.600000262260437
    vertex 8.972803115844727 1.2672001123428345 1.600000262260437
    vertex 8.88320255279541 1.3312000036239624 1.600000262260437
  endloop
endfacet
facet normal 0.0 0.0 0.0
  outer loop
    vertex 14.400001525878906 2.39359974861145 1.600000262260437
    vertex 9.049602508544922 1.2032002210617065 1.600000262260437
    vertex 8.972803115844727 1.2672001123428345 1.600000262260437
  endloop
endfacet
facet normal 0.0 0.0 0.0
  outer loop
    vertex 14.400001525878906 2.39359974861145 1.600000262260437
    vertex 9.126401901245117 1.1264002323150635 1.600000262260437
    vertex 9.049602508544922 1.2032002210617065 1.600000262260437
  endloop
endfacet
facet normal 0.0 0.0 0.0
  outer loop
    vertex 14.400001525878906 2.39359974861145 1.600000262260437
    vertex 9.19040298461914 1.0496002435684204 1.600000262260437
    vertex 9.126401901245117 1.1264002323150635 1.600000262260437
  endloop
endfacet
facet normal 0.0 0.0 0.0
  outer loop
    vertex 14.400001525878906 2.39359974861145 1.600000262260437
    vertex 9.267202377319336 0.9727999567985535 1.600000262260437
    vertex 9.19040298461914 1.0496002435684204 1.600000262260437
  endloop
endfacet
facet normal 0.0 0.0 0.0
  outer loop
    vertex 14.400001525878906 2.39359974861145 1.600000262260437
    vertex 9.318402290344238 0.8832001686096191 1.600000262260437
    vertex 9.267202377319336 0.9727999567985535 1.600000262260437
  endloop
endfacet
facet normal 0.0 0.0 0.0
  outer loop
    vertex 14.400001525878906 2.39359974861145 1.600000262260437
    vertex 9.382401466369629 0.7936000823974609 1.600000262260437
    vertex 9.318402290344238 0.8832001686096191 1.600000262260437
  endloop
endfacet
facet normal 0.0 0.0 0.0
  outer loop
    vertex 14.400001525878906 2.39359974861145 1.600000262260437
    vertex 9.433601379394531 0.7039999961853027 1.600000262260437
    vertex 9.382401466369629 0.7936000823974609 1.600000262260437
  endloop
endfacet
facet normal 0.0 0.0 0.0
  outer loop
    vertex 14.400001525878906 2.39359974861145 1.600000262260437
    vertex 9.472003936767578 0.6144002079963684 1.600000262260437
    vertex 9.433601379394531 0.7039999961853027 1.600000262260437
  endloop
endfacet
facet normal 0.0 0.0 0.0
  outer loop
    vertex 14.400001525878906 2.39359974861145 1.600000262260437
    vertex 9.510403633117676 0.512000322341919 1.600000262260437
    vertex 9.472003936767578 0.6144002079963684 1.600000262260437
  endloop
endfacet
facet normal 0.0 0.0 0.0
  outer loop
    vertex 14.400001525878906 2.39359974861145 1.600000262260437
    vertex 9.536002159118652 0.4096001386642456 1.600000262260437
    vertex 9.510403633117676 0.512000322341919 1.600000262260437
  endloop
endfacet
facet normal 0.0 0.0 0.0
  outer loop
    vertex 14.400001525878906 2.39359974861145 1.600000262260437
    vertex 9.561601638793945 0.30720025300979614 1.600000262260437
    vertex 9.536002159118652 0.4096001386642456 1.600000262260437
  endloop
endfacet
facet normal 0.0 0.0 0.0
  outer loop
    vertex 14.400001525878906 2.39359974861145 1.600000262260437
    vertex 9.57440185546875 0.2048000544309616 1.600000262260437
    vertex 9.561601638793945 0.30720025300979614 1.600000262260437
  endloop
endfacet
facet normal 0.0 0.0 0.0
  outer loop
    vertex 14.400001525878906 2.39359974861145 1.600000262260437
    vertex 9.587203025817871 0.10240016877651215 1.600000262260437
    vertex 9.57440185546875 0.2048000544309616 1.600000262260437
  endloop
endfacet
facet normal 0.0 0.0 0.0
  outer loop
    vertex 14.400001525878906 2.39359974861145 1.600000262260437
    vertex 9.600001335144043 -1.288293027812415e-08 1.6000003814697266
    vertex 9.587203025817871 0.10240016877651215 1.600000262260437
  endloop
endfacet
facet normal 0.0 0.0 0.0
  outer loop
    vertex 7.193601608276367 2.39359974861145 1.600000262260437
    vertex 7.193601608276367 1.3823997974395752 1.600000262260437
    vertex -0.01279831025749445 2.39359974861145 1.600000262260437
  endloop
endfacet
facet normal 0.0 0.0 0.0
  outer loop
    vertex 6.425602912902832 0.30720025300979614 1.600000262260437
    vertex 6.412802219390869 0.2048000544309616 1.600000262260437
    vertex 1.574400782585144 0.26879996061325073 1.600000262260437
  endloop
endfacet
facet normal 0.0 0.0 0.0
  outer loop
    vertex -6.950399875640869 -1.203199863433838 1.6000003814697266
    vertex -0.9855986833572388 -1.2671997547149658 1.6000003814697266
    vertex -6.988799095153809 -1.2415999174118042 1.6000003814697266
  endloop
endfacet
facet normal 0.0 0.0 0.0
  outer loop
    vertex -1.0623992681503296 -1.203199863433838 1.6000003814697266
    vertex -0.9855986833572388 -1.2671997547149658 1.6000003814697266
    vertex -6.950399875640869 -1.203199863433838 1.6000003814697266
  endloop
endfacet
facet normal 0.0 0.0 0.0
  outer loop
    vertex -14.412799835205078 -2.406399965286255 1.6000003814697266
    vertex -8.71679973602295 -1.4335999488830566 1.6000003814697266
    vertex -8.69119930267334 -1.4463999271392822 1.6000003814697266
  endloop
endfacet
facet normal 0.0 0.0 0.0
  outer loop
    vertex -14.412799835205078 -2.406399965286255 1.6000003814697266
    vertex -8.80639934539795 -1.3823997974395752 1.6000003814697266
    vertex -8.71679973602295 -1.4335999488830566 1.6000003814697266
  endloop
endfacet
facet normal 0.0 0.0 0.0
  outer loop
    vertex -14.412799835205078 -2.406399965286255 1.6000003814697266
    vertex -8.895999908447266 -1.3312000036239624 1.6000003814697266
    vertex -8.80639934539795 -1.3823997974395752 1.6000003814697266
  endloop
endfacet
facet normal 0.0 0.0 0.0
  outer loop
    vertex -14.412799835205078 -2.406399965286255 1.6000003814697266
    vertex -8.985599517822266 -1.2671997547149658 1.6000003814697266
    vertex -8.895999908447266 -1.3312000036239624 1.6000003814697266
  endloop
endfacet
facet normal 0.0 0.0 0.0
  outer loop
    vertex -14.412799835205078 -2.406399965286255 1.6000003814697266
    vertex -9.062399864196777 -1.203199863433838 1.6000003814697266
    vertex -8.985599517822266 -1.2671997547149658 1.6000003814697266
  endloop
endfacet
facet normal 0.0 0.0 0.0
  outer loop
    vertex -14.412799835205078 -2.406399965286255 1.6000003814697266
    vertex -9.139200210571289 -1.1263999938964844 1.6000003814697266
    vertex -9.062399864196777 -1.203199863433838 1.6000003814697266
  endloop
endfacet
facet normal 0.0 0.0 0.0
  outer loop
    vertex -14.412799835205078 -2.406399965286255 1.6000003814697266
    vertex -9.203200340270996 -1.0495998859405518 1.6000003814697266
    vertex -9.139200210571289 -1.1263999938964844 1.6000003814697266
  endloop
endfacet
facet normal 0.0 0.0 0.0
  outer loop
    vertex -14.412799835205078 -2.406399965286255 1.6000003814697266
    vertex -9.279999732971191 -0.9727999567985535 1.6000003814697266
    vertex -9.203200340270996 -1.0495998859405518 1.6000003814697266
  endloop
endfacet
facet normal 0.0 0.0 0.0
  outer loop
    vertex -14.412799835205078 -2.406399965286255 1.6000003814697266
    vertex -9.331199645996094 -0.8831998705863953 1.6000003814697266
    vertex -9.279999732971191 -0.9727999567985535 1.6000003814697266
  endloop
endfacet
facet normal 0.0 0.0 0.0
  outer loop
    vertex -14.412799835205078 -2.406399965286255 1.6000003814697266
    vertex -9.3951997756958 -0.8063998818397522 1.6000003814697266
    vertex -9.331199645996094 -0.8831998705863953 1.6000003814697266
  endloop
endfacet
facet normal 0.0 0.0 0.0
  outer loop
    vertex -14.412799835205078 -2.406399965286255 1.6000003814697266
    vertex -9.446399688720703 -0.7039999961853027 1.6000003814697266
    vertex -9.3951997756958 -0.8063998818397522 1.6000003814697266
  endloop
endfacet
facet normal 0.0 0.0 0.0
  outer loop
    vertex -14.412799835205078 -2.406399965286255 1.6000003814697266
    vertex -9.4847993850708 -0.6144002079963684 1.6000003814697266
    vertex -9.446399688720703 -0.7039999961853027 1.6000003814697266
  endloop
endfacet
facet normal 0.0 0.0 0.0
  outer loop
    vertex -14.412799835205078 -2.406399965286255 1.6000003814697266
    vertex -9.523199081420898 -0.5120000243186951 1.6000003814697266
    vertex -9.4847993850708 -0.6144002079963684 1.6000003814697266
  endloop
endfacet
facet normal 0.0 0.0 0.0
  outer loop
    vertex -14.412799835205078 -2.406399965286255 1.6000003814697266
    vertex -9.548799514770508 -0.4096001386642456 1.6000003814697266
    vertex -9.523199081420898 -0.5120000243186951 1.6000003814697266
  endloop
endfacet
facet normal 0.0 0.0 0.0
  outer loop
    vertex -14.412799835205078 -2.406399965286255 1.6000003814697266
    vertex -9.574399948120117 -0.30719995498657227 1.6000003814697266
    vertex -9.548799514770508 -0.4096001386642456 1.6000003814697266
  endloop
endfacet
facet normal 0.0 0.0 0.0
  outer loop
    vertex -14.412799835205078 -2.406399965286255 1.6000003814697266
    vertex -9.587199211120605 -0.204800084233284 1.6000003814697266
    vertex -9.574399948120117 -0.30719995498657227 1.6000003814697266
  endloop
endfacet
facet normal 0.0 0.0 0.0
  outer loop
    vertex -14.412799835205078 -2.406399965286255 1.6000003814697266
    vertex -9.600000381469727 -0.10239990055561066 1.6000003814697266
    vertex -9.587199211120605 -0.204800084233284 1.6000003814697266
  endloop
endfacet
facet normal 0.0 0.0 0.0
  outer loop
    vertex -14.412799835205078 -2.406399965286255 1.6000003814697266
    vertex -9.612800598144531 -1.288293027812415e-08 1.6000003814697266
    vertex -9.600000381469727 -0.10239990055561066 1.6000003814697266
  endloop
endfacet
facet normal 0.0 0.0 0.0
  outer loop
    vertex -6.463999271392822 0.4096001386642456 1.600000262260437
    vertex -1.587199091911316 0.26879996061325073 1.600000262260437
    vertex -6.438399791717529 0.30720025300979614 1.600000262260437
  endloop
endfacet
facet normal 0.0 0.0 0.0
  outer loop
    vertex -6.489599227905273 0.512000322341919 1.600000262260437
    vertex -1.587199091911316 0.26879996061325073 1.600000262260437
    vertex -6.463999271392822 0.4096001386642456 1.600000262260437
  endloop
endfacet
facet normal 0.0 0.0 0.0
  outer loop
    vertex -6.5279998779296875 0.6144002079963684 1.600000262260437
    vertex -1.587199091911316 0.26879996061325073 1.600000262260437
    vertex -6.489599227905273 0.512000322341919 1.600000262260437
  endloop
endfacet
facet normal 0.0 0.0 0.0
  outer loop
    vertex -6.566399574279785 0.7039999961853027 1.600000262260437
    vertex -1.587199091911316 0.26879996061325073 1.600000262260437
    vertex -6.5279998779296875 0.6144002079963684 1.600000262260437
  endloop
endfacet
facet normal 0.0 0.0 0.0
  outer loop
    vertex -6.617599010467529 0.7936000823974609 1.600000262260437
    vertex -1.587199091911316 0.26879996061325073 1.600000262260437
    vertex -6.566399574279785 0.7039999961853027 1.600000262260437
  endloop
endfacet
facet normal 0.0 0.0 0.0
  outer loop
    vertex -6.681599140167236 0.8832001686096191 1.600000262260437
    vertex -1.587199091911316 0.26879996061325073 1.600000262260437
    vertex -6.617599010467529 0.7936000823974609 1.600000262260437
  endloop
endfacet
facet normal 0.0 0.0 0.0
  outer loop
    vertex -6.732799530029297 0.9727999567985535 1.600000262260437
    vertex -1.587199091911316 0.26879996061325073 1.600000262260437
    vertex -6.681599140167236 0.8832001686096191 1.600000262260437
  endloop
endfacet
facet normal 0.0 0.0 0.0
  outer loop
    vertex -6.80959939956665 1.0496002435684204 1.600000262260437
    vertex -1.587199091911316 0.26879996061325073 1.600000262260437
    vertex -6.732799530029297 0.9727999567985535 1.600000262260437
  endloop
endfacet
facet normal 0.0 0.0 0.0
  outer loop
    vertex -6.873599529266357 1.1264002323150635 1.600000262260437
    vertex -1.587199091911316 0.26879996061325073 1.600000262260437
    vertex -6.80959939956665 1.0496002435684204 1.600000262260437
  endloop
endfacet
facet normal 0.0 0.0 0.0
  outer loop
    vertex -6.88640022277832 1.151999831199646 1.600000262260437
    vertex -1.587199091911316 0.26879996061325073 1.600000262260437
    vertex -6.873599529266357 1.1264002323150635 1.600000262260437
  endloop
endfacet
facet normal 0.0 0.0 0.0
  outer loop
    vertex -6.950399875640869 1.2032002210617065 1.600000262260437
    vertex -1.1391998529434204 1.1264002323150635 1.600000262260437
    vertex -6.88640022277832 1.151999831199646 1.600000262260437
  endloop
endfacet
facet normal 0.0 0.0 0.0
  outer loop
    vertex -1.0623992681503296 1.2032002210617065 1.600000262260437
    vertex -1.1391998529434204 1.1264002323150635 1.600000262260437
    vertex -6.950399875640869 1.2032002210617065 1.600000262260437
  endloop
endfacet
facet normal 0.0 0.0 0.0
  outer loop
    vertex 1.1904014348983765 -1.0495998859405518 1.6000003814697266
    vertex 6.873600959777832 -1.151999831199646 1.6000003814697266
    vertex 1.1264015436172485 -1.1263999938964844 1.6000003814697266
  endloop
endfacet
facet normal 0.0 0.0 0.0
  outer loop
    vertex 1.2672020196914673 -0.9727999567985535 1.6000003814697266
    vertex 6.873600959777832 -1.151999831199646 1.6000003814697266
    vertex 1.1904014348983765 -1.0495998859405518 1.6000003814697266
  endloop
endfacet
facet normal 0.0 0.0 0.0
  outer loop
    vertex 1.3184012174606323 -0.8831998705863953 1.6000003814697266
    vertex 6.873600959777832 -1.151999831199646 1.6000003814697266
    vertex 1.2672020196914673 -0.9727999567985535 1.6000003814697266
  endloop
endfacet
facet normal 0.0 0.0 0.0
  outer loop
    vertex 1.3824011087417603 -0.8063998818397522 1.6000003814697266
    vertex 6.873600959777832 -1.151999831199646 1.6000003814697266
    vertex 1.3184012174606323 -0.8831998705863953 1.6000003814697266
  endloop
endfacet
facet normal 0.0 0.0 0.0
  outer loop
    vertex 1.4336014986038208 -0.7039999961853027 1.6000003814697266
    vertex 6.873600959777832 -1.151999831199646 1.6000003814697266
    vertex 1.3824011087417603 -0.8063998818397522 1.6000003814697266
  endloop
endfacet
facet normal 0.0 0.0 0.0
  outer loop
    vertex 1.4720011949539185 -0.6144002079963684 1.6000003814697266
    vertex 6.873600959777832 -1.151999831199646 1.6000003814697266
    vertex 1.4336014986038208 -0.7039999961853027 1.6000003814697266
  endloop
endfacet
facet normal 0.0 0.0 0.0
  outer loop
    vertex 1.5104008913040161 -0.5120000243186951 1.6000003814697266
    vertex 6.873600959777832 -1.151999831199646 1.6000003814697266
    vertex 1.4720011949539185 -0.6144002079963684 1.6000003814697266
  endloop
endfacet
facet normal 0.0 0.0 0.0
  outer loop
    vertex 1.536002278327942 -0.4096001386642456 1.6000003814697266
    vertex 6.873600959777832 -1.151999831199646 1.6000003814697266
    vertex 1.5104008913040161 -0.5120000243186951 1.6000003814697266
  endloop
endfacet
facet normal 0.0 0.0 0.0
  outer loop
    vertex 1.5616024732589722 -0.30719995498657227 1.6000003814697266
    vertex 6.873600959777832 -1.151999831199646 1.6000003814697266
    vertex 1.536002278327942 -0.4096001386642456 1.6000003814697266
  endloop
endfacet
facet normal 0.0 0.0 0.0
  outer loop
    vertex 1.574400782585144 -0.26879996061325073 1.6000003814697266
    vertex 6.873600959777832 -1.151999831199646 1.6000003814697266
    vertex 1.5616024732589722 -0.30719995498657227 1.6000003814697266
  endloop
endfacet
facet normal 0.0 0.0 0.0
  outer loop
    vertex 1.574400782585144 -0.204800084233284 1.6000003814697266
    vertex 6.425602912902832 -0.30719995498657227 1.6000003814697266
    vertex 1.574400782585144 -0.26879996061325073 1.6000003814697266
  endloop
endfacet
facet normal 0.0 0.0 0.0
  outer loop
    vertex 6.412802219390869 -0.204800084233284 1.6000003814697266
    vertex 6.425602912902832 -0.30719995498657227 1.6000003814697266
    vertex 1.574400782585144 -0.204800084233284 1.6000003814697266
  endloop
endfacet
facet normal 0.0 0.0 0.0
  outer loop
    vertex -6.88640022277832 -1.151999831199646 1.6000003814697266
    vertex -1.2031997442245483 -1.0495998859405518 1.6000003814697266
    vertex -1.1391998529434204 -1.1263999938964844 1.6000003814697266
  endloop
endfacet
facet normal 0.0 0.0 0.0
  outer loop
    vertex -6.88640022277832 -1.151999831199646 1.6000003814697266
    vertex -1.2799979448318481 -0.9727999567985535 1.6000003814697266
    vertex -1.2031997442245483 -1.0495998859405518 1.6000003814697266
  endloop
endfacet
facet normal 0.0 0.0 0.0
  outer loop
    vertex -6.88640022277832 -1.151999831199646 1.6000003814697266
    vertex -1.3311995267868042 -0.8831998705863953 1.6000003814697266
    vertex -1.2799979448318481 -0.9727999567985535 1.6000003814697266
  endloop
endfacet
facet normal 0.0 0.0 0.0
  outer loop
    vertex -6.88640022277832 -1.151999831199646 1.6000003814697266
    vertex -1.3951994180679321 -0.8063998818397522 1.6000003814697266
    vertex -1.3311995267868042 -0.8831998705863953 1.6000003814697266
  endloop
endfacet
facet normal 0.0 0.0 0.0
  outer loop
    vertex -6.88640022277832 -1.151999831199646 1.6000003814697266
    vertex -1.4463986158370972 -0.7039999961853027 1.6000003814697266
    vertex -1.3951994180679321 -0.8063998818397522 1.6000003814697266
  endloop
endfacet
facet normal 0.0 0.0 0.0
  outer loop
    vertex -6.88640022277832 -1.151999831199646 1.6000003814697266
    vertex -1.4847983121871948 -0.6144002079963684 1.6000003814697266
    vertex -1.4463986158370972 -0.7039999961853027 1.6000003814697266
  endloop
endfacet
facet normal 0.0 0.0 0.0
  outer loop
    vertex -6.88640022277832 -1.151999831199646 1.6000003814697266
    vertex -1.523199200630188 -0.5120000243186951 1.6000003814697266
    vertex -1.4847983121871948 -0.6144002079963684 1.6000003814697266
  endloop
endfacet
facet normal 0.0 0.0 0.0
  outer loop
    vertex -6.88640022277832 -1.151999831199646 1.6000003814697266
    vertex -1.5487982034683228 -0.4096001386642456 1.6000003814697266
    vertex -1.523199200630188 -0.5120000243186951 1.6000003814697266
  endloop
endfacet
facet normal 0.0 0.0 0.0
  outer loop
    vertex -6.88640022277832 -1.151999831199646 1.6000003814697266
    vertex -1.574398398399353 -0.30719995498657227 1.6000003814697266
    vertex -1.5487982034683228 -0.4096001386642456 1.6000003814697266
  endloop
endfacet
facet normal 0.0 0.0 0.0
  outer loop
    vertex -6.88640022277832 -1.151999831199646 1.6000003814697266
    vertex -1.587199091911316 -0.26879996061325073 1.6000003814697266
    vertex -1.574398398399353 -0.30719995498657227 1.6000003814697266
  endloop
endfacet
facet normal 0.0 0.0 0.0
  outer loop
    vertex -6.950399875640869 -1.203199863433838 1.6000003814697266
    vertex -6.88640022277832 -1.151999831199646 1.6000003814697266
    vertex -1.0623992681503296 -1.203199863433838 1.6000003814697266
  endloop
endfacet
facet normal 0.0 0.0 0.0
  outer loop
    vertex -6.988799095153809 1.2415999174118042 1.600000262260437
    vertex -0.8959985375404358 1.3312000036239624 1.600000262260437
    vertex -0.9855986833572388 1.2672001123428345 1.600000262260437
  endloop
endfacet
facet normal 0.0 0.0 0.0
  outer loop
    vertex -6.988799095153809 1.2415999174118042 1.600000262260437
    vertex -0.8063984513282776 1.3823997974395752 1.600000262260437
    vertex -0.8959985375404358 1.3312000036239624 1.600000262260437
  endloop
endfacet
facet normal 0.0 0.0 0.0
  outer loop
    vertex -6.988799095153809 1.2415999174118042 1.600000262260437
    vertex -0.7167995572090149 1.4336001873016357 1.600000262260437
    vertex -0.8063984513282776 1.3823997974395752 1.600000262260437
  endloop
endfacet
facet normal 0.0 0.0 0.0
  outer loop
    vertex -6.988799095153809 1.2415999174118042 1.600000262260437
    vertex -0.6143987774848938 1.4719998836517334 1.600000262260437
    vertex -0.7167995572090149 1.4336001873016357 1.600000262260437
  endloop
endfacet
facet normal 0.0 0.0 0.0
  outer loop
    vertex -6.988799095153809 1.2415999174118042 1.600000262260437
    vertex -0.5247974991798401 1.5104001760482788 1.600000262260437
    vertex -0.6143987774848938 1.4719998836517334 1.600000262260437
  endloop
endfacet
facet normal 0.0 0.0 0.0
  outer loop
    vertex -6.988799095153809 1.2415999174118042 1.600000262260437
    vertex -0.4223990738391876 1.5488004684448242 1.600000262260437
    vertex -0.5247974991798401 1.5104001760482788 1.600000262260437
  endloop
endfacet
facet normal 0.0 0.0 0.0
  outer loop
    vertex -6.988799095153809 1.2415999174118042 1.600000262260437
    vertex -0.31999948620796204 1.5744000673294067 1.600000262260437
    vertex -0.4223990738391876 1.5488004684448242 1.600000262260437
  endloop
endfacet
facet normal 0.0 0.0 0.0
  outer loop
    vertex -6.988799095153809 1.2415999174118042 1.600000262260437
    vertex -0.21759869158267975 1.5872001647949219 1.600000262260437
    vertex -0.31999948620796204 1.5744000673294067 1.600000262260437
  endloop
endfacet
facet normal 0.0 0.0 0.0
  outer loop
    vertex -6.988799095153809 1.2415999174118042 1.600000262260437
    vertex -0.11519909650087357 1.5999996662139893 1.600000262260437
    vertex -0.21759869158267975 1.5872001647949219 1.600000262260437
  endloop
endfacet
facet normal 0.0 0.0 0.0
  outer loop
    vertex -0.11519909650087357 1.5999996662139893 1.600000262260437
    vertex -0.01279831025749445 2.39359974861145 1.600000262260437
    vertex -0.01279831025749445 1.5999996662139893 1.600000262260437
  endloop
endfacet
facet normal 0.0 0.0 0.0
  outer loop
    vertex -6.988799095153809 1.2415999174118042 1.600000262260437
    vertex -0.01279831025749445 2.39359974861145 1.600000262260437
    vertex -0.11519909650087357 1.5999996662139893 1.600000262260437
  endloop
endfacet
facet normal 0.0 0.0 0.0
  outer loop
    vertex -6.412799835205078 0.10240016877651215 1.600000262260437
    vertex -6.425599575042725 0.2048000544309616 1.600000262260437
    vertex -1.5999997854232788 0.10240016877651215 1.600000262260437
  endloop
endfacet
facet normal 0.0 0.0 0.0
  outer loop
    vertex -6.950399875640869 1.2032002210617065 1.600000262260437
    vertex -6.988799095153809 1.2415999174118042 1.600000262260437
    vertex -1.0623992681503296 1.2032002210617065 1.600000262260437
  endloop
endfacet
facet normal 0.0 0.0 0.0
  outer loop
    vertex -6.412799835205078 -1.288293027812415e-08 1.6000003814697266
    vertex -6.412799835205078 0.10240016877651215 1.600000262260437
    vertex -1.6127980947494507 -1.288293027812415e-08 1.6000003814697266
  endloop
endfacet
facet normal 0.0 0.0 0.0
  outer loop
    vertex -6.425599575042725 0.2048000544309616 1.600000262260437
    vertex -1.587199091911316 0.26879996061325073 1.600000262260437
    vertex -1.587199091911316 0.2048000544309616 1.600000262260437
  endloop
endfacet
facet normal 0.0 0.0 0.0
  outer loop
    vertex -6.425599575042725 0.2048000544309616 1.600000262260437
    vertex -6.438399791717529 0.30720025300979614 1.600000262260437
    vertex -1.587199091911316 0.26879996061325073 1.600000262260437
  endloop
endfacet
facet normal 0.0 0.0 0.0
  outer loop
    vertex -6.412799835205078 -0.10239990055561066 1.6000003814697266
    vertex -6.412799835205078 -1.288293027812415e-08 1.6000003814697266
    vertex -1.5999997854232788 -0.10239990055561066 1.6000003814697266
  endloop
endfacet
facet normal 0.0 0.0 0.0
  outer loop
    vertex 1.6000021696090698 -1.288293027812415e-08 1.6000003814697266
    vertex 1.587201476097107 0.10240016877651215 1.600000262260437
    vertex 6.400001525878906 -1.288293027812415e-08 1.6000003814697266
  endloop
endfacet
facet normal 0.0 0.0 0.0
  outer loop
    vertex 1.574400782585144 -0.204800084233284 1.6000003814697266
    vertex 1.587201476097107 -0.10239990055561066 1.6000003814697266
    vertex 6.412802219390869 -0.204800084233284 1.6000003814697266
  endloop
endfacet
facet normal 0.0 0.0 0.0
  outer loop
    vertex 1.587201476097107 -0.10239990055561066 1.6000003814697266
    vertex 1.6000021696090698 -1.288293027812415e-08 1.6000003814697266
    vertex 6.400001525878906 -0.10239990055561066 1.6000003814697266
  endloop
endfacet
facet normal 0.0 0.0 0.0
  outer loop
    vertex 1.587201476097107 0.10240016877651215 1.600000262260437
    vertex 1.574400782585144 0.2048000544309616 1.600000262260437
    vertex 6.400001525878906 0.10240016877651215 1.600000262260437
  endloop
endfacet
facet normal 0.0 0.0 0.0
  outer loop
    vertex 1.0496009588241577 1.2032002210617065 1.600000262260437
    vertex 6.976001739501953 1.2415999174118042 1.600000262260437
    vertex 6.9376020431518555 1.2032002210617065 1.600000262260437
  endloop
endfacet
facet normal 0.0 0.0 0.0
  outer loop
    vertex 1.0496009588241577 1.2032002210617065 1.600000262260437
    vertex 0.9728015661239624 1.2672001123428345 1.600000262260437
    vertex 6.976001739501953 1.2415999174118042 1.600000262260437
  endloop
endfacet
facet normal 0.0 0.0 0.0
  outer loop
    vertex 1.574400782585144 0.26879996061325073 1.600000262260437
    vertex 6.451201915740967 0.4096001386642456 1.600000262260437
    vertex 6.425602912902832 0.30720025300979614 1.600000262260437
  endloop
endfacet
facet normal 0.0 0.0 0.0
  outer loop
    vertex 1.574400782585144 0.26879996061325073 1.600000262260437
    vertex 6.476800918579102 0.512000322341919 1.600000262260437
    vertex 6.451201915740967 0.4096001386642456 1.600000262260437
  endloop
endfacet
facet normal 0.0 0.0 0.0
  outer loop
    vertex 1.574400782585144 0.26879996061325073 1.600000262260437
    vertex 6.515200614929199 0.6144002079963684 1.600000262260437
    vertex 6.476800918579102 0.512000322341919 1.600000262260437
  endloop
endfacet
facet normal 0.0 0.0 0.0
  outer loop
    vertex 1.574400782585144 0.26879996061325073 1.600000262260437
    vertex 6.553602695465088 0.7039999961853027 1.600000262260437
    vertex 6.515200614929199 0.6144002079963684 1.600000262260437
  endloop
endfacet
facet normal 0.0 0.0 0.0
  outer loop
    vertex 1.574400782585144 0.26879996061325073 1.600000262260437
    vertex 6.604800701141357 0.7936000823974609 1.600000262260437
    vertex 6.553602695465088 0.7039999961853027 1.600000262260437
  endloop
endfacet
facet normal 0.0 0.0 0.0
  outer loop
    vertex 1.574400782585144 0.26879996061325073 1.600000262260437
    vertex 6.668801784515381 0.8832001686096191 1.600000262260437
    vertex 6.604800701141357 0.7936000823974609 1.600000262260437
  endloop
endfacet
facet normal 0.0 0.0 0.0
  outer loop
    vertex 1.574400782585144 0.26879996061325073 1.600000262260437
    vertex 6.720002174377441 0.9727999567985535 1.600000262260437
    vertex 6.668801784515381 0.8832001686096191 1.600000262260437
  endloop
endfacet
facet normal 0.0 0.0 0.0
  outer loop
    vertex 1.574400782585144 0.26879996061325073 1.600000262260437
    vertex 6.796801567077637 1.0496002435684204 1.600000262260437
    vertex 6.720002174377441 0.9727999567985535 1.600000262260437
  endloop
endfacet
facet normal 0.0 0.0 0.0
  outer loop
    vertex 1.574400782585144 0.26879996061325073 1.600000262260437
    vertex 6.86080265045166 1.1264002323150635 1.600000262260437
    vertex 6.796801567077637 1.0496002435684204 1.600000262260437
  endloop
endfacet
facet normal 0.0 0.0 0.0
  outer loop
    vertex 1.574400782585144 0.26879996061325073 1.600000262260437
    vertex 6.873600959777832 1.151999831199646 1.600000262260437
    vertex 6.86080265045166 1.1264002323150635 1.600000262260437
  endloop
endfacet
facet normal 0.0 0.0 0.0
  outer loop
    vertex 1.574400782585144 0.2048000544309616 1.600000262260437
    vertex 1.574400782585144 0.26879996061325073 1.600000262260437
    vertex 6.412802219390869 0.2048000544309616 1.600000262260437
  endloop
endfacet
facet normal 0.0 0.0 0.0
  outer loop
    vertex 1.0496009588241577 -1.203199863433838 1.6000003814697266
    vertex 6.873600959777832 -1.151999831199646 1.6000003814697266
    vertex 6.9376020431518555 -1.203199863433838 1.6000003814697266
  endloop
endfacet
facet normal 0.0 0.0 0.0
  outer loop
    vertex 1.0496009588241577 -1.203199863433838 1.6000003814697266
    vertex 1.1264015436172485 -1.1263999938964844 1.6000003814697266
    vertex 6.873600959777832 -1.151999831199646 1.6000003814697266
  endloop
endfacet
facet normal 0.0 0.0 0.0
  outer loop
    vertex -6.438399791717529 -0.30719995498657227 1.6000003814697266
    vertex -6.425599575042725 -0.204800084233284 1.6000003814697266
    vertex -1.587199091911316 -0.26879996061325073 1.6000003814697266
  endloop
endfacet
facet normal 0.0 0.0 0.0
  outer loop
    vertex -6.425599575042725 -0.204800084233284 1.6000003814697266
    vertex -6.412799835205078 -0.10239990055561066 1.6000003814697266
    vertex -1.587199091911316 -0.204800084233284 1.6000003814697266
  endloop
endfacet
facet normal 0.0 0.0 0.0
  outer loop
    vertex 1.1264015436172485 1.1264002323150635 1.600000262260437
    vertex 1.0496009588241577 1.2032002210617065 1.600000262260437
    vertex 6.873600959777832 1.151999831199646 1.600000262260437
  endloop
endfacet
facet normal 0.0 0.0 0.0
  outer loop
    vertex 0.9728015661239624 -1.2671997547149658 1.6000003814697266
    vertex 1.0496009588241577 -1.203199863433838 1.6000003814697266
    vertex 6.976001739501953 -1.2415999174118042 1.6000003814697266
  endloop
endfacet
facet normal 0.0 0.0 0.0
  outer loop
    vertex 7.193601608276367 2.39359974861145 2.384185791015625e-07
    vertex 7.193601608276367 2.39359974861145 0.39680027961730957
    vertex -0.01279831025749445 2.39359974861145 2.384185791015625e-07
  endloop
endfacet
facet normal 0.0 0.0 0.0
  outer loop
    vertex 7.193601608276367 2.39359974861145 1.600000262260437
    vertex 7.193601608276367 2.39359974861145 1.1904003620147705
    vertex 14.400001525878906 2.39359974861145 1.600000262260437
  endloop
endfacet
facet normal 0.0 0.0 0.0
  outer loop
    vertex 7.193601608276367 2.39359974861145 0.39680027961730957
    vertex 7.193601608276367 2.39359974861145 2.384185791015625e-07
    vertex 14.400001525878906 2.39359974861145 2.384185791015625e-07
  endloop
endfacet
facet normal 0.0 0.0 0.0
  outer loop
    vertex -7.206399440765381 2.39359974861145 0.39680027961730957
    vertex -7.206399440765381 2.39359974861145 1.1904003620147705
    vertex -14.412799835205078 2.39359974861145 2.384185791015625e-07
  endloop
endfacet
facet normal 0.0 0.0 0.0
  outer loop
    vertex -7.206399440765381 2.39359974861145 1.1904003620147705
    vertex -7.206399440765381 2.39359974861145 1.600000262260437
    vertex -14.412799835205078 2.39359974861145 1.600000262260437
  endloop
endfacet
facet normal 0.0 0.0 0.0
  outer loop
    vertex -7.206399440765381 2.39359974861145 2.384185791015625e-07
    vertex -7.206399440765381 2.39359974861145 0.39680027961730957
    vertex -14.412799835205078 2.39359974861145 2.384185791015625e-07
  endloop
endfacet
facet normal 0.0 0.0 0.0
  outer loop
    vertex -7.206399440765381 2.39359974861145 0.39680027961730957
    vertex -7.206399440765381 2.39359974861145 2.384185791015625e-07
    vertex -0.01279831025749445 2.39359974861145 2.384185791015625e-07
  endloop
endfacet
facet normal 0.0 0.0 0.0
  outer loop
    vertex -0.01279831025749445 2.39359974861145 1.600000262260437
    vertex -0.01279831025749445 2.39359974861145 0.7936002612113953
    vertex 7.193601608276367 2.39359974861145 1.1904003620147705
  endloop
endfacet
facet normal 0.0 0.0 0.0
  outer loop
    vertex -7.206399440765381 2.39359974861145 1.600000262260437
    vertex -7.206399440765381 2.39359974861145 1.1904003620147705
    vertex -0.01279831025749445 2.39359974861145 1.600000262260437
  endloop
endfacet
facet normal 0.0 0.0 0.0
  outer loop
    vertex 7.193601608276367 2.39359974861145 1.1904003620147705
    vertex 7.193601608276367 2.39359974861145 1.600000262260437
    vertex -0.01279831025749445 2.39359974861145 1.600000262260437
  endloop
endfacet
facet normal 0.0 0.0 0.0
  outer loop
    vertex -0.01279831025749445 2.39359974861145 0.7936002612113953
    vertex -0.01279831025749445 2.39359974861145 2.384185791015625e-07
    vertex 7.193601608276367 2.39359974861145 0.39680027961730957
  endloop
endfacet
facet normal 0.0 0.0 0.0
  outer loop
    vertex 7.193601608276367 2.39359974861145 0.39680027961730957
    vertex 7.193601608276367 2.39359974861145 1.1904003620147705
    vertex -0.01279831025749445 2.39359974861145 0.7936002612113953
  endloop
endfacet
facet normal 0.0 0.0 0.0
  outer loop
    vertex 7.193601608276367 2.39359974861145 1.1904003620147705
    vertex 7.193601608276367 2.39359974861145 0.39680027961730957
    vertex 14.400001525878906 2.39359974861145 1.600000262260437
  endloop
endfacet
facet normal 0.0 0.0 0.0
  outer loop
    vertex 14.400001525878906 2.39359974861145 2.384185791015625e-07
    vertex 14.400001525878906 2.39359974861145 1.600000262260437
    vertex 7.193601608276367 2.39359974861145 0.39680027961730957
  endloop
endfacet
facet normal 0.0 0.0 0.0
  outer loop
    vertex -0.01279831025749445 2.39359974861145 2.384185791015625e-07
    vertex -0.01279831025749445 2.39359974861145 0.7936002612113953
    vertex -7.206399440765381 2.39359974861145 0.39680027961730957
  endloop
endfacet
facet normal 0.0 0.0 0.0
  outer loop
    vertex -7.206399440765381 2.39359974861145 1.1904003620147705
    vertex -7.206399440765381 2.39359974861145 0.39680027961730957
    vertex -0.01279831025749445 2.39359974861145 0.7936002612113953
  endloop
endfacet
facet normal 0.0 0.0 0.0
  outer loop
    vertex -0.01279831025749445 2.39359974861145 0.7936002612113953
    vertex -0.01279831025749445 2.39359974861145 1.600000262260437
    vertex -7.206399440765381 2.39359974861145 1.1904003620147705
  endloop
endfacet
facet normal 0.0 0.0 0.0
  outer loop
    vertex -14.412799835205078 2.39359974861145 1.600000262260437
    vertex -14.412799835205078 2.39359974861145 2.384185791015625e-07
    vertex -7.206399440765381 2.39359974861145 1.1904003620147705
  endloop
endfacet
facet normal 0.0 0.0 0.0
  outer loop
    vertex -14.412799835205078 2.39359974861145 2.384185791015625e-07
    vertex -14.412799835205078 -2.406399965286255 1.6000003814697266
    vertex -14.412799835205078 -2.406399965286255 2.384185791015625e-07
  endloop
endfacet
facet normal 0.0 0.0 0.0
  outer loop
    vertex -14.412799835205078 -2.406399965286255 1.6000003814697266
    vertex -14.412799835205078 2.39359974861145 2.384185791015625e-07
    vertex -14.412799835205078 2.39359974861145 1.600000262260437
  endloop
endfacet
facet normal 0.0 0.0 0.0
  outer loop
    vertex -7.206399440765381 -2.406399965286255 1.1904003620147705
    vertex -14.412799835205078 -2.406399965286255 1.6000003814697266
    vertex -7.206399440765381 -2.406399965286255 1.6000003814697266
  endloop
endfacet
facet normal 0.0 0.0 0.0
  outer loop
    vertex 7.193601608276367 -2.406399965286255 2.384185791015625e-07
    vertex -0.01279831025749445 -2.406399965286255 2.384185791015625e-07
    vertex 7.193601608276367 -2.406399965286255 0.39680027961730957
  endloop
endfacet
facet normal 0.0 0.0 0.0
  outer loop
    vertex 7.193601608276367 -2.406399965286255 0.39680027961730957
    vertex 14.400001525878906 -2.406399965286255 2.384185791015625e-07
    vertex 7.193601608276367 -2.406399965286255 2.384185791015625e-07
  endloop
endfacet
facet normal 0.0 0.0 0.0
  outer loop
    vertex 7.193601608276367 -2.406399965286255 1.6000003814697266
    vertex 14.400001525878906 -2.406399965286255 1.6000003814697266
    vertex 7.193601608276367 -2.406399965286255 1.1904003620147705
  endloop
endfacet
facet normal 0.0 0.0 0.0
  outer loop
    vertex 7.193601608276367 -2.406399965286255 1.1904003620147705
    vertex -0.01279831025749445 -2.406399965286255 1.6000003814697266
    vertex 7.193601608276367 -2.406399965286255 1.6000003814697266
  endloop
endfacet
facet normal 0.0 0.0 0.0
  outer loop
    vertex -7.206399440765381 -2.406399965286255 2.384185791015625e-07
    vertex -14.412799835205078 -2.406399965286255 2.384185791015625e-07
    vertex -7.206399440765381 -2.406399965286255 0.39680027961730957
  endloop
endfacet
facet normal 0.0 0.0 0.0
  outer loop
    vertex -7.206399440765381 -2.406399965286255 0.39680027961730957
    vertex -0.01279831025749445 -2.406399965286255 2.384185791015625e-07
    vertex -7.206399440765381 -2.406399965286255 2.384185791015625e-07
  endloop
endfacet
facet normal 0.0 0.0 0.0
  outer loop
    vertex -0.01279831025749445 -2.406399965286255 1.6000003814697266
    vertex 7.193601608276367 -2.406399965286255 1.1904003620147705
    vertex -0.01279831025749445 -2.406399965286255 0.7936003804206848
  endloop
endfacet
facet normal 0.0 0.0 0.0
  outer loop
    vertex -14.412799835205078 -2.406399965286255 1.6000003814697266
    vertex -7.206399440765381 -2.406399965286255 0.39680027961730957
    vertex -14.412799835205078 -2.406399965286255 2.384185791015625e-07
  endloop
endfacet
facet normal 0.0 0.0 0.0
  outer loop
    vertex -7.206399440765381 -2.406399965286255 0.39680027961730957
    vertex -14.412799835205078 -2.406399965286255 1.6000003814697266
    vertex -7.206399440765381 -2.406399965286255 1.1904003620147705
  endloop
endfacet
facet normal 0.0 0.0 0.0
  outer loop
    vertex 14.400001525878906 -2.406399965286255 2.384185791015625e-07
    vertex 7.193601608276367 -2.406399965286255 1.1904003620147705
    vertex 14.400001525878906 -2.406399965286255 1.6000003814697266
  endloop
endfacet
facet normal 0.0 0.0 0.0
  outer loop
    vertex -7.206399440765381 -2.406399965286255 1.1904003620147705
    vertex -0.01279831025749445 -2.406399965286255 0.7936003804206848
    vertex -7.206399440765381 -2.406399965286255 0.39680027961730957
  endloop
endfacet
facet normal 0.0 0.0 0.0
  outer loop
    vertex -0.01279831025749445 -2.406399965286255 0.7936003804206848
    vertex 7.193601608276367 -2.406399965286255 0.39680027961730957
    vertex -0.01279831025749445 -2.406399965286255 2.384185791015625e-07
  endloop
endfacet
facet normal 0.0 0.0 0.0
  outer loop
    vertex -0.01279831025749445 -2.406399965286255 0.7936003804206848
    vertex -7.206399440765381 -2.406399965286255 1.1904003620147705
    vertex -0.01279831025749445 -2.406399965286255 1.6000003814697266
  endloop
endfacet
facet normal 0.0 0.0 0.0
  outer loop
    vertex -0.01279831025749445 -2.406399965286255 2.384185791015625e-07
    vertex -7.206399440765381 -2.406399965286255 0.39680027961730957
    vertex -0.01279831025749445 -2.406399965286255 0.7936003804206848
  endloop
endfacet
facet normal 0.0 0.0 0.0
  outer loop
    vertex 7.193601608276367 -2.406399965286255 1.1904003620147705
    vertex 14.400001525878906 -2.406399965286255 2.384185791015625e-07
    vertex 7.193601608276367 -2.406399965286255 0.39680027961730957
  endloop
endfacet
facet normal 0.0 0.0 0.0
  outer loop
    vertex 7.193601608276367 -2.406399965286255 0.39680027961730957
    vertex -0.01279831025749445 -2.406399965286255 0.7936003804206848
    vertex 7.193601608276367 -2.406399965286255 1.1904003620147705
  endloop
endfacet
facet normal 0.0 0.0 0.0
  outer loop
    vertex -7.206399440765381 -2.406399965286255 1.6000003814697266
    vertex -0.01279831025749445 -2.406399965286255 1.6000003814697266
    vertex -7.206399440765381 -2.406399965286255 1.1904003620147705
  endloop
endfacet
facet normal 0.0 0.0 0.0
  outer loop
    vertex 14.400001525878906 -2.406399965286255 1.6000003814697266
    vertex 14.400001525878906 2.39359974861145 1.600000262260437
    vertex 14.400001525878906 -2.406399965286255 2.384185791015625e-07
  endloop
endfacet
facet normal 0.0 0.0 0.0
  outer loop
    vertex 14.400001525878906 2.39359974861145 2.384185791015625e-07
    vertex 14.400001525878906 -2.406399965286255 2.384185791015625e-07
    vertex 14.400001525878906 2.39359974861145 1.600000262260437
  endloop
endfacet
facet normal 0.0 0.0 0.0
  outer loop
    vertex 1.6000021696090698 -3.2998482168977716e-08 2.384185791015625e-07
    vertex 1.587201476097107 -0.10239990055561066 1.6000003814697266
    vertex 1.587201476097107 -0.10239992290735245 2.384185791015625e-07
  endloop
endfacet
facet normal 0.0 0.0 0.0
  outer loop
    vertex 1.587201476097107 -0.10239990055561066 1.6000003814697266
    vertex 1.6000021696090698 -3.2998482168977716e-08 2.384185791015625e-07
    vertex 1.6000021696090698 -1.288293027812415e-08 1.6000003814697266
  endloop
endfacet
facet normal 0.0 0.0 0.0
  outer loop
    vertex 1.587201476097107 -0.10239992290735245 2.384185791015625e-07
    vertex 1.574400782585144 -0.204800084233284 1.6000003814697266
    vertex 1.574400782585144 -0.2048000991344452 2.384185791015625e-07
  endloop
endfacet
facet normal 0.0 0.0 0.0
  outer loop
    vertex 1.574400782585144 -0.204800084233284 1.6000003814697266
    vertex 1.587201476097107 -0.10239992290735245 2.384185791015625e-07
    vertex 1.587201476097107 -0.10239990055561066 1.6000003814697266
  endloop
endfacet
facet normal 0.0 0.0 0.0
  outer loop
    vertex 1.574400782585144 -0.2048000991344452 2.384185791015625e-07
    vertex 1.5616024732589722 -0.30719995498657227 1.6000003814697266
    vertex 1.5616024732589722 -0.30719998478889465 2.384185791015625e-07
  endloop
endfacet
facet normal 0.0 0.0 0.0
  outer loop
    vertex 1.574400782585144 -0.26879996061325073 1.6000003814697266
    vertex 1.574400782585144 -0.2048000991344452 2.384185791015625e-07
    vertex 1.574400782585144 -0.204800084233284 1.6000003814697266
  endloop
endfacet
facet normal 0.0 0.0 0.0
  outer loop
    vertex 1.5616024732589722 -0.30719995498657227 1.6000003814697266
    vertex 1.574400782585144 -0.2048000991344452 2.384185791015625e-07
    vertex 1.574400782585144 -0.26879996061325073 1.6000003814697266
  endloop
endfacet
facet normal 0.0 0.0 0.0
  outer loop
    vertex 1.5616024732589722 -0.30719998478889465 2.384185791015625e-07
    vertex 1.536002278327942 -0.4096001386642456 1.6000003814697266
    vertex 1.536002278327942 -0.409600168466568 2.384185791015625e-07
  endloop
endfacet
facet normal 0.0 0.0 0.0
  outer loop
    vertex 1.536002278327942 -0.4096001386642456 1.6000003814697266
    vertex 1.5616024732589722 -0.30719998478889465 2.384185791015625e-07
    vertex 1.5616024732589722 -0.30719995498657227 1.6000003814697266
  endloop
endfacet
facet normal 0.0 0.0 0.0
  outer loop
    vertex 1.536002278327942 -0.409600168466568 2.384185791015625e-07
    vertex 1.5104008913040161 -0.5120000243186951 1.6000003814697266
    vertex 1.5104008913040161 -0.5120000243186951 2.384185791015625e-07
  endloop
endfacet
facet normal 0.0 0.0 0.0
  outer loop
    vertex 1.5104008913040161 -0.5120000243186951 1.6000003814697266
    vertex 1.536002278327942 -0.409600168466568 2.384185791015625e-07
    vertex 1.536002278327942 -0.4096001386642456 1.6000003814697266
  endloop
endfacet
facet normal 0.0 0.0 0.0
  outer loop
    vertex 1.5104008913040161 -0.5120000243186951 2.384185791015625e-07
    vertex 1.4720011949539185 -0.6144002079963684 1.6000003814697266
    vertex 1.4720011949539185 -0.6144002079963684 2.384185791015625e-07
  endloop
endfacet
facet normal 0.0 0.0 0.0
  outer loop
    vertex 1.4720011949539185 -0.6144002079963684 1.6000003814697266
    vertex 1.5104008913040161 -0.5120000243186951 2.384185791015625e-07
    vertex 1.5104008913040161 -0.5120000243186951 1.6000003814697266
  endloop
endfacet
facet normal 0.0 0.0 0.0
  outer loop
    vertex 1.4720011949539185 -0.6144002079963684 2.384185791015625e-07
    vertex 1.4336014986038208 -0.7039999961853027 1.6000003814697266
    vertex 1.4336014986038208 -0.7039999961853027 2.384185791015625e-07
  endloop
endfacet
facet normal 0.0 0.0 0.0
  outer loop
    vertex 1.4336014986038208 -0.7039999961853027 1.6000003814697266
    vertex 1.4720011949539185 -0.6144002079963684 2.384185791015625e-07
    vertex 1.4720011949539185 -0.6144002079963684 1.6000003814697266
  endloop
endfacet
facet normal 0.0 0.0 0.0
  outer loop
    vertex 1.4336014986038208 -0.7039999961853027 2.384185791015625e-07
    vertex 1.3824011087417603 -0.8063998818397522 1.6000003814697266
    vertex 1.3824011087417603 -0.8063998818397522 2.384185791015625e-07
  endloop
endfacet
facet normal 0.0 0.0 0.0
  outer loop
    vertex 1.3824011087417603 -0.8063998818397522 1.6000003814697266
    vertex 1.4336014986038208 -0.7039999961853027 2.384185791015625e-07
    vertex 1.4336014986038208 -0.7039999961853027 1.6000003814697266
  endloop
endfacet
facet normal 0.0 0.0 0.0
  outer loop
    vertex 1.3824011087417603 -0.8063998818397522 2.384185791015625e-07
    vertex 1.3184012174606323 -0.8831998705863953 1.6000003814697266
    vertex 1.3184012174606323 -0.8831998705863953 2.384185791015625e-07
  endloop
endfacet
facet normal 0.0 0.0 0.0
  outer loop
    vertex 1.3184012174606323 -0.8831998705863953 1.6000003814697266
    vertex 1.3824011087417603 -0.8063998818397522 2.384185791015625e-07
    vertex 1.3824011087417603 -0.8063998818397522 1.6000003814697266
  endloop
endfacet
facet normal 0.0 0.0 0.0
  outer loop
    vertex 1.3184012174606323 -0.8831998705863953 2.384185791015625e-07
    vertex 1.2672020196914673 -0.9727999567985535 1.6000003814697266
    vertex 1.2672020196914673 -0.9727999567985535 2.384185791015625e-07
  endloop
endfacet
facet normal 0.0 0.0 0.0
  outer loop
    vertex 1.2672020196914673 -0.9727999567985535 1.6000003814697266
    vertex 1.3184012174606323 -0.8831998705863953 2.384185791015625e-07
    vertex 1.3184012174606323 -0.8831998705863953 1.6000003814697266
  endloop
endfacet
facet normal 0.0 0.0 0.0
  outer loop
    vertex 1.2672020196914673 -0.9727999567985535 2.384185791015625e-07
    vertex 1.1904014348983765 -1.0495998859405518 1.6000003814697266
    vertex 1.1904014348983765 -1.0495998859405518 2.384185791015625e-07
  endloop
endfacet
facet normal 0.0 0.0 0.0
  outer loop
    vertex 1.1904014348983765 -1.0495998859405518 1.6000003814697266
    vertex 1.2672020196914673 -0.9727999567985535 2.384185791015625e-07
    vertex 1.2672020196914673 -0.9727999567985535 1.6000003814697266
  endloop
endfacet
facet normal 0.0 0.0 0.0
  outer loop
    vertex 1.1904014348983765 -1.0495998859405518 2.384185791015625e-07
    vertex 1.1264015436172485 -1.1263999938964844 1.6000003814697266
    vertex 1.1264015436172485 -1.1263999938964844 2.384185791015625e-07
  endloop
endfacet
facet normal 0.0 0.0 0.0
  outer loop
    vertex 1.1264015436172485 -1.1263999938964844 1.6000003814697266
    vertex 1.1904014348983765 -1.0495998859405518 2.384185791015625e-07
    vertex 1.1904014348983765 -1.0495998859405518 1.6000003814697266
  endloop
endfacet
facet normal 0.0 0.0 0.0
  outer loop
    vertex 1.1264015436172485 -1.1263999938964844 2.384185791015625e-07
    vertex 1.1264015436172485 -1.1263999938964844 1.6000003814697266
    vertex 1.0496009588241577 -1.203199863433838 1.6000003814697266
  endloop
endfacet
facet normal 0.0 0.0 0.0
  outer loop
    vertex 1.0496009588241577 -1.203199863433838 1.6000003814697266
    vertex 1.0496009588241577 -1.203199863433838 2.384185791015625e-07
    vertex 1.1264015436172485 -1.1263999938964844 2.384185791015625e-07
  endloop
endfacet
facet normal 0.0 0.0 0.0
  outer loop
    vertex 1.0496009588241577 -1.203199863433838 2.384185791015625e-07
    vertex 1.0496009588241577 -1.203199863433838 1.6000003814697266
    vertex 0.9728015661239624 -1.2671997547149658 1.6000003814697266
  endloop
endfacet
facet normal 0.0 0.0 0.0
  outer loop
    vertex 0.9728015661239624 -1.2671997547149658 1.6000003814697266
    vertex 0.9728015661239624 -1.2671997547149658 2.384185791015625e-07
    vertex 1.0496009588241577 -1.203199863433838 2.384185791015625e-07
  endloop
endfacet
facet normal 0.0 0.0 0.0
  outer loop
    vertex 0.9728015661239624 -1.2671997547149658 2.384185791015625e-07
    vertex 0.9728015661239624 -1.2671997547149658 1.6000003814697266
    vertex 0.8832002282142639 -1.3312000036239624 1.6000003814697266
  endloop
endfacet
facet normal 0.0 0.0 0.0
  outer loop
    vertex 0.8832002282142639 -1.3312000036239624 1.6000003814697266
    vertex 0.8832002282142639 -1.3312000036239624 2.384185791015625e-07
    vertex 0.9728015661239624 -1.2671997547149658 2.384185791015625e-07
  endloop
endfacet
facet normal 0.0 0.0 0.0
  outer loop
    vertex 0.8832002282142639 -1.3312000036239624 2.384185791015625e-07
    vertex 0.8832002282142639 -1.3312000036239624 1.6000003814697266
    vertex 0.7936013340950012 -1.3823997974395752 1.6000003814697266
  endloop
endfacet
facet normal 0.0 0.0 0.0
  outer loop
    vertex 0.7936013340950012 -1.3823997974395752 1.6000003814697266
    vertex 0.7936013340950012 -1.3823997974395752 2.384185791015625e-07
    vertex 0.8832002282142639 -1.3312000036239624 2.384185791015625e-07
  endloop
endfacet
facet normal 0.0 0.0 0.0
  outer loop
    vertex 0.7936013340950012 -1.3823997974395752 2.384185791015625e-07
    vertex 0.7936013340950012 -1.3823997974395752 1.6000003814697266
    vertex 0.704001247882843 -1.4335999488830566 1.6000003814697266
  endloop
endfacet
facet normal 0.0 0.0 0.0
  outer loop
    vertex 0.704001247882843 -1.4335999488830566 1.6000003814697266
    vertex 0.704001247882843 -1.4335999488830566 2.384185791015625e-07
    vertex 0.7936013340950012 -1.3823997974395752 2.384185791015625e-07
  endloop
endfacet
facet normal 0.0 0.0 0.0
  outer loop
    vertex 0.704001247882843 -1.4335999488830566 2.384185791015625e-07
    vertex 0.704001247882843 -1.4335999488830566 1.6000003814697266
    vertex 0.6016016602516174 -1.4719998836517334 1.6000003814697266
  endloop
endfacet
facet normal 0.0 0.0 0.0
  outer loop
    vertex 0.6016016602516174 -1.4719998836517334 1.6000003814697266
    vertex 0.6016016602516174 -1.4719998836517334 2.384185791015625e-07
    vertex 0.704001247882843 -1.4335999488830566 2.384185791015625e-07
  endloop
endfacet
facet normal 0.0 0.0 0.0
  outer loop
    vertex 0.6016016602516174 -1.4719998836517334 2.384185791015625e-07
    vertex 0.6016016602516174 -1.4719998836517334 1.6000003814697266
    vertex 0.5120015740394592 -1.5104000568389893 1.6000003814697266
  endloop
endfacet
facet normal 0.0 0.0 0.0
  outer loop
    vertex 0.5120015740394592 -1.5104000568389893 1.6000003814697266
    vertex 0.5120015740394592 -1.5104000568389893 2.384185791015625e-07
    vertex 0.6016016602516174 -1.4719998836517334 2.384185791015625e-07
  endloop
endfacet
facet normal 0.0 0.0 0.0
  outer loop
    vertex 0.5120015740394592 -1.5104000568389893 2.384185791015625e-07
    vertex 0.5120015740394592 -1.5104000568389893 1.6000003814697266
    vertex 0.40960195660591125 -1.5487998723983765 1.6000003814697266
  endloop
endfacet
facet normal 0.0 0.0 0.0
  outer loop
    vertex 0.40960195660591125 -1.5487998723983765 1.6000003814697266
    vertex 0.40960195660591125 -1.5487998723983765 2.384185791015625e-07
    vertex 0.5120015740394592 -1.5104000568389893 2.384185791015625e-07
  endloop
endfacet
facet normal 0.0 0.0 0.0
  outer loop
    vertex 0.40960195660591125 -1.5487998723983765 2.384185791015625e-07
    vertex 0.40960195660591125 -1.5487998723983765 1.6000003814697266
    vertex 0.30720117688179016 -1.5743999481201172 1.6000003814697266
  endloop
endfacet
facet normal 0.0 0.0 0.0
  outer loop
    vertex 0.30720117688179016 -1.5743999481201172 1.6000003814697266
    vertex 0.30720117688179016 -1.5743999481201172 2.384185791015625e-07
    vertex 0.40960195660591125 -1.5487998723983765 2.384185791015625e-07
  endloop
endfacet
facet normal 0.0 0.0 0.0
  outer loop
    vertex 0.30720117688179016 -1.5743999481201172 2.384185791015625e-07
    vertex 0.30720117688179016 -1.5743999481201172 1.6000003814697266
    vertex 0.20480157434940338 -1.5872000455856323 1.6000003814697266
  endloop
endfacet
facet normal 0.0 0.0 0.0
  outer loop
    vertex 0.20480157434940338 -1.5872000455856323 1.6000003814697266
    vertex 0.20480157434940338 -1.5872000455856323 2.384185791015625e-07
    vertex 0.30720117688179016 -1.5743999481201172 2.384185791015625e-07
  endloop
endfacet
facet normal 0.0 0.0 0.0
  outer loop
    vertex 0.20480157434940338 -1.5872000455856323 2.384185791015625e-07
    vertex 0.20480157434940338 -1.5872000455856323 1.6000003814697266
    vertex 0.10240078717470169 -1.5999999046325684 1.6000003814697266
  endloop
endfacet
facet normal 0.0 0.0 0.0
  outer loop
    vertex 0.10240078717470169 -1.5999999046325684 1.6000003814697266
    vertex 0.10240078717470169 -1.5999999046325684 2.384185791015625e-07
    vertex 0.20480157434940338 -1.5872000455856323 2.384185791015625e-07
  endloop
endfacet
facet normal 0.0 0.0 0.0
  outer loop
    vertex 0.10240078717470169 -1.5999999046325684 2.384185791015625e-07
    vertex 0.10240078717470169 -1.5999999046325684 1.6000003814697266
    vertex -0.01279831025749445 -1.5999999046325684 1.6000003814697266
  endloop
endfacet
facet normal 0.0 0.0 0.0
  outer loop
    vertex -0.01279831025749445 -1.5999999046325684 1.6000003814697266
    vertex -0.01279831025749445 -1.5999999046325684 2.384185791015625e-07
    vertex 0.10240078717470169 -1.5999999046325684 2.384185791015625e-07
  endloop
endfacet
facet normal 0.0 0.0 0.0
  outer loop
    vertex -0.01279831025749445 -1.5999999046325684 2.384185791015625e-07
    vertex -0.01279831025749445 -1.5999999046325684 1.6000003814697266
    vertex -0.11519909650087357 -1.5999999046325684 1.6000003814697266
  endloop
endfacet
facet normal 0.0 0.0 0.0
  outer loop
    vertex -0.11519909650087357 -1.5999999046325684 1.6000003814697266
    vertex -0.11519909650087357 -1.5999999046325684 2.384185791015625e-07
    vertex -0.01279831025749445 -1.5999999046325684 2.384185791015625e-07
  endloop
endfacet
facet normal 0.0 0.0 0.0
  outer loop
    vertex -0.11519909650087357 -1.5999999046325684 2.384185791015625e-07
    vertex -0.11519909650087357 -1.5999999046325684 1.6000003814697266
    vertex -0.21759869158267975 -1.5872000455856323 1.6000003814697266
  endloop
endfacet
facet normal 0.0 0.0 0.0
  outer loop
    vertex -0.21759869158267975 -1.5872000455856323 1.6000003814697266
    vertex -0.21759869158267975 -1.5872000455856323 2.384185791015625e-07
    vertex -0.11519909650087357 -1.5999999046325684 2.384185791015625e-07
  endloop
endfacet
facet normal 0.0 0.0 0.0
  outer loop
    vertex -0.21759869158267975 -1.5872000455856323 2.384185791015625e-07
    vertex -0.21759869158267975 -1.5872000455856323 1.6000003814697266
    vertex -0.31999948620796204 -1.5743999481201172 1.6000003814697266
  endloop
endfacet
facet normal 0.0 0.0 0.0
  outer loop
    vertex -0.31999948620796204 -1.5743999481201172 1.6000003814697266
    vertex -0.31999948620796204 -1.5743999481201172 2.384185791015625e-07
    vertex -0.21759869158267975 -1.5872000455856323 2.384185791015625e-07
  endloop
endfacet
facet normal 0.0 0.0 0.0
  outer loop
    vertex -0.31999948620796204 -1.5743999481201172 2.384185791015625e-07
    vertex -0.31999948620796204 -1.5743999481201172 1.6000003814697266
    vertex -0.4223990738391876 -1.5487998723983765 1.6000003814697266
  endloop
endfacet
facet normal 0.0 0.0 0.0
  outer loop
    vertex -0.4223990738391876 -1.5487998723983765 1.6000003814697266
    vertex -0.4223990738391876 -1.5487998723983765 2.384185791015625e-07
    vertex -0.31999948620796204 -1.5743999481201172 2.384185791015625e-07
  endloop
endfacet
facet normal 0.0 0.0 0.0
  outer loop
    vertex -0.4223990738391876 -1.5487998723983765 2.384185791015625e-07
    vertex -0.4223990738391876 -1.5487998723983765 1.6000003814697266
    vertex -0.5247974991798401 -1.5104000568389893 1.6000003814697266
  endloop
endfacet
facet normal 0.0 0.0 0.0
  outer loop
    vertex -0.5247974991798401 -1.5104000568389893 1.6000003814697266
    vertex -0.5247974991798401 -1.5104000568389893 2.384185791015625e-07
    vertex -0.4223990738391876 -1.5487998723983765 2.384185791015625e-07
  endloop
endfacet
facet normal 0.0 0.0 0.0
  outer loop
    vertex -0.5247974991798401 -1.5104000568389893 2.384185791015625e-07
    vertex -0.5247974991798401 -1.5104000568389893 1.6000003814697266
    vertex -0.6143987774848938 -1.4719998836517334 1.6000003814697266
  endloop
endfacet
facet normal 0.0 0.0 0.0
  outer loop
    vertex -0.6143987774848938 -1.4719998836517334 1.6000003814697266
    vertex -0.6143987774848938 -1.4719998836517334 2.384185791015625e-07
    vertex -0.5247974991798401 -1.5104000568389893 2.384185791015625e-07
  endloop
endfacet
facet normal 0.0 0.0 0.0
  outer loop
    vertex -0.6143987774848938 -1.4719998836517334 2.384185791015625e-07
    vertex -0.6143987774848938 -1.4719998836517334 1.6000003814697266
    vertex -0.7167995572090149 -1.4335999488830566 1.6000003814697266
  endloop
endfacet
facet normal 0.0 0.0 0.0
  outer loop
    vertex -0.7167995572090149 -1.4335999488830566 1.6000003814697266
    vertex -0.7167995572090149 -1.4335999488830566 2.384185791015625e-07
    vertex -0.6143987774848938 -1.4719998836517334 2.384185791015625e-07
  endloop
endfacet
facet normal 0.0 0.0 0.0
  outer loop
    vertex -0.7167995572090149 -1.4335999488830566 2.384185791015625e-07
    vertex -0.7167995572090149 -1.4335999488830566 1.6000003814697266
    vertex -0.8063984513282776 -1.3823997974395752 1.6000003814697266
  endloop
endfacet
facet normal 0.0 0.0 0.0
  outer loop
    vertex -0.8063984513282776 -1.3823997974395752 1.6000003814697266
    vertex -0.8063984513282776 -1.3823997974395752 2.384185791015625e-07
    vertex -0.7167995572090149 -1.4335999488830566 2.384185791015625e-07
  endloop
endfacet
facet normal 0.0 0.0 0.0
  outer loop
    vertex -0.8063984513282776 -1.3823997974395752 2.384185791015625e-07
    vertex -0.8063984513282776 -1.3823997974395752 1.6000003814697266
    vertex -0.8959985375404358 -1.3312000036239624 1.6000003814697266
  endloop
endfacet
facet normal 0.0 0.0 0.0
  outer loop
    vertex -0.8959985375404358 -1.3312000036239624 1.6000003814697266
    vertex -0.8959985375404358 -1.3312000036239624 2.384185791015625e-07
    vertex -0.8063984513282776 -1.3823997974395752 2.384185791015625e-07
  endloop
endfacet
facet normal 0.0 0.0 0.0
  outer loop
    vertex -0.8959985375404358 -1.3312000036239624 2.384185791015625e-07
    vertex -0.8959985375404358 -1.3312000036239624 1.6000003814697266
    vertex -0.9855986833572388 -1.2671997547149658 1.6000003814697266
  endloop
endfacet
facet normal 0.0 0.0 0.0
  outer loop
    vertex -0.9855986833572388 -1.2671997547149658 1.6000003814697266
    vertex -0.9855986833572388 -1.2671997547149658 2.384185791015625e-07
    vertex -0.8959985375404358 -1.3312000036239624 2.384185791015625e-07
  endloop
endfacet
facet normal 0.0 0.0 0.0
  outer loop
    vertex -0.9855986833572388 -1.2671997547149658 2.384185791015625e-07
    vertex -0.9855986833572388 -1.2671997547149658 1.6000003814697266
    vertex -1.0623992681503296 -1.203199863433838 1.6000003814697266
  endloop
endfacet
facet normal 0.0 0.0 0.0
  outer loop
    vertex -1.0623992681503296 -1.203199863433838 1.6000003814697266
    vertex -1.0623992681503296 -1.203199863433838 2.384185791015625e-07
    vertex -0.9855986833572388 -1.2671997547149658 2.384185791015625e-07
  endloop
endfacet
facet normal 0.0 0.0 0.0
  outer loop
    vertex -1.0623992681503296 -1.203199863433838 2.384185791015625e-07
    vertex -1.0623992681503296 -1.203199863433838 1.6000003814697266
    vertex -1.1391998529434204 -1.1263999938964844 1.6000003814697266
  endloop
endfacet
facet normal 0.0 0.0 0.0
  outer loop
    vertex -1.1391998529434204 -1.1263999938964844 1.6000003814697266
    vertex -1.1391998529434204 -1.1263999938964844 2.384185791015625e-07
    vertex -1.0623992681503296 -1.203199863433838 2.384185791015625e-07
  endloop
endfacet
facet normal 0.0 0.0 0.0
  outer loop
    vertex -1.1391998529434204 -1.1263999938964844 1.6000003814697266
    vertex -1.2031997442245483 -1.0495998859405518 1.6000003814697266
    vertex -1.1391998529434204 -1.1263999938964844 2.384185791015625e-07
  endloop
endfacet
facet normal 0.0 0.0 0.0
  outer loop
    vertex -1.2031997442245483 -1.0495998859405518 2.384185791015625e-07
    vertex -1.1391998529434204 -1.1263999938964844 2.384185791015625e-07
    vertex -1.2031997442245483 -1.0495998859405518 1.6000003814697266
  endloop
endfacet
facet normal 0.0 0.0 0.0
  outer loop
    vertex -1.2031997442245483 -1.0495998859405518 1.6000003814697266
    vertex -1.2799979448318481 -0.9727999567985535 1.6000003814697266
    vertex -1.2031997442245483 -1.0495998859405518 2.384185791015625e-07
  endloop
endfacet
facet normal 0.0 0.0 0.0
  outer loop
    vertex -1.2799979448318481 -0.9727999567985535 2.384185791015625e-07
    vertex -1.2031997442245483 -1.0495998859405518 2.384185791015625e-07
    vertex -1.2799979448318481 -0.9727999567985535 1.6000003814697266
  endloop
endfacet
facet normal 0.0 0.0 0.0
  outer loop
    vertex -1.2799979448318481 -0.9727999567985535 1.6000003814697266
    vertex -1.3311995267868042 -0.8831998705863953 1.6000003814697266
    vertex -1.2799979448318481 -0.9727999567985535 2.384185791015625e-07
  endloop
endfacet
facet normal 0.0 0.0 0.0
  outer loop
    vertex -1.3311995267868042 -0.8831998705863953 2.384185791015625e-07
    vertex -1.2799979448318481 -0.9727999567985535 2.384185791015625e-07
    vertex -1.3311995267868042 -0.8831998705863953 1.6000003814697266
  endloop
endfacet
facet normal 0.0 0.0 0.0
  outer loop
    vertex -1.3311995267868042 -0.8831998705863953 1.6000003814697266
    vertex -1.3951994180679321 -0.8063998818397522 1.6000003814697266
    vertex -1.3311995267868042 -0.8831998705863953 2.384185791015625e-07
  endloop
endfacet
facet normal 0.0 0.0 0.0
  outer loop
    vertex -1.3951994180679321 -0.8063998818397522 2.384185791015625e-07
    vertex -1.3311995267868042 -0.8831998705863953 2.384185791015625e-07
    vertex -1.3951994180679321 -0.8063998818397522 1.6000003814697266
  endloop
endfacet
facet normal 0.0 0.0 0.0
  outer loop
    vertex -1.3951994180679321 -0.8063998818397522 1.6000003814697266
    vertex -1.4463986158370972 -0.7039999961853027 1.6000003814697266
    vertex -1.3951994180679321 -0.8063998818397522 2.384185791015625e-07
  endloop
endfacet
facet normal 0.0 0.0 0.0
  outer loop
    vertex -1.4463986158370972 -0.7039999961853027 2.384185791015625e-07
    vertex -1.3951994180679321 -0.8063998818397522 2.384185791015625e-07
    vertex -1.4463986158370972 -0.7039999961853027 1.6000003814697266
  endloop
endfacet
facet normal 0.0 0.0 0.0
  outer loop
    vertex -1.4463986158370972 -0.7039999961853027 1.6000003814697266
    vertex -1.4847983121871948 -0.6144002079963684 1.6000003814697266
    vertex -1.4463986158370972 -0.7039999961853027 2.384185791015625e-07
  endloop
endfacet
facet normal 0.0 0.0 0.0
  outer loop
    vertex -1.4847983121871948 -0.6144002079963684 2.384185791015625e-07
    vertex -1.4463986158370972 -0.7039999961853027 2.384185791015625e-07
    vertex -1.4847983121871948 -0.6144002079963684 1.6000003814697266
  endloop
endfacet
facet normal 0.0 0.0 0.0
  outer loop
    vertex -1.4847983121871948 -0.6144002079963684 1.6000003814697266
    vertex -1.523199200630188 -0.5120000243186951 1.6000003814697266
    vertex -1.4847983121871948 -0.6144002079963684 2.384185791015625e-07
  endloop
endfacet
facet normal 0.0 0.0 0.0
  outer loop
    vertex -1.523199200630188 -0.5120000243186951 2.384185791015625e-07
    vertex -1.4847983121871948 -0.6144002079963684 2.384185791015625e-07
    vertex -1.523199200630188 -0.5120000243186951 1.6000003814697266
  endloop
endfacet
facet normal 0.0 0.0 0.0
  outer loop
    vertex -1.523199200630188 -0.5120000243186951 1.6000003814697266
    vertex -1.5487982034683228 -0.4096001386642456 1.6000003814697266
    vertex -1.523199200630188 -0.5120000243186951 2.384185791015625e-07
  endloop
endfacet
facet normal 0.0 0.0 0.0
  outer loop
    vertex -1.5487982034683228 -0.409600168466568 2.384185791015625e-07
    vertex -1.523199200630188 -0.5120000243186951 2.384185791015625e-07
    vertex -1.5487982034683228 -0.4096001386642456 1.6000003814697266
  endloop
endfacet
facet normal 0.0 0.0 0.0
  outer loop
    vertex -1.5487982034683228 -0.4096001386642456 1.6000003814697266
    vertex -1.574398398399353 -0.30719995498657227 1.6000003814697266
    vertex -1.5487982034683228 -0.409600168466568 2.384185791015625e-07
  endloop
endfacet
facet normal 0.0 0.0 0.0
  outer loop
    vertex -1.574398398399353 -0.30719998478889465 2.384185791015625e-07
    vertex -1.5487982034683228 -0.409600168466568 2.384185791015625e-07
    vertex -1.574398398399353 -0.30719995498657227 1.6000003814697266
  endloop
endfacet
facet normal 0.0 0.0 0.0
  outer loop
    vertex -1.587199091911316 -0.2048000991344452 2.384185791015625e-07
    vertex -1.574398398399353 -0.30719998478889465 2.384185791015625e-07
    vertex -1.587199091911316 -0.204800084233284 1.6000003814697266
  endloop
endfacet
facet normal 0.0 0.0 0.0
  outer loop
    vertex -1.587199091911316 -0.26879996061325073 1.6000003814697266
    vertex -1.587199091911316 -0.204800084233284 1.6000003814697266
    vertex -1.574398398399353 -0.30719998478889465 2.384185791015625e-07
  endloop
endfacet
facet normal 0.0 0.0 0.0
  outer loop
    vertex -1.574398398399353 -0.30719995498657227 1.6000003814697266
    vertex -1.587199091911316 -0.26879996061325073 1.6000003814697266
    vertex -1.574398398399353 -0.30719998478889465 2.384185791015625e-07
  endloop
endfacet
facet normal 0.0 0.0 0.0
  outer loop
    vertex -1.587199091911316 -0.204800084233284 1.6000003814697266
    vertex -1.5999997854232788 -0.10239990055561066 1.6000003814697266
    vertex -1.587199091911316 -0.2048000991344452 2.384185791015625e-07
  endloop
endfacet
facet normal 0.0 0.0 0.0
  outer loop
    vertex -1.5999997854232788 -0.10239992290735245 2.384185791015625e-07
    vertex -1.587199091911316 -0.2048000991344452 2.384185791015625e-07
    vertex -1.5999997854232788 -0.10239990055561066 1.6000003814697266
  endloop
endfacet
facet normal 0.0 0.0 0.0
  outer loop
    vertex -1.5999997854232788 -0.10239990055561066 1.6000003814697266
    vertex -1.6127980947494507 -1.288293027812415e-08 1.6000003814697266
    vertex -1.5999997854232788 -0.10239992290735245 2.384185791015625e-07
  endloop
endfacet
facet normal 0.0 0.0 0.0
  outer loop
    vertex -1.6127980947494507 -3.2998482168977716e-08 2.384185791015625e-07
    vertex -1.5999997854232788 -0.10239992290735245 2.384185791015625e-07
    vertex -1.6127980947494507 -1.288293027812415e-08 1.6000003814697266
  endloop
endfacet
facet normal 0.0 0.0 0.0
  outer loop
    vertex -1.6127980947494507 -1.288293027812415e-08 1.6000003814697266
    vertex -1.5999997854232788 0.10240016877651215 1.600000262260437
    vertex -1.6127980947494507 -3.2998482168977716e-08 2.384185791015625e-07
  endloop
endfacet
facet normal 0.0 0.0 0.0
  outer loop
    vertex -1.5999997854232788 0.10240014642477036 2.384185791015625e-07
    vertex -1.6127980947494507 -3.2998482168977716e-08 2.384185791015625e-07
    vertex -1.5999997854232788 0.10240016877651215 1.600000262260437
  endloop
endfacet
facet normal 0.0 0.0 0.0
  outer loop
    vertex -1.5999997854232788 0.10240016877651215 1.600000262260437
    vertex -1.587199091911316 0.2048000544309616 1.600000262260437
    vertex -1.5999997854232788 0.10240014642477036 2.384185791015625e-07
  endloop
endfacet
facet normal 0.0 0.0 0.0
  outer loop
    vertex -1.587199091911316 0.20480003952980042 2.384185791015625e-07
    vertex -1.5999997854232788 0.10240014642477036 2.384185791015625e-07
    vertex -1.587199091911316 0.2048000544309616 1.600000262260437
  endloop
endfacet
facet normal 0.0 0.0 0.0
  outer loop
    vertex -1.587199091911316 0.26879996061325073 1.600000262260437
    vertex -1.574398398399353 0.30720025300979614 1.600000262260437
    vertex -1.587199091911316 0.20480003952980042 2.384185791015625e-07
  endloop
endfacet
facet normal 0.0 0.0 0.0
  outer loop
    vertex -1.587199091911316 0.2048000544309616 1.600000262260437
    vertex -1.587199091911316 0.26879996061325073 1.600000262260437
    vertex -1.587199091911316 0.20480003952980042 2.384185791015625e-07
  endloop
endfacet
facet normal 0.0 0.0 0.0
  outer loop
    vertex -1.574398398399353 0.30720022320747375 2.384185791015625e-07
    vertex -1.587199091911316 0.20480003952980042 2.384185791015625e-07
    vertex -1.574398398399353 0.30720025300979614 1.600000262260437
  endloop
endfacet
facet normal 0.0 0.0 0.0
  outer loop
    vertex -1.574398398399353 0.30720025300979614 1.600000262260437
    vertex -1.5487982034683228 0.4096001386642456 1.600000262260437
    vertex -1.574398398399353 0.30720022320747375 2.384185791015625e-07
  endloop
endfacet
facet normal 0.0 0.0 0.0
  outer loop
    vertex -1.5487982034683228 0.4096001088619232 2.384185791015625e-07
    vertex -1.574398398399353 0.30720022320747375 2.384185791015625e-07
    vertex -1.5487982034683228 0.4096001386642456 1.600000262260437
  endloop
endfacet
facet normal 0.0 0.0 0.0
  outer loop
    vertex -1.5487982034683228 0.4096001386642456 1.600000262260437
    vertex -1.523199200630188 0.512000322341919 1.600000262260437
    vertex -1.5487982034683228 0.4096001088619232 2.384185791015625e-07
  endloop
endfacet
facet normal 0.0 0.0 0.0
  outer loop
    vertex -1.523199200630188 0.512000322341919 2.384185791015625e-07
    vertex -1.5487982034683228 0.4096001088619232 2.384185791015625e-07
    vertex -1.523199200630188 0.512000322341919 1.600000262260437
  endloop
endfacet
facet normal 0.0 0.0 0.0
  outer loop
    vertex -1.523199200630188 0.512000322341919 1.600000262260437
    vertex -1.4847983121871948 0.6144002079963684 1.600000262260437
    vertex -1.523199200630188 0.512000322341919 2.384185791015625e-07
  endloop
endfacet
facet normal 0.0 0.0 0.0
  outer loop
    vertex -1.4847983121871948 0.6144002079963684 2.384185791015625e-07
    vertex -1.523199200630188 0.512000322341919 2.384185791015625e-07
    vertex -1.4847983121871948 0.6144002079963684 1.600000262260437
  endloop
endfacet
facet normal 0.0 0.0 0.0
  outer loop
    vertex -1.4847983121871948 0.6144002079963684 1.600000262260437
    vertex -1.4463986158370972 0.7039999961853027 1.600000262260437
    vertex -1.4847983121871948 0.6144002079963684 2.384185791015625e-07
  endloop
endfacet
facet normal 0.0 0.0 0.0
  outer loop
    vertex -1.4463986158370972 0.7039999961853027 2.384185791015625e-07
    vertex -1.4847983121871948 0.6144002079963684 2.384185791015625e-07
    vertex -1.4463986158370972 0.7039999961853027 1.600000262260437
  endloop
endfacet
facet normal 0.0 0.0 0.0
  outer loop
    vertex -1.4463986158370972 0.7039999961853027 1.600000262260437
    vertex -1.3951994180679321 0.7936000823974609 1.600000262260437
    vertex -1.4463986158370972 0.7039999961853027 2.384185791015625e-07
  endloop
endfacet
facet normal 0.0 0.0 0.0
  outer loop
    vertex -1.3951994180679321 0.7936000823974609 2.384185791015625e-07
    vertex -1.4463986158370972 0.7039999961853027 2.384185791015625e-07
    vertex -1.3951994180679321 0.7936000823974609 1.600000262260437
  endloop
endfacet
facet normal 0.0 0.0 0.0
  outer loop
    vertex -1.3951994180679321 0.7936000823974609 1.600000262260437
    vertex -1.3311995267868042 0.8832001686096191 1.600000262260437
    vertex -1.3951994180679321 0.7936000823974609 2.384185791015625e-07
  endloop
endfacet
facet normal 0.0 0.0 0.0
  outer loop
    vertex -1.3311995267868042 0.8832001686096191 2.384185791015625e-07
    vertex -1.3951994180679321 0.7936000823974609 2.384185791015625e-07
    vertex -1.3311995267868042 0.8832001686096191 1.600000262260437
  endloop
endfacet
facet normal 0.0 0.0 0.0
  outer loop
    vertex -1.3311995267868042 0.8832001686096191 1.600000262260437
    vertex -1.2799979448318481 0.9727999567985535 1.600000262260437
    vertex -1.3311995267868042 0.8832001686096191 2.384185791015625e-07
  endloop
endfacet
facet normal 0.0 0.0 0.0
  outer loop
    vertex -1.2799979448318481 0.9727999567985535 2.384185791015625e-07
    vertex -1.3311995267868042 0.8832001686096191 2.384185791015625e-07
    vertex -1.2799979448318481 0.9727999567985535 1.600000262260437
  endloop
endfacet
facet normal 0.0 0.0 0.0
  outer loop
    vertex -1.2799979448318481 0.9727999567985535 1.600000262260437
    vertex -1.2031997442245483 1.0496002435684204 1.600000262260437
    vertex -1.2799979448318481 0.9727999567985535 2.384185791015625e-07
  endloop
endfacet
facet normal 0.0 0.0 0.0
  outer loop
    vertex -1.2031997442245483 1.0496002435684204 2.384185791015625e-07
    vertex -1.2799979448318481 0.9727999567985535 2.384185791015625e-07
    vertex -1.2031997442245483 1.0496002435684204 1.600000262260437
  endloop
endfacet
facet normal 0.0 0.0 0.0
  outer loop
    vertex -1.2031997442245483 1.0496002435684204 1.600000262260437
    vertex -1.1391998529434204 1.1264002323150635 1.600000262260437
    vertex -1.2031997442245483 1.0496002435684204 2.384185791015625e-07
  endloop
endfacet
facet normal 0.0 0.0 0.0
  outer loop
    vertex -1.1391998529434204 1.1264002323150635 2.384185791015625e-07
    vertex -1.2031997442245483 1.0496002435684204 2.384185791015625e-07
    vertex -1.1391998529434204 1.1264002323150635 1.600000262260437
  endloop
endfacet
facet normal 0.0 0.0 0.0
  outer loop
    vertex -1.1391998529434204 1.1264002323150635 1.600000262260437
    vertex -1.0623992681503296 1.2032002210617065 1.600000262260437
    vertex -1.1391998529434204 1.1264002323150635 2.384185791015625e-07
  endloop
endfacet
facet normal 0.0 0.0 0.0
  outer loop
    vertex -1.0623992681503296 1.2032002210617065 2.384185791015625e-07
    vertex -1.1391998529434204 1.1264002323150635 2.384185791015625e-07
    vertex -1.0623992681503296 1.2032002210617065 1.600000262260437
  endloop
endfacet
facet normal 0.0 0.0 0.0
  outer loop
    vertex -1.0623992681503296 1.2032002210617065 1.600000262260437
    vertex -0.9855986833572388 1.2672001123428345 1.600000262260437
    vertex -1.0623992681503296 1.2032002210617065 2.384185791015625e-07
  endloop
endfacet
facet normal 0.0 0.0 0.0
  outer loop
    vertex -0.9855986833572388 1.2672001123428345 2.384185791015625e-07
    vertex -1.0623992681503296 1.2032002210617065 2.384185791015625e-07
    vertex -0.9855986833572388 1.2672001123428345 1.600000262260437
  endloop
endfacet
facet normal 0.0 0.0 0.0
  outer loop
    vertex -0.9855986833572388 1.2672001123428345 1.600000262260437
    vertex -0.8959985375404358 1.3312000036239624 1.600000262260437
    vertex -0.9855986833572388 1.2672001123428345 2.384185791015625e-07
  endloop
endfacet
facet normal 0.0 0.0 0.0
  outer loop
    vertex -0.8959985375404358 1.3312000036239624 2.384185791015625e-07
    vertex -0.9855986833572388 1.2672001123428345 2.384185791015625e-07
    vertex -0.8959985375404358 1.3312000036239624 1.600000262260437
  endloop
endfacet
facet normal 0.0 0.0 0.0
  outer loop
    vertex -0.8959985375404358 1.3312000036239624 1.600000262260437
    vertex -0.8063984513282776 1.3823997974395752 1.600000262260437
    vertex -0.8959985375404358 1.3312000036239624 2.384185791015625e-07
  endloop
endfacet
facet normal 0.0 0.0 0.0
  outer loop
    vertex -0.8063984513282776 1.3823997974395752 2.384185791015625e-07
    vertex -0.8959985375404358 1.3312000036239624 2.384185791015625e-07
    vertex -0.8063984513282776 1.3823997974395752 1.600000262260437
  endloop
endfacet
facet normal 0.0 0.0 0.0
  outer loop
    vertex -0.8063984513282776 1.3823997974395752 1.600000262260437
    vertex -0.7167995572090149 1.4336001873016357 1.600000262260437
    vertex -0.8063984513282776 1.3823997974395752 2.384185791015625e-07
  endloop
endfacet
facet normal 0.0 0.0 0.0
  outer loop
    vertex -0.7167995572090149 1.4336001873016357 2.384185791015625e-07
    vertex -0.8063984513282776 1.3823997974395752 2.384185791015625e-07
    vertex -0.7167995572090149 1.4336001873016357 1.600000262260437
  endloop
endfacet
facet normal 0.0 0.0 0.0
  outer loop
    vertex -0.7167995572090149 1.4336001873016357 1.600000262260437
    vertex -0.6143987774848938 1.4719998836517334 1.600000262260437
    vertex -0.7167995572090149 1.4336001873016357 2.384185791015625e-07
  endloop
endfacet
facet normal 0.0 0.0 0.0
  outer loop
    vertex -0.6143987774848938 1.4719998836517334 2.384185791015625e-07
    vertex -0.7167995572090149 1.4336001873016357 2.384185791015625e-07
    vertex -0.6143987774848938 1.4719998836517334 1.600000262260437
  endloop
endfacet
facet normal 0.0 0.0 0.0
  outer loop
    vertex -0.6143987774848938 1.4719998836517334 1.600000262260437
    vertex -0.5247974991798401 1.5104001760482788 1.600000262260437
    vertex -0.6143987774848938 1.4719998836517334 2.384185791015625e-07
  endloop
endfacet
facet normal 0.0 0.0 0.0
  outer loop
    vertex -0.5247974991798401 1.5104001760482788 2.384185791015625e-07
    vertex -0.6143987774848938 1.4719998836517334 2.384185791015625e-07
    vertex -0.5247974991798401 1.5104001760482788 1.600000262260437
  endloop
endfacet
facet normal 0.0 0.0 0.0
  outer loop
    vertex -0.5247974991798401 1.5104001760482788 1.600000262260437
    vertex -0.4223990738391876 1.5488004684448242 1.600000262260437
    vertex -0.5247974991798401 1.5104001760482788 2.384185791015625e-07
  endloop
endfacet
facet normal 0.0 0.0 0.0
  outer loop
    vertex -0.4223990738391876 1.5488004684448242 2.384185791015625e-07
    vertex -0.5247974991798401 1.5104001760482788 2.384185791015625e-07
    vertex -0.4223990738391876 1.5488004684448242 1.600000262260437
  endloop
endfacet
facet normal 0.0 0.0 0.0
  outer loop
    vertex -0.4223990738391876 1.5488004684448242 1.600000262260437
    vertex -0.31999948620796204 1.5744000673294067 1.600000262260437
    vertex -0.4223990738391876 1.5488004684448242 2.384185791015625e-07
  endloop
endfacet
facet normal 0.0 0.0 0.0
  outer loop
    vertex -0.31999948620796204 1.5744000673294067 2.384185791015625e-07
    vertex -0.4223990738391876 1.5488004684448242 2.384185791015625e-07
    vertex -0.31999948620796204 1.5744000673294067 1.600000262260437
  endloop
endfacet
facet normal 0.0 0.0 0.0
  outer loop
    vertex -0.31999948620796204 1.5744000673294067 1.600000262260437
    vertex -0.21759869158267975 1.5872001647949219 1.600000262260437
    vertex -0.31999948620796204 1.5744000673294067 2.384185791015625e-07
  endloop
endfacet
facet normal 0.0 0.0 0.0
  outer loop
    vertex -0.21759869158267975 1.5872001647949219 2.384185791015625e-07
    vertex -0.31999948620796204 1.5744000673294067 2.384185791015625e-07
    vertex -0.21759869158267975 1.5872001647949219 1.600000262260437
  endloop
endfacet
facet normal 0.0 0.0 0.0
  outer loop
    vertex -0.21759869158267975 1.5872001647949219 1.600000262260437
    vertex -0.11519909650087357 1.5999996662139893 1.600000262260437
    vertex -0.21759869158267975 1.5872001647949219 2.384185791015625e-07
  endloop
endfacet
facet normal 0.0 0.0 0.0
  outer loop
    vertex -0.11519909650087357 1.5999996662139893 2.384185791015625e-07
    vertex -0.21759869158267975 1.5872001647949219 2.384185791015625e-07
    vertex -0.11519909650087357 1.5999996662139893 1.600000262260437
  endloop
endfacet
facet normal 0.0 0.0 0.0
  outer loop
    vertex -0.11519909650087357 1.5999996662139893 1.600000262260437
    vertex -0.01279831025749445 1.5999996662139893 1.600000262260437
    vertex -0.11519909650087357 1.5999996662139893 2.384185791015625e-07
  endloop
endfacet
facet normal 0.0 0.0 0.0
  outer loop
    vertex -0.01279831025749445 1.5999996662139893 2.384185791015625e-07
    vertex -0.11519909650087357 1.5999996662139893 2.384185791015625e-07
    vertex -0.01279831025749445 1.5999996662139893 1.600000262260437
  endloop
endfacet
facet normal 0.0 0.0 0.0
  outer loop
    vertex -0.01279831025749445 1.5999996662139893 1.600000262260437
    vertex 0.10240078717470169 1.5999996662139893 1.600000262260437
    vertex -0.01279831025749445 1.5999996662139893 2.384185791015625e-07
  endloop
endfacet
facet normal 0.0 0.0 0.0
  outer loop
    vertex 0.10240078717470169 1.5999996662139893 2.384185791015625e-07
    vertex -0.01279831025749445 1.5999996662139893 2.384185791015625e-07
    vertex 0.10240078717470169 1.5999996662139893 1.600000262260437
  endloop
endfacet
facet normal 0.0 0.0 0.0
  outer loop
    vertex 0.10240078717470169 1.5999996662139893 1.600000262260437
    vertex 0.20480157434940338 1.5872001647949219 1.600000262260437
    vertex 0.10240078717470169 1.5999996662139893 2.384185791015625e-07
  endloop
endfacet
facet normal 0.0 0.0 0.0
  outer loop
    vertex 0.20480157434940338 1.5872001647949219 2.384185791015625e-07
    vertex 0.10240078717470169 1.5999996662139893 2.384185791015625e-07
    vertex 0.20480157434940338 1.5872001647949219 1.600000262260437
  endloop
endfacet
facet normal 0.0 0.0 0.0
  outer loop
    vertex 0.20480157434940338 1.5872001647949219 1.600000262260437
    vertex 0.30720117688179016 1.5744000673294067 1.600000262260437
    vertex 0.20480157434940338 1.5872001647949219 2.384185791015625e-07
  endloop
endfacet
facet normal 0.0 0.0 0.0
  outer loop
    vertex 0.30720117688179016 1.5744000673294067 2.384185791015625e-07
    vertex 0.20480157434940338 1.5872001647949219 2.384185791015625e-07
    vertex 0.30720117688179016 1.5744000673294067 1.600000262260437
  endloop
endfacet
facet normal 0.0 0.0 0.0
  outer loop
    vertex 0.30720117688179016 1.5744000673294067 1.600000262260437
    vertex 0.40960195660591125 1.5488004684448242 1.600000262260437
    vertex 0.30720117688179016 1.5744000673294067 2.384185791015625e-07
  endloop
endfacet
facet normal 0.0 0.0 0.0
  outer loop
    vertex 0.40960195660591125 1.5488004684448242 2.384185791015625e-07
    vertex 0.30720117688179016 1.5744000673294067 2.384185791015625e-07
    vertex 0.40960195660591125 1.5488004684448242 1.600000262260437
  endloop
endfacet
facet normal 0.0 0.0 0.0
  outer loop
    vertex 0.40960195660591125 1.5488004684448242 1.600000262260437
    vertex 0.5120015740394592 1.5104001760482788 1.600000262260437
    vertex 0.40960195660591125 1.5488004684448242 2.384185791015625e-07
  endloop
endfacet
facet normal 0.0 0.0 0.0
  outer loop
    vertex 0.5120015740394592 1.5104001760482788 2.384185791015625e-07
    vertex 0.40960195660591125 1.5488004684448242 2.384185791015625e-07
    vertex 0.5120015740394592 1.5104001760482788 1.600000262260437
  endloop
endfacet
facet normal 0.0 0.0 0.0
  outer loop
    vertex 0.5120015740394592 1.5104001760482788 1.600000262260437
    vertex 0.6016016602516174 1.4719998836517334 1.600000262260437
    vertex 0.5120015740394592 1.5104001760482788 2.384185791015625e-07
  endloop
endfacet
facet normal 0.0 0.0 0.0
  outer loop
    vertex 0.6016016602516174 1.4719998836517334 2.384185791015625e-07
    vertex 0.5120015740394592 1.5104001760482788 2.384185791015625e-07
    vertex 0.6016016602516174 1.4719998836517334 1.600000262260437
  endloop
endfacet
facet normal 0.0 0.0 0.0
  outer loop
    vertex 0.6016016602516174 1.4719998836517334 1.600000262260437
    vertex 0.704001247882843 1.4336001873016357 1.600000262260437
    vertex 0.6016016602516174 1.4719998836517334 2.384185791015625e-07
  endloop
endfacet
facet normal 0.0 0.0 0.0
  outer loop
    vertex 0.704001247882843 1.4336001873016357 2.384185791015625e-07
    vertex 0.6016016602516174 1.4719998836517334 2.384185791015625e-07
    vertex 0.704001247882843 1.4336001873016357 1.600000262260437
  endloop
endfacet
facet normal 0.0 0.0 0.0
  outer loop
    vertex 0.704001247882843 1.4336001873016357 1.600000262260437
    vertex 0.7936013340950012 1.3823997974395752 1.600000262260437
    vertex 0.704001247882843 1.4336001873016357 2.384185791015625e-07
  endloop
endfacet
facet normal 0.0 0.0 0.0
  outer loop
    vertex 0.7936013340950012 1.3823997974395752 2.384185791015625e-07
    vertex 0.704001247882843 1.4336001873016357 2.384185791015625e-07
    vertex 0.7936013340950012 1.3823997974395752 1.600000262260437
  endloop
endfacet
facet normal 0.0 0.0 0.0
  outer loop
    vertex 0.7936013340950012 1.3823997974395752 1.600000262260437
    vertex 0.8832002282142639 1.3312000036239624 1.600000262260437
    vertex 0.7936013340950012 1.3823997974395752 2.384185791015625e-07
  endloop
endfacet
facet normal 0.0 0.0 0.0
  outer loop
    vertex 0.8832002282142639 1.3312000036239624 2.384185791015625e-07
    vertex 0.7936013340950012 1.3823997974395752 2.384185791015625e-07
    vertex 0.8832002282142639 1.3312000036239624 1.600000262260437
  endloop
endfacet
facet normal 0.0 0.0 0.0
  outer loop
    vertex 0.8832002282142639 1.3312000036239624 1.600000262260437
    vertex 0.9728015661239624 1.2672001123428345 1.600000262260437
    vertex 0.8832002282142639 1.3312000036239624 2.384185791015625e-07
  endloop
endfacet
facet normal 0.0 0.0 0.0
  outer loop
    vertex 0.9728015661239624 1.2672001123428345 2.384185791015625e-07
    vertex 0.8832002282142639 1.3312000036239624 2.384185791015625e-07
    vertex 0.9728015661239624 1.2672001123428345 1.600000262260437
  endloop
endfacet
facet normal 0.0 0.0 0.0
  outer loop
    vertex 0.9728015661239624 1.2672001123428345 1.600000262260437
    vertex 1.0496009588241577 1.2032002210617065 1.600000262260437
    vertex 0.9728015661239624 1.2672001123428345 2.384185791015625e-07
  endloop
endfacet
facet normal 0.0 0.0 0.0
  outer loop
    vertex 1.0496009588241577 1.2032002210617065 2.384185791015625e-07
    vertex 0.9728015661239624 1.2672001123428345 2.384185791015625e-07
    vertex 1.0496009588241577 1.2032002210617065 1.600000262260437
  endloop
endfacet
facet normal 0.0 0.0 0.0
  outer loop
    vertex 1.0496009588241577 1.2032002210617065 1.600000262260437
    vertex 1.1264015436172485 1.1264002323150635 1.600000262260437
    vertex 1.0496009588241577 1.2032002210617065 2.384185791015625e-07
  endloop
endfacet
facet normal 0.0 0.0 0.0
  outer loop
    vertex 1.1264015436172485 1.1264002323150635 2.384185791015625e-07
    vertex 1.0496009588241577 1.2032002210617065 2.384185791015625e-07
    vertex 1.1264015436172485 1.1264002323150635 1.600000262260437
  endloop
endfacet
facet normal 0.0 0.0 0.0
  outer loop
    vertex 1.1264015436172485 1.1264002323150635 2.384185791015625e-07
    vertex 1.1904014348983765 1.0496002435684204 1.600000262260437
    vertex 1.1904014348983765 1.0496002435684204 2.384185791015625e-07
  endloop
endfacet
facet normal 0.0 0.0 0.0
  outer loop
    vertex 1.1904014348983765 1.0496002435684204 1.600000262260437
    vertex 1.1264015436172485 1.1264002323150635 2.384185791015625e-07
    vertex 1.1264015436172485 1.1264002323150635 1.600000262260437
  endloop
endfacet
facet normal 0.0 0.0 0.0
  outer loop
    vertex 1.1904014348983765 1.0496002435684204 2.384185791015625e-07
    vertex 1.2672020196914673 0.9727999567985535 1.600000262260437
    vertex 1.2672020196914673 0.9727999567985535 2.384185791015625e-07
  endloop
endfacet
facet normal 0.0 0.0 0.0
  outer loop
    vertex 1.2672020196914673 0.9727999567985535 1.600000262260437
    vertex 1.1904014348983765 1.0496002435684204 2.384185791015625e-07
    vertex 1.1904014348983765 1.0496002435684204 1.600000262260437
  endloop
endfacet
facet normal 0.0 0.0 0.0
  outer loop
    vertex 1.2672020196914673 0.9727999567985535 2.384185791015625e-07
    vertex 1.3184012174606323 0.8832001686096191 1.600000262260437
    vertex 1.3184012174606323 0.8832001686096191 2.384185791015625e-07
  endloop
endfacet
facet normal 0.0 0.0 0.0
  outer loop
    vertex 1.3184012174606323 0.8832001686096191 1.600000262260437
    vertex 1.2672020196914673 0.9727999567985535 2.384185791015625e-07
    vertex 1.2672020196914673 0.9727999567985535 1.600000262260437
  endloop
endfacet
facet normal 0.0 0.0 0.0
  outer loop
    vertex 1.3184012174606323 0.8832001686096191 2.384185791015625e-07
    vertex 1.3824011087417603 0.7936000823974609 1.600000262260437
    vertex 1.3824011087417603 0.7936000823974609 2.384185791015625e-07
  endloop
endfacet
facet normal 0.0 0.0 0.0
  outer loop
    vertex 1.3824011087417603 0.7936000823974609 1.600000262260437
    vertex 1.3184012174606323 0.8832001686096191 2.384185791015625e-07
    vertex 1.3184012174606323 0.8832001686096191 1.600000262260437
  endloop
endfacet
facet normal 0.0 0.0 0.0
  outer loop
    vertex 1.3824011087417603 0.7936000823974609 2.384185791015625e-07
    vertex 1.4336014986038208 0.7039999961853027 1.600000262260437
    vertex 1.4336014986038208 0.7039999961853027 2.384185791015625e-07
  endloop
endfacet
facet normal 0.0 0.0 0.0
  outer loop
    vertex 1.4336014986038208 0.7039999961853027 1.600000262260437
    vertex 1.3824011087417603 0.7936000823974609 2.384185791015625e-07
    vertex 1.3824011087417603 0.7936000823974609 1.600000262260437
  endloop
endfacet
facet normal 0.0 0.0 0.0
  outer loop
    vertex 1.4336014986038208 0.7039999961853027 2.384185791015625e-07
    vertex 1.4720011949539185 0.6144002079963684 1.600000262260437
    vertex 1.4720011949539185 0.6144002079963684 2.384185791015625e-07
  endloop
endfacet
facet normal 0.0 0.0 0.0
  outer loop
    vertex 1.4720011949539185 0.6144002079963684 1.600000262260437
    vertex 1.4336014986038208 0.7039999961853027 2.384185791015625e-07
    vertex 1.4336014986038208 0.7039999961853027 1.600000262260437
  endloop
endfacet
facet normal 0.0 0.0 0.0
  outer loop
    vertex 1.4720011949539185 0.6144002079963684 2.384185791015625e-07
    vertex 1.5104008913040161 0.512000322341919 1.600000262260437
    vertex 1.5104008913040161 0.512000322341919 2.384185791015625e-07
  endloop
endfacet
facet normal 0.0 0.0 0.0
  outer loop
    vertex 1.5104008913040161 0.512000322341919 1.600000262260437
    vertex 1.4720011949539185 0.6144002079963684 2.384185791015625e-07
    vertex 1.4720011949539185 0.6144002079963684 1.600000262260437
  endloop
endfacet
facet normal 0.0 0.0 0.0
  outer loop
    vertex 1.5104008913040161 0.512000322341919 2.384185791015625e-07
    vertex 1.536002278327942 0.4096001386642456 1.600000262260437
    vertex 1.536002278327942 0.4096001088619232 2.384185791015625e-07
  endloop
endfacet
facet normal 0.0 0.0 0.0
  outer loop
    vertex 1.536002278327942 0.4096001386642456 1.600000262260437
    vertex 1.5104008913040161 0.512000322341919 2.384185791015625e-07
    vertex 1.5104008913040161 0.512000322341919 1.600000262260437
  endloop
endfacet
facet normal 0.0 0.0 0.0
  outer loop
    vertex 1.536002278327942 0.4096001088619232 2.384185791015625e-07
    vertex 1.5616024732589722 0.30720025300979614 1.600000262260437
    vertex 1.5616024732589722 0.30720022320747375 2.384185791015625e-07
  endloop
endfacet
facet normal 0.0 0.0 0.0
  outer loop
    vertex 1.5616024732589722 0.30720025300979614 1.600000262260437
    vertex 1.536002278327942 0.4096001088619232 2.384185791015625e-07
    vertex 1.536002278327942 0.4096001386642456 1.600000262260437
  endloop
endfacet
facet normal 0.0 0.0 0.0
  outer loop
    vertex 1.5616024732589722 0.30720022320747375 2.384185791015625e-07
    vertex 1.574400782585144 0.2048000544309616 1.600000262260437
    vertex 1.574400782585144 0.20480003952980042 2.384185791015625e-07
  endloop
endfacet
facet normal 0.0 0.0 0.0
  outer loop
    vertex 1.574400782585144 0.26879996061325073 1.600000262260437
    vertex 1.5616024732589722 0.30720022320747375 2.384185791015625e-07
    vertex 1.5616024732589722 0.30720025300979614 1.600000262260437
  endloop
endfacet
facet normal 0.0 0.0 0.0
  outer loop
    vertex 1.574400782585144 0.2048000544309616 1.600000262260437
    vertex 1.5616024732589722 0.30720022320747375 2.384185791015625e-07
    vertex 1.574400782585144 0.26879996061325073 1.600000262260437
  endloop
endfacet
facet normal 0.0 0.0 0.0
  outer loop
    vertex 1.574400782585144 0.20480003952980042 2.384185791015625e-07
    vertex 1.587201476097107 0.10240016877651215 1.600000262260437
    vertex 1.587201476097107 0.10240014642477036 2.384185791015625e-07
  endloop
endfacet
facet normal 0.0 0.0 0.0
  outer loop
    vertex 1.587201476097107 0.10240016877651215 1.600000262260437
    vertex 1.574400782585144 0.20480003952980042 2.384185791015625e-07
    vertex 1.574400782585144 0.2048000544309616 1.600000262260437
  endloop
endfacet
facet normal 0.0 0.0 0.0
  outer loop
    vertex 1.587201476097107 0.10240014642477036 2.384185791015625e-07
    vertex 1.6000021696090698 -1.288293027812415e-08 1.6000003814697266
    vertex 1.6000021696090698 -3.2998482168977716e-08 2.384185791015625e-07
  endloop
endfacet
facet normal 0.0 0.0 0.0
  outer loop
    vertex 1.6000021696090698 -1.288293027812415e-08 1.6000003814697266
    vertex 1.587201476097107 0.10240014642477036 2.384185791015625e-07
    vertex 1.587201476097107 0.10240016877651215 1.600000262260437
  endloop
endfacet
facet normal 0.0 0.0 0.0
  outer loop
    vertex -6.412799835205078 -3.2998482168977716e-08 2.384185791015625e-07
    vertex -6.412799835205078 -0.10239990055561066 1.6000003814697266
    vertex -6.412799835205078 -0.10239992290735245 2.384185791015625e-07
  endloop
endfacet
facet normal 0.0 0.0 0.0
  outer loop
    vertex -6.412799835205078 -0.10239990055561066 1.6000003814697266
    vertex -6.412799835205078 -3.2998482168977716e-08 2.384185791015625e-07
    vertex -6.412799835205078 -1.288293027812415e-08 1.6000003814697266
  endloop
endfacet
facet normal 0.0 0.0 0.0
  outer loop
    vertex -6.412799835205078 -0.10239992290735245 2.384185791015625e-07
    vertex -6.425599575042725 -0.204800084233284 1.6000003814697266
    vertex -6.425599575042725 -0.2048000991344452 2.384185791015625e-07
  endloop
endfacet
facet normal 0.0 0.0 0.0
  outer loop
    vertex -6.425599575042725 -0.204800084233284 1.6000003814697266
    vertex -6.412799835205078 -0.10239992290735245 2.384185791015625e-07
    vertex -6.412799835205078 -0.10239990055561066 1.6000003814697266
  endloop
endfacet
facet normal 0.0 0.0 0.0
  outer loop
    vertex -6.425599575042725 -0.2048000991344452 2.384185791015625e-07
    vertex -6.438399791717529 -0.30719995498657227 1.6000003814697266
    vertex -6.438399791717529 -0.30719998478889465 2.384185791015625e-07
  endloop
endfacet
facet normal 0.0 0.0 0.0
  outer loop
    vertex -6.438399791717529 -0.30719995498657227 1.6000003814697266
    vertex -6.425599575042725 -0.2048000991344452 2.384185791015625e-07
    vertex -6.425599575042725 -0.204800084233284 1.6000003814697266
  endloop
endfacet
facet normal 0.0 0.0 0.0
  outer loop
    vertex -6.438399791717529 -0.30719998478889465 2.384185791015625e-07
    vertex -6.463999271392822 -0.4096001386642456 1.6000003814697266
    vertex -6.463999271392822 -0.409600168466568 2.384185791015625e-07
  endloop
endfacet
facet normal 0.0 0.0 0.0
  outer loop
    vertex -6.463999271392822 -0.4096001386642456 1.6000003814697266
    vertex -6.438399791717529 -0.30719998478889465 2.384185791015625e-07
    vertex -6.438399791717529 -0.30719995498657227 1.6000003814697266
  endloop
endfacet
facet normal 0.0 0.0 0.0
  outer loop
    vertex -6.463999271392822 -0.409600168466568 2.384185791015625e-07
    vertex -6.489599227905273 -0.5120000243186951 1.6000003814697266
    vertex -6.489599227905273 -0.5120000243186951 2.384185791015625e-07
  endloop
endfacet
facet normal 0.0 0.0 0.0
  outer loop
    vertex -6.489599227905273 -0.5120000243186951 1.6000003814697266
    vertex -6.463999271392822 -0.409600168466568 2.384185791015625e-07
    vertex -6.463999271392822 -0.4096001386642456 1.6000003814697266
  endloop
endfacet
facet normal 0.0 0.0 0.0
  outer loop
    vertex -6.489599227905273 -0.5120000243186951 2.384185791015625e-07
    vertex -6.5279998779296875 -0.6144002079963684 1.6000003814697266
    vertex -6.5279998779296875 -0.6144002079963684 2.384185791015625e-07
  endloop
endfacet
facet normal 0.0 0.0 0.0
  outer loop
    vertex -6.5279998779296875 -0.6144002079963684 1.6000003814697266
    vertex -6.489599227905273 -0.5120000243186951 2.384185791015625e-07
    vertex -6.489599227905273 -0.5120000243186951 1.6000003814697266
  endloop
endfacet
facet normal 0.0 0.0 0.0
  outer loop
    vertex -6.5279998779296875 -0.6144002079963684 2.384185791015625e-07
    vertex -6.566399574279785 -0.7039999961853027 1.6000003814697266
    vertex -6.566399574279785 -0.7039999961853027 2.384185791015625e-07
  endloop
endfacet
facet normal 0.0 0.0 0.0
  outer loop
    vertex -6.566399574279785 -0.7039999961853027 1.6000003814697266
    vertex -6.5279998779296875 -0.6144002079963684 2.384185791015625e-07
    vertex -6.5279998779296875 -0.6144002079963684 1.6000003814697266
  endloop
endfacet
facet normal 0.0 0.0 0.0
  outer loop
    vertex -6.566399574279785 -0.7039999961853027 2.384185791015625e-07
    vertex -6.617599010467529 -0.8063998818397522 1.6000003814697266
    vertex -6.617599010467529 -0.8063998818397522 2.384185791015625e-07
  endloop
endfacet
facet normal 0.0 0.0 0.0
  outer loop
    vertex -6.617599010467529 -0.8063998818397522 1.6000003814697266
    vertex -6.566399574279785 -0.7039999961853027 2.384185791015625e-07
    vertex -6.566399574279785 -0.7039999961853027 1.6000003814697266
  endloop
endfacet
facet normal 0.0 0.0 0.0
  outer loop
    vertex -6.617599010467529 -0.8063998818397522 2.384185791015625e-07
    vertex -6.681599140167236 -0.8831998705863953 1.6000003814697266
    vertex -6.681599140167236 -0.8831998705863953 2.384185791015625e-07
  endloop
endfacet
facet normal 0.0 0.0 0.0
  outer loop
    vertex -6.681599140167236 -0.8831998705863953 1.6000003814697266
    vertex -6.617599010467529 -0.8063998818397522 2.384185791015625e-07
    vertex -6.617599010467529 -0.8063998818397522 1.6000003814697266
  endloop
endfacet
facet normal 0.0 0.0 0.0
  outer loop
    vertex -6.681599140167236 -0.8831998705863953 2.384185791015625e-07
    vertex -6.732799530029297 -0.9727999567985535 1.6000003814697266
    vertex -6.732799530029297 -0.9727999567985535 2.384185791015625e-07
  endloop
endfacet
facet normal 0.0 0.0 0.0
  outer loop
    vertex -6.732799530029297 -0.9727999567985535 1.6000003814697266
    vertex -6.681599140167236 -0.8831998705863953 2.384185791015625e-07
    vertex -6.681599140167236 -0.8831998705863953 1.6000003814697266
  endloop
endfacet
facet normal 0.0 0.0 0.0
  outer loop
    vertex -6.732799530029297 -0.9727999567985535 2.384185791015625e-07
    vertex -6.80959939956665 -1.0495998859405518 1.6000003814697266
    vertex -6.80959939956665 -1.0495998859405518 2.384185791015625e-07
  endloop
endfacet
facet normal 0.0 0.0 0.0
  outer loop
    vertex -6.80959939956665 -1.0495998859405518 1.6000003814697266
    vertex -6.732799530029297 -0.9727999567985535 2.384185791015625e-07
    vertex -6.732799530029297 -0.9727999567985535 1.6000003814697266
  endloop
endfacet
facet normal 0.0 0.0 0.0
  outer loop
    vertex -6.80959939956665 -1.0495998859405518 2.384185791015625e-07
    vertex -6.873599529266357 -1.1263999938964844 1.6000003814697266
    vertex -6.873599529266357 -1.1263999938964844 2.384185791015625e-07
  endloop
endfacet
facet normal 0.0 0.0 0.0
  outer loop
    vertex -6.873599529266357 -1.1263999938964844 1.6000003814697266
    vertex -6.80959939956665 -1.0495998859405518 2.384185791015625e-07
    vertex -6.80959939956665 -1.0495998859405518 1.6000003814697266
  endloop
endfacet
facet normal 0.0 0.0 0.0
  outer loop
    vertex -6.950399875640869 -1.203199863433838 1.6000003814697266
    vertex -6.950399875640869 -1.203199863433838 2.384185791015625e-07
    vertex -6.873599529266357 -1.1263999938964844 2.384185791015625e-07
  endloop
endfacet
facet normal 0.0 0.0 0.0
  outer loop
    vertex -6.873599529266357 -1.1263999938964844 2.384185791015625e-07
    vertex -6.873599529266357 -1.1263999938964844 1.6000003814697266
    vertex -6.88640022277832 -1.151999831199646 1.6000003814697266
  endloop
endfacet
facet normal 0.0 0.0 0.0
  outer loop
    vertex -6.873599529266357 -1.1263999938964844 2.384185791015625e-07
    vertex -6.88640022277832 -1.151999831199646 1.6000003814697266
    vertex -6.950399875640869 -1.203199863433838 1.6000003814697266
  endloop
endfacet
facet normal 0.0 0.0 0.0
  outer loop
    vertex -6.950399875640869 -1.203199863433838 2.384185791015625e-07
    vertex -6.950399875640869 -1.203199863433838 1.6000003814697266
    vertex -6.988799095153809 -1.2415999174118042 1.6000003814697266
  endloop
endfacet
facet normal 0.0 0.0 0.0
  outer loop
    vertex -6.950399875640869 -1.203199863433838 2.384185791015625e-07
    vertex -6.988799095153809 -1.2415999174118042 1.6000003814697266
    vertex -7.0271992683410645 -1.2671997547149658 1.6000003814697266
  endloop
endfacet
facet normal 0.0 0.0 0.0
  outer loop
    vertex -7.0271992683410645 -1.2671997547149658 1.6000003814697266
    vertex -7.0271992683410645 -1.2671997547149658 2.384185791015625e-07
    vertex -6.950399875640869 -1.203199863433838 2.384185791015625e-07
  endloop
endfacet
facet normal 0.0 0.0 0.0
  outer loop
    vertex -7.0271992683410645 -1.2671997547149658 2.384185791015625e-07
    vertex -7.0271992683410645 -1.2671997547149658 1.6000003814697266
    vertex -7.116799831390381 -1.3312000036239624 1.6000003814697266
  endloop
endfacet
facet normal 0.0 0.0 0.0
  outer loop
    vertex -7.116799831390381 -1.3312000036239624 1.6000003814697266
    vertex -7.116799831390381 -1.3312000036239624 2.384185791015625e-07
    vertex -7.0271992683410645 -1.2671997547149658 2.384185791015625e-07
  endloop
endfacet
facet normal 0.0 0.0 0.0
  outer loop
    vertex -7.116799831390381 -1.3312000036239624 2.384185791015625e-07
    vertex -7.116799831390381 -1.3312000036239624 1.6000003814697266
    vertex -7.206399440765381 -1.3823997974395752 1.6000003814697266
  endloop
endfacet
facet normal 0.0 0.0 0.0
  outer loop
    vertex -7.206399440765381 -1.3823997974395752 1.6000003814697266
    vertex -7.206399440765381 -1.3823997974395752 2.384185791015625e-07
    vertex -7.116799831390381 -1.3312000036239624 2.384185791015625e-07
  endloop
endfacet
facet normal 0.0 0.0 0.0
  outer loop
    vertex -7.206399440765381 -1.3823997974395752 2.384185791015625e-07
    vertex -7.206399440765381 -1.3823997974395752 1.6000003814697266
    vertex -7.295999526977539 -1.4335999488830566 1.6000003814697266
  endloop
endfacet
facet normal 0.0 0.0 0.0
  outer loop
    vertex -7.295999526977539 -1.4335999488830566 1.6000003814697266
    vertex -7.295999526977539 -1.4335999488830566 2.384185791015625e-07
    vertex -7.206399440765381 -1.3823997974395752 2.384185791015625e-07
  endloop
endfacet
facet normal 0.0 0.0 0.0
  outer loop
    vertex -7.295999526977539 -1.4335999488830566 2.384185791015625e-07
    vertex -7.295999526977539 -1.4335999488830566 1.6000003814697266
    vertex -7.398399353027344 -1.4719998836517334 1.6000003814697266
  endloop
endfacet
facet normal 0.0 0.0 0.0
  outer loop
    vertex -7.398399353027344 -1.4719998836517334 1.6000003814697266
    vertex -7.398399353027344 -1.4719998836517334 2.384185791015625e-07
    vertex -7.295999526977539 -1.4335999488830566 2.384185791015625e-07
  endloop
endfacet
facet normal 0.0 0.0 0.0
  outer loop
    vertex -7.398399353027344 -1.4719998836517334 2.384185791015625e-07
    vertex -7.398399353027344 -1.4719998836517334 1.6000003814697266
    vertex -7.48799991607666 -1.5104000568389893 1.6000003814697266
  endloop
endfacet
facet normal 0.0 0.0 0.0
  outer loop
    vertex -7.48799991607666 -1.5104000568389893 1.6000003814697266
    vertex -7.48799991607666 -1.5104000568389893 2.384185791015625e-07
    vertex -7.398399353027344 -1.4719998836517334 2.384185791015625e-07
  endloop
endfacet
facet normal 0.0 0.0 0.0
  outer loop
    vertex -7.48799991607666 -1.5104000568389893 2.384185791015625e-07
    vertex -7.48799991607666 -1.5104000568389893 1.6000003814697266
    vertex -7.590400218963623 -1.5487998723983765 1.6000003814697266
  endloop
endfacet
facet normal 0.0 0.0 0.0
  outer loop
    vertex -7.590400218963623 -1.5487998723983765 1.6000003814697266
    vertex -7.590400218963623 -1.5487998723983765 2.384185791015625e-07
    vertex -7.48799991607666 -1.5104000568389893 2.384185791015625e-07
  endloop
endfacet
facet normal 0.0 0.0 0.0
  outer loop
    vertex -7.590400218963623 -1.5487998723983765 2.384185791015625e-07
    vertex -7.590400218963623 -1.5487998723983765 1.6000003814697266
    vertex -7.692799091339111 -1.5743999481201172 1.6000003814697266
  endloop
endfacet
facet normal 0.0 0.0 0.0
  outer loop
    vertex -7.692799091339111 -1.5743999481201172 1.6000003814697266
    vertex -7.692799091339111 -1.5743999481201172 2.384185791015625e-07
    vertex -7.590400218963623 -1.5487998723983765 2.384185791015625e-07
  endloop
endfacet
facet normal 0.0 0.0 0.0
  outer loop
    vertex -7.692799091339111 -1.5743999481201172 2.384185791015625e-07
    vertex -7.692799091339111 -1.5743999481201172 1.6000003814697266
    vertex -7.795199394226074 -1.5872000455856323 1.6000003814697266
  endloop
endfacet
facet normal 0.0 0.0 0.0
  outer loop
    vertex -7.795199394226074 -1.5872000455856323 1.6000003814697266
    vertex -7.795199394226074 -1.5872000455856323 2.384185791015625e-07
    vertex -7.692799091339111 -1.5743999481201172 2.384185791015625e-07
  endloop
endfacet
facet normal 0.0 0.0 0.0
  outer loop
    vertex -7.795199394226074 -1.5872000455856323 2.384185791015625e-07
    vertex -7.795199394226074 -1.5872000455856323 1.6000003814697266
    vertex -7.897599697113037 -1.5999999046325684 1.6000003814697266
  endloop
endfacet
facet normal 0.0 0.0 0.0
  outer loop
    vertex -7.897599697113037 -1.5999999046325684 1.6000003814697266
    vertex -7.897599697113037 -1.5999999046325684 2.384185791015625e-07
    vertex -7.795199394226074 -1.5872000455856323 2.384185791015625e-07
  endloop
endfacet
facet normal 0.0 0.0 0.0
  outer loop
    vertex -7.897599697113037 -1.5999999046325684 2.384185791015625e-07
    vertex -7.897599697113037 -1.5999999046325684 1.6000003814697266
    vertex -8.012800216674805 -1.5999999046325684 1.6000003814697266
  endloop
endfacet
facet normal 0.0 0.0 0.0
  outer loop
    vertex -8.012800216674805 -1.5999999046325684 1.6000003814697266
    vertex -8.012800216674805 -1.5999999046325684 2.384185791015625e-07
    vertex -7.897599697113037 -1.5999999046325684 2.384185791015625e-07
  endloop
endfacet
facet normal 0.0 0.0 0.0
  outer loop
    vertex -8.012800216674805 -1.5999999046325684 2.384185791015625e-07
    vertex -8.012800216674805 -1.5999999046325684 1.6000003814697266
    vertex -8.115199089050293 -1.5999999046325684 1.6000003814697266
  endloop
endfacet
facet normal 0.0 0.0 0.0
  outer loop
    vertex -8.115199089050293 -1.5999999046325684 1.6000003814697266
    vertex -8.115199089050293 -1.5999999046325684 2.384185791015625e-07
    vertex -8.012800216674805 -1.5999999046325684 2.384185791015625e-07
  endloop
endfacet
facet normal 0.0 0.0 0.0
  outer loop
    vertex -8.115199089050293 -1.5999999046325684 2.384185791015625e-07
    vertex -8.115199089050293 -1.5999999046325684 1.6000003814697266
    vertex -8.217599868774414 -1.5872000455856323 1.6000003814697266
  endloop
endfacet
facet normal 0.0 0.0 0.0
  outer loop
    vertex -8.217599868774414 -1.5872000455856323 1.6000003814697266
    vertex -8.217599868774414 -1.5872000455856323 2.384185791015625e-07
    vertex -8.115199089050293 -1.5999999046325684 2.384185791015625e-07
  endloop
endfacet
facet normal 0.0 0.0 0.0
  outer loop
    vertex -8.217599868774414 -1.5872000455856323 2.384185791015625e-07
    vertex -8.217599868774414 -1.5872000455856323 1.6000003814697266
    vertex -8.319999694824219 -1.5743999481201172 1.6000003814697266
  endloop
endfacet
facet normal 0.0 0.0 0.0
  outer loop
    vertex -8.319999694824219 -1.5743999481201172 1.6000003814697266
    vertex -8.319999694824219 -1.5743999481201172 2.384185791015625e-07
    vertex -8.217599868774414 -1.5872000455856323 2.384185791015625e-07
  endloop
endfacet
facet normal 0.0 0.0 0.0
  outer loop
    vertex -8.319999694824219 -1.5743999481201172 2.384185791015625e-07
    vertex -8.319999694824219 -1.5743999481201172 1.6000003814697266
    vertex -8.422399520874023 -1.5487998723983765 1.6000003814697266
  endloop
endfacet
facet normal 0.0 0.0 0.0
  outer loop
    vertex -8.422399520874023 -1.5487998723983765 1.6000003814697266
    vertex -8.422399520874023 -1.5487998723983765 2.384185791015625e-07
    vertex -8.319999694824219 -1.5743999481201172 2.384185791015625e-07
  endloop
endfacet
facet normal 0.0 0.0 0.0
  outer loop
    vertex -8.422399520874023 -1.5487998723983765 2.384185791015625e-07
    vertex -8.422399520874023 -1.5487998723983765 1.6000003814697266
    vertex -8.524799346923828 -1.5104000568389893 1.6000003814697266
  endloop
endfacet
facet normal 0.0 0.0 0.0
  outer loop
    vertex -8.524799346923828 -1.5104000568389893 1.6000003814697266
    vertex -8.524799346923828 -1.5104000568389893 2.384185791015625e-07
    vertex -8.422399520874023 -1.5487998723983765 2.384185791015625e-07
  endloop
endfacet
facet normal 0.0 0.0 0.0
  outer loop
    vertex -8.524799346923828 -1.5104000568389893 2.384185791015625e-07
    vertex -8.524799346923828 -1.5104000568389893 1.6000003814697266
    vertex -8.614399909973145 -1.4719998836517334 1.6000003814697266
  endloop
endfacet
facet normal 0.0 0.0 0.0
  outer loop
    vertex -8.614399909973145 -1.4719998836517334 1.6000003814697266
    vertex -8.614399909973145 -1.4719998836517334 2.384185791015625e-07
    vertex -8.524799346923828 -1.5104000568389893 2.384185791015625e-07
  endloop
endfacet
facet normal 0.0 0.0 0.0
  outer loop
    vertex -8.71679973602295 -1.4335999488830566 1.6000003814697266
    vertex -8.71679973602295 -1.4335999488830566 2.384185791015625e-07
    vertex -8.614399909973145 -1.4719998836517334 2.384185791015625e-07
  endloop
endfacet
facet normal 0.0 0.0 0.0
  outer loop
    vertex -8.614399909973145 -1.4719998836517334 2.384185791015625e-07
    vertex -8.614399909973145 -1.4719998836517334 1.6000003814697266
    vertex -8.69119930267334 -1.4463999271392822 1.6000003814697266
  endloop
endfacet
facet normal 0.0 0.0 0.0
  outer loop
    vertex -8.614399909973145 -1.4719998836517334 2.384185791015625e-07
    vertex -8.69119930267334 -1.4463999271392822 1.6000003814697266
    vertex -8.71679973602295 -1.4335999488830566 1.6000003814697266
  endloop
endfacet
facet normal 0.0 0.0 0.0
  outer loop
    vertex -8.71679973602295 -1.4335999488830566 2.384185791015625e-07
    vertex -8.71679973602295 -1.4335999488830566 1.6000003814697266
    vertex -8.80639934539795 -1.3823997974395752 1.6000003814697266
  endloop
endfacet
facet normal 0.0 0.0 0.0
  outer loop
    vertex -8.80639934539795 -1.3823997974395752 1.6000003814697266
    vertex -8.80639934539795 -1.3823997974395752 2.384185791015625e-07
    vertex -8.71679973602295 -1.4335999488830566 2.384185791015625e-07
  endloop
endfacet
facet normal 0.0 0.0 0.0
  outer loop
    vertex -8.80639934539795 -1.3823997974395752 2.384185791015625e-07
    vertex -8.80639934539795 -1.3823997974395752 1.6000003814697266
    vertex -8.895999908447266 -1.3312000036239624 1.6000003814697266
  endloop
endfacet
facet normal 0.0 0.0 0.0
  outer loop
    vertex -8.895999908447266 -1.3312000036239624 1.6000003814697266
    vertex -8.895999908447266 -1.3312000036239624 2.384185791015625e-07
    vertex -8.80639934539795 -1.3823997974395752 2.384185791015625e-07
  endloop
endfacet
facet normal 0.0 0.0 0.0
  outer loop
    vertex -8.895999908447266 -1.3312000036239624 2.384185791015625e-07
    vertex -8.895999908447266 -1.3312000036239624 1.6000003814697266
    vertex -8.985599517822266 -1.2671997547149658 1.6000003814697266
  endloop
endfacet
facet normal 0.0 0.0 0.0
  outer loop
    vertex -8.985599517822266 -1.2671997547149658 1.6000003814697266
    vertex -8.985599517822266 -1.2671997547149658 2.384185791015625e-07
    vertex -8.895999908447266 -1.3312000036239624 2.384185791015625e-07
  endloop
endfacet
facet normal 0.0 0.0 0.0
  outer loop
    vertex -8.985599517822266 -1.2671997547149658 2.384185791015625e-07
    vertex -8.985599517822266 -1.2671997547149658 1.6000003814697266
    vertex -9.062399864196777 -1.203199863433838 1.6000003814697266
  endloop
endfacet
facet normal 0.0 0.0 0.0
  outer loop
    vertex -9.062399864196777 -1.203199863433838 1.6000003814697266
    vertex -9.062399864196777 -1.203199863433838 2.384185791015625e-07
    vertex -8.985599517822266 -1.2671997547149658 2.384185791015625e-07
  endloop
endfacet
facet normal 0.0 0.0 0.0
  outer loop
    vertex -9.062399864196777 -1.203199863433838 2.384185791015625e-07
    vertex -9.062399864196777 -1.203199863433838 1.6000003814697266
    vertex -9.139200210571289 -1.1263999938964844 1.6000003814697266
  endloop
endfacet
facet normal 0.0 0.0 0.0
  outer loop
    vertex -9.139200210571289 -1.1263999938964844 1.6000003814697266
    vertex -9.139200210571289 -1.1263999938964844 2.384185791015625e-07
    vertex -9.062399864196777 -1.203199863433838 2.384185791015625e-07
  endloop
endfacet
facet normal 0.0 0.0 0.0
  outer loop
    vertex -9.139200210571289 -1.1263999938964844 1.6000003814697266
    vertex -9.203200340270996 -1.0495998859405518 1.6000003814697266
    vertex -9.139200210571289 -1.1263999938964844 2.384185791015625e-07
  endloop
endfacet
facet normal 0.0 0.0 0.0
  outer loop
    vertex -9.203200340270996 -1.0495998859405518 2.384185791015625e-07
    vertex -9.139200210571289 -1.1263999938964844 2.384185791015625e-07
    vertex -9.203200340270996 -1.0495998859405518 1.6000003814697266
  endloop
endfacet
facet normal 0.0 0.0 0.0
  outer loop
    vertex -9.203200340270996 -1.0495998859405518 1.6000003814697266
    vertex -9.279999732971191 -0.9727999567985535 1.6000003814697266
    vertex -9.203200340270996 -1.0495998859405518 2.384185791015625e-07
  endloop
endfacet
facet normal 0.0 0.0 0.0
  outer loop
    vertex -9.279999732971191 -0.9727999567985535 2.384185791015625e-07
    vertex -9.203200340270996 -1.0495998859405518 2.384185791015625e-07
    vertex -9.279999732971191 -0.9727999567985535 1.6000003814697266
  endloop
endfacet
facet normal 0.0 0.0 0.0
  outer loop
    vertex -9.279999732971191 -0.9727999567985535 1.6000003814697266
    vertex -9.331199645996094 -0.8831998705863953 1.6000003814697266
    vertex -9.279999732971191 -0.9727999567985535 2.384185791015625e-07
  endloop
endfacet
facet normal 0.0 0.0 0.0
  outer loop
    vertex -9.331199645996094 -0.8831998705863953 2.384185791015625e-07
    vertex -9.279999732971191 -0.9727999567985535 2.384185791015625e-07
    vertex -9.331199645996094 -0.8831998705863953 1.6000003814697266
  endloop
endfacet
facet normal 0.0 0.0 0.0
  outer loop
    vertex -9.331199645996094 -0.8831998705863953 1.6000003814697266
    vertex -9.3951997756958 -0.8063998818397522 1.6000003814697266
    vertex -9.331199645996094 -0.8831998705863953 2.384185791015625e-07
  endloop
endfacet
facet normal 0.0 0.0 0.0
  outer loop
    vertex -9.3951997756958 -0.8063998818397522 2.384185791015625e-07
    vertex -9.331199645996094 -0.8831998705863953 2.384185791015625e-07
    vertex -9.3951997756958 -0.8063998818397522 1.6000003814697266
  endloop
endfacet
facet normal 0.0 0.0 0.0
  outer loop
    vertex -9.3951997756958 -0.8063998818397522 1.6000003814697266
    vertex -9.446399688720703 -0.7039999961853027 1.6000003814697266
    vertex -9.3951997756958 -0.8063998818397522 2.384185791015625e-07
  endloop
endfacet
facet normal 0.0 0.0 0.0
  outer loop
    vertex -9.446399688720703 -0.7039999961853027 2.384185791015625e-07
    vertex -9.3951997756958 -0.8063998818397522 2.384185791015625e-07
    vertex -9.446399688720703 -0.7039999961853027 1.6000003814697266
  endloop
endfacet
facet normal 0.0 0.0 0.0
  outer loop
    vertex -9.446399688720703 -0.7039999961853027 1.6000003814697266
    vertex -9.4847993850708 -0.6144002079963684 1.6000003814697266
    vertex -9.446399688720703 -0.7039999961853027 2.384185791015625e-07
  endloop
endfacet
facet normal 0.0 0.0 0.0
  outer loop
    vertex -9.4847993850708 -0.6144002079963684 2.384185791015625e-07
    vertex -9.446399688720703 -0.7039999961853027 2.384185791015625e-07
    vertex -9.4847993850708 -0.6144002079963684 1.6000003814697266
  endloop
endfacet
facet normal 0.0 0.0 0.0
  outer loop
    vertex -9.4847993850708 -0.6144002079963684 1.6000003814697266
    vertex -9.523199081420898 -0.5120000243186951 1.6000003814697266
    vertex -9.4847993850708 -0.6144002079963684 2.384185791015625e-07
  endloop
endfacet
facet normal 0.0 0.0 0.0
  outer loop
    vertex -9.523199081420898 -0.5120000243186951 2.384185791015625e-07
    vertex -9.4847993850708 -0.6144002079963684 2.384185791015625e-07
    vertex -9.523199081420898 -0.5120000243186951 1.6000003814697266
  endloop
endfacet
facet normal 0.0 0.0 0.0
  outer loop
    vertex -9.523199081420898 -0.5120000243186951 1.6000003814697266
    vertex -9.548799514770508 -0.4096001386642456 1.6000003814697266
    vertex -9.523199081420898 -0.5120000243186951 2.384185791015625e-07
  endloop
endfacet
facet normal 0.0 0.0 0.0
  outer loop
    vertex -9.548799514770508 -0.409600168466568 2.384185791015625e-07
    vertex -9.523199081420898 -0.5120000243186951 2.384185791015625e-07
    vertex -9.548799514770508 -0.4096001386642456 1.6000003814697266
  endloop
endfacet
facet normal 0.0 0.0 0.0
  outer loop
    vertex -9.548799514770508 -0.4096001386642456 1.6000003814697266
    vertex -9.574399948120117 -0.30719995498657227 1.6000003814697266
    vertex -9.548799514770508 -0.409600168466568 2.384185791015625e-07
  endloop
endfacet
facet normal 0.0 0.0 0.0
  outer loop
    vertex -9.574399948120117 -0.30719998478889465 2.384185791015625e-07
    vertex -9.548799514770508 -0.409600168466568 2.384185791015625e-07
    vertex -9.574399948120117 -0.30719995498657227 1.6000003814697266
  endloop
endfacet
facet normal 0.0 0.0 0.0
  outer loop
    vertex -9.574399948120117 -0.30719995498657227 1.6000003814697266
    vertex -9.587199211120605 -0.204800084233284 1.6000003814697266
    vertex -9.574399948120117 -0.30719998478889465 2.384185791015625e-07
  endloop
endfacet
facet normal 0.0 0.0 0.0
  outer loop
    vertex -9.587199211120605 -0.2048000991344452 2.384185791015625e-07
    vertex -9.574399948120117 -0.30719998478889465 2.384185791015625e-07
    vertex -9.587199211120605 -0.204800084233284 1.6000003814697266
  endloop
endfacet
facet normal 0.0 0.0 0.0
  outer loop
    vertex -9.587199211120605 -0.204800084233284 1.6000003814697266
    vertex -9.600000381469727 -0.10239990055561066 1.6000003814697266
    vertex -9.587199211120605 -0.2048000991344452 2.384185791015625e-07
  endloop
endfacet
facet normal 0.0 0.0 0.0
  outer loop
    vertex -9.600000381469727 -0.10239992290735245 2.384185791015625e-07
    vertex -9.587199211120605 -0.2048000991344452 2.384185791015625e-07
    vertex -9.600000381469727 -0.10239990055561066 1.6000003814697266
  endloop
endfacet
facet normal 0.0 0.0 0.0
  outer loop
    vertex -9.600000381469727 -0.10239990055561066 1.6000003814697266
    vertex -9.612800598144531 -1.288293027812415e-08 1.6000003814697266
    vertex -9.600000381469727 -0.10239992290735245 2.384185791015625e-07
  endloop
endfacet
facet normal 0.0 0.0 0.0
  outer loop
    vertex -9.612800598144531 -3.2998482168977716e-08 2.384185791015625e-07
    vertex -9.600000381469727 -0.10239992290735245 2.384185791015625e-07
    vertex -9.612800598144531 -1.288293027812415e-08 1.6000003814697266
  endloop
endfacet
facet normal 0.0 0.0 0.0
  outer loop
    vertex -9.612800598144531 -1.288293027812415e-08 1.6000003814697266
    vertex -9.600000381469727 0.10240016877651215 1.600000262260437
    vertex -9.612800598144531 -3.2998482168977716e-08 2.384185791015625e-07
  endloop
endfacet
facet normal 0.0 0.0 0.0
  outer loop
    vertex -9.600000381469727 0.10240014642477036 2.384185791015625e-07
    vertex -9.612800598144531 -3.2998482168977716e-08 2.384185791015625e-07
    vertex -9.600000381469727 0.10240016877651215 1.600000262260437
  endloop
endfacet
facet normal 0.0 0.0 0.0
  outer loop
    vertex -9.600000381469727 0.10240016877651215 1.600000262260437
    vertex -9.587199211120605 0.2048000544309616 1.600000262260437
    vertex -9.600000381469727 0.10240014642477036 2.384185791015625e-07
  endloop
endfacet
facet normal 0.0 0.0 0.0
  outer loop
    vertex -9.587199211120605 0.20480003952980042 2.384185791015625e-07
    vertex -9.600000381469727 0.10240014642477036 2.384185791015625e-07
    vertex -9.587199211120605 0.2048000544309616 1.600000262260437
  endloop
endfacet
facet normal 0.0 0.0 0.0
  outer loop
    vertex -9.587199211120605 0.2048000544309616 1.600000262260437
    vertex -9.574399948120117 0.30720025300979614 1.600000262260437
    vertex -9.587199211120605 0.20480003952980042 2.384185791015625e-07
  endloop
endfacet
facet normal 0.0 0.0 0.0
  outer loop
    vertex -9.574399948120117 0.30720022320747375 2.384185791015625e-07
    vertex -9.587199211120605 0.20480003952980042 2.384185791015625e-07
    vertex -9.574399948120117 0.30720025300979614 1.600000262260437
  endloop
endfacet
facet normal 0.0 0.0 0.0
  outer loop
    vertex -9.574399948120117 0.30720025300979614 1.600000262260437
    vertex -9.548799514770508 0.4096001386642456 1.600000262260437
    vertex -9.574399948120117 0.30720022320747375 2.384185791015625e-07
  endloop
endfacet
facet normal 0.0 0.0 0.0
  outer loop
    vertex -9.548799514770508 0.4096001088619232 2.384185791015625e-07
    vertex -9.574399948120117 0.30720022320747375 2.384185791015625e-07
    vertex -9.548799514770508 0.4096001386642456 1.600000262260437
  endloop
endfacet
facet normal 0.0 0.0 0.0
  outer loop
    vertex -9.548799514770508 0.4096001386642456 1.600000262260437
    vertex -9.523199081420898 0.512000322341919 1.600000262260437
    vertex -9.548799514770508 0.4096001088619232 2.384185791015625e-07
  endloop
endfacet
facet normal 0.0 0.0 0.0
  outer loop
    vertex -9.523199081420898 0.512000322341919 2.384185791015625e-07
    vertex -9.548799514770508 0.4096001088619232 2.384185791015625e-07
    vertex -9.523199081420898 0.512000322341919 1.600000262260437
  endloop
endfacet
facet normal 0.0 0.0 0.0
  outer loop
    vertex -9.523199081420898 0.512000322341919 1.600000262260437
    vertex -9.4847993850708 0.6144002079963684 1.600000262260437
    vertex -9.523199081420898 0.512000322341919 2.384185791015625e-07
  endloop
endfacet
facet normal 0.0 0.0 0.0
  outer loop
    vertex -9.4847993850708 0.6144002079963684 2.384185791015625e-07
    vertex -9.523199081420898 0.512000322341919 2.384185791015625e-07
    vertex -9.4847993850708 0.6144002079963684 1.600000262260437
  endloop
endfacet
facet normal 0.0 0.0 0.0
  outer loop
    vertex -9.4847993850708 0.6144002079963684 1.600000262260437
    vertex -9.446399688720703 0.7039999961853027 1.600000262260437
    vertex -9.4847993850708 0.6144002079963684 2.384185791015625e-07
  endloop
endfacet
facet normal 0.0 0.0 0.0
  outer loop
    vertex -9.446399688720703 0.7039999961853027 2.384185791015625e-07
    vertex -9.4847993850708 0.6144002079963684 2.384185791015625e-07
    vertex -9.446399688720703 0.7039999961853027 1.600000262260437
  endloop
endfacet
facet normal 0.0 0.0 0.0
  outer loop
    vertex -9.446399688720703 0.7039999961853027 1.600000262260437
    vertex -9.3951997756958 0.7936000823974609 1.600000262260437
    vertex -9.446399688720703 0.7039999961853027 2.384185791015625e-07
  endloop
endfacet
facet normal 0.0 0.0 0.0
  outer loop
    vertex -9.3951997756958 0.7936000823974609 2.384185791015625e-07
    vertex -9.446399688720703 0.7039999961853027 2.384185791015625e-07
    vertex -9.3951997756958 0.7936000823974609 1.600000262260437
  endloop
endfacet
facet normal 0.0 0.0 0.0
  outer loop
    vertex -9.3951997756958 0.7936000823974609 1.600000262260437
    vertex -9.331199645996094 0.8832001686096191 1.600000262260437
    vertex -9.3951997756958 0.7936000823974609 2.384185791015625e-07
  endloop
endfacet
facet normal 0.0 0.0 0.0
  outer loop
    vertex -9.331199645996094 0.8832001686096191 2.384185791015625e-07
    vertex -9.3951997756958 0.7936000823974609 2.384185791015625e-07
    vertex -9.331199645996094 0.8832001686096191 1.600000262260437
  endloop
endfacet
facet normal 0.0 0.0 0.0
  outer loop
    vertex -9.331199645996094 0.8832001686096191 1.600000262260437
    vertex -9.279999732971191 0.9727999567985535 1.600000262260437
    vertex -9.331199645996094 0.8832001686096191 2.384185791015625e-07
  endloop
endfacet
facet normal 0.0 0.0 0.0
  outer loop
    vertex -9.279999732971191 0.9727999567985535 2.384185791015625e-07
    vertex -9.331199645996094 0.8832001686096191 2.384185791015625e-07
    vertex -9.279999732971191 0.9727999567985535 1.600000262260437
  endloop
endfacet
facet normal 0.0 0.0 0.0
  outer loop
    vertex -9.279999732971191 0.9727999567985535 1.600000262260437
    vertex -9.203200340270996 1.0496002435684204 1.600000262260437
    vertex -9.279999732971191 0.9727999567985535 2.384185791015625e-07
  endloop
endfacet
facet normal 0.0 0.0 0.0
  outer loop
    vertex -9.203200340270996 1.0496002435684204 2.384185791015625e-07
    vertex -9.279999732971191 0.9727999567985535 2.384185791015625e-07
    vertex -9.203200340270996 1.0496002435684204 1.600000262260437
  endloop
endfacet
facet normal 0.0 0.0 0.0
  outer loop
    vertex -9.203200340270996 1.0496002435684204 1.600000262260437
    vertex -9.139200210571289 1.1264002323150635 1.600000262260437
    vertex -9.203200340270996 1.0496002435684204 2.384185791015625e-07
  endloop
endfacet
facet normal 0.0 0.0 0.0
  outer loop
    vertex -9.139200210571289 1.1264002323150635 2.384185791015625e-07
    vertex -9.203200340270996 1.0496002435684204 2.384185791015625e-07
    vertex -9.139200210571289 1.1264002323150635 1.600000262260437
  endloop
endfacet
facet normal 0.0 0.0 0.0
  outer loop
    vertex -9.139200210571289 1.1264002323150635 1.600000262260437
    vertex -9.062399864196777 1.2032002210617065 1.600000262260437
    vertex -9.139200210571289 1.1264002323150635 2.384185791015625e-07
  endloop
endfacet
facet normal 0.0 0.0 0.0
  outer loop
    vertex -9.062399864196777 1.2032002210617065 2.384185791015625e-07
    vertex -9.139200210571289 1.1264002323150635 2.384185791015625e-07
    vertex -9.062399864196777 1.2032002210617065 1.600000262260437
  endloop
endfacet
facet normal 0.0 0.0 0.0
  outer loop
    vertex -9.062399864196777 1.2032002210617065 1.600000262260437
    vertex -8.985599517822266 1.2672001123428345 1.600000262260437
    vertex -9.062399864196777 1.2032002210617065 2.384185791015625e-07
  endloop
endfacet
facet normal 0.0 0.0 0.0
  outer loop
    vertex -8.985599517822266 1.2672001123428345 2.384185791015625e-07
    vertex -9.062399864196777 1.2032002210617065 2.384185791015625e-07
    vertex -8.985599517822266 1.2672001123428345 1.600000262260437
  endloop
endfacet
facet normal 0.0 0.0 0.0
  outer loop
    vertex -8.985599517822266 1.2672001123428345 1.600000262260437
    vertex -8.895999908447266 1.3312000036239624 1.600000262260437
    vertex -8.985599517822266 1.2672001123428345 2.384185791015625e-07
  endloop
endfacet
facet normal 0.0 0.0 0.0
  outer loop
    vertex -8.895999908447266 1.3312000036239624 2.384185791015625e-07
    vertex -8.985599517822266 1.2672001123428345 2.384185791015625e-07
    vertex -8.895999908447266 1.3312000036239624 1.600000262260437
  endloop
endfacet
facet normal 0.0 0.0 0.0
  outer loop
    vertex -8.895999908447266 1.3312000036239624 1.600000262260437
    vertex -8.80639934539795 1.3823997974395752 1.600000262260437
    vertex -8.895999908447266 1.3312000036239624 2.384185791015625e-07
  endloop
endfacet
facet normal 0.0 0.0 0.0
  outer loop
    vertex -8.80639934539795 1.3823997974395752 2.384185791015625e-07
    vertex -8.895999908447266 1.3312000036239624 2.384185791015625e-07
    vertex -8.80639934539795 1.3823997974395752 1.600000262260437
  endloop
endfacet
facet normal 0.0 0.0 0.0
  outer loop
    vertex -8.80639934539795 1.3823997974395752 1.600000262260437
    vertex -8.71679973602295 1.4336001873016357 1.600000262260437
    vertex -8.80639934539795 1.3823997974395752 2.384185791015625e-07
  endloop
endfacet
facet normal 0.0 0.0 0.0
  outer loop
    vertex -8.71679973602295 1.4336001873016357 2.384185791015625e-07
    vertex -8.80639934539795 1.3823997974395752 2.384185791015625e-07
    vertex -8.71679973602295 1.4336001873016357 1.600000262260437
  endloop
endfacet
facet normal 0.0 0.0 0.0
  outer loop
    vertex -8.71679973602295 1.4336001873016357 1.600000262260437
    vertex -8.69119930267334 1.4464002847671509 1.600000262260437
    vertex -8.71679973602295 1.4336001873016357 2.384185791015625e-07
  endloop
endfacet
facet normal 0.0 0.0 0.0
  outer loop
    vertex -8.614399909973145 1.4719998836517334 2.384185791015625e-07
    vertex -8.71679973602295 1.4336001873016357 2.384185791015625e-07
    vertex -8.614399909973145 1.4719998836517334 1.600000262260437
  endloop
endfacet
facet normal 0.0 0.0 0.0
  outer loop
    vertex -8.614399909973145 1.4719998836517334 1.600000262260437
    vertex -8.71679973602295 1.4336001873016357 2.384185791015625e-07
    vertex -8.69119930267334 1.4464002847671509 1.600000262260437
  endloop
endfacet
facet normal 0.0 0.0 0.0
  outer loop
    vertex -8.614399909973145 1.4719998836517334 1.600000262260437
    vertex -8.524799346923828 1.5104001760482788 1.600000262260437
    vertex -8.614399909973145 1.4719998836517334 2.384185791015625e-07
  endloop
endfacet
facet normal 0.0 0.0 0.0
  outer loop
    vertex -8.524799346923828 1.5104001760482788 2.384185791015625e-07
    vertex -8.614399909973145 1.4719998836517334 2.384185791015625e-07
    vertex -8.524799346923828 1.5104001760482788 1.600000262260437
  endloop
endfacet
facet normal 0.0 0.0 0.0
  outer loop
    vertex -8.524799346923828 1.5104001760482788 1.600000262260437
    vertex -8.422399520874023 1.5488004684448242 1.600000262260437
    vertex -8.524799346923828 1.5104001760482788 2.384185791015625e-07
  endloop
endfacet
facet normal 0.0 0.0 0.0
  outer loop
    vertex -8.422399520874023 1.5488004684448242 2.384185791015625e-07
    vertex -8.524799346923828 1.5104001760482788 2.384185791015625e-07
    vertex -8.422399520874023 1.5488004684448242 1.600000262260437
  endloop
endfacet
facet normal 0.0 0.0 0.0
  outer loop
    vertex -8.422399520874023 1.5488004684448242 1.600000262260437
    vertex -8.319999694824219 1.5744000673294067 1.600000262260437
    vertex -8.422399520874023 1.5488004684448242 2.384185791015625e-07
  endloop
endfacet
facet normal 0.0 0.0 0.0
  outer loop
    vertex -8.319999694824219 1.5744000673294067 2.384185791015625e-07
    vertex -8.422399520874023 1.5488004684448242 2.384185791015625e-07
    vertex -8.319999694824219 1.5744000673294067 1.600000262260437
  endloop
endfacet
facet normal 0.0 0.0 0.0
  outer loop
    vertex -8.319999694824219 1.5744000673294067 1.600000262260437
    vertex -8.217599868774414 1.5872001647949219 1.600000262260437
    vertex -8.319999694824219 1.5744000673294067 2.384185791015625e-07
  endloop
endfacet
facet normal 0.0 0.0 0.0
  outer loop
    vertex -8.217599868774414 1.5872001647949219 2.384185791015625e-07
    vertex -8.319999694824219 1.5744000673294067 2.384185791015625e-07
    vertex -8.217599868774414 1.5872001647949219 1.600000262260437
  endloop
endfacet
facet normal 0.0 0.0 0.0
  outer loop
    vertex -8.217599868774414 1.5872001647949219 1.600000262260437
    vertex -8.115199089050293 1.5999996662139893 1.600000262260437
    vertex -8.217599868774414 1.5872001647949219 2.384185791015625e-07
  endloop
endfacet
facet normal 0.0 0.0 0.0
  outer loop
    vertex -8.115199089050293 1.5999996662139893 2.384185791015625e-07
    vertex -8.217599868774414 1.5872001647949219 2.384185791015625e-07
    vertex -8.115199089050293 1.5999996662139893 1.600000262260437
  endloop
endfacet
facet normal 0.0 0.0 0.0
  outer loop
    vertex -8.115199089050293 1.5999996662139893 1.600000262260437
    vertex -8.012800216674805 1.5999996662139893 1.600000262260437
    vertex -8.115199089050293 1.5999996662139893 2.384185791015625e-07
  endloop
endfacet
facet normal 0.0 0.0 0.0
  outer loop
    vertex -8.012800216674805 1.5999996662139893 2.384185791015625e-07
    vertex -8.115199089050293 1.5999996662139893 2.384185791015625e-07
    vertex -8.012800216674805 1.5999996662139893 1.600000262260437
  endloop
endfacet
facet normal 0.0 0.0 0.0
  outer loop
    vertex -8.012800216674805 1.5999996662139893 1.600000262260437
    vertex -7.897599697113037 1.5999996662139893 1.600000262260437
    vertex -8.012800216674805 1.5999996662139893 2.384185791015625e-07
  endloop
endfacet
facet normal 0.0 0.0 0.0
  outer loop
    vertex -7.897599697113037 1.5999996662139893 2.384185791015625e-07
    vertex -8.012800216674805 1.5999996662139893 2.384185791015625e-07
    vertex -7.897599697113037 1.5999996662139893 1.600000262260437
  endloop
endfacet
facet normal 0.0 0.0 0.0
  outer loop
    vertex -7.897599697113037 1.5999996662139893 1.600000262260437
    vertex -7.795199394226074 1.5872001647949219 1.600000262260437
    vertex -7.897599697113037 1.5999996662139893 2.384185791015625e-07
  endloop
endfacet
facet normal 0.0 0.0 0.0
  outer loop
    vertex -7.795199394226074 1.5872001647949219 2.384185791015625e-07
    vertex -7.897599697113037 1.5999996662139893 2.384185791015625e-07
    vertex -7.795199394226074 1.5872001647949219 1.600000262260437
  endloop
endfacet
facet normal 0.0 0.0 0.0
  outer loop
    vertex -7.795199394226074 1.5872001647949219 1.600000262260437
    vertex -7.692799091339111 1.5744000673294067 1.600000262260437
    vertex -7.795199394226074 1.5872001647949219 2.384185791015625e-07
  endloop
endfacet
facet normal 0.0 0.0 0.0
  outer loop
    vertex -7.692799091339111 1.5744000673294067 2.384185791015625e-07
    vertex -7.795199394226074 1.5872001647949219 2.384185791015625e-07
    vertex -7.692799091339111 1.5744000673294067 1.600000262260437
  endloop
endfacet
facet normal 0.0 0.0 0.0
  outer loop
    vertex -7.692799091339111 1.5744000673294067 1.600000262260437
    vertex -7.590400218963623 1.5488004684448242 1.600000262260437
    vertex -7.692799091339111 1.5744000673294067 2.384185791015625e-07
  endloop
endfacet
facet normal 0.0 0.0 0.0
  outer loop
    vertex -7.590400218963623 1.5488004684448242 2.384185791015625e-07
    vertex -7.692799091339111 1.5744000673294067 2.384185791015625e-07
    vertex -7.590400218963623 1.5488004684448242 1.600000262260437
  endloop
endfacet
facet normal 0.0 0.0 0.0
  outer loop
    vertex -7.590400218963623 1.5488004684448242 1.600000262260437
    vertex -7.48799991607666 1.5104001760482788 1.600000262260437
    vertex -7.590400218963623 1.5488004684448242 2.384185791015625e-07
  endloop
endfacet
facet normal 0.0 0.0 0.0
  outer loop
    vertex -7.48799991607666 1.5104001760482788 2.384185791015625e-07
    vertex -7.590400218963623 1.5488004684448242 2.384185791015625e-07
    vertex -7.48799991607666 1.5104001760482788 1.600000262260437
  endloop
endfacet
facet normal 0.0 0.0 0.0
  outer loop
    vertex -7.48799991607666 1.5104001760482788 1.600000262260437
    vertex -7.398399353027344 1.4719998836517334 1.600000262260437
    vertex -7.48799991607666 1.5104001760482788 2.384185791015625e-07
  endloop
endfacet
facet normal 0.0 0.0 0.0
  outer loop
    vertex -7.398399353027344 1.4719998836517334 2.384185791015625e-07
    vertex -7.48799991607666 1.5104001760482788 2.384185791015625e-07
    vertex -7.398399353027344 1.4719998836517334 1.600000262260437
  endloop
endfacet
facet normal 0.0 0.0 0.0
  outer loop
    vertex -7.398399353027344 1.4719998836517334 1.600000262260437
    vertex -7.295999526977539 1.4336001873016357 1.600000262260437
    vertex -7.398399353027344 1.4719998836517334 2.384185791015625e-07
  endloop
endfacet
facet normal 0.0 0.0 0.0
  outer loop
    vertex -7.295999526977539 1.4336001873016357 2.384185791015625e-07
    vertex -7.398399353027344 1.4719998836517334 2.384185791015625e-07
    vertex -7.295999526977539 1.4336001873016357 1.600000262260437
  endloop
endfacet
facet normal 0.0 0.0 0.0
  outer loop
    vertex -7.295999526977539 1.4336001873016357 1.600000262260437
    vertex -7.206399440765381 1.3823997974395752 1.600000262260437
    vertex -7.295999526977539 1.4336001873016357 2.384185791015625e-07
  endloop
endfacet
facet normal 0.0 0.0 0.0
  outer loop
    vertex -7.206399440765381 1.3823997974395752 2.384185791015625e-07
    vertex -7.295999526977539 1.4336001873016357 2.384185791015625e-07
    vertex -7.206399440765381 1.3823997974395752 1.600000262260437
  endloop
endfacet
facet normal 0.0 0.0 0.0
  outer loop
    vertex -7.206399440765381 1.3823997974395752 1.600000262260437
    vertex -7.116799831390381 1.3312000036239624 1.600000262260437
    vertex -7.206399440765381 1.3823997974395752 2.384185791015625e-07
  endloop
endfacet
facet normal 0.0 0.0 0.0
  outer loop
    vertex -7.116799831390381 1.3312000036239624 2.384185791015625e-07
    vertex -7.206399440765381 1.3823997974395752 2.384185791015625e-07
    vertex -7.116799831390381 1.3312000036239624 1.600000262260437
  endloop
endfacet
facet normal 0.0 0.0 0.0
  outer loop
    vertex -7.116799831390381 1.3312000036239624 1.600000262260437
    vertex -7.0271992683410645 1.2672001123428345 1.600000262260437
    vertex -7.116799831390381 1.3312000036239624 2.384185791015625e-07
  endloop
endfacet
facet normal 0.0 0.0 0.0
  outer loop
    vertex -7.0271992683410645 1.2672001123428345 2.384185791015625e-07
    vertex -7.116799831390381 1.3312000036239624 2.384185791015625e-07
    vertex -7.0271992683410645 1.2672001123428345 1.600000262260437
  endloop
endfacet
facet normal 0.0 0.0 0.0
  outer loop
    vertex -7.0271992683410645 1.2672001123428345 1.600000262260437
    vertex -6.988799095153809 1.2415999174118042 1.600000262260437
    vertex -7.0271992683410645 1.2672001123428345 2.384185791015625e-07
  endloop
endfacet
facet normal 0.0 0.0 0.0
  outer loop
    vertex -6.950399875640869 1.2032002210617065 2.384185791015625e-07
    vertex -7.0271992683410645 1.2672001123428345 2.384185791015625e-07
    vertex -6.950399875640869 1.2032002210617065 1.600000262260437
  endloop
endfacet
facet normal 0.0 0.0 0.0
  outer loop
    vertex -6.950399875640869 1.2032002210617065 1.600000262260437
    vertex -7.0271992683410645 1.2672001123428345 2.384185791015625e-07
    vertex -6.988799095153809 1.2415999174118042 1.600000262260437
  endloop
endfacet
facet normal 0.0 0.0 0.0
  outer loop
    vertex -6.950399875640869 1.2032002210617065 1.600000262260437
    vertex -6.88640022277832 1.151999831199646 1.600000262260437
    vertex -6.950399875640869 1.2032002210617065 2.384185791015625e-07
  endloop
endfacet
facet normal 0.0 0.0 0.0
  outer loop
    vertex -6.873599529266357 1.1264002323150635 2.384185791015625e-07
    vertex -6.950399875640869 1.2032002210617065 2.384185791015625e-07
    vertex -6.873599529266357 1.1264002323150635 1.600000262260437
  endloop
endfacet
facet normal 0.0 0.0 0.0
  outer loop
    vertex -6.873599529266357 1.1264002323150635 1.600000262260437
    vertex -6.950399875640869 1.2032002210617065 2.384185791015625e-07
    vertex -6.88640022277832 1.151999831199646 1.600000262260437
  endloop
endfacet
facet normal 0.0 0.0 0.0
  outer loop
    vertex -6.873599529266357 1.1264002323150635 2.384185791015625e-07
    vertex -6.80959939956665 1.0496002435684204 1.600000262260437
    vertex -6.80959939956665 1.0496002435684204 2.384185791015625e-07
  endloop
endfacet
facet normal 0.0 0.0 0.0
  outer loop
    vertex -6.80959939956665 1.0496002435684204 1.600000262260437
    vertex -6.873599529266357 1.1264002323150635 2.384185791015625e-07
    vertex -6.873599529266357 1.1264002323150635 1.600000262260437
  endloop
endfacet
facet normal 0.0 0.0 0.0
  outer loop
    vertex -6.80959939956665 1.0496002435684204 2.384185791015625e-07
    vertex -6.732799530029297 0.9727999567985535 1.600000262260437
    vertex -6.732799530029297 0.9727999567985535 2.384185791015625e-07
  endloop
endfacet
facet normal 0.0 0.0 0.0
  outer loop
    vertex -6.732799530029297 0.9727999567985535 1.600000262260437
    vertex -6.80959939956665 1.0496002435684204 2.384185791015625e-07
    vertex -6.80959939956665 1.0496002435684204 1.600000262260437
  endloop
endfacet
facet normal 0.0 0.0 0.0
  outer loop
    vertex -6.732799530029297 0.9727999567985535 2.384185791015625e-07
    vertex -6.681599140167236 0.8832001686096191 1.600000262260437
    vertex -6.681599140167236 0.8832001686096191 2.384185791015625e-07
  endloop
endfacet
facet normal 0.0 0.0 0.0
  outer loop
    vertex -6.681599140167236 0.8832001686096191 1.600000262260437
    vertex -6.732799530029297 0.9727999567985535 2.384185791015625e-07
    vertex -6.732799530029297 0.9727999567985535 1.600000262260437
  endloop
endfacet
facet normal 0.0 0.0 0.0
  outer loop
    vertex -6.681599140167236 0.8832001686096191 2.384185791015625e-07
    vertex -6.617599010467529 0.7936000823974609 1.600000262260437
    vertex -6.617599010467529 0.7936000823974609 2.384185791015625e-07
  endloop
endfacet
facet normal 0.0 0.0 0.0
  outer loop
    vertex -6.617599010467529 0.7936000823974609 1.600000262260437
    vertex -6.681599140167236 0.8832001686096191 2.384185791015625e-07
    vertex -6.681599140167236 0.8832001686096191 1.600000262260437
  endloop
endfacet
facet normal 0.0 0.0 0.0
  outer loop
    vertex -6.617599010467529 0.7936000823974609 2.384185791015625e-07
    vertex -6.566399574279785 0.7039999961853027 1.600000262260437
    vertex -6.566399574279785 0.7039999961853027 2.384185791015625e-07
  endloop
endfacet
facet normal 0.0 0.0 0.0
  outer loop
    vertex -6.566399574279785 0.7039999961853027 1.600000262260437
    vertex -6.617599010467529 0.7936000823974609 2.384185791015625e-07
    vertex -6.617599010467529 0.7936000823974609 1.600000262260437
  endloop
endfacet
facet normal 0.0 0.0 0.0
  outer loop
    vertex -6.566399574279785 0.7039999961853027 2.384185791015625e-07
    vertex -6.5279998779296875 0.6144002079963684 1.600000262260437
    vertex -6.5279998779296875 0.6144002079963684 2.384185791015625e-07
  endloop
endfacet
facet normal 0.0 0.0 0.0
  outer loop
    vertex -6.5279998779296875 0.6144002079963684 1.600000262260437
    vertex -6.566399574279785 0.7039999961853027 2.384185791015625e-07
    vertex -6.566399574279785 0.7039999961853027 1.600000262260437
  endloop
endfacet
facet normal 0.0 0.0 0.0
  outer loop
    vertex -6.5279998779296875 0.6144002079963684 2.384185791015625e-07
    vertex -6.489599227905273 0.512000322341919 1.600000262260437
    vertex -6.489599227905273 0.512000322341919 2.384185791015625e-07
  endloop
endfacet
facet normal 0.0 0.0 0.0
  outer loop
    vertex -6.489599227905273 0.512000322341919 1.600000262260437
    vertex -6.5279998779296875 0.6144002079963684 2.384185791015625e-07
    vertex -6.5279998779296875 0.6144002079963684 1.600000262260437
  endloop
endfacet
facet normal 0.0 0.0 0.0
  outer loop
    vertex -6.489599227905273 0.512000322341919 2.384185791015625e-07
    vertex -6.463999271392822 0.4096001386642456 1.600000262260437
    vertex -6.463999271392822 0.4096001088619232 2.384185791015625e-07
  endloop
endfacet
facet normal 0.0 0.0 0.0
  outer loop
    vertex -6.463999271392822 0.4096001386642456 1.600000262260437
    vertex -6.489599227905273 0.512000322341919 2.384185791015625e-07
    vertex -6.489599227905273 0.512000322341919 1.600000262260437
  endloop
endfacet
facet normal 0.0 0.0 0.0
  outer loop
    vertex -6.463999271392822 0.4096001088619232 2.384185791015625e-07
    vertex -6.438399791717529 0.30720025300979614 1.600000262260437
    vertex -6.438399791717529 0.30720022320747375 2.384185791015625e-07
  endloop
endfacet
facet normal 0.0 0.0 0.0
  outer loop
    vertex -6.438399791717529 0.30720025300979614 1.600000262260437
    vertex -6.463999271392822 0.4096001088619232 2.384185791015625e-07
    vertex -6.463999271392822 0.4096001386642456 1.600000262260437
  endloop
endfacet
facet normal 0.0 0.0 0.0
  outer loop
    vertex -6.438399791717529 0.30720022320747375 2.384185791015625e-07
    vertex -6.425599575042725 0.2048000544309616 1.600000262260437
    vertex -6.425599575042725 0.20480003952980042 2.384185791015625e-07
  endloop
endfacet
facet normal 0.0 0.0 0.0
  outer loop
    vertex -6.425599575042725 0.2048000544309616 1.600000262260437
    vertex -6.438399791717529 0.30720022320747375 2.384185791015625e-07
    vertex -6.438399791717529 0.30720025300979614 1.600000262260437
  endloop
endfacet
facet normal 0.0 0.0 0.0
  outer loop
    vertex -6.425599575042725 0.20480003952980042 2.384185791015625e-07
    vertex -6.412799835205078 0.10240016877651215 1.600000262260437
    vertex -6.412799835205078 0.10240014642477036 2.384185791015625e-07
  endloop
endfacet
facet normal 0.0 0.0 0.0
  outer loop
    vertex -6.412799835205078 0.10240016877651215 1.600000262260437
    vertex -6.425599575042725 0.20480003952980042 2.384185791015625e-07
    vertex -6.425599575042725 0.2048000544309616 1.600000262260437
  endloop
endfacet
facet normal 0.0 0.0 0.0
  outer loop
    vertex -6.412799835205078 0.10240014642477036 2.384185791015625e-07
    vertex -6.412799835205078 -1.288293027812415e-08 1.6000003814697266
    vertex -6.412799835205078 -3.2998482168977716e-08 2.384185791015625e-07
  endloop
endfacet
facet normal 0.0 0.0 0.0
  outer loop
    vertex -6.412799835205078 -1.288293027812415e-08 1.6000003814697266
    vertex -6.412799835205078 0.10240014642477036 2.384185791015625e-07
    vertex -6.412799835205078 0.10240016877651215 1.600000262260437
  endloop
endfacet
facet normal 0.0 0.0 0.0
  outer loop
    vertex 9.600001335144043 -3.2998482168977716e-08 2.384185791015625e-07
    vertex 9.587203025817871 -0.10239990055561066 1.6000003814697266
    vertex 9.587203025817871 -0.10239992290735245 2.384185791015625e-07
  endloop
endfacet
facet normal 0.0 0.0 0.0
  outer loop
    vertex 9.587203025817871 -0.10239990055561066 1.6000003814697266
    vertex 9.600001335144043 -3.2998482168977716e-08 2.384185791015625e-07
    vertex 9.600001335144043 -1.288293027812415e-08 1.6000003814697266
  endloop
endfacet
facet normal 0.0 0.0 0.0
  outer loop
    vertex 9.587203025817871 -0.10239992290735245 2.384185791015625e-07
    vertex 9.57440185546875 -0.204800084233284 1.6000003814697266
    vertex 9.57440185546875 -0.2048000991344452 2.384185791015625e-07
  endloop
endfacet
facet normal 0.0 0.0 0.0
  outer loop
    vertex 9.57440185546875 -0.204800084233284 1.6000003814697266
    vertex 9.587203025817871 -0.10239992290735245 2.384185791015625e-07
    vertex 9.587203025817871 -0.10239990055561066 1.6000003814697266
  endloop
endfacet
facet normal 0.0 0.0 0.0
  outer loop
    vertex 9.57440185546875 -0.2048000991344452 2.384185791015625e-07
    vertex 9.561601638793945 -0.30719995498657227 1.6000003814697266
    vertex 9.561601638793945 -0.30719998478889465 2.384185791015625e-07
  endloop
endfacet
facet normal 0.0 0.0 0.0
  outer loop
    vertex 9.561601638793945 -0.30719995498657227 1.6000003814697266
    vertex 9.57440185546875 -0.2048000991344452 2.384185791015625e-07
    vertex 9.57440185546875 -0.204800084233284 1.6000003814697266
  endloop
endfacet
facet normal 0.0 0.0 0.0
  outer loop
    vertex 9.561601638793945 -0.30719998478889465 2.384185791015625e-07
    vertex 9.536002159118652 -0.4096001386642456 1.6000003814697266
    vertex 9.536002159118652 -0.409600168466568 2.384185791015625e-07
  endloop
endfacet
facet normal 0.0 0.0 0.0
  outer loop
    vertex 9.536002159118652 -0.4096001386642456 1.6000003814697266
    vertex 9.561601638793945 -0.30719998478889465 2.384185791015625e-07
    vertex 9.561601638793945 -0.30719995498657227 1.6000003814697266
  endloop
endfacet
facet normal 0.0 0.0 0.0
  outer loop
    vertex 9.536002159118652 -0.409600168466568 2.384185791015625e-07
    vertex 9.510403633117676 -0.5120000243186951 1.6000003814697266
    vertex 9.510403633117676 -0.5120000243186951 2.384185791015625e-07
  endloop
endfacet
facet normal 0.0 0.0 0.0
  outer loop
    vertex 9.510403633117676 -0.5120000243186951 1.6000003814697266
    vertex 9.536002159118652 -0.409600168466568 2.384185791015625e-07
    vertex 9.536002159118652 -0.4096001386642456 1.6000003814697266
  endloop
endfacet
facet normal 0.0 0.0 0.0
  outer loop
    vertex 9.510403633117676 -0.5120000243186951 2.384185791015625e-07
    vertex 9.472003936767578 -0.6144002079963684 1.6000003814697266
    vertex 9.472003936767578 -0.6144002079963684 2.384185791015625e-07
  endloop
endfacet
facet normal 0.0 0.0 0.0
  outer loop
    vertex 9.472003936767578 -0.6144002079963684 1.6000003814697266
    vertex 9.510403633117676 -0.5120000243186951 2.384185791015625e-07
    vertex 9.510403633117676 -0.5120000243186951 1.6000003814697266
  endloop
endfacet
facet normal 0.0 0.0 0.0
  outer loop
    vertex 9.472003936767578 -0.6144002079963684 2.384185791015625e-07
    vertex 9.433601379394531 -0.7039999961853027 1.6000003814697266
    vertex 9.433601379394531 -0.7039999961853027 2.384185791015625e-07
  endloop
endfacet
facet normal 0.0 0.0 0.0
  outer loop
    vertex 9.433601379394531 -0.7039999961853027 1.6000003814697266
    vertex 9.472003936767578 -0.6144002079963684 2.384185791015625e-07
    vertex 9.472003936767578 -0.6144002079963684 1.6000003814697266
  endloop
endfacet
facet normal 0.0 0.0 0.0
  outer loop
    vertex 9.433601379394531 -0.7039999961853027 2.384185791015625e-07
    vertex 9.382401466369629 -0.8063998818397522 1.6000003814697266
    vertex 9.382401466369629 -0.8063998818397522 2.384185791015625e-07
  endloop
endfacet
facet normal 0.0 0.0 0.0
  outer loop
    vertex 9.382401466369629 -0.8063998818397522 1.6000003814697266
    vertex 9.433601379394531 -0.7039999961853027 2.384185791015625e-07
    vertex 9.433601379394531 -0.7039999961853027 1.6000003814697266
  endloop
endfacet
facet normal 0.0 0.0 0.0
  outer loop
    vertex 9.382401466369629 -0.8063998818397522 2.384185791015625e-07
    vertex 9.318402290344238 -0.8831998705863953 1.6000003814697266
    vertex 9.318402290344238 -0.8831998705863953 2.384185791015625e-07
  endloop
endfacet
facet normal 0.0 0.0 0.0
  outer loop
    vertex 9.318402290344238 -0.8831998705863953 1.6000003814697266
    vertex 9.382401466369629 -0.8063998818397522 2.384185791015625e-07
    vertex 9.382401466369629 -0.8063998818397522 1.6000003814697266
  endloop
endfacet
facet normal 0.0 0.0 0.0
  outer loop
    vertex 9.318402290344238 -0.8831998705863953 2.384185791015625e-07
    vertex 9.267202377319336 -0.9727999567985535 1.6000003814697266
    vertex 9.267202377319336 -0.9727999567985535 2.384185791015625e-07
  endloop
endfacet
facet normal 0.0 0.0 0.0
  outer loop
    vertex 9.267202377319336 -0.9727999567985535 1.6000003814697266
    vertex 9.318402290344238 -0.8831998705863953 2.384185791015625e-07
    vertex 9.318402290344238 -0.8831998705863953 1.6000003814697266
  endloop
endfacet
facet normal 0.0 0.0 0.0
  outer loop
    vertex 9.267202377319336 -0.9727999567985535 2.384185791015625e-07
    vertex 9.19040298461914 -1.0495998859405518 1.6000003814697266
    vertex 9.19040298461914 -1.0495998859405518 2.384185791015625e-07
  endloop
endfacet
facet normal 0.0 0.0 0.0
  outer loop
    vertex 9.19040298461914 -1.0495998859405518 1.6000003814697266
    vertex 9.267202377319336 -0.9727999567985535 2.384185791015625e-07
    vertex 9.267202377319336 -0.9727999567985535 1.6000003814697266
  endloop
endfacet
facet normal 0.0 0.0 0.0
  outer loop
    vertex 9.19040298461914 -1.0495998859405518 2.384185791015625e-07
    vertex 9.126401901245117 -1.1263999938964844 1.6000003814697266
    vertex 9.126401901245117 -1.1263999938964844 2.384185791015625e-07
  endloop
endfacet
facet normal 0.0 0.0 0.0
  outer loop
    vertex 9.126401901245117 -1.1263999938964844 1.6000003814697266
    vertex 9.19040298461914 -1.0495998859405518 2.384185791015625e-07
    vertex 9.19040298461914 -1.0495998859405518 1.6000003814697266
  endloop
endfacet
facet normal 0.0 0.0 0.0
  outer loop
    vertex 9.126401901245117 -1.1263999938964844 2.384185791015625e-07
    vertex 9.126401901245117 -1.1263999938964844 1.6000003814697266
    vertex 9.049602508544922 -1.203199863433838 1.6000003814697266
  endloop
endfacet
facet normal 0.0 0.0 0.0
  outer loop
    vertex 9.049602508544922 -1.203199863433838 1.6000003814697266
    vertex 9.049602508544922 -1.203199863433838 2.384185791015625e-07
    vertex 9.126401901245117 -1.1263999938964844 2.384185791015625e-07
  endloop
endfacet
facet normal 0.0 0.0 0.0
  outer loop
    vertex 9.049602508544922 -1.203199863433838 2.384185791015625e-07
    vertex 9.049602508544922 -1.203199863433838 1.6000003814697266
    vertex 8.972803115844727 -1.2671997547149658 1.6000003814697266
  endloop
endfacet
facet normal 0.0 0.0 0.0
  outer loop
    vertex 8.972803115844727 -1.2671997547149658 1.6000003814697266
    vertex 8.972803115844727 -1.2671997547149658 2.384185791015625e-07
    vertex 9.049602508544922 -1.203199863433838 2.384185791015625e-07
  endloop
endfacet
facet normal 0.0 0.0 0.0
  outer loop
    vertex 8.972803115844727 -1.2671997547149658 2.384185791015625e-07
    vertex 8.972803115844727 -1.2671997547149658 1.6000003814697266
    vertex 8.88320255279541 -1.3312000036239624 1.6000003814697266
  endloop
endfacet
facet normal 0.0 0.0 0.0
  outer loop
    vertex 8.88320255279541 -1.3312000036239624 1.6000003814697266
    vertex 8.88320255279541 -1.3312000036239624 2.384185791015625e-07
    vertex 8.972803115844727 -1.2671997547149658 2.384185791015625e-07
  endloop
endfacet
facet normal 0.0 0.0 0.0
  outer loop
    vertex 8.88320255279541 -1.3312000036239624 2.384185791015625e-07
    vertex 8.88320255279541 -1.3312000036239624 1.6000003814697266
    vertex 8.79360294342041 -1.3823997974395752 1.6000003814697266
  endloop
endfacet
facet normal 0.0 0.0 0.0
  outer loop
    vertex 8.79360294342041 -1.3823997974395752 1.6000003814697266
    vertex 8.79360294342041 -1.3823997974395752 2.384185791015625e-07
    vertex 8.88320255279541 -1.3312000036239624 2.384185791015625e-07
  endloop
endfacet
facet normal 0.0 0.0 0.0
  outer loop
    vertex 8.79360294342041 -1.3823997974395752 2.384185791015625e-07
    vertex 8.79360294342041 -1.3823997974395752 1.6000003814697266
    vertex 8.704002380371094 -1.4335999488830566 1.6000003814697266
  endloop
endfacet
facet normal 0.0 0.0 0.0
  outer loop
    vertex 8.704002380371094 -1.4335999488830566 1.6000003814697266
    vertex 8.704002380371094 -1.4335999488830566 2.384185791015625e-07
    vertex 8.79360294342041 -1.3823997974395752 2.384185791015625e-07
  endloop
endfacet
facet normal 0.0 0.0 0.0
  outer loop
    vertex 8.704002380371094 -1.4335999488830566 2.384185791015625e-07
    vertex 8.704002380371094 -1.4335999488830566 1.6000003814697266
    vertex 8.678400993347168 -1.4463999271392822 1.6000003814697266
  endloop
endfacet
facet normal 0.0 0.0 0.0
  outer loop
    vertex 8.704002380371094 -1.4335999488830566 2.384185791015625e-07
    vertex 8.678400993347168 -1.4463999271392822 1.6000003814697266
    vertex 8.601601600646973 -1.4719998836517334 1.6000003814697266
  endloop
endfacet
facet normal 0.0 0.0 0.0
  outer loop
    vertex 8.601601600646973 -1.4719998836517334 1.6000003814697266
    vertex 8.601601600646973 -1.4719998836517334 2.384185791015625e-07
    vertex 8.704002380371094 -1.4335999488830566 2.384185791015625e-07
  endloop
endfacet
facet normal 0.0 0.0 0.0
  outer loop
    vertex 8.601601600646973 -1.4719998836517334 2.384185791015625e-07
    vertex 8.601601600646973 -1.4719998836517334 1.6000003814697266
    vertex 8.512001991271973 -1.5104000568389893 1.6000003814697266
  endloop
endfacet
facet normal 0.0 0.0 0.0
  outer loop
    vertex 8.512001991271973 -1.5104000568389893 1.6000003814697266
    vertex 8.512001991271973 -1.5104000568389893 2.384185791015625e-07
    vertex 8.601601600646973 -1.4719998836517334 2.384185791015625e-07
  endloop
endfacet
facet normal 0.0 0.0 0.0
  outer loop
    vertex 8.512001991271973 -1.5104000568389893 2.384185791015625e-07
    vertex 8.512001991271973 -1.5104000568389893 1.6000003814697266
    vertex 8.409601211547852 -1.5487998723983765 1.6000003814697266
  endloop
endfacet
facet normal 0.0 0.0 0.0
  outer loop
    vertex 8.409601211547852 -1.5487998723983765 1.6000003814697266
    vertex 8.409601211547852 -1.5487998723983765 2.384185791015625e-07
    vertex 8.512001991271973 -1.5104000568389893 2.384185791015625e-07
  endloop
endfacet
facet normal 0.0 0.0 0.0
  outer loop
    vertex 8.409601211547852 -1.5487998723983765 2.384185791015625e-07
    vertex 8.409601211547852 -1.5487998723983765 1.6000003814697266
    vertex 8.307202339172363 -1.5743999481201172 1.6000003814697266
  endloop
endfacet
facet normal 0.0 0.0 0.0
  outer loop
    vertex 8.307202339172363 -1.5743999481201172 1.6000003814697266
    vertex 8.307202339172363 -1.5743999481201172 2.384185791015625e-07
    vertex 8.409601211547852 -1.5487998723983765 2.384185791015625e-07
  endloop
endfacet
facet normal 0.0 0.0 0.0
  outer loop
    vertex 8.307202339172363 -1.5743999481201172 2.384185791015625e-07
    vertex 8.307202339172363 -1.5743999481201172 1.6000003814697266
    vertex 8.204801559448242 -1.5872000455856323 1.6000003814697266
  endloop
endfacet
facet normal 0.0 0.0 0.0
  outer loop
    vertex 8.204801559448242 -1.5872000455856323 1.6000003814697266
    vertex 8.204801559448242 -1.5872000455856323 2.384185791015625e-07
    vertex 8.307202339172363 -1.5743999481201172 2.384185791015625e-07
  endloop
endfacet
facet normal 0.0 0.0 0.0
  outer loop
    vertex 8.204801559448242 -1.5872000455856323 2.384185791015625e-07
    vertex 8.204801559448242 -1.5872000455856323 1.6000003814697266
    vertex 8.10240364074707 -1.5999999046325684 1.6000003814697266
  endloop
endfacet
facet normal 0.0 0.0 0.0
  outer loop
    vertex 8.10240364074707 -1.5999999046325684 1.6000003814697266
    vertex 8.10240364074707 -1.5999999046325684 2.384185791015625e-07
    vertex 8.204801559448242 -1.5872000455856323 2.384185791015625e-07
  endloop
endfacet
facet normal 0.0 0.0 0.0
  outer loop
    vertex 8.10240364074707 -1.5999999046325684 2.384185791015625e-07
    vertex 8.10240364074707 -1.5999999046325684 1.6000003814697266
    vertex 8.00000286102295 -1.5999999046325684 1.6000003814697266
  endloop
endfacet
facet normal 0.0 0.0 0.0
  outer loop
    vertex 8.00000286102295 -1.5999999046325684 1.6000003814697266
    vertex 8.00000286102295 -1.5999999046325684 2.384185791015625e-07
    vertex 8.10240364074707 -1.5999999046325684 2.384185791015625e-07
  endloop
endfacet
facet normal 0.0 0.0 0.0
  outer loop
    vertex 8.00000286102295 -1.5999999046325684 2.384185791015625e-07
    vertex 8.00000286102295 -1.5999999046325684 1.6000003814697266
    vertex 7.884801387786865 -1.5999999046325684 1.6000003814697266
  endloop
endfacet
facet normal 0.0 0.0 0.0
  outer loop
    vertex 7.884801387786865 -1.5999999046325684 1.6000003814697266
    vertex 7.884801387786865 -1.5999999046325684 2.384185791015625e-07
    vertex 8.00000286102295 -1.5999999046325684 2.384185791015625e-07
  endloop
endfacet
facet normal 0.0 0.0 0.0
  outer loop
    vertex 7.884801387786865 -1.5999999046325684 2.384185791015625e-07
    vertex 7.884801387786865 -1.5999999046325684 1.6000003814697266
    vertex 7.782402992248535 -1.5872000455856323 1.6000003814697266
  endloop
endfacet
facet normal 0.0 0.0 0.0
  outer loop
    vertex 7.782402992248535 -1.5872000455856323 1.6000003814697266
    vertex 7.782402992248535 -1.5872000455856323 2.384185791015625e-07
    vertex 7.884801387786865 -1.5999999046325684 2.384185791015625e-07
  endloop
endfacet
facet normal 0.0 0.0 0.0
  outer loop
    vertex 7.782402992248535 -1.5872000455856323 2.384185791015625e-07
    vertex 7.782402992248535 -1.5872000455856323 1.6000003814697266
    vertex 7.680002212524414 -1.5743999481201172 1.6000003814697266
  endloop
endfacet
facet normal 0.0 0.0 0.0
  outer loop
    vertex 7.680002212524414 -1.5743999481201172 1.6000003814697266
    vertex 7.680002212524414 -1.5743999481201172 2.384185791015625e-07
    vertex 7.782402992248535 -1.5872000455856323 2.384185791015625e-07
  endloop
endfacet
facet normal 0.0 0.0 0.0
  outer loop
    vertex 7.680002212524414 -1.5743999481201172 2.384185791015625e-07
    vertex 7.680002212524414 -1.5743999481201172 1.6000003814697266
    vertex 7.577603816986084 -1.5487998723983765 1.6000003814697266
  endloop
endfacet
facet normal 0.0 0.0 0.0
  outer loop
    vertex 7.577603816986084 -1.5487998723983765 1.6000003814697266
    vertex 7.577603816986084 -1.5487998723983765 2.384185791015625e-07
    vertex 7.680002212524414 -1.5743999481201172 2.384185791015625e-07
  endloop
endfacet
facet normal 0.0 0.0 0.0
  outer loop
    vertex 7.577603816986084 -1.5487998723983765 2.384185791015625e-07
    vertex 7.577603816986084 -1.5487998723983765 1.6000003814697266
    vertex 7.475202560424805 -1.5104000568389893 1.6000003814697266
  endloop
endfacet
facet normal 0.0 0.0 0.0
  outer loop
    vertex 7.475202560424805 -1.5104000568389893 1.6000003814697266
    vertex 7.475202560424805 -1.5104000568389893 2.384185791015625e-07
    vertex 7.577603816986084 -1.5487998723983765 2.384185791015625e-07
  endloop
endfacet
facet normal 0.0 0.0 0.0
  outer loop
    vertex 7.475202560424805 -1.5104000568389893 2.384185791015625e-07
    vertex 7.475202560424805 -1.5104000568389893 1.6000003814697266
    vertex 7.3856024742126465 -1.4719998836517334 1.6000003814697266
  endloop
endfacet
facet normal 0.0 0.0 0.0
  outer loop
    vertex 7.3856024742126465 -1.4719998836517334 1.6000003814697266
    vertex 7.3856024742126465 -1.4719998836517334 2.384185791015625e-07
    vertex 7.475202560424805 -1.5104000568389893 2.384185791015625e-07
  endloop
endfacet
facet normal 0.0 0.0 0.0
  outer loop
    vertex 7.3856024742126465 -1.4719998836517334 2.384185791015625e-07
    vertex 7.3856024742126465 -1.4719998836517334 1.6000003814697266
    vertex 7.283201694488525 -1.4335999488830566 1.6000003814697266
  endloop
endfacet
facet normal 0.0 0.0 0.0
  outer loop
    vertex 7.283201694488525 -1.4335999488830566 1.6000003814697266
    vertex 7.283201694488525 -1.4335999488830566 2.384185791015625e-07
    vertex 7.3856024742126465 -1.4719998836517334 2.384185791015625e-07
  endloop
endfacet
facet normal 0.0 0.0 0.0
  outer loop
    vertex 7.283201694488525 -1.4335999488830566 2.384185791015625e-07
    vertex 7.283201694488525 -1.4335999488830566 1.6000003814697266
    vertex 7.193601608276367 -1.3823997974395752 1.6000003814697266
  endloop
endfacet
facet normal 0.0 0.0 0.0
  outer loop
    vertex 7.193601608276367 -1.3823997974395752 1.6000003814697266
    vertex 7.193601608276367 -1.3823997974395752 2.384185791015625e-07
    vertex 7.283201694488525 -1.4335999488830566 2.384185791015625e-07
  endloop
endfacet
facet normal 0.0 0.0 0.0
  outer loop
    vertex 7.193601608276367 -1.3823997974395752 2.384185791015625e-07
    vertex 7.193601608276367 -1.3823997974395752 1.6000003814697266
    vertex 7.104001522064209 -1.3312000036239624 1.6000003814697266
  endloop
endfacet
facet normal 0.0 0.0 0.0
  outer loop
    vertex 7.104001522064209 -1.3312000036239624 1.6000003814697266
    vertex 7.104001522064209 -1.3312000036239624 2.384185791015625e-07
    vertex 7.193601608276367 -1.3823997974395752 2.384185791015625e-07
  endloop
endfacet
facet normal 0.0 0.0 0.0
  outer loop
    vertex 7.104001522064209 -1.3312000036239624 2.384185791015625e-07
    vertex 7.104001522064209 -1.3312000036239624 1.6000003814697266
    vertex 7.014401435852051 -1.2671997547149658 1.6000003814697266
  endloop
endfacet
facet normal 0.0 0.0 0.0
  outer loop
    vertex 7.014401435852051 -1.2671997547149658 1.6000003814697266
    vertex 7.014401435852051 -1.2671997547149658 2.384185791015625e-07
    vertex 7.104001522064209 -1.3312000036239624 2.384185791015625e-07
  endloop
endfacet
facet normal 0.0 0.0 0.0
  outer loop
    vertex 7.014401435852051 -1.2671997547149658 2.384185791015625e-07
    vertex 7.014401435852051 -1.2671997547149658 1.6000003814697266
    vertex 6.976001739501953 -1.2415999174118042 1.6000003814697266
  endloop
endfacet
facet normal 0.0 0.0 0.0
  outer loop
    vertex 7.014401435852051 -1.2671997547149658 2.384185791015625e-07
    vertex 6.976001739501953 -1.2415999174118042 1.6000003814697266
    vertex 6.9376020431518555 -1.203199863433838 1.6000003814697266
  endloop
endfacet
facet normal 0.0 0.0 0.0
  outer loop
    vertex 6.9376020431518555 -1.203199863433838 1.6000003814697266
    vertex 6.9376020431518555 -1.203199863433838 2.384185791015625e-07
    vertex 7.014401435852051 -1.2671997547149658 2.384185791015625e-07
  endloop
endfacet
facet normal 0.0 0.0 0.0
  outer loop
    vertex 6.9376020431518555 -1.203199863433838 2.384185791015625e-07
    vertex 6.9376020431518555 -1.203199863433838 1.6000003814697266
    vertex 6.873600959777832 -1.151999831199646 1.6000003814697266
  endloop
endfacet
facet normal 0.0 0.0 0.0
  outer loop
    vertex 6.9376020431518555 -1.203199863433838 2.384185791015625e-07
    vertex 6.873600959777832 -1.151999831199646 1.6000003814697266
    vertex 6.86080265045166 -1.1263999938964844 1.6000003814697266
  endloop
endfacet
facet normal 0.0 0.0 0.0
  outer loop
    vertex 6.86080265045166 -1.1263999938964844 1.6000003814697266
    vertex 6.86080265045166 -1.1263999938964844 2.384185791015625e-07
    vertex 6.9376020431518555 -1.203199863433838 2.384185791015625e-07
  endloop
endfacet
facet normal 0.0 0.0 0.0
  outer loop
    vertex 6.86080265045166 -1.1263999938964844 1.6000003814697266
    vertex 6.796801567077637 -1.0495998859405518 1.6000003814697266
    vertex 6.86080265045166 -1.1263999938964844 2.384185791015625e-07
  endloop
endfacet
facet normal 0.0 0.0 0.0
  outer loop
    vertex 6.796801567077637 -1.0495998859405518 2.384185791015625e-07
    vertex 6.86080265045166 -1.1263999938964844 2.384185791015625e-07
    vertex 6.796801567077637 -1.0495998859405518 1.6000003814697266
  endloop
endfacet
facet normal 0.0 0.0 0.0
  outer loop
    vertex 6.796801567077637 -1.0495998859405518 1.6000003814697266
    vertex 6.720002174377441 -0.9727999567985535 1.6000003814697266
    vertex 6.796801567077637 -1.0495998859405518 2.384185791015625e-07
  endloop
endfacet
facet normal 0.0 0.0 0.0
  outer loop
    vertex 6.720002174377441 -0.9727999567985535 2.384185791015625e-07
    vertex 6.796801567077637 -1.0495998859405518 2.384185791015625e-07
    vertex 6.720002174377441 -0.9727999567985535 1.6000003814697266
  endloop
endfacet
facet normal 0.0 0.0 0.0
  outer loop
    vertex 6.720002174377441 -0.9727999567985535 1.6000003814697266
    vertex 6.668801784515381 -0.8831998705863953 1.6000003814697266
    vertex 6.720002174377441 -0.9727999567985535 2.384185791015625e-07
  endloop
endfacet
facet normal 0.0 0.0 0.0
  outer loop
    vertex 6.668801784515381 -0.8831998705863953 2.384185791015625e-07
    vertex 6.720002174377441 -0.9727999567985535 2.384185791015625e-07
    vertex 6.668801784515381 -0.8831998705863953 1.6000003814697266
  endloop
endfacet
facet normal 0.0 0.0 0.0
  outer loop
    vertex 6.668801784515381 -0.8831998705863953 1.6000003814697266
    vertex 6.604800701141357 -0.8063998818397522 1.6000003814697266
    vertex 6.668801784515381 -0.8831998705863953 2.384185791015625e-07
  endloop
endfacet
facet normal 0.0 0.0 0.0
  outer loop
    vertex 6.604800701141357 -0.8063998818397522 2.384185791015625e-07
    vertex 6.668801784515381 -0.8831998705863953 2.384185791015625e-07
    vertex 6.604800701141357 -0.8063998818397522 1.6000003814697266
  endloop
endfacet
facet normal 0.0 0.0 0.0
  outer loop
    vertex 6.604800701141357 -0.8063998818397522 1.6000003814697266
    vertex 6.553602695465088 -0.7039999961853027 1.6000003814697266
    vertex 6.604800701141357 -0.8063998818397522 2.384185791015625e-07
  endloop
endfacet
facet normal 0.0 0.0 0.0
  outer loop
    vertex 6.553602695465088 -0.7039999961853027 2.384185791015625e-07
    vertex 6.604800701141357 -0.8063998818397522 2.384185791015625e-07
    vertex 6.553602695465088 -0.7039999961853027 1.6000003814697266
  endloop
endfacet
facet normal 0.0 0.0 0.0
  outer loop
    vertex 6.553602695465088 -0.7039999961853027 1.6000003814697266
    vertex 6.515200614929199 -0.6144002079963684 1.6000003814697266
    vertex 6.553602695465088 -0.7039999961853027 2.384185791015625e-07
  endloop
endfacet
facet normal 0.0 0.0 0.0
  outer loop
    vertex 6.515200614929199 -0.6144002079963684 2.384185791015625e-07
    vertex 6.553602695465088 -0.7039999961853027 2.384185791015625e-07
    vertex 6.515200614929199 -0.6144002079963684 1.6000003814697266
  endloop
endfacet
facet normal 0.0 0.0 0.0
  outer loop
    vertex 6.515200614929199 -0.6144002079963684 1.6000003814697266
    vertex 6.476800918579102 -0.5120000243186951 1.6000003814697266
    vertex 6.515200614929199 -0.6144002079963684 2.384185791015625e-07
  endloop
endfacet
facet normal 0.0 0.0 0.0
  outer loop
    vertex 6.476800918579102 -0.5120000243186951 2.384185791015625e-07
    vertex 6.515200614929199 -0.6144002079963684 2.384185791015625e-07
    vertex 6.476800918579102 -0.5120000243186951 1.6000003814697266
  endloop
endfacet
facet normal 0.0 0.0 0.0
  outer loop
    vertex 6.476800918579102 -0.5120000243186951 1.6000003814697266
    vertex 6.451201915740967 -0.4096001386642456 1.6000003814697266
    vertex 6.476800918579102 -0.5120000243186951 2.384185791015625e-07
  endloop
endfacet
facet normal 0.0 0.0 0.0
  outer loop
    vertex 6.451201915740967 -0.409600168466568 2.384185791015625e-07
    vertex 6.476800918579102 -0.5120000243186951 2.384185791015625e-07
    vertex 6.451201915740967 -0.4096001386642456 1.6000003814697266
  endloop
endfacet
facet normal 0.0 0.0 0.0
  outer loop
    vertex 6.451201915740967 -0.4096001386642456 1.6000003814697266
    vertex 6.425602912902832 -0.30719995498657227 1.6000003814697266
    vertex 6.451201915740967 -0.409600168466568 2.384185791015625e-07
  endloop
endfacet
facet normal 0.0 0.0 0.0
  outer loop
    vertex 6.425602912902832 -0.30719998478889465 2.384185791015625e-07
    vertex 6.451201915740967 -0.409600168466568 2.384185791015625e-07
    vertex 6.425602912902832 -0.30719995498657227 1.6000003814697266
  endloop
endfacet
facet normal 0.0 0.0 0.0
  outer loop
    vertex 6.425602912902832 -0.30719995498657227 1.6000003814697266
    vertex 6.412802219390869 -0.204800084233284 1.6000003814697266
    vertex 6.425602912902832 -0.30719998478889465 2.384185791015625e-07
  endloop
endfacet
facet normal 0.0 0.0 0.0
  outer loop
    vertex 6.412802219390869 -0.2048000991344452 2.384185791015625e-07
    vertex 6.425602912902832 -0.30719998478889465 2.384185791015625e-07
    vertex 6.412802219390869 -0.204800084233284 1.6000003814697266
  endloop
endfacet
facet normal 0.0 0.0 0.0
  outer loop
    vertex 6.412802219390869 -0.204800084233284 1.6000003814697266
    vertex 6.400001525878906 -0.10239990055561066 1.6000003814697266
    vertex 6.412802219390869 -0.2048000991344452 2.384185791015625e-07
  endloop
endfacet
facet normal 0.0 0.0 0.0
  outer loop
    vertex 6.400001525878906 -0.10239992290735245 2.384185791015625e-07
    vertex 6.412802219390869 -0.2048000991344452 2.384185791015625e-07
    vertex 6.400001525878906 -0.10239990055561066 1.6000003814697266
  endloop
endfacet
facet normal 0.0 0.0 0.0
  outer loop
    vertex 6.400001525878906 -0.10239990055561066 1.6000003814697266
    vertex 6.400001525878906 -1.288293027812415e-08 1.6000003814697266
    vertex 6.400001525878906 -0.10239992290735245 2.384185791015625e-07
  endloop
endfacet
facet normal 0.0 0.0 0.0
  outer loop
    vertex 6.400001525878906 -3.2998482168977716e-08 2.384185791015625e-07
    vertex 6.400001525878906 -0.10239992290735245 2.384185791015625e-07
    vertex 6.400001525878906 -1.288293027812415e-08 1.6000003814697266
  endloop
endfacet
facet normal 0.0 0.0 0.0
  outer loop
    vertex 6.400001525878906 -1.288293027812415e-08 1.6000003814697266
    vertex 6.400001525878906 0.10240016877651215 1.600000262260437
    vertex 6.400001525878906 -3.2998482168977716e-08 2.384185791015625e-07
  endloop
endfacet
facet normal 0.0 0.0 0.0
  outer loop
    vertex 6.400001525878906 0.10240014642477036 2.384185791015625e-07
    vertex 6.400001525878906 -3.2998482168977716e-08 2.384185791015625e-07
    vertex 6.400001525878906 0.10240016877651215 1.600000262260437
  endloop
endfacet
facet normal 0.0 0.0 0.0
  outer loop
    vertex 6.400001525878906 0.10240016877651215 1.600000262260437
    vertex 6.412802219390869 0.2048000544309616 1.600000262260437
    vertex 6.400001525878906 0.10240014642477036 2.384185791015625e-07
  endloop
endfacet
facet normal 0.0 0.0 0.0
  outer loop
    vertex 6.412802219390869 0.20480003952980042 2.384185791015625e-07
    vertex 6.400001525878906 0.10240014642477036 2.384185791015625e-07
    vertex 6.412802219390869 0.2048000544309616 1.600000262260437
  endloop
endfacet
facet normal 0.0 0.0 0.0
  outer loop
    vertex 6.412802219390869 0.2048000544309616 1.600000262260437
    vertex 6.425602912902832 0.30720025300979614 1.600000262260437
    vertex 6.412802219390869 0.20480003952980042 2.384185791015625e-07
  endloop
endfacet
facet normal 0.0 0.0 0.0
  outer loop
    vertex 6.425602912902832 0.30720022320747375 2.384185791015625e-07
    vertex 6.412802219390869 0.20480003952980042 2.384185791015625e-07
    vertex 6.425602912902832 0.30720025300979614 1.600000262260437
  endloop
endfacet
facet normal 0.0 0.0 0.0
  outer loop
    vertex 6.425602912902832 0.30720025300979614 1.600000262260437
    vertex 6.451201915740967 0.4096001386642456 1.600000262260437
    vertex 6.425602912902832 0.30720022320747375 2.384185791015625e-07
  endloop
endfacet
facet normal 0.0 0.0 0.0
  outer loop
    vertex 6.451201915740967 0.4096001088619232 2.384185791015625e-07
    vertex 6.425602912902832 0.30720022320747375 2.384185791015625e-07
    vertex 6.451201915740967 0.4096001386642456 1.600000262260437
  endloop
endfacet
facet normal 0.0 0.0 0.0
  outer loop
    vertex 6.451201915740967 0.4096001386642456 1.600000262260437
    vertex 6.476800918579102 0.512000322341919 1.600000262260437
    vertex 6.451201915740967 0.4096001088619232 2.384185791015625e-07
  endloop
endfacet
facet normal 0.0 0.0 0.0
  outer loop
    vertex 6.476800918579102 0.512000322341919 2.384185791015625e-07
    vertex 6.451201915740967 0.4096001088619232 2.384185791015625e-07
    vertex 6.476800918579102 0.512000322341919 1.600000262260437
  endloop
endfacet
facet normal 0.0 0.0 0.0
  outer loop
    vertex 6.476800918579102 0.512000322341919 1.600000262260437
    vertex 6.515200614929199 0.6144002079963684 1.600000262260437
    vertex 6.476800918579102 0.512000322341919 2.384185791015625e-07
  endloop
endfacet
facet normal 0.0 0.0 0.0
  outer loop
    vertex 6.515200614929199 0.6144002079963684 2.384185791015625e-07
    vertex 6.476800918579102 0.512000322341919 2.384185791015625e-07
    vertex 6.515200614929199 0.6144002079963684 1.600000262260437
  endloop
endfacet
facet normal 0.0 0.0 0.0
  outer loop
    vertex 6.515200614929199 0.6144002079963684 1.600000262260437
    vertex 6.553602695465088 0.7039999961853027 1.600000262260437
    vertex 6.515200614929199 0.6144002079963684 2.384185791015625e-07
  endloop
endfacet
facet normal 0.0 0.0 0.0
  outer loop
    vertex 6.553602695465088 0.7039999961853027 2.384185791015625e-07
    vertex 6.515200614929199 0.6144002079963684 2.384185791015625e-07
    vertex 6.553602695465088 0.7039999961853027 1.600000262260437
  endloop
endfacet
facet normal 0.0 0.0 0.0
  outer loop
    vertex 6.553602695465088 0.7039999961853027 1.600000262260437
    vertex 6.604800701141357 0.7936000823974609 1.600000262260437
    vertex 6.553602695465088 0.7039999961853027 2.384185791015625e-07
  endloop
endfacet
facet normal 0.0 0.0 0.0
  outer loop
    vertex 6.604800701141357 0.7936000823974609 2.384185791015625e-07
    vertex 6.553602695465088 0.7039999961853027 2.384185791015625e-07
    vertex 6.604800701141357 0.7936000823974609 1.600000262260437
  endloop
endfacet
facet normal 0.0 0.0 0.0
  outer loop
    vertex 6.604800701141357 0.7936000823974609 1.600000262260437
    vertex 6.668801784515381 0.8832001686096191 1.600000262260437
    vertex 6.604800701141357 0.7936000823974609 2.384185791015625e-07
  endloop
endfacet
facet normal 0.0 0.0 0.0
  outer loop
    vertex 6.668801784515381 0.8832001686096191 2.384185791015625e-07
    vertex 6.604800701141357 0.7936000823974609 2.384185791015625e-07
    vertex 6.668801784515381 0.8832001686096191 1.600000262260437
  endloop
endfacet
facet normal 0.0 0.0 0.0
  outer loop
    vertex 6.668801784515381 0.8832001686096191 1.600000262260437
    vertex 6.720002174377441 0.9727999567985535 1.600000262260437
    vertex 6.668801784515381 0.8832001686096191 2.384185791015625e-07
  endloop
endfacet
facet normal 0.0 0.0 0.0
  outer loop
    vertex 6.720002174377441 0.9727999567985535 2.384185791015625e-07
    vertex 6.668801784515381 0.8832001686096191 2.384185791015625e-07
    vertex 6.720002174377441 0.9727999567985535 1.600000262260437
  endloop
endfacet
facet normal 0.0 0.0 0.0
  outer loop
    vertex 6.720002174377441 0.9727999567985535 1.600000262260437
    vertex 6.796801567077637 1.0496002435684204 1.600000262260437
    vertex 6.720002174377441 0.9727999567985535 2.384185791015625e-07
  endloop
endfacet
facet normal 0.0 0.0 0.0
  outer loop
    vertex 6.796801567077637 1.0496002435684204 2.384185791015625e-07
    vertex 6.720002174377441 0.9727999567985535 2.384185791015625e-07
    vertex 6.796801567077637 1.0496002435684204 1.600000262260437
  endloop
endfacet
facet normal 0.0 0.0 0.0
  outer loop
    vertex 6.796801567077637 1.0496002435684204 1.600000262260437
    vertex 6.86080265045166 1.1264002323150635 1.600000262260437
    vertex 6.796801567077637 1.0496002435684204 2.384185791015625e-07
  endloop
endfacet
facet normal 0.0 0.0 0.0
  outer loop
    vertex 6.86080265045166 1.1264002323150635 2.384185791015625e-07
    vertex 6.796801567077637 1.0496002435684204 2.384185791015625e-07
    vertex 6.86080265045166 1.1264002323150635 1.600000262260437
  endloop
endfacet
facet normal 0.0 0.0 0.0
  outer loop
    vertex 6.86080265045166 1.1264002323150635 1.600000262260437
    vertex 6.873600959777832 1.151999831199646 1.600000262260437
    vertex 6.86080265045166 1.1264002323150635 2.384185791015625e-07
  endloop
endfacet
facet normal 0.0 0.0 0.0
  outer loop
    vertex 6.9376020431518555 1.2032002210617065 2.384185791015625e-07
    vertex 6.86080265045166 1.1264002323150635 2.384185791015625e-07
    vertex 6.9376020431518555 1.2032002210617065 1.600000262260437
  endloop
endfacet
facet normal 0.0 0.0 0.0
  outer loop
    vertex 6.9376020431518555 1.2032002210617065 1.600000262260437
    vertex 6.86080265045166 1.1264002323150635 2.384185791015625e-07
    vertex 6.873600959777832 1.151999831199646 1.600000262260437
  endloop
endfacet
facet normal 0.0 0.0 0.0
  outer loop
    vertex 6.9376020431518555 1.2032002210617065 1.600000262260437
    vertex 6.976001739501953 1.2415999174118042 1.600000262260437
    vertex 6.9376020431518555 1.2032002210617065 2.384185791015625e-07
  endloop
endfacet
facet normal 0.0 0.0 0.0
  outer loop
    vertex 7.014401435852051 1.2672001123428345 2.384185791015625e-07
    vertex 6.9376020431518555 1.2032002210617065 2.384185791015625e-07
    vertex 7.014401435852051 1.2672001123428345 1.600000262260437
  endloop
endfacet
facet normal 0.0 0.0 0.0
  outer loop
    vertex 7.014401435852051 1.2672001123428345 1.600000262260437
    vertex 6.9376020431518555 1.2032002210617065 2.384185791015625e-07
    vertex 6.976001739501953 1.2415999174118042 1.600000262260437
  endloop
endfacet
facet normal 0.0 0.0 0.0
  outer loop
    vertex 7.014401435852051 1.2672001123428345 1.600000262260437
    vertex 7.104001522064209 1.3312000036239624 1.600000262260437
    vertex 7.014401435852051 1.2672001123428345 2.384185791015625e-07
  endloop
endfacet
facet normal 0.0 0.0 0.0
  outer loop
    vertex 7.104001522064209 1.3312000036239624 2.384185791015625e-07
    vertex 7.014401435852051 1.2672001123428345 2.384185791015625e-07
    vertex 7.104001522064209 1.3312000036239624 1.600000262260437
  endloop
endfacet
facet normal 0.0 0.0 0.0
  outer loop
    vertex 7.104001522064209 1.3312000036239624 1.600000262260437
    vertex 7.193601608276367 1.3823997974395752 1.600000262260437
    vertex 7.104001522064209 1.3312000036239624 2.384185791015625e-07
  endloop
endfacet
facet normal 0.0 0.0 0.0
  outer loop
    vertex 7.193601608276367 1.3823997974395752 2.384185791015625e-07
    vertex 7.104001522064209 1.3312000036239624 2.384185791015625e-07
    vertex 7.193601608276367 1.3823997974395752 1.600000262260437
  endloop
endfacet
facet normal 0.0 0.0 0.0
  outer loop
    vertex 7.193601608276367 1.3823997974395752 1.600000262260437
    vertex 7.283201694488525 1.4336001873016357 1.600000262260437
    vertex 7.193601608276367 1.3823997974395752 2.384185791015625e-07
  endloop
endfacet
facet normal 0.0 0.0 0.0
  outer loop
    vertex 7.283201694488525 1.4336001873016357 2.384185791015625e-07
    vertex 7.193601608276367 1.3823997974395752 2.384185791015625e-07
    vertex 7.283201694488525 1.4336001873016357 1.600000262260437
  endloop
endfacet
facet normal 0.0 0.0 0.0
  outer loop
    vertex 7.283201694488525 1.4336001873016357 1.600000262260437
    vertex 7.3856024742126465 1.4719998836517334 1.600000262260437
    vertex 7.283201694488525 1.4336001873016357 2.384185791015625e-07
  endloop
endfacet
facet normal 0.0 0.0 0.0
  outer loop
    vertex 7.3856024742126465 1.4719998836517334 2.384185791015625e-07
    vertex 7.283201694488525 1.4336001873016357 2.384185791015625e-07
    vertex 7.3856024742126465 1.4719998836517334 1.600000262260437
  endloop
endfacet
facet normal 0.0 0.0 0.0
  outer loop
    vertex 7.3856024742126465 1.4719998836517334 1.600000262260437
    vertex 7.475202560424805 1.5104001760482788 1.600000262260437
    vertex 7.3856024742126465 1.4719998836517334 2.384185791015625e-07
  endloop
endfacet
facet normal 0.0 0.0 0.0
  outer loop
    vertex 7.475202560424805 1.5104001760482788 2.384185791015625e-07
    vertex 7.3856024742126465 1.4719998836517334 2.384185791015625e-07
    vertex 7.475202560424805 1.5104001760482788 1.600000262260437
  endloop
endfacet
facet normal 0.0 0.0 0.0
  outer loop
    vertex 7.475202560424805 1.5104001760482788 1.600000262260437
    vertex 7.577603816986084 1.5488004684448242 1.600000262260437
    vertex 7.475202560424805 1.5104001760482788 2.384185791015625e-07
  endloop
endfacet
facet normal 0.0 0.0 0.0
  outer loop
    vertex 7.577603816986084 1.5488004684448242 2.384185791015625e-07
    vertex 7.475202560424805 1.5104001760482788 2.384185791015625e-07
    vertex 7.577603816986084 1.5488004684448242 1.600000262260437
  endloop
endfacet
facet normal 0.0 0.0 0.0
  outer loop
    vertex 7.577603816986084 1.5488004684448242 1.600000262260437
    vertex 7.680002212524414 1.5744000673294067 1.600000262260437
    vertex 7.577603816986084 1.5488004684448242 2.384185791015625e-07
  endloop
endfacet
facet normal 0.0 0.0 0.0
  outer loop
    vertex 7.680002212524414 1.5744000673294067 2.384185791015625e-07
    vertex 7.577603816986084 1.5488004684448242 2.384185791015625e-07
    vertex 7.680002212524414 1.5744000673294067 1.600000262260437
  endloop
endfacet
facet normal 0.0 0.0 0.0
  outer loop
    vertex 7.680002212524414 1.5744000673294067 1.600000262260437
    vertex 7.782402992248535 1.5872001647949219 1.600000262260437
    vertex 7.680002212524414 1.5744000673294067 2.384185791015625e-07
  endloop
endfacet
facet normal 0.0 0.0 0.0
  outer loop
    vertex 7.782402992248535 1.5872001647949219 2.384185791015625e-07
    vertex 7.680002212524414 1.5744000673294067 2.384185791015625e-07
    vertex 7.782402992248535 1.5872001647949219 1.600000262260437
  endloop
endfacet
facet normal 0.0 0.0 0.0
  outer loop
    vertex 7.782402992248535 1.5872001647949219 1.600000262260437
    vertex 7.884801387786865 1.5999996662139893 1.600000262260437
    vertex 7.782402992248535 1.5872001647949219 2.384185791015625e-07
  endloop
endfacet
facet normal 0.0 0.0 0.0
  outer loop
    vertex 7.884801387786865 1.5999996662139893 2.384185791015625e-07
    vertex 7.782402992248535 1.5872001647949219 2.384185791015625e-07
    vertex 7.884801387786865 1.5999996662139893 1.600000262260437
  endloop
endfacet
facet normal 0.0 0.0 0.0
  outer loop
    vertex 7.884801387786865 1.5999996662139893 1.600000262260437
    vertex 8.00000286102295 1.5999996662139893 1.600000262260437
    vertex 7.884801387786865 1.5999996662139893 2.384185791015625e-07
  endloop
endfacet
facet normal 0.0 0.0 0.0
  outer loop
    vertex 8.00000286102295 1.5999996662139893 2.384185791015625e-07
    vertex 7.884801387786865 1.5999996662139893 2.384185791015625e-07
    vertex 8.00000286102295 1.5999996662139893 1.600000262260437
  endloop
endfacet
facet normal 0.0 0.0 0.0
  outer loop
    vertex 8.00000286102295 1.5999996662139893 1.600000262260437
    vertex 8.10240364074707 1.5999996662139893 1.600000262260437
    vertex 8.00000286102295 1.5999996662139893 2.384185791015625e-07
  endloop
endfacet
facet normal 0.0 0.0 0.0
  outer loop
    vertex 8.10240364074707 1.5999996662139893 2.384185791015625e-07
    vertex 8.00000286102295 1.5999996662139893 2.384185791015625e-07
    vertex 8.10240364074707 1.5999996662139893 1.600000262260437
  endloop
endfacet
facet normal 0.0 0.0 0.0
  outer loop
    vertex 8.10240364074707 1.5999996662139893 1.600000262260437
    vertex 8.204801559448242 1.5872001647949219 1.600000262260437
    vertex 8.10240364074707 1.5999996662139893 2.384185791015625e-07
  endloop
endfacet
facet normal 0.0 0.0 0.0
  outer loop
    vertex 8.204801559448242 1.5872001647949219 2.384185791015625e-07
    vertex 8.10240364074707 1.5999996662139893 2.384185791015625e-07
    vertex 8.204801559448242 1.5872001647949219 1.600000262260437
  endloop
endfacet
facet normal 0.0 0.0 0.0
  outer loop
    vertex 8.204801559448242 1.5872001647949219 1.600000262260437
    vertex 8.307202339172363 1.5744000673294067 1.600000262260437
    vertex 8.204801559448242 1.5872001647949219 2.384185791015625e-07
  endloop
endfacet
facet normal 0.0 0.0 0.0
  outer loop
    vertex 8.307202339172363 1.5744000673294067 2.384185791015625e-07
    vertex 8.204801559448242 1.5872001647949219 2.384185791015625e-07
    vertex 8.307202339172363 1.5744000673294067 1.600000262260437
  endloop
endfacet
facet normal 0.0 0.0 0.0
  outer loop
    vertex 8.307202339172363 1.5744000673294067 1.600000262260437
    vertex 8.409601211547852 1.5488004684448242 1.600000262260437
    vertex 8.307202339172363 1.5744000673294067 2.384185791015625e-07
  endloop
endfacet
facet normal 0.0 0.0 0.0
  outer loop
    vertex 8.409601211547852 1.5488004684448242 2.384185791015625e-07
    vertex 8.307202339172363 1.5744000673294067 2.384185791015625e-07
    vertex 8.409601211547852 1.5488004684448242 1.600000262260437
  endloop
endfacet
facet normal 0.0 0.0 0.0
  outer loop
    vertex 8.409601211547852 1.5488004684448242 1.600000262260437
    vertex 8.512001991271973 1.5104001760482788 1.600000262260437
    vertex 8.409601211547852 1.5488004684448242 2.384185791015625e-07
  endloop
endfacet
facet normal 0.0 0.0 0.0
  outer loop
    vertex 8.512001991271973 1.5104001760482788 2.384185791015625e-07
    vertex 8.409601211547852 1.5488004684448242 2.384185791015625e-07
    vertex 8.512001991271973 1.5104001760482788 1.600000262260437
  endloop
endfacet
facet normal 0.0 0.0 0.0
  outer loop
    vertex 8.512001991271973 1.5104001760482788 1.600000262260437
    vertex 8.601601600646973 1.4719998836517334 1.600000262260437
    vertex 8.512001991271973 1.5104001760482788 2.384185791015625e-07
  endloop
endfacet
facet normal 0.0 0.0 0.0
  outer loop
    vertex 8.601601600646973 1.4719998836517334 2.384185791015625e-07
    vertex 8.512001991271973 1.5104001760482788 2.384185791015625e-07
    vertex 8.601601600646973 1.4719998836517334 1.600000262260437
  endloop
endfacet
facet normal 0.0 0.0 0.0
  outer loop
    vertex 8.601601600646973 1.4719998836517334 1.600000262260437
    vertex 8.678400993347168 1.4464002847671509 1.600000262260437
    vertex 8.601601600646973 1.4719998836517334 2.384185791015625e-07
  endloop
endfacet
facet normal 0.0 0.0 0.0
  outer loop
    vertex 8.704002380371094 1.4336001873016357 2.384185791015625e-07
    vertex 8.601601600646973 1.4719998836517334 2.384185791015625e-07
    vertex 8.704002380371094 1.4336001873016357 1.600000262260437
  endloop
endfacet
facet normal 0.0 0.0 0.0
  outer loop
    vertex 8.704002380371094 1.4336001873016357 1.600000262260437
    vertex 8.601601600646973 1.4719998836517334 2.384185791015625e-07
    vertex 8.678400993347168 1.4464002847671509 1.600000262260437
  endloop
endfacet
facet normal 0.0 0.0 0.0
  outer loop
    vertex 8.704002380371094 1.4336001873016357 1.600000262260437
    vertex 8.79360294342041 1.3823997974395752 1.600000262260437
    vertex 8.704002380371094 1.4336001873016357 2.384185791015625e-07
  endloop
endfacet
facet normal 0.0 0.0 0.0
  outer loop
    vertex 8.79360294342041 1.3823997974395752 2.384185791015625e-07
    vertex 8.704002380371094 1.4336001873016357 2.384185791015625e-07
    vertex 8.79360294342041 1.3823997974395752 1.600000262260437
  endloop
endfacet
facet normal 0.0 0.0 0.0
  outer loop
    vertex 8.79360294342041 1.3823997974395752 1.600000262260437
    vertex 8.88320255279541 1.3312000036239624 1.600000262260437
    vertex 8.79360294342041 1.3823997974395752 2.384185791015625e-07
  endloop
endfacet
facet normal 0.0 0.0 0.0
  outer loop
    vertex 8.88320255279541 1.3312000036239624 2.384185791015625e-07
    vertex 8.79360294342041 1.3823997974395752 2.384185791015625e-07
    vertex 8.88320255279541 1.3312000036239624 1.600000262260437
  endloop
endfacet
facet normal 0.0 0.0 0.0
  outer loop
    vertex 8.88320255279541 1.3312000036239624 1.600000262260437
    vertex 8.972803115844727 1.2672001123428345 1.600000262260437
    vertex 8.88320255279541 1.3312000036239624 2.384185791015625e-07
  endloop
endfacet
facet normal 0.0 0.0 0.0
  outer loop
    vertex 8.972803115844727 1.2672001123428345 2.384185791015625e-07
    vertex 8.88320255279541 1.3312000036239624 2.384185791015625e-07
    vertex 8.972803115844727 1.2672001123428345 1.600000262260437
  endloop
endfacet
facet normal 0.0 0.0 0.0
  outer loop
    vertex 8.972803115844727 1.2672001123428345 1.600000262260437
    vertex 9.049602508544922 1.2032002210617065 1.600000262260437
    vertex 8.972803115844727 1.2672001123428345 2.384185791015625e-07
  endloop
endfacet
facet normal 0.0 0.0 0.0
  outer loop
    vertex 9.049602508544922 1.2032002210617065 2.384185791015625e-07
    vertex 8.972803115844727 1.2672001123428345 2.384185791015625e-07
    vertex 9.049602508544922 1.2032002210617065 1.600000262260437
  endloop
endfacet
facet normal 0.0 0.0 0.0
  outer loop
    vertex 9.049602508544922 1.2032002210617065 1.600000262260437
    vertex 9.126401901245117 1.1264002323150635 1.600000262260437
    vertex 9.049602508544922 1.2032002210617065 2.384185791015625e-07
  endloop
endfacet
facet normal 0.0 0.0 0.0
  outer loop
    vertex 9.126401901245117 1.1264002323150635 2.384185791015625e-07
    vertex 9.049602508544922 1.2032002210617065 2.384185791015625e-07
    vertex 9.126401901245117 1.1264002323150635 1.600000262260437
  endloop
endfacet
facet normal 0.0 0.0 0.0
  outer loop
    vertex 9.126401901245117 1.1264002323150635 2.384185791015625e-07
    vertex 9.19040298461914 1.0496002435684204 1.600000262260437
    vertex 9.19040298461914 1.0496002435684204 2.384185791015625e-07
  endloop
endfacet
facet normal 0.0 0.0 0.0
  outer loop
    vertex 9.19040298461914 1.0496002435684204 1.600000262260437
    vertex 9.126401901245117 1.1264002323150635 2.384185791015625e-07
    vertex 9.126401901245117 1.1264002323150635 1.600000262260437
  endloop
endfacet
facet normal 0.0 0.0 0.0
  outer loop
    vertex 9.19040298461914 1.0496002435684204 2.384185791015625e-07
    vertex 9.267202377319336 0.9727999567985535 1.600000262260437
    vertex 9.267202377319336 0.9727999567985535 2.384185791015625e-07
  endloop
endfacet
facet normal 0.0 0.0 0.0
  outer loop
    vertex 9.267202377319336 0.9727999567985535 1.600000262260437
    vertex 9.19040298461914 1.0496002435684204 2.384185791015625e-07
    vertex 9.19040298461914 1.0496002435684204 1.600000262260437
  endloop
endfacet
facet normal 0.0 0.0 0.0
  outer loop
    vertex 9.267202377319336 0.9727999567985535 2.384185791015625e-07
    vertex 9.318402290344238 0.8832001686096191 1.600000262260437
    vertex 9.318402290344238 0.8832001686096191 2.384185791015625e-07
  endloop
endfacet
facet normal 0.0 0.0 0.0
  outer loop
    vertex 9.318402290344238 0.8832001686096191 1.600000262260437
    vertex 9.267202377319336 0.9727999567985535 2.384185791015625e-07
    vertex 9.267202377319336 0.9727999567985535 1.600000262260437
  endloop
endfacet
facet normal 0.0 0.0 0.0
  outer loop
    vertex 9.318402290344238 0.8832001686096191 2.384185791015625e-07
    vertex 9.382401466369629 0.7936000823974609 1.600000262260437
    vertex 9.382401466369629 0.7936000823974609 2.384185791015625e-07
  endloop
endfacet
facet normal 0.0 0.0 0.0
  outer loop
    vertex 9.382401466369629 0.7936000823974609 1.600000262260437
    vertex 9.318402290344238 0.8832001686096191 2.384185791015625e-07
    vertex 9.318402290344238 0.8832001686096191 1.600000262260437
  endloop
endfacet
facet normal 0.0 0.0 0.0
  outer loop
    vertex 9.382401466369629 0.7936000823974609 2.384185791015625e-07
    vertex 9.433601379394531 0.7039999961853027 1.600000262260437
    vertex 9.433601379394531 0.7039999961853027 2.384185791015625e-07
  endloop
endfacet
facet normal 0.0 0.0 0.0
  outer loop
    vertex 9.433601379394531 0.7039999961853027 1.600000262260437
    vertex 9.382401466369629 0.7936000823974609 2.384185791015625e-07
    vertex 9.382401466369629 0.7936000823974609 1.600000262260437
  endloop
endfacet
facet normal 0.0 0.0 0.0
  outer loop
    vertex 9.433601379394531 0.7039999961853027 2.384185791015625e-07
    vertex 9.472003936767578 0.6144002079963684 1.600000262260437
    vertex 9.472003936767578 0.6144002079963684 2.384185791015625e-07
  endloop
endfacet
facet normal 0.0 0.0 0.0
  outer loop
    vertex 9.472003936767578 0.6144002079963684 1.600000262260437
    vertex 9.433601379394531 0.7039999961853027 2.384185791015625e-07
    vertex 9.433601379394531 0.7039999961853027 1.600000262260437
  endloop
endfacet
facet normal 0.0 0.0 0.0
  outer loop
    vertex 9.472003936767578 0.6144002079963684 2.384185791015625e-07
    vertex 9.510403633117676 0.512000322341919 1.600000262260437
    vertex 9.510403633117676 0.512000322341919 2.384185791015625e-07
  endloop
endfacet
facet normal 0.0 0.0 0.0
  outer loop
    vertex 9.510403633117676 0.512000322341919 1.600000262260437
    vertex 9.472003936767578 0.6144002079963684 2.384185791015625e-07
    vertex 9.472003936767578 0.6144002079963684 1.600000262260437
  endloop
endfacet
facet normal 0.0 0.0 0.0
  outer loop
    vertex 9.510403633117676 0.512000322341919 2.384185791015625e-07
    vertex 9.536002159118652 0.4096001386642456 1.600000262260437
    vertex 9.536002159118652 0.4096001088619232 2.384185791015625e-07
  endloop
endfacet
facet normal 0.0 0.0 0.0
  outer loop
    vertex 9.536002159118652 0.4096001386642456 1.600000262260437
    vertex 9.510403633117676 0.512000322341919 2.384185791015625e-07
    vertex 9.510403633117676 0.512000322341919 1.600000262260437
  endloop
endfacet
facet normal 0.0 0.0 0.0
  outer loop
    vertex 9.536002159118652 0.4096001088619232 2.384185791015625e-07
    vertex 9.561601638793945 0.30720025300979614 1.600000262260437
    vertex 9.561601638793945 0.30720022320747375 2.384185791015625e-07
  endloop
endfacet
facet normal 0.0 0.0 0.0
  outer loop
    vertex 9.561601638793945 0.30720025300979614 1.600000262260437
    vertex 9.536002159118652 0.4096001088619232 2.384185791015625e-07
    vertex 9.536002159118652 0.4096001386642456 1.600000262260437
  endloop
endfacet
facet normal 0.0 0.0 0.0
  outer loop
    vertex 9.561601638793945 0.30720022320747375 2.384185791015625e-07
    vertex 9.57440185546875 0.2048000544309616 1.600000262260437
    vertex 9.57440185546875 0.20480003952980042 2.384185791015625e-07
  endloop
endfacet
facet normal 0.0 0.0 0.0
  outer loop
    vertex 9.57440185546875 0.2048000544309616 1.600000262260437
    vertex 9.561601638793945 0.30720022320747375 2.384185791015625e-07
    vertex 9.561601638793945 0.30720025300979614 1.600000262260437
  endloop
endfacet
facet normal 0.0 0.0 0.0
  outer loop
    vertex 9.57440185546875 0.20480003952980042 2.384185791015625e-07
    vertex 9.587203025817871 0.10240016877651215 1.600000262260437
    vertex 9.587203025817871 0.10240014642477036 2.384185791015625e-07
  endloop
endfacet
facet normal 0.0 0.0 0.0
  outer loop
    vertex 9.587203025817871 0.10240016877651215 1.600000262260437
    vertex 9.57440185546875 0.20480003952980042 2.384185791015625e-07
    vertex 9.57440185546875 0.2048000544309616 1.600000262260437
  endloop
endfacet
facet normal 0.0 0.0 0.0
  outer loop
    vertex 9.587203025817871 0.10240014642477036 2.384185791015625e-07
    vertex 9.600001335144043 -1.288293027812415e-08 1.6000003814697266
    vertex 9.600001335144043 -3.2998482168977716e-08 2.384185791015625e-07
  endloop
endfacet
facet normal 0.0 0.0 0.0
  outer loop
    vertex 9.600001335144043 -1.288293027812415e-08 1.6000003814697266
    vertex 9.587203025817871 0.10240014642477036 2.384185791015625e-07
    vertex 9.587203025817871 0.10240016877651215 1.600000262260437
  endloop
endfacet
facet normal 0.0 0.0 0.0
  outer loop
    vertex -0.01279831025749445 -3.9935998916625977 3.1872003078460693
    vertex 8.00000286102295 -1.9967999458312988 3.1872003078460693
    vertex -0.01279831025749445 7.07169700575605e-09 3.1872003078460693
  endloop
endfacet
facet normal 0.0 0.0 0.0
  outer loop
    vertex -16.0 -3.9935998916625977 3.1872003078460693
    vertex -8.012800216674805 -3.9935998916625977 3.1872003078460693
    vertex -8.012800216674805 -1.9967999458312988 3.1872003078460693
  endloop
endfacet
facet normal 0.0 0.0 0.0
  outer loop
    vertex -0.01279831025749445 7.07169700575605e-09 3.1872003078460693
    vertex 8.00000286102295 1.9968003034591675 3.1872003078460693
    vertex -0.01279831025749445 3.9935998916625977 3.1872003078460693
  endloop
endfacet
facet normal 0.0 0.0 0.0
  outer loop
    vertex 16.0 3.9935998916625977 3.1872003078460693
    vertex 8.00000286102295 3.9935998916625977 3.1872003078460693
    vertex 8.00000286102295 1.9968003034591675 3.1872003078460693
  endloop
endfacet
facet normal 0.0 0.0 0.0
  outer loop
    vertex -0.01279831025749445 -3.9935998916625977 3.1872003078460693
    vertex 8.00000286102295 -3.9935998916625977 3.1872003078460693
    vertex 8.00000286102295 -1.9967999458312988 3.1872003078460693
  endloop
endfacet
facet normal 0.0 0.0 0.0
  outer loop
    vertex -8.012800216674805 3.9935998916625977 3.1872003078460693
    vertex -16.0 3.9935998916625977 3.1872003078460693
    vertex -8.012800216674805 1.9968003034591675 3.1872003078460693
  endloop
endfacet
facet normal 0.0 0.0 0.0
  outer loop
    vertex -0.01279831025749445 3.9935998916625977 3.1872003078460693
    vertex -8.012800216674805 3.9935998916625977 3.1872003078460693
    vertex -8.012800216674805 1.9968003034591675 3.1872003078460693
  endloop
endfacet
facet normal 0.0 0.0 0.0
  outer loop
    vertex 16.0 3.9935998916625977 3.1872003078460693
    vertex 8.00000286102295 -1.9967999458312988 3.1872003078460693
    vertex 16.0 -3.9935998916625977 3.1872003078460693
  endloop
endfacet
facet normal 0.0 0.0 0.0
  outer loop
    vertex 8.00000286102295 -3.9935998916625977 3.1872003078460693
    vertex 16.0 -3.9935998916625977 3.1872003078460693
    vertex 8.00000286102295 -1.9967999458312988 3.1872003078460693
  endloop
endfacet
facet normal 0.0 0.0 0.0
  outer loop
    vertex 8.00000286102295 3.9935998916625977 3.1872003078460693
    vertex -0.01279831025749445 3.9935998916625977 3.1872003078460693
    vertex 8.00000286102295 1.9968003034591675 3.1872003078460693
  endloop
endfacet
facet normal 0.0 0.0 0.0
  outer loop
    vertex -16.0 -3.9935998916625977 3.1872003078460693
    vertex -8.012800216674805 1.9968003034591675 3.1872003078460693
    vertex -16.0 3.9935998916625977 3.1872003078460693
  endloop
endfacet
facet normal 0.0 0.0 0.0
  outer loop
    vertex -0.01279831025749445 7.07169700575605e-09 3.1872003078460693
    vertex -8.012800216674805 -1.9967999458312988 3.1872003078460693
    vertex -0.01279831025749445 -3.9935998916625977 3.1872003078460693
  endloop
endfacet
facet normal 0.0 0.0 0.0
  outer loop
    vertex -8.012800216674805 -1.9967999458312988 3.1872003078460693
    vertex -0.01279831025749445 7.07169700575605e-09 3.1872003078460693
    vertex -8.012800216674805 1.9968003034591675 3.1872003078460693
  endloop
endfacet
facet normal 0.0 0.0 0.0
  outer loop
    vertex 16.0 3.9935998916625977 3.1872003078460693
    vertex 8.00000286102295 1.9968003034591675 3.1872003078460693
    vertex 8.00000286102295 -1.9967999458312988 3.1872003078460693
  endloop
endfacet
facet normal 0.0 0.0 0.0
  outer loop
    vertex -16.0 -3.9935998916625977 3.1872003078460693
    vertex -8.012800216674805 -1.9967999458312988 3.1872003078460693
    vertex -8.012800216674805 1.9968003034591675 3.1872003078460693
  endloop
endfacet
facet normal 0.0 0.0 0.0
  outer loop
    vertex -0.01279831025749445 3.9935998916625977 3.1872003078460693
    vertex -8.012800216674805 1.9968003034591675 3.1872003078460693
    vertex -0.01279831025749445 7.07169700575605e-09 3.1872003078460693
  endloop
endfacet
facet normal 0.0 0.0 0.0
  outer loop
    vertex 8.00000286102295 1.9968003034591675 3.1872003078460693
    vertex -0.01279831025749445 7.07169700575605e-09 3.1872003078460693
    vertex 8.00000286102295 -1.9967999458312988 3.1872003078460693
  endloop
endfacet
facet normal 0.0 0.0 0.0
  outer loop
    vertex -8.012800216674805 -3.9935998916625977 3.1872003078460693
    vertex -0.01279831025749445 -3.9935998916625977 3.1872003078460693
    vertex -8.012800216674805 -1.9967999458312988 3.1872003078460693
  endloop
endfacet
endsolid Uranium STLWriter Sun 30 Jan 2022 13:50:49
