solid Uranium STLWriter Sat 29 Jan 2022 09:45:45
facet normal 0.0 0.0 0.0
  outer loop
    vertex -66.30149841308594 -19.100000381469727 5.960464477539062e-07
    vertex -70.10310363769531 -19.100000381469727 7.152557373046875e-07
    vertex -66.60230255126953 -18.79920196533203 5.960464477539062e-07
  endloop
endfacet
facet normal 0.0 0.0 0.0
  outer loop
    vertex -68.90630340576172 -17.903200149536133 7.152557373046875e-07
    vertex -63.10150146484375 -18.498401641845703 4.76837158203125e-07
    vertex -66.60230255126953 -18.79920196533203 5.960464477539062e-07
  endloop
endfacet
facet normal 0.0 0.0 0.0
  outer loop
    vertex -66.60230255126953 -18.79920196533203 5.960464477539062e-07
    vertex -63.10150146484375 -18.498401641845703 4.76837158203125e-07
    vertex -66.30149841308594 -19.100000381469727 5.960464477539062e-07
  endloop
endfacet
facet normal 0.0 0.0 0.0
  outer loop
    vertex -70.10310363769531 -3.8999991416931152 7.152557373046875e-07
    vertex -66.30149841308594 -3.8999991416931152 5.960464477539062e-07
    vertex -68.90630340576172 -5.096799850463867 7.152557373046875e-07
  endloop
endfacet
facet normal 0.0 0.0 0.0
  outer loop
    vertex -54.903099060058594 -15.29840087890625 2.384185791015625e-07
    vertex -55.50469970703125 -12.098400115966797 2.384185791015625e-07
    vertex -54.903099060058594 -11.503199577331543 2.384185791015625e-07
  endloop
endfacet
facet normal 0.0 0.0 0.0
  outer loop
    vertex -70.10310363769531 -7.701600074768066 7.152557373046875e-07
    vertex -69.50150299072266 -10.901599884033203 7.152557373046875e-07
    vertex -70.10310363769531 -11.503199577331543 7.152557373046875e-07
  endloop
endfacet
facet normal 0.0 0.0 0.0
  outer loop
    vertex -58.7047004699707 -3.8999991416931152 3.5762786865234375e-07
    vertex -54.903099060058594 -3.8999991416931152 2.384185791015625e-07
    vertex -58.403900146484375 -4.20080041885376 3.5762786865234375e-07
  endloop
endfacet
facet normal 0.0 0.0 0.0
  outer loop
    vertex -70.10310363769531 -3.8999991416931152 7.152557373046875e-07
    vertex -69.80229949951172 -7.4008002281188965 7.152557373046875e-07
    vertex -70.10310363769531 -7.701600074768066 7.152557373046875e-07
  endloop
endfacet
facet normal 0.0 0.0 0.0
  outer loop
    vertex -69.20069885253906 -14.402400970458984 7.152557373046875e-07
    vertex -70.10310363769531 -11.503199577331543 7.152557373046875e-07
    vertex -69.50150299072266 -10.901599884033203 7.152557373046875e-07
  endloop
endfacet
facet normal 0.0 0.0 0.0
  outer loop
    vertex -68.90630340576172 -17.903200149536133 7.152557373046875e-07
    vertex -62.499900817871094 -17.903200149536133 4.76837158203125e-07
    vertex -63.10150146484375 -18.498401641845703 4.76837158203125e-07
  endloop
endfacet
facet normal 0.0 0.0 0.0
  outer loop
    vertex -62.499900817871094 -3.8999991416931152 4.76837158203125e-07
    vertex -58.7047004699707 -3.8999991416931152 3.5762786865234375e-07
    vertex -61.904701232910156 -4.5015997886657715 4.76837158203125e-07
  endloop
endfacet
facet normal 0.0 0.0 0.0
  outer loop
    vertex -69.80229949951172 -7.4008002281188965 7.152557373046875e-07
    vertex -68.90630340576172 -5.096799850463867 7.152557373046875e-07
    vertex -69.50150299072266 -10.901599884033203 7.152557373046875e-07
  endloop
endfacet
facet normal 0.0 0.0 0.0
  outer loop
    vertex -58.403900146484375 -4.20080041885376 3.5762786865234375e-07
    vertex -61.904701232910156 -4.5015997886657715 4.76837158203125e-07
    vertex -58.7047004699707 -3.8999991416931152 3.5762786865234375e-07
  endloop
endfacet
facet normal 0.0 0.0 0.0
  outer loop
    vertex -56.09989929199219 -5.096799850463867 2.384185791015625e-07
    vertex -61.904701232910156 -4.5015997886657715 4.76837158203125e-07
    vertex -58.403900146484375 -4.20080041885376 3.5762786865234375e-07
  endloop
endfacet
facet normal 0.0 0.0 0.0
  outer loop
    vertex -54.903099060058594 -19.100000381469727 2.384185791015625e-07
    vertex -58.7047004699707 -19.100000381469727 3.5762786865234375e-07
    vertex -56.09989929199219 -17.903200149536133 2.384185791015625e-07
  endloop
endfacet
facet normal 0.0 0.0 0.0
  outer loop
    vertex -58.403900146484375 -4.20080041885376 3.5762786865234375e-07
    vertex -54.903099060058594 -3.8999991416931152 2.384185791015625e-07
    vertex -56.09989929199219 -5.096799850463867 2.384185791015625e-07
  endloop
endfacet
facet normal 0.0 0.0 0.0
  outer loop
    vertex -65.40550231933594 -4.802399635314941 5.960464477539062e-07
    vertex -61.904701232910156 -4.5015997886657715 4.76837158203125e-07
    vertex -62.499900817871094 -5.096799850463867 4.76837158203125e-07
  endloop
endfacet
facet normal 0.0 0.0 0.0
  outer loop
    vertex -55.20389938354492 -15.599201202392578 2.384185791015625e-07
    vertex -56.09989929199219 -17.903200149536133 2.384185791015625e-07
    vertex -55.50469970703125 -12.098400115966797 2.384185791015625e-07
  endloop
endfacet
facet normal 0.0 0.0 0.0
  outer loop
    vertex -54.903099060058594 -19.100000381469727 2.384185791015625e-07
    vertex -55.20389938354492 -15.599201202392578 2.384185791015625e-07
    vertex -54.903099060058594 -15.29840087890625 2.384185791015625e-07
  endloop
endfacet
facet normal 0.0 0.0 0.0
  outer loop
    vertex -56.09989929199219 -17.903200149536133 2.384185791015625e-07
    vertex -62.499900817871094 -19.100000381469727 4.76837158203125e-07
    vertex -59.60070037841797 -18.197601318359375 3.5762786865234375e-07
  endloop
endfacet
facet normal 0.0 0.0 0.0
  outer loop
    vertex -54.903099060058594 -11.503199577331543 2.384185791015625e-07
    vertex -56.09989929199219 -5.096799850463867 2.384185791015625e-07
    vertex -54.903099060058594 -7.701600074768066 2.384185791015625e-07
  endloop
endfacet
facet normal 0.0 0.0 0.0
  outer loop
    vertex -55.80550003051758 -8.597599983215332 2.384185791015625e-07
    vertex -54.903099060058594 -11.503199577331543 2.384185791015625e-07
    vertex -55.50469970703125 -12.098400115966797 2.384185791015625e-07
  endloop
endfacet
facet normal 0.0 0.0 0.0
  outer loop
    vertex -54.903099060058594 -7.701600074768066 2.384185791015625e-07
    vertex -56.09989929199219 -5.096799850463867 2.384185791015625e-07
    vertex -54.903099060058594 -3.8999991416931152 2.384185791015625e-07
  endloop
endfacet
facet normal 0.0 0.0 0.0
  outer loop
    vertex -56.09989929199219 -5.096799850463867 2.384185791015625e-07
    vertex -55.80550003051758 -8.597599983215332 2.384185791015625e-07
    vertex -56.09989929199219 -11.503199577331543 2.384185791015625e-07
  endloop
endfacet
facet normal 0.0 0.0 0.0
  outer loop
    vertex -56.09989929199219 -11.503199577331543 2.384185791015625e-07
    vertex -55.50469970703125 -12.098400115966797 2.384185791015625e-07
    vertex -56.09989929199219 -17.903200149536133 2.384185791015625e-07
  endloop
endfacet
facet normal 0.0 0.0 0.0
  outer loop
    vertex -63.10150146484375 -18.498401641845703 4.76837158203125e-07
    vertex -59.60070037841797 -18.197601318359375 3.5762786865234375e-07
    vertex -62.499900817871094 -19.100000381469727 4.76837158203125e-07
  endloop
endfacet
facet normal 0.0 0.0 0.0
  outer loop
    vertex -69.50150299072266 -10.901599884033203 7.152557373046875e-07
    vertex -70.10310363769531 -7.701600074768066 7.152557373046875e-07
    vertex -69.80229949951172 -7.4008002281188965 7.152557373046875e-07
  endloop
endfacet
facet normal 0.0 0.0 0.0
  outer loop
    vertex -62.499900817871094 -17.903200149536133 4.76837158203125e-07
    vertex -56.09989929199219 -17.903200149536133 2.384185791015625e-07
    vertex -59.60070037841797 -18.197601318359375 3.5762786865234375e-07
  endloop
endfacet
facet normal 0.0 0.0 0.0
  outer loop
    vertex -55.50469970703125 -12.098400115966797 2.384185791015625e-07
    vertex -54.903099060058594 -15.29840087890625 2.384185791015625e-07
    vertex -55.20389938354492 -15.599201202392578 2.384185791015625e-07
  endloop
endfacet
facet normal 0.0 0.0 0.0
  outer loop
    vertex -70.10310363769531 -15.29840087890625 7.152557373046875e-07
    vertex -68.90630340576172 -17.903200149536133 7.152557373046875e-07
    vertex -70.10310363769531 -19.100000381469727 7.152557373046875e-07
  endloop
endfacet
facet normal 0.0 0.0 0.0
  outer loop
    vertex -68.90630340576172 -17.903200149536133 7.152557373046875e-07
    vertex -70.10310363769531 -11.503199577331543 7.152557373046875e-07
    vertex -69.20069885253906 -14.402400970458984 7.152557373046875e-07
  endloop
endfacet
facet normal 0.0 0.0 0.0
  outer loop
    vertex -68.90630340576172 -5.096799850463867 7.152557373046875e-07
    vertex -62.499900817871094 -3.8999991416931152 4.76837158203125e-07
    vertex -65.40550231933594 -4.802399635314941 5.960464477539062e-07
  endloop
endfacet
facet normal 0.0 0.0 0.0
  outer loop
    vertex -62.499900817871094 -19.100000381469727 4.76837158203125e-07
    vertex -66.30149841308594 -19.100000381469727 5.960464477539062e-07
    vertex -63.10150146484375 -18.498401641845703 4.76837158203125e-07
  endloop
endfacet
facet normal 0.0 0.0 0.0
  outer loop
    vertex -66.60230255126953 -18.79920196533203 5.960464477539062e-07
    vertex -70.10310363769531 -19.100000381469727 7.152557373046875e-07
    vertex -68.90630340576172 -17.903200149536133 7.152557373046875e-07
  endloop
endfacet
facet normal 0.0 0.0 0.0
  outer loop
    vertex -68.90630340576172 -17.903200149536133 7.152557373046875e-07
    vertex -69.20069885253906 -14.402400970458984 7.152557373046875e-07
    vertex -68.90630340576172 -11.503199577331543 7.152557373046875e-07
  endloop
endfacet
facet normal 0.0 0.0 0.0
  outer loop
    vertex -62.499900817871094 -5.096799850463867 4.76837158203125e-07
    vertex -68.90630340576172 -5.096799850463867 7.152557373046875e-07
    vertex -65.40550231933594 -4.802399635314941 5.960464477539062e-07
  endloop
endfacet
facet normal 0.0 0.0 0.0
  outer loop
    vertex -61.904701232910156 -4.5015997886657715 4.76837158203125e-07
    vertex -65.40550231933594 -4.802399635314941 5.960464477539062e-07
    vertex -62.499900817871094 -3.8999991416931152 4.76837158203125e-07
  endloop
endfacet
facet normal 0.0 0.0 0.0
  outer loop
    vertex -70.10310363769531 -3.8999991416931152 7.152557373046875e-07
    vertex -68.90630340576172 -5.096799850463867 7.152557373046875e-07
    vertex -69.80229949951172 -7.4008002281188965 7.152557373046875e-07
  endloop
endfacet
facet normal 0.0 0.0 0.0
  outer loop
    vertex -61.87910079956055 -14.639201164245605 4.76837158203125e-07
    vertex -62.03269958496094 -13.852001190185547 4.76837158203125e-07
    vertex -61.87910079956055 -13.820000648498535 4.76837158203125e-07
  endloop
endfacet
facet normal 0.0 0.0 0.0
  outer loop
    vertex -62.499900817871094 -9.10319995880127 4.76837158203125e-07
    vertex -62.6599006652832 -9.10319995880127 4.76837158203125e-07
    vertex -62.499900817871094 -8.296799659729004 4.76837158203125e-07
  endloop
endfacet
facet normal 0.0 0.0 0.0
  outer loop
    vertex -62.499900817871094 -13.896800994873047 4.76837158203125e-07
    vertex -62.3463020324707 -13.896800994873047 4.76837158203125e-07
    vertex -62.499900817871094 -14.703201293945312 4.76837158203125e-07
  endloop
endfacet
facet normal 0.0 0.0 0.0
  outer loop
    vertex -56.09989929199219 -5.096799850463867 2.384185791015625e-07
    vertex -54.903099060058594 -11.503199577331543 2.384185791015625e-07
    vertex -55.80550003051758 -8.597599983215332 2.384185791015625e-07
  endloop
endfacet
facet normal 0.0 0.0 0.0
  outer loop
    vertex -62.499900817871094 -19.100000381469727 4.76837158203125e-07
    vertex -56.09989929199219 -17.903200149536133 2.384185791015625e-07
    vertex -58.7047004699707 -19.100000381469727 3.5762786865234375e-07
  endloop
endfacet
facet normal 0.0 0.0 0.0
  outer loop
    vertex -54.903099060058594 -19.100000381469727 2.384185791015625e-07
    vertex -56.09989929199219 -17.903200149536133 2.384185791015625e-07
    vertex -55.20389938354492 -15.599201202392578 2.384185791015625e-07
  endloop
endfacet
facet normal 0.0 0.0 0.0
  outer loop
    vertex -70.10310363769531 -11.503199577331543 7.152557373046875e-07
    vertex -68.90630340576172 -17.903200149536133 7.152557373046875e-07
    vertex -70.10310363769531 -15.29840087890625 7.152557373046875e-07
  endloop
endfacet
facet normal 0.0 0.0 0.0
  outer loop
    vertex -59.60070037841797 -18.197601318359375 3.5762786865234375e-07
    vertex -63.10150146484375 -18.498401641845703 4.76837158203125e-07
    vertex -62.499900817871094 -17.903200149536133 4.76837158203125e-07
  endloop
endfacet
facet normal 0.0 0.0 0.0
  outer loop
    vertex -62.499900817871094 -3.8999991416931152 4.76837158203125e-07
    vertex -68.90630340576172 -5.096799850463867 7.152557373046875e-07
    vertex -66.30149841308594 -3.8999991416931152 5.960464477539062e-07
  endloop
endfacet
facet normal 0.0 0.0 0.0
  outer loop
    vertex -68.90630340576172 -11.503199577331543 7.152557373046875e-07
    vertex -69.50150299072266 -10.901599884033203 7.152557373046875e-07
    vertex -68.90630340576172 -5.096799850463867 7.152557373046875e-07
  endloop
endfacet
facet normal 0.0 0.0 0.0
  outer loop
    vertex -69.50150299072266 -10.901599884033203 7.152557373046875e-07
    vertex -68.90630340576172 -11.503199577331543 7.152557373046875e-07
    vertex -69.20069885253906 -14.402400970458984 7.152557373046875e-07
  endloop
endfacet
facet normal 0.0 0.0 0.0
  outer loop
    vertex -56.09989929199219 -5.096799850463867 2.384185791015625e-07
    vertex -62.499900817871094 -5.096799850463867 4.76837158203125e-07
    vertex -61.904701232910156 -4.5015997886657715 4.76837158203125e-07
  endloop
endfacet
facet normal 0.0 0.0 0.0
  outer loop
    vertex -55.50469970703125 -12.098400115966797 2.384185791015625e-07
    vertex -56.09989929199219 -11.503199577331543 2.384185791015625e-07
    vertex -55.80550003051758 -8.597599983215332 2.384185791015625e-07
  endloop
endfacet
facet normal 0.0 0.0 0.0
  outer loop
    vertex -62.3463020324707 -13.896800994873047 4.76837158203125e-07
    vertex -62.19269943237305 -13.877601623535156 4.76837158203125e-07
    vertex -62.295101165771484 -14.690400123596191 4.76837158203125e-07
  endloop
endfacet
facet normal 0.0 0.0 0.0
  outer loop
    vertex -62.295101165771484 -14.690400123596191 4.76837158203125e-07
    vertex -62.499900817871094 -14.703201293945312 4.76837158203125e-07
    vertex -62.3463020324707 -13.896800994873047 4.76837158203125e-07
  endloop
endfacet
facet normal 0.0 0.0 0.0
  outer loop
    vertex -62.19269943237305 -13.877601623535156 4.76837158203125e-07
    vertex -62.03269958496094 -13.852001190185547 4.76837158203125e-07
    vertex -62.083900451660156 -14.671201705932617 4.76837158203125e-07
  endloop
endfacet
facet normal 0.0 0.0 0.0
  outer loop
    vertex -62.083900451660156 -14.671201705932617 4.76837158203125e-07
    vertex -62.295101165771484 -14.690400123596191 4.76837158203125e-07
    vertex -62.19269943237305 -13.877601623535156 4.76837158203125e-07
  endloop
endfacet
facet normal 0.0 0.0 0.0
  outer loop
    vertex -61.87910079956055 -14.639201164245605 4.76837158203125e-07
    vertex -62.083900451660156 -14.671201705932617 4.76837158203125e-07
    vertex -62.03269958496094 -13.852001190185547 4.76837158203125e-07
  endloop
endfacet
facet normal 0.0 0.0 0.0
  outer loop
    vertex -61.87910079956055 -13.820000648498535 4.76837158203125e-07
    vertex -61.67430114746094 -14.588001251220703 4.76837158203125e-07
    vertex -61.87910079956055 -14.639201164245605 4.76837158203125e-07
  endloop
endfacet
facet normal 0.0 0.0 0.0
  outer loop
    vertex -61.67430114746094 -14.588001251220703 4.76837158203125e-07
    vertex -61.87910079956055 -13.820000648498535 4.76837158203125e-07
    vertex -61.73189926147461 -13.775199890136719 4.76837158203125e-07
  endloop
endfacet
facet normal 0.0 0.0 0.0
  outer loop
    vertex -61.73189926147461 -13.775199890136719 4.76837158203125e-07
    vertex -61.47589874267578 -14.530401229858398 4.76837158203125e-07
    vertex -61.67430114746094 -14.588001251220703 4.76837158203125e-07
  endloop
endfacet
facet normal 0.0 0.0 0.0
  outer loop
    vertex -61.47589874267578 -14.530401229858398 4.76837158203125e-07
    vertex -61.73189926147461 -13.775199890136719 4.76837158203125e-07
    vertex -61.58470153808594 -13.71760082244873 4.76837158203125e-07
  endloop
endfacet
facet normal 0.0 0.0 0.0
  outer loop
    vertex -61.58470153808594 -13.71760082244873 4.76837158203125e-07
    vertex -61.27750015258789 -14.453601837158203 4.76837158203125e-07
    vertex -61.47589874267578 -14.530401229858398 4.76837158203125e-07
  endloop
endfacet
facet normal 0.0 0.0 0.0
  outer loop
    vertex -61.27750015258789 -14.453601837158203 4.76837158203125e-07
    vertex -61.58470153808594 -13.71760082244873 4.76837158203125e-07
    vertex -61.44390106201172 -13.653600692749023 4.76837158203125e-07
  endloop
endfacet
facet normal 0.0 0.0 0.0
  outer loop
    vertex -61.44390106201172 -13.653600692749023 4.76837158203125e-07
    vertex -61.08549880981445 -14.370400428771973 4.76837158203125e-07
    vertex -61.27750015258789 -14.453601837158203 4.76837158203125e-07
  endloop
endfacet
facet normal 0.0 0.0 0.0
  outer loop
    vertex -61.08549880981445 -14.370400428771973 4.76837158203125e-07
    vertex -61.44390106201172 -13.653600692749023 4.76837158203125e-07
    vertex -61.3031005859375 -13.576801300048828 4.76837158203125e-07
  endloop
endfacet
facet normal 0.0 0.0 0.0
  outer loop
    vertex -61.3031005859375 -13.576801300048828 4.76837158203125e-07
    vertex -60.90629959106445 -14.27440071105957 4.76837158203125e-07
    vertex -61.08549880981445 -14.370400428771973 4.76837158203125e-07
  endloop
endfacet
facet normal 0.0 0.0 0.0
  outer loop
    vertex -60.90629959106445 -14.27440071105957 4.76837158203125e-07
    vertex -61.3031005859375 -13.576801300048828 4.76837158203125e-07
    vertex -61.168701171875 -13.493600845336914 4.76837158203125e-07
  endloop
endfacet
facet normal 0.0 0.0 0.0
  outer loop
    vertex -61.168701171875 -13.493600845336914 4.76837158203125e-07
    vertex -60.72710037231445 -14.159200668334961 3.5762786865234375e-07
    vertex -60.90629959106445 -14.27440071105957 4.76837158203125e-07
  endloop
endfacet
facet normal 0.0 0.0 0.0
  outer loop
    vertex -60.72710037231445 -14.159200668334961 3.5762786865234375e-07
    vertex -61.168701171875 -13.493600845336914 4.76837158203125e-07
    vertex -61.04069900512695 -13.404000282287598 4.76837158203125e-07
  endloop
endfacet
facet normal 0.0 0.0 0.0
  outer loop
    vertex -61.04069900512695 -13.404000282287598 4.76837158203125e-07
    vertex -60.554298400878906 -14.03760051727295 3.5762786865234375e-07
    vertex -60.72710037231445 -14.159200668334961 3.5762786865234375e-07
  endloop
endfacet
facet normal 0.0 0.0 0.0
  outer loop
    vertex -60.554298400878906 -14.03760051727295 3.5762786865234375e-07
    vertex -61.04069900512695 -13.404000282287598 4.76837158203125e-07
    vertex -60.919097900390625 -13.301600456237793 4.76837158203125e-07
  endloop
endfacet
facet normal 0.0 0.0 0.0
  outer loop
    vertex -60.919097900390625 -13.301600456237793 4.76837158203125e-07
    vertex -60.3942985534668 -13.90320110321045 3.5762786865234375e-07
    vertex -60.554298400878906 -14.03760051727295 3.5762786865234375e-07
  endloop
endfacet
facet normal 0.0 0.0 0.0
  outer loop
    vertex -60.3942985534668 -13.90320110321045 3.5762786865234375e-07
    vertex -60.919097900390625 -13.301600456237793 4.76837158203125e-07
    vertex -60.80390167236328 -13.199200630187988 3.5762786865234375e-07
  endloop
endfacet
facet normal 0.0 0.0 0.0
  outer loop
    vertex -60.80390167236328 -13.199200630187988 3.5762786865234375e-07
    vertex -60.240699768066406 -13.76240062713623 3.5762786865234375e-07
    vertex -60.3942985534668 -13.90320110321045 3.5762786865234375e-07
  endloop
endfacet
facet normal 0.0 0.0 0.0
  outer loop
    vertex -60.240699768066406 -13.76240062713623 3.5762786865234375e-07
    vertex -60.80390167236328 -13.199200630187988 3.5762786865234375e-07
    vertex -60.701499938964844 -13.084001541137695 3.5762786865234375e-07
  endloop
endfacet
facet normal 0.0 0.0 0.0
  outer loop
    vertex -60.701499938964844 -13.084001541137695 3.5762786865234375e-07
    vertex -60.09989929199219 -13.608800888061523 3.5762786865234375e-07
    vertex -60.240699768066406 -13.76240062713623 3.5762786865234375e-07
  endloop
endfacet
facet normal 0.0 0.0 0.0
  outer loop
    vertex -60.09989929199219 -13.608800888061523 3.5762786865234375e-07
    vertex -60.701499938964844 -13.084001541137695 3.5762786865234375e-07
    vertex -60.59910202026367 -12.962400436401367 3.5762786865234375e-07
  endloop
endfacet
facet normal 0.0 0.0 0.0
  outer loop
    vertex -60.59910202026367 -12.962400436401367 3.5762786865234375e-07
    vertex -59.96549987792969 -13.448801040649414 3.5762786865234375e-07
    vertex -60.09989929199219 -13.608800888061523 3.5762786865234375e-07
  endloop
endfacet
facet normal 0.0 0.0 0.0
  outer loop
    vertex -59.96549987792969 -13.448801040649414 3.5762786865234375e-07
    vertex -60.59910202026367 -12.962400436401367 3.5762786865234375e-07
    vertex -60.509498596191406 -12.834400177001953 3.5762786865234375e-07
  endloop
endfacet
facet normal 0.0 0.0 0.0
  outer loop
    vertex -60.509498596191406 -12.834400177001953 3.5762786865234375e-07
    vertex -59.84389877319336 -13.2760009765625 3.5762786865234375e-07
    vertex -59.96549987792969 -13.448801040649414 3.5762786865234375e-07
  endloop
endfacet
facet normal 0.0 0.0 0.0
  outer loop
    vertex -59.84389877319336 -13.2760009765625 3.5762786865234375e-07
    vertex -60.509498596191406 -12.834400177001953 3.5762786865234375e-07
    vertex -60.426300048828125 -12.700000762939453 3.5762786865234375e-07
  endloop
endfacet
facet normal 0.0 0.0 0.0
  outer loop
    vertex -60.426300048828125 -12.700000762939453 3.5762786865234375e-07
    vertex -59.72869873046875 -13.096800804138184 3.5762786865234375e-07
    vertex -59.84389877319336 -13.2760009765625 3.5762786865234375e-07
  endloop
endfacet
facet normal 0.0 0.0 0.0
  outer loop
    vertex -59.72869873046875 -13.096800804138184 3.5762786865234375e-07
    vertex -60.426300048828125 -12.700000762939453 3.5762786865234375e-07
    vertex -60.3494987487793 -12.559200286865234 3.5762786865234375e-07
  endloop
endfacet
facet normal 0.0 0.0 0.0
  outer loop
    vertex -60.3494987487793 -12.559200286865234 3.5762786865234375e-07
    vertex -59.6327018737793 -12.917600631713867 3.5762786865234375e-07
    vertex -59.72869873046875 -13.096800804138184 3.5762786865234375e-07
  endloop
endfacet
facet normal 0.0 0.0 0.0
  outer loop
    vertex -59.6327018737793 -12.917600631713867 3.5762786865234375e-07
    vertex -60.3494987487793 -12.559200286865234 3.5762786865234375e-07
    vertex -60.285499572753906 -12.418399810791016 3.5762786865234375e-07
  endloop
endfacet
facet normal 0.0 0.0 0.0
  outer loop
    vertex -60.285499572753906 -12.418399810791016 3.5762786865234375e-07
    vertex -59.54949951171875 -12.725600242614746 3.5762786865234375e-07
    vertex -59.6327018737793 -12.917600631713867 3.5762786865234375e-07
  endloop
endfacet
facet normal 0.0 0.0 0.0
  outer loop
    vertex -59.54949951171875 -12.725600242614746 3.5762786865234375e-07
    vertex -60.285499572753906 -12.418399810791016 3.5762786865234375e-07
    vertex -60.227901458740234 -12.271201133728027 3.5762786865234375e-07
  endloop
endfacet
facet normal 0.0 0.0 0.0
  outer loop
    vertex -60.227901458740234 -12.271201133728027 3.5762786865234375e-07
    vertex -59.47270202636719 -12.527200698852539 3.5762786865234375e-07
    vertex -59.54949951171875 -12.725600242614746 3.5762786865234375e-07
  endloop
endfacet
facet normal 0.0 0.0 0.0
  outer loop
    vertex -59.47270202636719 -12.527200698852539 3.5762786865234375e-07
    vertex -60.227901458740234 -12.271201133728027 3.5762786865234375e-07
    vertex -60.183101654052734 -12.124000549316406 3.5762786865234375e-07
  endloop
endfacet
facet normal 0.0 0.0 0.0
  outer loop
    vertex -60.183101654052734 -12.124000549316406 3.5762786865234375e-07
    vertex -59.41510009765625 -12.328800201416016 3.5762786865234375e-07
    vertex -59.47270202636719 -12.527200698852539 3.5762786865234375e-07
  endloop
endfacet
facet normal 0.0 0.0 0.0
  outer loop
    vertex -59.41510009765625 -12.328800201416016 3.5762786865234375e-07
    vertex -60.183101654052734 -12.124000549316406 3.5762786865234375e-07
    vertex -60.151100158691406 -11.9704008102417 3.5762786865234375e-07
  endloop
endfacet
facet normal 0.0 0.0 0.0
  outer loop
    vertex -60.151100158691406 -11.9704008102417 3.5762786865234375e-07
    vertex -59.36389923095703 -12.124000549316406 3.5762786865234375e-07
    vertex -59.41510009765625 -12.328800201416016 3.5762786865234375e-07
  endloop
endfacet
facet normal 0.0 0.0 0.0
  outer loop
    vertex -59.36389923095703 -12.124000549316406 3.5762786865234375e-07
    vertex -60.151100158691406 -11.9704008102417 3.5762786865234375e-07
    vertex -60.1254997253418 -11.81040096282959 3.5762786865234375e-07
  endloop
endfacet
facet normal 0.0 0.0 0.0
  outer loop
    vertex -60.1254997253418 -11.81040096282959 3.5762786865234375e-07
    vertex -59.33190155029297 -11.91919994354248 3.5762786865234375e-07
    vertex -59.36389923095703 -12.124000549316406 3.5762786865234375e-07
  endloop
endfacet
facet normal 0.0 0.0 0.0
  outer loop
    vertex -59.33190155029297 -11.91919994354248 3.5762786865234375e-07
    vertex -60.1254997253418 -11.81040096282959 3.5762786865234375e-07
    vertex -60.106300354003906 -11.656800270080566 3.5762786865234375e-07
  endloop
endfacet
facet normal 0.0 0.0 0.0
  outer loop
    vertex -60.106300354003906 -11.656800270080566 3.5762786865234375e-07
    vertex -59.31270217895508 -11.708001136779785 3.5762786865234375e-07
    vertex -59.33190155029297 -11.91919994354248 3.5762786865234375e-07
  endloop
endfacet
facet normal 0.0 0.0 0.0
  outer loop
    vertex -59.31270217895508 -11.708001136779785 3.5762786865234375e-07
    vertex -60.106300354003906 -11.656800270080566 3.5762786865234375e-07
    vertex -60.106300354003906 -11.503199577331543 3.5762786865234375e-07
  endloop
endfacet
facet normal 0.0 0.0 0.0
  outer loop
    vertex -60.106300354003906 -11.503199577331543 3.5762786865234375e-07
    vertex -59.29990005493164 -11.503199577331543 3.5762786865234375e-07
    vertex -59.31270217895508 -11.708001136779785 3.5762786865234375e-07
  endloop
endfacet
facet normal 0.0 0.0 0.0
  outer loop
    vertex -60.106300354003906 -11.343199729919434 3.5762786865234375e-07
    vertex -59.29990005493164 -11.503199577331543 3.5762786865234375e-07
    vertex -60.106300354003906 -11.503199577331543 3.5762786865234375e-07
  endloop
endfacet
facet normal 0.0 0.0 0.0
  outer loop
    vertex -60.1254997253418 -11.189600944519043 3.5762786865234375e-07
    vertex -59.31270217895508 -11.292000770568848 3.5762786865234375e-07
    vertex -60.106300354003906 -11.343199729919434 3.5762786865234375e-07
  endloop
endfacet
facet normal 0.0 0.0 0.0
  outer loop
    vertex -59.29990005493164 -11.503199577331543 3.5762786865234375e-07
    vertex -60.106300354003906 -11.343199729919434 3.5762786865234375e-07
    vertex -59.31270217895508 -11.292000770568848 3.5762786865234375e-07
  endloop
endfacet
facet normal 0.0 0.0 0.0
  outer loop
    vertex -60.151100158691406 -11.029600143432617 3.5762786865234375e-07
    vertex -59.33190155029297 -11.08080005645752 3.5762786865234375e-07
    vertex -60.1254997253418 -11.189600944519043 3.5762786865234375e-07
  endloop
endfacet
facet normal 0.0 0.0 0.0
  outer loop
    vertex -59.31270217895508 -11.292000770568848 3.5762786865234375e-07
    vertex -60.1254997253418 -11.189600944519043 3.5762786865234375e-07
    vertex -59.33190155029297 -11.08080005645752 3.5762786865234375e-07
  endloop
endfacet
facet normal 0.0 0.0 0.0
  outer loop
    vertex -60.183101654052734 -10.87600040435791 3.5762786865234375e-07
    vertex -59.36389923095703 -10.87600040435791 3.5762786865234375e-07
    vertex -60.151100158691406 -11.029600143432617 3.5762786865234375e-07
  endloop
endfacet
facet normal 0.0 0.0 0.0
  outer loop
    vertex -59.33190155029297 -11.08080005645752 3.5762786865234375e-07
    vertex -60.151100158691406 -11.029600143432617 3.5762786865234375e-07
    vertex -59.36389923095703 -10.87600040435791 3.5762786865234375e-07
  endloop
endfacet
facet normal 0.0 0.0 0.0
  outer loop
    vertex -60.227901458740234 -10.728800773620605 3.5762786865234375e-07
    vertex -59.41510009765625 -10.671199798583984 3.5762786865234375e-07
    vertex -60.183101654052734 -10.87600040435791 3.5762786865234375e-07
  endloop
endfacet
facet normal 0.0 0.0 0.0
  outer loop
    vertex -59.36389923095703 -10.87600040435791 3.5762786865234375e-07
    vertex -60.183101654052734 -10.87600040435791 3.5762786865234375e-07
    vertex -59.41510009765625 -10.671199798583984 3.5762786865234375e-07
  endloop
endfacet
facet normal 0.0 0.0 0.0
  outer loop
    vertex -60.285499572753906 -10.581600189208984 3.5762786865234375e-07
    vertex -59.47270202636719 -10.472800254821777 3.5762786865234375e-07
    vertex -60.227901458740234 -10.728800773620605 3.5762786865234375e-07
  endloop
endfacet
facet normal 0.0 0.0 0.0
  outer loop
    vertex -59.41510009765625 -10.671199798583984 3.5762786865234375e-07
    vertex -60.227901458740234 -10.728800773620605 3.5762786865234375e-07
    vertex -59.47270202636719 -10.472800254821777 3.5762786865234375e-07
  endloop
endfacet
facet normal 0.0 0.0 0.0
  outer loop
    vertex -60.3494987487793 -10.440800666809082 3.5762786865234375e-07
    vertex -59.54949951171875 -10.27440071105957 3.5762786865234375e-07
    vertex -60.285499572753906 -10.581600189208984 3.5762786865234375e-07
  endloop
endfacet
facet normal 0.0 0.0 0.0
  outer loop
    vertex -59.47270202636719 -10.472800254821777 3.5762786865234375e-07
    vertex -60.285499572753906 -10.581600189208984 3.5762786865234375e-07
    vertex -59.54949951171875 -10.27440071105957 3.5762786865234375e-07
  endloop
endfacet
facet normal 0.0 0.0 0.0
  outer loop
    vertex -60.426300048828125 -10.300000190734863 3.5762786865234375e-07
    vertex -59.6327018737793 -10.08240032196045 3.5762786865234375e-07
    vertex -60.3494987487793 -10.440800666809082 3.5762786865234375e-07
  endloop
endfacet
facet normal 0.0 0.0 0.0
  outer loop
    vertex -59.54949951171875 -10.27440071105957 3.5762786865234375e-07
    vertex -60.3494987487793 -10.440800666809082 3.5762786865234375e-07
    vertex -59.6327018737793 -10.08240032196045 3.5762786865234375e-07
  endloop
endfacet
facet normal 0.0 0.0 0.0
  outer loop
    vertex -60.509498596191406 -10.165599822998047 3.5762786865234375e-07
    vertex -59.72869873046875 -9.903200149536133 3.5762786865234375e-07
    vertex -60.426300048828125 -10.300000190734863 3.5762786865234375e-07
  endloop
endfacet
facet normal 0.0 0.0 0.0
  outer loop
    vertex -59.6327018737793 -10.08240032196045 3.5762786865234375e-07
    vertex -60.426300048828125 -10.300000190734863 3.5762786865234375e-07
    vertex -59.72869873046875 -9.903200149536133 3.5762786865234375e-07
  endloop
endfacet
facet normal 0.0 0.0 0.0
  outer loop
    vertex -60.59910202026367 -10.03760051727295 3.5762786865234375e-07
    vertex -59.84389877319336 -9.724000930786133 3.5762786865234375e-07
    vertex -60.509498596191406 -10.165599822998047 3.5762786865234375e-07
  endloop
endfacet
facet normal 0.0 0.0 0.0
  outer loop
    vertex -59.72869873046875 -9.903200149536133 3.5762786865234375e-07
    vertex -60.509498596191406 -10.165599822998047 3.5762786865234375e-07
    vertex -59.84389877319336 -9.724000930786133 3.5762786865234375e-07
  endloop
endfacet
facet normal 0.0 0.0 0.0
  outer loop
    vertex -60.701499938964844 -9.916000366210938 3.5762786865234375e-07
    vertex -59.96549987792969 -9.551200866699219 3.5762786865234375e-07
    vertex -60.59910202026367 -10.03760051727295 3.5762786865234375e-07
  endloop
endfacet
facet normal 0.0 0.0 0.0
  outer loop
    vertex -59.84389877319336 -9.724000930786133 3.5762786865234375e-07
    vertex -60.59910202026367 -10.03760051727295 3.5762786865234375e-07
    vertex -59.96549987792969 -9.551200866699219 3.5762786865234375e-07
  endloop
endfacet
facet normal 0.0 0.0 0.0
  outer loop
    vertex -60.80390167236328 -9.800800323486328 3.5762786865234375e-07
    vertex -60.09989929199219 -9.391200065612793 3.5762786865234375e-07
    vertex -60.701499938964844 -9.916000366210938 3.5762786865234375e-07
  endloop
endfacet
facet normal 0.0 0.0 0.0
  outer loop
    vertex -59.96549987792969 -9.551200866699219 3.5762786865234375e-07
    vertex -60.701499938964844 -9.916000366210938 3.5762786865234375e-07
    vertex -60.09989929199219 -9.391200065612793 3.5762786865234375e-07
  endloop
endfacet
facet normal 0.0 0.0 0.0
  outer loop
    vertex -60.919097900390625 -9.698400497436523 4.76837158203125e-07
    vertex -60.240699768066406 -9.237600326538086 3.5762786865234375e-07
    vertex -60.80390167236328 -9.800800323486328 3.5762786865234375e-07
  endloop
endfacet
facet normal 0.0 0.0 0.0
  outer loop
    vertex -60.09989929199219 -9.391200065612793 3.5762786865234375e-07
    vertex -60.80390167236328 -9.800800323486328 3.5762786865234375e-07
    vertex -60.240699768066406 -9.237600326538086 3.5762786865234375e-07
  endloop
endfacet
facet normal 0.0 0.0 0.0
  outer loop
    vertex -61.04069900512695 -9.595999717712402 4.76837158203125e-07
    vertex -60.3942985534668 -9.096799850463867 3.5762786865234375e-07
    vertex -60.919097900390625 -9.698400497436523 4.76837158203125e-07
  endloop
endfacet
facet normal 0.0 0.0 0.0
  outer loop
    vertex -60.240699768066406 -9.237600326538086 3.5762786865234375e-07
    vertex -60.919097900390625 -9.698400497436523 4.76837158203125e-07
    vertex -60.3942985534668 -9.096799850463867 3.5762786865234375e-07
  endloop
endfacet
facet normal 0.0 0.0 0.0
  outer loop
    vertex -61.168701171875 -9.506400108337402 4.76837158203125e-07
    vertex -60.554298400878906 -8.962400436401367 3.5762786865234375e-07
    vertex -61.04069900512695 -9.595999717712402 4.76837158203125e-07
  endloop
endfacet
facet normal 0.0 0.0 0.0
  outer loop
    vertex -60.3942985534668 -9.096799850463867 3.5762786865234375e-07
    vertex -61.04069900512695 -9.595999717712402 4.76837158203125e-07
    vertex -60.554298400878906 -8.962400436401367 3.5762786865234375e-07
  endloop
endfacet
facet normal 0.0 0.0 0.0
  outer loop
    vertex -61.3031005859375 -9.423200607299805 4.76837158203125e-07
    vertex -60.72710037231445 -8.840800285339355 3.5762786865234375e-07
    vertex -61.168701171875 -9.506400108337402 4.76837158203125e-07
  endloop
endfacet
facet normal 0.0 0.0 0.0
  outer loop
    vertex -60.554298400878906 -8.962400436401367 3.5762786865234375e-07
    vertex -61.168701171875 -9.506400108337402 4.76837158203125e-07
    vertex -60.72710037231445 -8.840800285339355 3.5762786865234375e-07
  endloop
endfacet
facet normal 0.0 0.0 0.0
  outer loop
    vertex -61.44390106201172 -9.346400260925293 4.76837158203125e-07
    vertex -60.90629959106445 -8.725600242614746 4.76837158203125e-07
    vertex -61.3031005859375 -9.423200607299805 4.76837158203125e-07
  endloop
endfacet
facet normal 0.0 0.0 0.0
  outer loop
    vertex -60.72710037231445 -8.840800285339355 3.5762786865234375e-07
    vertex -61.3031005859375 -9.423200607299805 4.76837158203125e-07
    vertex -60.90629959106445 -8.725600242614746 4.76837158203125e-07
  endloop
endfacet
facet normal 0.0 0.0 0.0
  outer loop
    vertex -61.58470153808594 -9.282400131225586 4.76837158203125e-07
    vertex -61.08549880981445 -8.629600524902344 4.76837158203125e-07
    vertex -61.44390106201172 -9.346400260925293 4.76837158203125e-07
  endloop
endfacet
facet normal 0.0 0.0 0.0
  outer loop
    vertex -60.90629959106445 -8.725600242614746 4.76837158203125e-07
    vertex -61.44390106201172 -9.346400260925293 4.76837158203125e-07
    vertex -61.08549880981445 -8.629600524902344 4.76837158203125e-07
  endloop
endfacet
facet normal 0.0 0.0 0.0
  outer loop
    vertex -61.73189926147461 -9.224800109863281 4.76837158203125e-07
    vertex -61.27750015258789 -8.54640007019043 4.76837158203125e-07
    vertex -61.58470153808594 -9.282400131225586 4.76837158203125e-07
  endloop
endfacet
facet normal 0.0 0.0 0.0
  outer loop
    vertex -61.08549880981445 -8.629600524902344 4.76837158203125e-07
    vertex -61.58470153808594 -9.282400131225586 4.76837158203125e-07
    vertex -61.27750015258789 -8.54640007019043 4.76837158203125e-07
  endloop
endfacet
facet normal 0.0 0.0 0.0
  outer loop
    vertex -61.87910079956055 -9.180000305175781 4.76837158203125e-07
    vertex -61.47589874267578 -8.469599723815918 4.76837158203125e-07
    vertex -61.73189926147461 -9.224800109863281 4.76837158203125e-07
  endloop
endfacet
facet normal 0.0 0.0 0.0
  outer loop
    vertex -61.27750015258789 -8.54640007019043 4.76837158203125e-07
    vertex -61.73189926147461 -9.224800109863281 4.76837158203125e-07
    vertex -61.47589874267578 -8.469599723815918 4.76837158203125e-07
  endloop
endfacet
facet normal 0.0 0.0 0.0
  outer loop
    vertex -62.03269958496094 -9.148000717163086 4.76837158203125e-07
    vertex -61.67430114746094 -8.41200065612793 4.76837158203125e-07
    vertex -61.87910079956055 -9.180000305175781 4.76837158203125e-07
  endloop
endfacet
facet normal 0.0 0.0 0.0
  outer loop
    vertex -61.47589874267578 -8.469599723815918 4.76837158203125e-07
    vertex -61.87910079956055 -9.180000305175781 4.76837158203125e-07
    vertex -61.67430114746094 -8.41200065612793 4.76837158203125e-07
  endloop
endfacet
facet normal 0.0 0.0 0.0
  outer loop
    vertex -62.19269943237305 -9.122400283813477 4.76837158203125e-07
    vertex -61.87910079956055 -8.360799789428711 4.76837158203125e-07
    vertex -62.03269958496094 -9.148000717163086 4.76837158203125e-07
  endloop
endfacet
facet normal 0.0 0.0 0.0
  outer loop
    vertex -61.67430114746094 -8.41200065612793 4.76837158203125e-07
    vertex -62.03269958496094 -9.148000717163086 4.76837158203125e-07
    vertex -61.87910079956055 -8.360799789428711 4.76837158203125e-07
  endloop
endfacet
facet normal 0.0 0.0 0.0
  outer loop
    vertex -62.3463020324707 -9.10319995880127 4.76837158203125e-07
    vertex -62.083900451660156 -8.328800201416016 4.76837158203125e-07
    vertex -62.19269943237305 -9.122400283813477 4.76837158203125e-07
  endloop
endfacet
facet normal 0.0 0.0 0.0
  outer loop
    vertex -61.87910079956055 -8.360799789428711 4.76837158203125e-07
    vertex -62.19269943237305 -9.122400283813477 4.76837158203125e-07
    vertex -62.083900451660156 -8.328800201416016 4.76837158203125e-07
  endloop
endfacet
facet normal 0.0 0.0 0.0
  outer loop
    vertex -62.499900817871094 -9.10319995880127 4.76837158203125e-07
    vertex -62.295101165771484 -8.309600830078125 4.76837158203125e-07
    vertex -62.3463020324707 -9.10319995880127 4.76837158203125e-07
  endloop
endfacet
facet normal 0.0 0.0 0.0
  outer loop
    vertex -62.083900451660156 -8.328800201416016 4.76837158203125e-07
    vertex -62.3463020324707 -9.10319995880127 4.76837158203125e-07
    vertex -62.295101165771484 -8.309600830078125 4.76837158203125e-07
  endloop
endfacet
facet normal 0.0 0.0 0.0
  outer loop
    vertex -63.12710189819336 -8.360799789428711 4.76837158203125e-07
    vertex -62.9734992980957 -9.148000717163086 4.76837158203125e-07
    vertex -63.12710189819336 -9.180000305175781 4.76837158203125e-07
  endloop
endfacet
facet normal 0.0 0.0 0.0
  outer loop
    vertex -62.92230224609375 -8.328800201416016 4.76837158203125e-07
    vertex -62.71110153198242 -8.309600830078125 4.76837158203125e-07
    vertex -62.813499450683594 -9.122400283813477 4.76837158203125e-07
  endloop
endfacet
facet normal 0.0 0.0 0.0
  outer loop
    vertex -62.499900817871094 -8.296799659729004 4.76837158203125e-07
    vertex -62.295101165771484 -8.309600830078125 4.76837158203125e-07
    vertex -62.499900817871094 -9.10319995880127 4.76837158203125e-07
  endloop
endfacet
facet normal 0.0 0.0 0.0
  outer loop
    vertex -62.71110153198242 -8.309600830078125 4.76837158203125e-07
    vertex -62.499900817871094 -8.296799659729004 4.76837158203125e-07
    vertex -62.6599006652832 -9.10319995880127 4.76837158203125e-07
  endloop
endfacet
facet normal 0.0 0.0 0.0
  outer loop
    vertex -63.12710189819336 -9.180000305175781 4.76837158203125e-07
    vertex -63.33190155029297 -8.41200065612793 4.76837158203125e-07
    vertex -63.12710189819336 -8.360799789428711 4.76837158203125e-07
  endloop
endfacet
facet normal 0.0 0.0 0.0
  outer loop
    vertex -62.6599006652832 -9.10319995880127 4.76837158203125e-07
    vertex -62.813499450683594 -9.122400283813477 4.76837158203125e-07
    vertex -62.71110153198242 -8.309600830078125 4.76837158203125e-07
  endloop
endfacet
facet normal 0.0 0.0 0.0
  outer loop
    vertex -63.12710189819336 -8.360799789428711 4.76837158203125e-07
    vertex -62.92230224609375 -8.328800201416016 4.76837158203125e-07
    vertex -62.9734992980957 -9.148000717163086 4.76837158203125e-07
  endloop
endfacet
facet normal 0.0 0.0 0.0
  outer loop
    vertex -62.813499450683594 -9.122400283813477 4.76837158203125e-07
    vertex -62.9734992980957 -9.148000717163086 4.76837158203125e-07
    vertex -62.92230224609375 -8.328800201416016 4.76837158203125e-07
  endloop
endfacet
facet normal 0.0 0.0 0.0
  outer loop
    vertex -63.27429962158203 -9.224800109863281 4.76837158203125e-07
    vertex -63.53030014038086 -8.469599723815918 4.76837158203125e-07
    vertex -63.33190155029297 -8.41200065612793 4.76837158203125e-07
  endloop
endfacet
facet normal 0.0 0.0 0.0
  outer loop
    vertex -63.33190155029297 -8.41200065612793 4.76837158203125e-07
    vertex -63.12710189819336 -9.180000305175781 4.76837158203125e-07
    vertex -63.27429962158203 -9.224800109863281 4.76837158203125e-07
  endloop
endfacet
facet normal 0.0 0.0 0.0
  outer loop
    vertex -63.42150115966797 -9.282400131225586 4.76837158203125e-07
    vertex -63.72869873046875 -8.54640007019043 4.76837158203125e-07
    vertex -63.53030014038086 -8.469599723815918 4.76837158203125e-07
  endloop
endfacet
facet normal 0.0 0.0 0.0
  outer loop
    vertex -63.53030014038086 -8.469599723815918 4.76837158203125e-07
    vertex -63.27429962158203 -9.224800109863281 4.76837158203125e-07
    vertex -63.42150115966797 -9.282400131225586 4.76837158203125e-07
  endloop
endfacet
facet normal 0.0 0.0 0.0
  outer loop
    vertex -63.56230163574219 -9.346400260925293 4.76837158203125e-07
    vertex -63.92070007324219 -8.629600524902344 4.76837158203125e-07
    vertex -63.72869873046875 -8.54640007019043 4.76837158203125e-07
  endloop
endfacet
facet normal 0.0 0.0 0.0
  outer loop
    vertex -63.72869873046875 -8.54640007019043 4.76837158203125e-07
    vertex -63.42150115966797 -9.282400131225586 4.76837158203125e-07
    vertex -63.56230163574219 -9.346400260925293 4.76837158203125e-07
  endloop
endfacet
facet normal 0.0 0.0 0.0
  outer loop
    vertex -63.703102111816406 -9.423200607299805 4.76837158203125e-07
    vertex -64.09989929199219 -8.725600242614746 4.76837158203125e-07
    vertex -63.92070007324219 -8.629600524902344 4.76837158203125e-07
  endloop
endfacet
facet normal 0.0 0.0 0.0
  outer loop
    vertex -63.92070007324219 -8.629600524902344 4.76837158203125e-07
    vertex -63.56230163574219 -9.346400260925293 4.76837158203125e-07
    vertex -63.703102111816406 -9.423200607299805 4.76837158203125e-07
  endloop
endfacet
facet normal 0.0 0.0 0.0
  outer loop
    vertex -63.837501525878906 -9.506400108337402 4.76837158203125e-07
    vertex -64.27909851074219 -8.840800285339355 5.960464477539062e-07
    vertex -64.09989929199219 -8.725600242614746 4.76837158203125e-07
  endloop
endfacet
facet normal 0.0 0.0 0.0
  outer loop
    vertex -64.09989929199219 -8.725600242614746 4.76837158203125e-07
    vertex -63.703102111816406 -9.423200607299805 4.76837158203125e-07
    vertex -63.837501525878906 -9.506400108337402 4.76837158203125e-07
  endloop
endfacet
facet normal 0.0 0.0 0.0
  outer loop
    vertex -63.96549987792969 -9.595999717712402 4.76837158203125e-07
    vertex -64.45189666748047 -8.962400436401367 5.960464477539062e-07
    vertex -64.27909851074219 -8.840800285339355 5.960464477539062e-07
  endloop
endfacet
facet normal 0.0 0.0 0.0
  outer loop
    vertex -64.27909851074219 -8.840800285339355 5.960464477539062e-07
    vertex -63.837501525878906 -9.506400108337402 4.76837158203125e-07
    vertex -63.96549987792969 -9.595999717712402 4.76837158203125e-07
  endloop
endfacet
facet normal 0.0 0.0 0.0
  outer loop
    vertex -64.08709716796875 -9.698400497436523 4.76837158203125e-07
    vertex -64.61190032958984 -9.096799850463867 5.960464477539062e-07
    vertex -64.45189666748047 -8.962400436401367 5.960464477539062e-07
  endloop
endfacet
facet normal 0.0 0.0 0.0
  outer loop
    vertex -64.45189666748047 -8.962400436401367 5.960464477539062e-07
    vertex -63.96549987792969 -9.595999717712402 4.76837158203125e-07
    vertex -64.08709716796875 -9.698400497436523 4.76837158203125e-07
  endloop
endfacet
facet normal 0.0 0.0 0.0
  outer loop
    vertex -64.20230102539062 -9.800800323486328 5.960464477539062e-07
    vertex -64.7655029296875 -9.237600326538086 5.960464477539062e-07
    vertex -64.61190032958984 -9.096799850463867 5.960464477539062e-07
  endloop
endfacet
facet normal 0.0 0.0 0.0
  outer loop
    vertex -64.61190032958984 -9.096799850463867 5.960464477539062e-07
    vertex -64.08709716796875 -9.698400497436523 4.76837158203125e-07
    vertex -64.20230102539062 -9.800800323486328 5.960464477539062e-07
  endloop
endfacet
facet normal 0.0 0.0 0.0
  outer loop
    vertex -64.30470275878906 -9.916000366210938 5.960464477539062e-07
    vertex -64.90630340576172 -9.391200065612793 5.960464477539062e-07
    vertex -64.7655029296875 -9.237600326538086 5.960464477539062e-07
  endloop
endfacet
facet normal 0.0 0.0 0.0
  outer loop
    vertex -64.7655029296875 -9.237600326538086 5.960464477539062e-07
    vertex -64.20230102539062 -9.800800323486328 5.960464477539062e-07
    vertex -64.30470275878906 -9.916000366210938 5.960464477539062e-07
  endloop
endfacet
facet normal 0.0 0.0 0.0
  outer loop
    vertex -64.40709686279297 -10.03760051727295 5.960464477539062e-07
    vertex -65.04070281982422 -9.551200866699219 5.960464477539062e-07
    vertex -64.90630340576172 -9.391200065612793 5.960464477539062e-07
  endloop
endfacet
facet normal 0.0 0.0 0.0
  outer loop
    vertex -64.90630340576172 -9.391200065612793 5.960464477539062e-07
    vertex -64.30470275878906 -9.916000366210938 5.960464477539062e-07
    vertex -64.40709686279297 -10.03760051727295 5.960464477539062e-07
  endloop
endfacet
facet normal 0.0 0.0 0.0
  outer loop
    vertex -64.4967041015625 -10.165599822998047 5.960464477539062e-07
    vertex -65.16230010986328 -9.724000930786133 5.960464477539062e-07
    vertex -65.04070281982422 -9.551200866699219 5.960464477539062e-07
  endloop
endfacet
facet normal 0.0 0.0 0.0
  outer loop
    vertex -65.04070281982422 -9.551200866699219 5.960464477539062e-07
    vertex -64.40709686279297 -10.03760051727295 5.960464477539062e-07
    vertex -64.4967041015625 -10.165599822998047 5.960464477539062e-07
  endloop
endfacet
facet normal 0.0 0.0 0.0
  outer loop
    vertex -64.57990264892578 -10.300000190734863 5.960464477539062e-07
    vertex -65.27749633789062 -9.903200149536133 5.960464477539062e-07
    vertex -65.16230010986328 -9.724000930786133 5.960464477539062e-07
  endloop
endfacet
facet normal 0.0 0.0 0.0
  outer loop
    vertex -65.16230010986328 -9.724000930786133 5.960464477539062e-07
    vertex -64.4967041015625 -10.165599822998047 5.960464477539062e-07
    vertex -64.57990264892578 -10.300000190734863 5.960464477539062e-07
  endloop
endfacet
facet normal 0.0 0.0 0.0
  outer loop
    vertex -64.65670013427734 -10.440800666809082 5.960464477539062e-07
    vertex -65.37349700927734 -10.08240032196045 5.960464477539062e-07
    vertex -65.27749633789062 -9.903200149536133 5.960464477539062e-07
  endloop
endfacet
facet normal 0.0 0.0 0.0
  outer loop
    vertex -65.27749633789062 -9.903200149536133 5.960464477539062e-07
    vertex -64.57990264892578 -10.300000190734863 5.960464477539062e-07
    vertex -64.65670013427734 -10.440800666809082 5.960464477539062e-07
  endloop
endfacet
facet normal 0.0 0.0 0.0
  outer loop
    vertex -64.720703125 -10.581600189208984 5.960464477539062e-07
    vertex -65.45670318603516 -10.27440071105957 5.960464477539062e-07
    vertex -65.37349700927734 -10.08240032196045 5.960464477539062e-07
  endloop
endfacet
facet normal 0.0 0.0 0.0
  outer loop
    vertex -65.37349700927734 -10.08240032196045 5.960464477539062e-07
    vertex -64.65670013427734 -10.440800666809082 5.960464477539062e-07
    vertex -64.720703125 -10.581600189208984 5.960464477539062e-07
  endloop
endfacet
facet normal 0.0 0.0 0.0
  outer loop
    vertex -64.7782974243164 -10.728800773620605 5.960464477539062e-07
    vertex -65.53350067138672 -10.472800254821777 5.960464477539062e-07
    vertex -65.45670318603516 -10.27440071105957 5.960464477539062e-07
  endloop
endfacet
facet normal 0.0 0.0 0.0
  outer loop
    vertex -65.45670318603516 -10.27440071105957 5.960464477539062e-07
    vertex -64.720703125 -10.581600189208984 5.960464477539062e-07
    vertex -64.7782974243164 -10.728800773620605 5.960464477539062e-07
  endloop
endfacet
facet normal 0.0 0.0 0.0
  outer loop
    vertex -64.8230972290039 -10.87600040435791 5.960464477539062e-07
    vertex -65.59110260009766 -10.671199798583984 5.960464477539062e-07
    vertex -65.53350067138672 -10.472800254821777 5.960464477539062e-07
  endloop
endfacet
facet normal 0.0 0.0 0.0
  outer loop
    vertex -65.53350067138672 -10.472800254821777 5.960464477539062e-07
    vertex -64.7782974243164 -10.728800773620605 5.960464477539062e-07
    vertex -64.8230972290039 -10.87600040435791 5.960464477539062e-07
  endloop
endfacet
facet normal 0.0 0.0 0.0
  outer loop
    vertex -64.8551025390625 -11.029600143432617 5.960464477539062e-07
    vertex -65.64230346679688 -10.87600040435791 5.960464477539062e-07
    vertex -65.59110260009766 -10.671199798583984 5.960464477539062e-07
  endloop
endfacet
facet normal 0.0 0.0 0.0
  outer loop
    vertex -65.59110260009766 -10.671199798583984 5.960464477539062e-07
    vertex -64.8230972290039 -10.87600040435791 5.960464477539062e-07
    vertex -64.8551025390625 -11.029600143432617 5.960464477539062e-07
  endloop
endfacet
facet normal 0.0 0.0 0.0
  outer loop
    vertex -64.88069915771484 -11.189600944519043 5.960464477539062e-07
    vertex -65.67430114746094 -11.08080005645752 5.960464477539062e-07
    vertex -65.64230346679688 -10.87600040435791 5.960464477539062e-07
  endloop
endfacet
facet normal 0.0 0.0 0.0
  outer loop
    vertex -65.64230346679688 -10.87600040435791 5.960464477539062e-07
    vertex -64.8551025390625 -11.029600143432617 5.960464477539062e-07
    vertex -64.88069915771484 -11.189600944519043 5.960464477539062e-07
  endloop
endfacet
facet normal 0.0 0.0 0.0
  outer loop
    vertex -64.89990234375 -11.343199729919434 5.960464477539062e-07
    vertex -65.69349670410156 -11.292000770568848 5.960464477539062e-07
    vertex -65.67430114746094 -11.08080005645752 5.960464477539062e-07
  endloop
endfacet
facet normal 0.0 0.0 0.0
  outer loop
    vertex -65.67430114746094 -11.08080005645752 5.960464477539062e-07
    vertex -64.88069915771484 -11.189600944519043 5.960464477539062e-07
    vertex -64.89990234375 -11.343199729919434 5.960464477539062e-07
  endloop
endfacet
facet normal 0.0 0.0 0.0
  outer loop
    vertex -64.89990234375 -11.503199577331543 5.960464477539062e-07
    vertex -65.706298828125 -11.503199577331543 5.960464477539062e-07
    vertex -65.69349670410156 -11.292000770568848 5.960464477539062e-07
  endloop
endfacet
facet normal 0.0 0.0 0.0
  outer loop
    vertex -65.69349670410156 -11.292000770568848 5.960464477539062e-07
    vertex -64.89990234375 -11.343199729919434 5.960464477539062e-07
    vertex -64.89990234375 -11.503199577331543 5.960464477539062e-07
  endloop
endfacet
facet normal 0.0 0.0 0.0
  outer loop
    vertex -64.89990234375 -11.656800270080566 5.960464477539062e-07
    vertex -65.706298828125 -11.503199577331543 5.960464477539062e-07
    vertex -64.89990234375 -11.503199577331543 5.960464477539062e-07
  endloop
endfacet
facet normal 0.0 0.0 0.0
  outer loop
    vertex -65.706298828125 -11.503199577331543 5.960464477539062e-07
    vertex -64.89990234375 -11.656800270080566 5.960464477539062e-07
    vertex -65.69349670410156 -11.708001136779785 5.960464477539062e-07
  endloop
endfacet
facet normal 0.0 0.0 0.0
  outer loop
    vertex -64.88069915771484 -11.81040096282959 5.960464477539062e-07
    vertex -65.69349670410156 -11.708001136779785 5.960464477539062e-07
    vertex -64.89990234375 -11.656800270080566 5.960464477539062e-07
  endloop
endfacet
facet normal 0.0 0.0 0.0
  outer loop
    vertex -65.69349670410156 -11.708001136779785 5.960464477539062e-07
    vertex -64.88069915771484 -11.81040096282959 5.960464477539062e-07
    vertex -65.67430114746094 -11.91919994354248 5.960464477539062e-07
  endloop
endfacet
facet normal 0.0 0.0 0.0
  outer loop
    vertex -64.8551025390625 -11.9704008102417 5.960464477539062e-07
    vertex -65.67430114746094 -11.91919994354248 5.960464477539062e-07
    vertex -64.88069915771484 -11.81040096282959 5.960464477539062e-07
  endloop
endfacet
facet normal 0.0 0.0 0.0
  outer loop
    vertex -65.67430114746094 -11.91919994354248 5.960464477539062e-07
    vertex -64.8551025390625 -11.9704008102417 5.960464477539062e-07
    vertex -65.64230346679688 -12.124000549316406 5.960464477539062e-07
  endloop
endfacet
facet normal 0.0 0.0 0.0
  outer loop
    vertex -64.8230972290039 -12.124000549316406 5.960464477539062e-07
    vertex -65.64230346679688 -12.124000549316406 5.960464477539062e-07
    vertex -64.8551025390625 -11.9704008102417 5.960464477539062e-07
  endloop
endfacet
facet normal 0.0 0.0 0.0
  outer loop
    vertex -65.64230346679688 -12.124000549316406 5.960464477539062e-07
    vertex -64.8230972290039 -12.124000549316406 5.960464477539062e-07
    vertex -65.59110260009766 -12.328800201416016 5.960464477539062e-07
  endloop
endfacet
facet normal 0.0 0.0 0.0
  outer loop
    vertex -64.7782974243164 -12.271201133728027 5.960464477539062e-07
    vertex -65.59110260009766 -12.328800201416016 5.960464477539062e-07
    vertex -64.8230972290039 -12.124000549316406 5.960464477539062e-07
  endloop
endfacet
facet normal 0.0 0.0 0.0
  outer loop
    vertex -65.59110260009766 -12.328800201416016 5.960464477539062e-07
    vertex -64.7782974243164 -12.271201133728027 5.960464477539062e-07
    vertex -65.53350067138672 -12.527200698852539 5.960464477539062e-07
  endloop
endfacet
facet normal 0.0 0.0 0.0
  outer loop
    vertex -64.720703125 -12.418399810791016 5.960464477539062e-07
    vertex -65.53350067138672 -12.527200698852539 5.960464477539062e-07
    vertex -64.7782974243164 -12.271201133728027 5.960464477539062e-07
  endloop
endfacet
facet normal 0.0 0.0 0.0
  outer loop
    vertex -65.53350067138672 -12.527200698852539 5.960464477539062e-07
    vertex -64.720703125 -12.418399810791016 5.960464477539062e-07
    vertex -65.45670318603516 -12.725600242614746 5.960464477539062e-07
  endloop
endfacet
facet normal 0.0 0.0 0.0
  outer loop
    vertex -64.65670013427734 -12.559200286865234 5.960464477539062e-07
    vertex -65.45670318603516 -12.725600242614746 5.960464477539062e-07
    vertex -64.720703125 -12.418399810791016 5.960464477539062e-07
  endloop
endfacet
facet normal 0.0 0.0 0.0
  outer loop
    vertex -65.45670318603516 -12.725600242614746 5.960464477539062e-07
    vertex -64.65670013427734 -12.559200286865234 5.960464477539062e-07
    vertex -65.37349700927734 -12.917600631713867 5.960464477539062e-07
  endloop
endfacet
facet normal 0.0 0.0 0.0
  outer loop
    vertex -64.57990264892578 -12.700000762939453 5.960464477539062e-07
    vertex -65.37349700927734 -12.917600631713867 5.960464477539062e-07
    vertex -64.65670013427734 -12.559200286865234 5.960464477539062e-07
  endloop
endfacet
facet normal 0.0 0.0 0.0
  outer loop
    vertex -65.37349700927734 -12.917600631713867 5.960464477539062e-07
    vertex -64.57990264892578 -12.700000762939453 5.960464477539062e-07
    vertex -65.27749633789062 -13.096800804138184 5.960464477539062e-07
  endloop
endfacet
facet normal 0.0 0.0 0.0
  outer loop
    vertex -64.4967041015625 -12.834400177001953 5.960464477539062e-07
    vertex -65.27749633789062 -13.096800804138184 5.960464477539062e-07
    vertex -64.57990264892578 -12.700000762939453 5.960464477539062e-07
  endloop
endfacet
facet normal 0.0 0.0 0.0
  outer loop
    vertex -65.27749633789062 -13.096800804138184 5.960464477539062e-07
    vertex -64.4967041015625 -12.834400177001953 5.960464477539062e-07
    vertex -65.16230010986328 -13.2760009765625 5.960464477539062e-07
  endloop
endfacet
facet normal 0.0 0.0 0.0
  outer loop
    vertex -64.40709686279297 -12.962400436401367 5.960464477539062e-07
    vertex -65.16230010986328 -13.2760009765625 5.960464477539062e-07
    vertex -64.4967041015625 -12.834400177001953 5.960464477539062e-07
  endloop
endfacet
facet normal 0.0 0.0 0.0
  outer loop
    vertex -65.16230010986328 -13.2760009765625 5.960464477539062e-07
    vertex -64.40709686279297 -12.962400436401367 5.960464477539062e-07
    vertex -65.04070281982422 -13.448801040649414 5.960464477539062e-07
  endloop
endfacet
facet normal 0.0 0.0 0.0
  outer loop
    vertex -64.30470275878906 -13.084001541137695 5.960464477539062e-07
    vertex -65.04070281982422 -13.448801040649414 5.960464477539062e-07
    vertex -64.40709686279297 -12.962400436401367 5.960464477539062e-07
  endloop
endfacet
facet normal 0.0 0.0 0.0
  outer loop
    vertex -65.04070281982422 -13.448801040649414 5.960464477539062e-07
    vertex -64.30470275878906 -13.084001541137695 5.960464477539062e-07
    vertex -64.90630340576172 -13.608800888061523 5.960464477539062e-07
  endloop
endfacet
facet normal 0.0 0.0 0.0
  outer loop
    vertex -64.20230102539062 -13.199200630187988 5.960464477539062e-07
    vertex -64.90630340576172 -13.608800888061523 5.960464477539062e-07
    vertex -64.30470275878906 -13.084001541137695 5.960464477539062e-07
  endloop
endfacet
facet normal 0.0 0.0 0.0
  outer loop
    vertex -64.90630340576172 -13.608800888061523 5.960464477539062e-07
    vertex -64.20230102539062 -13.199200630187988 5.960464477539062e-07
    vertex -64.7655029296875 -13.76240062713623 5.960464477539062e-07
  endloop
endfacet
facet normal 0.0 0.0 0.0
  outer loop
    vertex -64.08709716796875 -13.301600456237793 4.76837158203125e-07
    vertex -64.7655029296875 -13.76240062713623 5.960464477539062e-07
    vertex -64.20230102539062 -13.199200630187988 5.960464477539062e-07
  endloop
endfacet
facet normal 0.0 0.0 0.0
  outer loop
    vertex -64.7655029296875 -13.76240062713623 5.960464477539062e-07
    vertex -64.08709716796875 -13.301600456237793 4.76837158203125e-07
    vertex -64.61190032958984 -13.90320110321045 5.960464477539062e-07
  endloop
endfacet
facet normal 0.0 0.0 0.0
  outer loop
    vertex -63.96549987792969 -13.404000282287598 4.76837158203125e-07
    vertex -64.61190032958984 -13.90320110321045 5.960464477539062e-07
    vertex -64.08709716796875 -13.301600456237793 4.76837158203125e-07
  endloop
endfacet
facet normal 0.0 0.0 0.0
  outer loop
    vertex -64.61190032958984 -13.90320110321045 5.960464477539062e-07
    vertex -63.96549987792969 -13.404000282287598 4.76837158203125e-07
    vertex -64.45189666748047 -14.03760051727295 5.960464477539062e-07
  endloop
endfacet
facet normal 0.0 0.0 0.0
  outer loop
    vertex -63.837501525878906 -13.493600845336914 4.76837158203125e-07
    vertex -64.45189666748047 -14.03760051727295 5.960464477539062e-07
    vertex -63.96549987792969 -13.404000282287598 4.76837158203125e-07
  endloop
endfacet
facet normal 0.0 0.0 0.0
  outer loop
    vertex -64.45189666748047 -14.03760051727295 5.960464477539062e-07
    vertex -63.837501525878906 -13.493600845336914 4.76837158203125e-07
    vertex -64.27909851074219 -14.159200668334961 5.960464477539062e-07
  endloop
endfacet
facet normal 0.0 0.0 0.0
  outer loop
    vertex -63.703102111816406 -13.576801300048828 4.76837158203125e-07
    vertex -64.27909851074219 -14.159200668334961 5.960464477539062e-07
    vertex -63.837501525878906 -13.493600845336914 4.76837158203125e-07
  endloop
endfacet
facet normal 0.0 0.0 0.0
  outer loop
    vertex -64.27909851074219 -14.159200668334961 5.960464477539062e-07
    vertex -63.703102111816406 -13.576801300048828 4.76837158203125e-07
    vertex -64.09989929199219 -14.27440071105957 4.76837158203125e-07
  endloop
endfacet
facet normal 0.0 0.0 0.0
  outer loop
    vertex -63.56230163574219 -13.653600692749023 4.76837158203125e-07
    vertex -64.09989929199219 -14.27440071105957 4.76837158203125e-07
    vertex -63.703102111816406 -13.576801300048828 4.76837158203125e-07
  endloop
endfacet
facet normal 0.0 0.0 0.0
  outer loop
    vertex -64.09989929199219 -14.27440071105957 4.76837158203125e-07
    vertex -63.56230163574219 -13.653600692749023 4.76837158203125e-07
    vertex -63.92070007324219 -14.370400428771973 4.76837158203125e-07
  endloop
endfacet
facet normal 0.0 0.0 0.0
  outer loop
    vertex -63.42150115966797 -13.71760082244873 4.76837158203125e-07
    vertex -63.92070007324219 -14.370400428771973 4.76837158203125e-07
    vertex -63.56230163574219 -13.653600692749023 4.76837158203125e-07
  endloop
endfacet
facet normal 0.0 0.0 0.0
  outer loop
    vertex -63.92070007324219 -14.370400428771973 4.76837158203125e-07
    vertex -63.42150115966797 -13.71760082244873 4.76837158203125e-07
    vertex -63.72869873046875 -14.453601837158203 4.76837158203125e-07
  endloop
endfacet
facet normal 0.0 0.0 0.0
  outer loop
    vertex -63.27429962158203 -13.775199890136719 4.76837158203125e-07
    vertex -63.72869873046875 -14.453601837158203 4.76837158203125e-07
    vertex -63.42150115966797 -13.71760082244873 4.76837158203125e-07
  endloop
endfacet
facet normal 0.0 0.0 0.0
  outer loop
    vertex -63.72869873046875 -14.453601837158203 4.76837158203125e-07
    vertex -63.27429962158203 -13.775199890136719 4.76837158203125e-07
    vertex -63.53030014038086 -14.530401229858398 4.76837158203125e-07
  endloop
endfacet
facet normal 0.0 0.0 0.0
  outer loop
    vertex -63.12710189819336 -13.820000648498535 4.76837158203125e-07
    vertex -63.53030014038086 -14.530401229858398 4.76837158203125e-07
    vertex -63.27429962158203 -13.775199890136719 4.76837158203125e-07
  endloop
endfacet
facet normal 0.0 0.0 0.0
  outer loop
    vertex -63.53030014038086 -14.530401229858398 4.76837158203125e-07
    vertex -63.12710189819336 -13.820000648498535 4.76837158203125e-07
    vertex -63.33190155029297 -14.588001251220703 4.76837158203125e-07
  endloop
endfacet
facet normal 0.0 0.0 0.0
  outer loop
    vertex -62.9734992980957 -13.852001190185547 4.76837158203125e-07
    vertex -63.33190155029297 -14.588001251220703 4.76837158203125e-07
    vertex -63.12710189819336 -13.820000648498535 4.76837158203125e-07
  endloop
endfacet
facet normal 0.0 0.0 0.0
  outer loop
    vertex -63.33190155029297 -14.588001251220703 4.76837158203125e-07
    vertex -62.9734992980957 -13.852001190185547 4.76837158203125e-07
    vertex -63.12710189819336 -14.639201164245605 4.76837158203125e-07
  endloop
endfacet
facet normal 0.0 0.0 0.0
  outer loop
    vertex -62.813499450683594 -13.877601623535156 4.76837158203125e-07
    vertex -63.12710189819336 -14.639201164245605 4.76837158203125e-07
    vertex -62.9734992980957 -13.852001190185547 4.76837158203125e-07
  endloop
endfacet
facet normal 0.0 0.0 0.0
  outer loop
    vertex -63.12710189819336 -14.639201164245605 4.76837158203125e-07
    vertex -62.813499450683594 -13.877601623535156 4.76837158203125e-07
    vertex -62.92230224609375 -14.671201705932617 4.76837158203125e-07
  endloop
endfacet
facet normal 0.0 0.0 0.0
  outer loop
    vertex -62.6599006652832 -13.896800994873047 4.76837158203125e-07
    vertex -62.92230224609375 -14.671201705932617 4.76837158203125e-07
    vertex -62.813499450683594 -13.877601623535156 4.76837158203125e-07
  endloop
endfacet
facet normal 0.0 0.0 0.0
  outer loop
    vertex -62.92230224609375 -14.671201705932617 4.76837158203125e-07
    vertex -62.6599006652832 -13.896800994873047 4.76837158203125e-07
    vertex -62.71110153198242 -14.690400123596191 4.76837158203125e-07
  endloop
endfacet
facet normal 0.0 0.0 0.0
  outer loop
    vertex -62.499900817871094 -13.896800994873047 4.76837158203125e-07
    vertex -62.71110153198242 -14.690400123596191 4.76837158203125e-07
    vertex -62.6599006652832 -13.896800994873047 4.76837158203125e-07
  endloop
endfacet
facet normal 0.0 0.0 0.0
  outer loop
    vertex -62.499900817871094 -14.703201293945312 4.76837158203125e-07
    vertex -62.71110153198242 -14.690400123596191 4.76837158203125e-07
    vertex -62.499900817871094 -13.896800994873047 4.76837158203125e-07
  endloop
endfacet
facet normal 0.0 0.0 0.0
  outer loop
    vertex -70.10310363769531 -7.701600074768066 0.40320074558258057
    vertex -70.30149841308594 -11.29840087890625 0.40320074558258057
    vertex -70.20549774169922 -7.599200248718262 0.40320074558258057
  endloop
endfacet
facet normal 0.0 0.0 0.0
  outer loop
    vertex -58.403900146484375 -3.5991997718811035 0.4032003879547119
    vertex -54.499900817871094 -3.5031991004943848 0.40320026874542236
    vertex -54.903099060058594 -3.8999991416931152 0.40320026874542236
  endloop
endfacet
facet normal 0.0 0.0 0.0
  outer loop
    vertex -54.7047004699707 -11.701600074768066 0.40320026874542236
    vertex -54.499900817871094 -15.50320053100586 0.40320026874542236
    vertex -54.602298736572266 -15.599201202392578 0.40320026874542236
  endloop
endfacet
facet normal 0.0 0.0 0.0
  outer loop
    vertex -54.903099060058594 -3.8999991416931152 0.40320026874542236
    vertex -54.7047004699707 -7.701600074768066 0.40320026874542236
    vertex -54.80070114135742 -7.797599792480469 0.40320026874542236
  endloop
endfacet
facet normal 0.0 0.0 0.0
  outer loop
    vertex -62.7047004699707 -19.29840087890625 0.40320050716400146
    vertex -66.40390014648438 -19.202402114868164 0.403200626373291
    vertex -66.30149841308594 -19.100000381469727 0.403200626373291
  endloop
endfacet
facet normal 0.0 0.0 0.0
  outer loop
    vertex -70.10310363769531 -19.100000381469727 0.40320074558258057
    vertex -66.40390014648438 -19.202402114868164 0.403200626373291
    vertex -66.60230255126953 -19.400802612304688 0.403200626373291
  endloop
endfacet
facet normal 0.0 0.0 0.0
  outer loop
    vertex -70.10310363769531 -7.701600074768066 0.40320074558258057
    vertex -70.20549774169922 -7.599200248718262 0.40320074558258057
    vertex -70.10310363769531 -3.8999991416931152 0.40320074558258057
  endloop
endfacet
facet normal 0.0 0.0 0.0
  outer loop
    vertex -54.903099060058594 -3.8999991416931152 0.40320026874542236
    vertex -58.7047004699707 -3.8999991416931152 0.4032003879547119
    vertex -58.60230255126953 -3.7975997924804688 0.4032003879547119
  endloop
endfacet
facet normal 0.0 0.0 0.0
  outer loop
    vertex -70.40390014648438 -7.4008002281188965 0.40320074558258057
    vertex -70.10310363769531 -3.8999991416931152 0.40320074558258057
    vertex -70.20549774169922 -7.599200248718262 0.40320074558258057
  endloop
endfacet
facet normal 0.0 0.0 0.0
  outer loop
    vertex -70.10310363769531 -15.29840087890625 0.40320074558258057
    vertex -70.20549774169922 -15.202400207519531 0.40320074558258057
    vertex -70.10310363769531 -11.503199577331543 0.40320074558258057
  endloop
endfacet
facet normal 0.0 0.0 0.0
  outer loop
    vertex -70.4999008178711 -3.5031991004943848 0.40320074558258057
    vertex -70.40390014648438 -7.4008002281188965 0.40320074558258057
    vertex -70.4999008178711 -7.503199577331543 0.40320074558258057
  endloop
endfacet
facet normal 0.0 0.0 0.0
  outer loop
    vertex -70.4999008178711 -3.5031991004943848 0.40320074558258057
    vertex -66.4999008178711 -3.5031991004943848 0.403200626373291
    vertex -70.10310363769531 -3.8999991416931152 0.40320074558258057
  endloop
endfacet
facet normal 0.0 0.0 0.0
  outer loop
    vertex -70.40390014648438 -7.4008002281188965 0.40320074558258057
    vertex -70.20549774169922 -7.599200248718262 0.40320074558258057
    vertex -70.30149841308594 -11.29840087890625 0.40320074558258057
  endloop
endfacet
facet normal 0.0 0.0 0.0
  outer loop
    vertex -58.80070114135742 -19.202402114868164 0.4032003879547119
    vertex -54.903099060058594 -19.100000381469727 0.40320026874542236
    vertex -58.7047004699707 -19.29840087890625 0.4032003879547119
  endloop
endfacet
facet normal 0.0 0.0 0.0
  outer loop
    vertex -62.30149841308594 -3.70159912109375 0.40320050716400146
    vertex -58.60230255126953 -3.7975997924804688 0.4032003879547119
    vertex -58.7047004699707 -3.8999991416931152 0.4032003879547119
  endloop
endfacet
facet normal 0.0 0.0 0.0
  outer loop
    vertex -58.499900817871094 -3.496800422668457 0.4032003879547119
    vertex -54.499900817871094 -3.5031991004943848 0.40320026874542236
    vertex -58.403900146484375 -3.5991997718811035 0.4032003879547119
  endloop
endfacet
facet normal 0.0 0.0 0.0
  outer loop
    vertex -66.20549774169922 -3.7975997924804688 0.403200626373291
    vertex -62.30149841308594 -3.70159912109375 0.40320050716400146
    vertex -62.499900817871094 -3.8999991416931152 0.40320050716400146
  endloop
endfacet
facet normal 0.0 0.0 0.0
  outer loop
    vertex -58.7047004699707 -19.29840087890625 0.4032003879547119
    vertex -54.903099060058594 -19.100000381469727 0.40320026874542236
    vertex -58.499900817871094 -19.50320053100586 0.4032003879547119
  endloop
endfacet
facet normal 0.0 0.0 0.0
  outer loop
    vertex -54.903099060058594 -15.29840087890625 0.40320026874542236
    vertex -54.7047004699707 -11.701600074768066 0.40320026874542236
    vertex -54.80070114135742 -15.400800704956055 0.40320026874542236
  endloop
endfacet
facet normal 0.0 0.0 0.0
  outer loop
    vertex -54.903099060058594 -3.8999991416931152 0.40320026874542236
    vertex -58.60230255126953 -3.7975997924804688 0.4032003879547119
    vertex -58.403900146484375 -3.5991997718811035 0.4032003879547119
  endloop
endfacet
facet normal 0.0 0.0 0.0
  outer loop
    vertex -54.903099060058594 -19.100000381469727 0.40320026874542236
    vertex -58.80070114135742 -19.202402114868164 0.4032003879547119
    vertex -58.7047004699707 -19.100000381469727 0.4032003879547119
  endloop
endfacet
facet normal 0.0 0.0 0.0
  outer loop
    vertex -54.602298736572266 -15.599201202392578 0.40320026874542236
    vertex -54.903099060058594 -19.100000381469727 0.40320026874542236
    vertex -54.80070114135742 -15.400800704956055 0.40320026874542236
  endloop
endfacet
facet normal 0.0 0.0 0.0
  outer loop
    vertex -54.499900817871094 -19.50320053100586 0.40320026874542236
    vertex -58.499900817871094 -19.50320053100586 0.4032003879547119
    vertex -54.903099060058594 -19.100000381469727 0.40320026874542236
  endloop
endfacet
facet normal 0.0 0.0 0.0
  outer loop
    vertex -54.602298736572266 -15.599201202392578 0.40320026874542236
    vertex -54.80070114135742 -15.400800704956055 0.40320026874542236
    vertex -54.7047004699707 -11.701600074768066 0.40320026874542236
  endloop
endfacet
facet normal 0.0 0.0 0.0
  outer loop
    vertex -54.903099060058594 -3.8999991416931152 0.40320026874542236
    vertex -54.80070114135742 -7.797599792480469 0.40320026874542236
    vertex -54.903099060058594 -7.701600074768066 0.40320026874542236
  endloop
endfacet
facet normal 0.0 0.0 0.0
  outer loop
    vertex -58.499900817871094 -19.50320053100586 0.4032003879547119
    vertex -62.499900817871094 -19.50320053100586 0.40320050716400146
    vertex -58.7047004699707 -19.29840087890625 0.4032003879547119
  endloop
endfacet
facet normal 0.0 0.0 0.0
  outer loop
    vertex -66.4999008178711 -19.50320053100586 0.403200626373291
    vertex -70.4999008178711 -19.50320053100586 0.40320074558258057
    vertex -66.60230255126953 -19.400802612304688 0.403200626373291
  endloop
endfacet
facet normal 0.0 0.0 0.0
  outer loop
    vertex -62.499900817871094 -19.100000381469727 0.40320050716400146
    vertex -58.7047004699707 -19.100000381469727 0.4032003879547119
    vertex -58.80070114135742 -19.202402114868164 0.4032003879547119
  endloop
endfacet
facet normal 0.0 0.0 0.0
  outer loop
    vertex -70.10310363769531 -19.100000381469727 0.40320074558258057
    vertex -70.30149841308594 -15.29840087890625 0.40320074558258057
    vertex -70.20549774169922 -15.202400207519531 0.40320074558258057
  endloop
endfacet
facet normal 0.0 0.0 0.0
  outer loop
    vertex -54.903099060058594 -15.29840087890625 0.40320026874542236
    vertex -54.80070114135742 -15.400800704956055 0.40320026874542236
    vertex -54.903099060058594 -19.100000381469727 0.40320026874542236
  endloop
endfacet
facet normal 0.0 0.0 0.0
  outer loop
    vertex -58.7047004699707 -3.8999991416931152 0.4032003879547119
    vertex -62.499900817871094 -3.8999991416931152 0.40320050716400146
    vertex -62.30149841308594 -3.70159912109375 0.40320050716400146
  endloop
endfacet
facet normal 0.0 0.0 0.0
  outer loop
    vertex -70.30149841308594 -11.29840087890625 0.40320074558258057
    vertex -70.10310363769531 -11.503199577331543 0.40320074558258057
    vertex -70.20549774169922 -15.202400207519531 0.40320074558258057
  endloop
endfacet
facet normal 0.0 0.0 0.0
  outer loop
    vertex -66.60230255126953 -19.400802612304688 0.403200626373291
    vertex -70.4999008178711 -19.50320053100586 0.40320074558258057
    vertex -70.10310363769531 -19.100000381469727 0.40320074558258057
  endloop
endfacet
facet normal 0.0 0.0 0.0
  outer loop
    vertex -66.30149841308594 -3.70159912109375 0.403200626373291
    vertex -70.10310363769531 -3.8999991416931152 0.40320074558258057
    vertex -66.4999008178711 -3.5031991004943848 0.403200626373291
  endloop
endfacet
facet normal 0.0 0.0 0.0
  outer loop
    vertex -54.499900817871094 -11.503199577331543 0.40320026874542236
    vertex -54.7047004699707 -7.701600074768066 0.40320026874542236
    vertex -54.499900817871094 -7.503199577331543 0.40320026874542236
  endloop
endfacet
facet normal 0.0 0.0 0.0
  outer loop
    vertex -70.4999008178711 -11.503199577331543 0.40320074558258057
    vertex -70.30149841308594 -15.29840087890625 0.40320074558258057
    vertex -70.4999008178711 -15.50320053100586 0.40320074558258057
  endloop
endfacet
facet normal 0.0 0.0 0.0
  outer loop
    vertex -62.499900817871094 -3.8999991416931152 0.40320050716400146
    vertex -66.30149841308594 -3.8999991416931152 0.403200626373291
    vertex -66.20549774169922 -3.7975997924804688 0.403200626373291
  endloop
endfacet
facet normal 0.0 0.0 0.0
  outer loop
    vertex -54.903099060058594 -7.701600074768066 0.40320026874542236
    vertex -54.80070114135742 -7.797599792480469 0.40320026874542236
    vertex -54.903099060058594 -11.503199577331543 0.40320026874542236
  endloop
endfacet
facet normal 0.0 0.0 0.0
  outer loop
    vertex -62.30149841308594 -3.70159912109375 0.40320050716400146
    vertex -66.20549774169922 -3.7975997924804688 0.403200626373291
    vertex -62.499900817871094 -3.496800422668457 0.40320050716400146
  endloop
endfacet
facet normal 0.0 0.0 0.0
  outer loop
    vertex -70.10310363769531 -19.100000381469727 0.40320074558258057
    vertex -66.30149841308594 -19.100000381469727 0.403200626373291
    vertex -66.40390014648438 -19.202402114868164 0.403200626373291
  endloop
endfacet
facet normal 0.0 0.0 0.0
  outer loop
    vertex -66.4999008178711 -3.5031991004943848 0.403200626373291
    vertex -62.499900817871094 -3.496800422668457 0.40320050716400146
    vertex -66.30149841308594 -3.70159912109375 0.403200626373291
  endloop
endfacet
facet normal 0.0 0.0 0.0
  outer loop
    vertex -58.403900146484375 -3.5991997718811035 0.4032003879547119
    vertex -62.30149841308594 -3.70159912109375 0.40320050716400146
    vertex -58.499900817871094 -3.496800422668457 0.4032003879547119
  endloop
endfacet
facet normal 0.0 0.0 0.0
  outer loop
    vertex -70.20549774169922 -15.202400207519531 0.40320074558258057
    vertex -70.4999008178711 -11.503199577331543 0.40320074558258057
    vertex -70.30149841308594 -11.29840087890625 0.40320074558258057
  endloop
endfacet
facet normal 0.0 0.0 0.0
  outer loop
    vertex -62.7047004699707 -19.29840087890625 0.40320050716400146
    vertex -58.80070114135742 -19.202402114868164 0.4032003879547119
    vertex -62.499900817871094 -19.50320053100586 0.40320050716400146
  endloop
endfacet
facet normal 0.0 0.0 0.0
  outer loop
    vertex -70.10310363769531 -19.100000381469727 0.40320074558258057
    vertex -70.20549774169922 -15.202400207519531 0.40320074558258057
    vertex -70.10310363769531 -15.29840087890625 0.40320074558258057
  endloop
endfacet
facet normal 0.0 0.0 0.0
  outer loop
    vertex -70.4999008178711 -11.503199577331543 0.40320074558258057
    vertex -70.20549774169922 -15.202400207519531 0.40320074558258057
    vertex -70.30149841308594 -15.29840087890625 0.40320074558258057
  endloop
endfacet
facet normal 0.0 0.0 0.0
  outer loop
    vertex -70.4999008178711 -7.503199577331543 0.40320074558258057
    vertex -70.30149841308594 -11.29840087890625 0.40320074558258057
    vertex -70.4999008178711 -11.503199577331543 0.40320074558258057
  endloop
endfacet
facet normal 0.0 0.0 0.0
  outer loop
    vertex -58.7047004699707 -19.29840087890625 0.4032003879547119
    vertex -62.499900817871094 -19.50320053100586 0.40320050716400146
    vertex -58.80070114135742 -19.202402114868164 0.4032003879547119
  endloop
endfacet
facet normal 0.0 0.0 0.0
  outer loop
    vertex -66.20549774169922 -3.7975997924804688 0.403200626373291
    vertex -70.10310363769531 -3.8999991416931152 0.40320074558258057
    vertex -66.30149841308594 -3.70159912109375 0.403200626373291
  endloop
endfacet
facet normal 0.0 0.0 0.0
  outer loop
    vertex -66.30149841308594 -3.70159912109375 0.403200626373291
    vertex -62.499900817871094 -3.496800422668457 0.40320050716400146
    vertex -66.20549774169922 -3.7975997924804688 0.403200626373291
  endloop
endfacet
facet normal 0.0 0.0 0.0
  outer loop
    vertex -70.4999008178711 -3.5031991004943848 0.40320074558258057
    vertex -70.10310363769531 -3.8999991416931152 0.40320074558258057
    vertex -70.40390014648438 -7.4008002281188965 0.40320074558258057
  endloop
endfacet
facet normal 0.0 0.0 0.0
  outer loop
    vertex -62.499900817871094 -19.50320053100586 0.40320050716400146
    vertex -66.4999008178711 -19.50320053100586 0.403200626373291
    vertex -62.7047004699707 -19.29840087890625 0.40320050716400146
  endloop
endfacet
facet normal 0.0 0.0 0.0
  outer loop
    vertex -70.30149841308594 -11.29840087890625 0.40320074558258057
    vertex -70.4999008178711 -7.503199577331543 0.40320074558258057
    vertex -70.40390014648438 -7.4008002281188965 0.40320074558258057
  endloop
endfacet
facet normal 0.0 0.0 0.0
  outer loop
    vertex -70.4999008178711 -15.50320053100586 0.40320074558258057
    vertex -70.10310363769531 -19.100000381469727 0.40320074558258057
    vertex -70.4999008178711 -19.50320053100586 0.40320074558258057
  endloop
endfacet
facet normal 0.0 0.0 0.0
  outer loop
    vertex -62.7047004699707 -19.29840087890625 0.40320050716400146
    vertex -66.60230255126953 -19.400802612304688 0.403200626373291
    vertex -66.40390014648438 -19.202402114868164 0.403200626373291
  endloop
endfacet
facet normal 0.0 0.0 0.0
  outer loop
    vertex -66.60230255126953 -19.400802612304688 0.403200626373291
    vertex -62.7047004699707 -19.29840087890625 0.40320050716400146
    vertex -66.4999008178711 -19.50320053100586 0.403200626373291
  endloop
endfacet
facet normal 0.0 0.0 0.0
  outer loop
    vertex -62.499900817871094 -3.496800422668457 0.40320050716400146
    vertex -58.499900817871094 -3.496800422668457 0.4032003879547119
    vertex -62.30149841308594 -3.70159912109375 0.40320050716400146
  endloop
endfacet
facet normal 0.0 0.0 0.0
  outer loop
    vertex -62.30149841308594 -3.70159912109375 0.40320050716400146
    vertex -58.403900146484375 -3.5991997718811035 0.4032003879547119
    vertex -58.60230255126953 -3.7975997924804688 0.4032003879547119
  endloop
endfacet
facet normal 0.0 0.0 0.0
  outer loop
    vertex -54.499900817871094 -7.503199577331543 0.40320026874542236
    vertex -54.903099060058594 -3.8999991416931152 0.40320026874542236
    vertex -54.499900817871094 -3.5031991004943848 0.40320026874542236
  endloop
endfacet
facet normal 0.0 0.0 0.0
  outer loop
    vertex -54.499900817871094 -19.50320053100586 0.40320026874542236
    vertex -54.602298736572266 -15.599201202392578 0.40320026874542236
    vertex -54.499900817871094 -15.50320053100586 0.40320026874542236
  endloop
endfacet
facet normal 0.0 0.0 0.0
  outer loop
    vertex -54.499900817871094 -11.503199577331543 0.40320026874542236
    vertex -54.80070114135742 -7.797599792480469 0.40320026874542236
    vertex -54.7047004699707 -7.701600074768066 0.40320026874542236
  endloop
endfacet
facet normal 0.0 0.0 0.0
  outer loop
    vertex -54.80070114135742 -7.797599792480469 0.40320026874542236
    vertex -54.499900817871094 -11.503199577331543 0.40320026874542236
    vertex -54.7047004699707 -11.701600074768066 0.40320026874542236
  endloop
endfacet
facet normal 0.0 0.0 0.0
  outer loop
    vertex -54.903099060058594 -11.503199577331543 0.40320026874542236
    vertex -54.7047004699707 -11.701600074768066 0.40320026874542236
    vertex -54.903099060058594 -15.29840087890625 0.40320026874542236
  endloop
endfacet
facet normal 0.0 0.0 0.0
  outer loop
    vertex -54.499900817871094 -15.50320053100586 0.40320026874542236
    vertex -54.7047004699707 -11.701600074768066 0.40320026874542236
    vertex -54.499900817871094 -11.503199577331543 0.40320026874542236
  endloop
endfacet
facet normal 0.0 0.0 0.0
  outer loop
    vertex -70.10310363769531 -3.8999991416931152 0.40320074558258057
    vertex -66.20549774169922 -3.7975997924804688 0.403200626373291
    vertex -66.30149841308594 -3.8999991416931152 0.403200626373291
  endloop
endfacet
facet normal 0.0 0.0 0.0
  outer loop
    vertex -58.80070114135742 -19.202402114868164 0.4032003879547119
    vertex -62.7047004699707 -19.29840087890625 0.40320050716400146
    vertex -62.499900817871094 -19.100000381469727 0.40320050716400146
  endloop
endfacet
facet normal 0.0 0.0 0.0
  outer loop
    vertex -54.903099060058594 -3.8999991416931152 0.40320026874542236
    vertex -54.499900817871094 -7.503199577331543 0.40320026874542236
    vertex -54.7047004699707 -7.701600074768066 0.40320026874542236
  endloop
endfacet
facet normal 0.0 0.0 0.0
  outer loop
    vertex -70.10310363769531 -19.100000381469727 0.40320074558258057
    vertex -70.4999008178711 -15.50320053100586 0.40320074558258057
    vertex -70.30149841308594 -15.29840087890625 0.40320074558258057
  endloop
endfacet
facet normal 0.0 0.0 0.0
  outer loop
    vertex -54.499900817871094 -19.50320053100586 0.40320026874542236
    vertex -54.903099060058594 -19.100000381469727 0.40320026874542236
    vertex -54.602298736572266 -15.599201202392578 0.40320026874542236
  endloop
endfacet
facet normal 0.0 0.0 0.0
  outer loop
    vertex -66.30149841308594 -19.100000381469727 0.403200626373291
    vertex -62.499900817871094 -19.100000381469727 0.40320050716400146
    vertex -62.7047004699707 -19.29840087890625 0.40320050716400146
  endloop
endfacet
facet normal 0.0 0.0 0.0
  outer loop
    vertex -70.10310363769531 -11.503199577331543 0.40320074558258057
    vertex -70.30149841308594 -11.29840087890625 0.40320074558258057
    vertex -70.10310363769531 -7.701600074768066 0.40320074558258057
  endloop
endfacet
facet normal 0.0 0.0 0.0
  outer loop
    vertex -54.7047004699707 -11.701600074768066 0.40320026874542236
    vertex -54.903099060058594 -11.503199577331543 0.40320026874542236
    vertex -54.80070114135742 -7.797599792480469 0.40320026874542236
  endloop
endfacet
facet normal 0.0 0.0 0.0
  outer loop
    vertex -62.499900817871094 -13.896800994873047 1.6064002513885498
    vertex -62.3463020324707 -13.896800994873047 1.6064002513885498
    vertex -62.499900817871094 -13.896800994873047 4.76837158203125e-07
  endloop
endfacet
facet normal 0.0 0.0 0.0
  outer loop
    vertex -62.3463020324707 -13.896800994873047 4.76837158203125e-07
    vertex -62.499900817871094 -13.896800994873047 4.76837158203125e-07
    vertex -62.3463020324707 -13.896800994873047 1.6064002513885498
  endloop
endfacet
facet normal 0.0 0.0 0.0
  outer loop
    vertex -62.19269943237305 -13.877601623535156 4.76837158203125e-07
    vertex -62.3463020324707 -13.896800994873047 4.76837158203125e-07
    vertex -62.19269943237305 -13.877601623535156 1.6064002513885498
  endloop
endfacet
facet normal 0.0 0.0 0.0
  outer loop
    vertex -62.320701599121094 -13.890400886535645 1.6064002513885498
    vertex -62.19269943237305 -13.877601623535156 1.6064002513885498
    vertex -62.3463020324707 -13.896800994873047 4.76837158203125e-07
  endloop
endfacet
facet normal 0.0 0.0 0.0
  outer loop
    vertex -62.3463020324707 -13.896800994873047 1.6064002513885498
    vertex -62.320701599121094 -13.890400886535645 1.6064002513885498
    vertex -62.3463020324707 -13.896800994873047 4.76837158203125e-07
  endloop
endfacet
facet normal 0.0 0.0 0.0
  outer loop
    vertex -62.19269943237305 -13.877601623535156 1.6064002513885498
    vertex -62.03269958496094 -13.852001190185547 1.6064002513885498
    vertex -62.19269943237305 -13.877601623535156 4.76837158203125e-07
  endloop
endfacet
facet normal 0.0 0.0 0.0
  outer loop
    vertex -62.03269958496094 -13.852001190185547 4.76837158203125e-07
    vertex -62.19269943237305 -13.877601623535156 4.76837158203125e-07
    vertex -62.03269958496094 -13.852001190185547 1.6064002513885498
  endloop
endfacet
facet normal 0.0 0.0 0.0
  outer loop
    vertex -61.87910079956055 -13.820000648498535 4.76837158203125e-07
    vertex -62.03269958496094 -13.852001190185547 4.76837158203125e-07
    vertex -61.87910079956055 -13.820000648498535 1.6064002513885498
  endloop
endfacet
facet normal 0.0 0.0 0.0
  outer loop
    vertex -61.949501037597656 -13.83280086517334 1.6064002513885498
    vertex -61.87910079956055 -13.820000648498535 1.6064002513885498
    vertex -62.03269958496094 -13.852001190185547 4.76837158203125e-07
  endloop
endfacet
facet normal 0.0 0.0 0.0
  outer loop
    vertex -62.03269958496094 -13.852001190185547 1.6064002513885498
    vertex -61.949501037597656 -13.83280086517334 1.6064002513885498
    vertex -62.03269958496094 -13.852001190185547 4.76837158203125e-07
  endloop
endfacet
facet normal 0.0 0.0 0.0
  outer loop
    vertex -61.87910079956055 -13.820000648498535 1.6064002513885498
    vertex -61.73189926147461 -13.775199890136719 1.6064002513885498
    vertex -61.87910079956055 -13.820000648498535 4.76837158203125e-07
  endloop
endfacet
facet normal 0.0 0.0 0.0
  outer loop
    vertex -61.73189926147461 -13.775199890136719 4.76837158203125e-07
    vertex -61.87910079956055 -13.820000648498535 4.76837158203125e-07
    vertex -61.73189926147461 -13.775199890136719 1.6064002513885498
  endloop
endfacet
facet normal 0.0 0.0 0.0
  outer loop
    vertex -61.58470153808594 -13.71760082244873 4.76837158203125e-07
    vertex -61.73189926147461 -13.775199890136719 4.76837158203125e-07
    vertex -61.58470153808594 -13.71760082244873 1.6064002513885498
  endloop
endfacet
facet normal 0.0 0.0 0.0
  outer loop
    vertex -61.71910095214844 -13.768800735473633 1.6064002513885498
    vertex -61.58470153808594 -13.71760082244873 1.6064002513885498
    vertex -61.73189926147461 -13.775199890136719 4.76837158203125e-07
  endloop
endfacet
facet normal 0.0 0.0 0.0
  outer loop
    vertex -61.73189926147461 -13.775199890136719 1.6064002513885498
    vertex -61.71910095214844 -13.768800735473633 1.6064002513885498
    vertex -61.73189926147461 -13.775199890136719 4.76837158203125e-07
  endloop
endfacet
facet normal 0.0 0.0 0.0
  outer loop
    vertex -61.44390106201172 -13.653600692749023 4.76837158203125e-07
    vertex -61.58470153808594 -13.71760082244873 4.76837158203125e-07
    vertex -61.44390106201172 -13.653600692749023 1.6064002513885498
  endloop
endfacet
facet normal 0.0 0.0 0.0
  outer loop
    vertex -61.50790023803711 -13.685600280761719 1.6064002513885498
    vertex -61.44390106201172 -13.653600692749023 1.6064002513885498
    vertex -61.58470153808594 -13.71760082244873 4.76837158203125e-07
  endloop
endfacet
facet normal 0.0 0.0 0.0
  outer loop
    vertex -61.58470153808594 -13.71760082244873 1.6064002513885498
    vertex -61.50790023803711 -13.685600280761719 1.6064002513885498
    vertex -61.58470153808594 -13.71760082244873 4.76837158203125e-07
  endloop
endfacet
facet normal 0.0 0.0 0.0
  outer loop
    vertex -61.3031005859375 -13.576801300048828 4.76837158203125e-07
    vertex -61.44390106201172 -13.653600692749023 4.76837158203125e-07
    vertex -61.3031005859375 -13.576801300048828 1.6064002513885498
  endloop
endfacet
facet normal 0.0 0.0 0.0
  outer loop
    vertex -61.31589889526367 -13.583200454711914 1.6064002513885498
    vertex -61.3031005859375 -13.576801300048828 1.6064002513885498
    vertex -61.44390106201172 -13.653600692749023 4.76837158203125e-07
  endloop
endfacet
facet normal 0.0 0.0 0.0
  outer loop
    vertex -61.44390106201172 -13.653600692749023 1.6064002513885498
    vertex -61.31589889526367 -13.583200454711914 1.6064002513885498
    vertex -61.44390106201172 -13.653600692749023 4.76837158203125e-07
  endloop
endfacet
facet normal 0.0 0.0 0.0
  outer loop
    vertex -61.3031005859375 -13.576801300048828 1.6064002513885498
    vertex -61.168701171875 -13.493600845336914 1.6064002513885498
    vertex -61.3031005859375 -13.576801300048828 4.76837158203125e-07
  endloop
endfacet
facet normal 0.0 0.0 0.0
  outer loop
    vertex -61.168701171875 -13.493600845336914 4.76837158203125e-07
    vertex -61.3031005859375 -13.576801300048828 4.76837158203125e-07
    vertex -61.168701171875 -13.493600845336914 1.6064002513885498
  endloop
endfacet
facet normal 0.0 0.0 0.0
  outer loop
    vertex -61.04069900512695 -13.404000282287598 4.76837158203125e-07
    vertex -61.168701171875 -13.493600845336914 4.76837158203125e-07
    vertex -61.04069900512695 -13.404000282287598 1.6064002513885498
  endloop
endfacet
facet normal 0.0 0.0 0.0
  outer loop
    vertex -61.059898376464844 -13.416800498962402 1.6064002513885498
    vertex -61.04069900512695 -13.404000282287598 1.6064002513885498
    vertex -61.168701171875 -13.493600845336914 4.76837158203125e-07
  endloop
endfacet
facet normal 0.0 0.0 0.0
  outer loop
    vertex -61.13669967651367 -13.474400520324707 1.6064002513885498
    vertex -61.059898376464844 -13.416800498962402 1.6064002513885498
    vertex -61.168701171875 -13.493600845336914 4.76837158203125e-07
  endloop
endfacet
facet normal 0.0 0.0 0.0
  outer loop
    vertex -61.168701171875 -13.493600845336914 1.6064002513885498
    vertex -61.13669967651367 -13.474400520324707 1.6064002513885498
    vertex -61.168701171875 -13.493600845336914 4.76837158203125e-07
  endloop
endfacet
facet normal 0.0 0.0 0.0
  outer loop
    vertex -61.04069900512695 -13.404000282287598 1.6064002513885498
    vertex -60.919097900390625 -13.301600456237793 1.6064002513885498
    vertex -61.04069900512695 -13.404000282287598 4.76837158203125e-07
  endloop
endfacet
facet normal 0.0 0.0 0.0
  outer loop
    vertex -60.919097900390625 -13.301600456237793 4.76837158203125e-07
    vertex -61.04069900512695 -13.404000282287598 4.76837158203125e-07
    vertex -60.919097900390625 -13.301600456237793 1.6064002513885498
  endloop
endfacet
facet normal 0.0 0.0 0.0
  outer loop
    vertex -60.80390167236328 -13.199200630187988 3.5762786865234375e-07
    vertex -60.919097900390625 -13.301600456237793 4.76837158203125e-07
    vertex -60.80390167236328 -13.199200630187988 1.6064002513885498
  endloop
endfacet
facet normal 0.0 0.0 0.0
  outer loop
    vertex -60.855098724365234 -13.244000434875488 1.6064002513885498
    vertex -60.80390167236328 -13.199200630187988 1.6064002513885498
    vertex -60.919097900390625 -13.301600456237793 4.76837158203125e-07
  endloop
endfacet
facet normal 0.0 0.0 0.0
  outer loop
    vertex -60.880699157714844 -13.263200759887695 1.6064002513885498
    vertex -60.855098724365234 -13.244000434875488 1.6064002513885498
    vertex -60.919097900390625 -13.301600456237793 4.76837158203125e-07
  endloop
endfacet
facet normal 0.0 0.0 0.0
  outer loop
    vertex -60.90629959106445 -13.295201301574707 1.6064002513885498
    vertex -60.880699157714844 -13.263200759887695 1.6064002513885498
    vertex -60.919097900390625 -13.301600456237793 4.76837158203125e-07
  endloop
endfacet
facet normal 0.0 0.0 0.0
  outer loop
    vertex -60.919097900390625 -13.301600456237793 1.6064002513885498
    vertex -60.90629959106445 -13.295201301574707 1.6064002513885498
    vertex -60.919097900390625 -13.301600456237793 4.76837158203125e-07
  endloop
endfacet
facet normal 0.0 0.0 0.0
  outer loop
    vertex -60.80390167236328 -13.199200630187988 3.5762786865234375e-07
    vertex -60.80390167236328 -13.199200630187988 1.6064002513885498
    vertex -60.720699310302734 -13.103200912475586 1.6064002513885498
  endloop
endfacet
facet normal 0.0 0.0 0.0
  outer loop
    vertex -60.80390167236328 -13.199200630187988 3.5762786865234375e-07
    vertex -60.720699310302734 -13.103200912475586 1.6064002513885498
    vertex -60.701499938964844 -13.084001541137695 1.6064002513885498
  endloop
endfacet
facet normal 0.0 0.0 0.0
  outer loop
    vertex -60.701499938964844 -13.084001541137695 1.6064002513885498
    vertex -60.701499938964844 -13.084001541137695 3.5762786865234375e-07
    vertex -60.80390167236328 -13.199200630187988 3.5762786865234375e-07
  endloop
endfacet
facet normal 0.0 0.0 0.0
  outer loop
    vertex -60.701499938964844 -13.084001541137695 3.5762786865234375e-07
    vertex -60.701499938964844 -13.084001541137695 1.6064002513885498
    vertex -60.59910202026367 -12.962400436401367 1.6064002513885498
  endloop
endfacet
facet normal 0.0 0.0 0.0
  outer loop
    vertex -60.59910202026367 -12.962400436401367 1.6064002513885498
    vertex -60.59910202026367 -12.962400436401367 3.5762786865234375e-07
    vertex -60.701499938964844 -13.084001541137695 3.5762786865234375e-07
  endloop
endfacet
facet normal 0.0 0.0 0.0
  outer loop
    vertex -60.59910202026367 -12.962400436401367 3.5762786865234375e-07
    vertex -60.59910202026367 -12.962400436401367 1.6064002513885498
    vertex -60.59910202026367 -12.956001281738281 1.6064002513885498
  endloop
endfacet
facet normal 0.0 0.0 0.0
  outer loop
    vertex -60.59910202026367 -12.962400436401367 3.5762786865234375e-07
    vertex -60.59910202026367 -12.956001281738281 1.6064002513885498
    vertex -60.509498596191406 -12.834400177001953 1.6064002513885498
  endloop
endfacet
facet normal 0.0 0.0 0.0
  outer loop
    vertex -60.509498596191406 -12.834400177001953 1.6064002513885498
    vertex -60.509498596191406 -12.834400177001953 3.5762786865234375e-07
    vertex -60.59910202026367 -12.962400436401367 3.5762786865234375e-07
  endloop
endfacet
facet normal 0.0 0.0 0.0
  outer loop
    vertex -60.426300048828125 -12.700000762939453 1.6064002513885498
    vertex -60.426300048828125 -12.700000762939453 3.5762786865234375e-07
    vertex -60.509498596191406 -12.834400177001953 3.5762786865234375e-07
  endloop
endfacet
facet normal 0.0 0.0 0.0
  outer loop
    vertex -60.509498596191406 -12.834400177001953 3.5762786865234375e-07
    vertex -60.509498596191406 -12.834400177001953 1.6064002513885498
    vertex -60.490299224853516 -12.802400588989258 1.6064002513885498
  endloop
endfacet
facet normal 0.0 0.0 0.0
  outer loop
    vertex -60.509498596191406 -12.834400177001953 3.5762786865234375e-07
    vertex -60.490299224853516 -12.802400588989258 1.6064002513885498
    vertex -60.471099853515625 -12.776801109313965 1.6064002513885498
  endloop
endfacet
facet normal 0.0 0.0 0.0
  outer loop
    vertex -60.509498596191406 -12.834400177001953 3.5762786865234375e-07
    vertex -60.471099853515625 -12.776801109313965 1.6064002513885498
    vertex -60.45830154418945 -12.751200675964355 1.6064002513885498
  endloop
endfacet
facet normal 0.0 0.0 0.0
  outer loop
    vertex -60.509498596191406 -12.834400177001953 3.5762786865234375e-07
    vertex -60.45830154418945 -12.751200675964355 1.6064002513885498
    vertex -60.426300048828125 -12.700000762939453 1.6064002513885498
  endloop
endfacet
facet normal 0.0 0.0 0.0
  outer loop
    vertex -60.426300048828125 -12.700000762939453 3.5762786865234375e-07
    vertex -60.426300048828125 -12.700000762939453 1.6064002513885498
    vertex -60.36869812011719 -12.591200828552246 1.6064002513885498
  endloop
endfacet
facet normal 0.0 0.0 0.0
  outer loop
    vertex -60.426300048828125 -12.700000762939453 3.5762786865234375e-07
    vertex -60.36869812011719 -12.591200828552246 1.6064002513885498
    vertex -60.3494987487793 -12.559200286865234 1.6064002513885498
  endloop
endfacet
facet normal 0.0 0.0 0.0
  outer loop
    vertex -60.3494987487793 -12.559200286865234 1.6064002513885498
    vertex -60.3494987487793 -12.559200286865234 3.5762786865234375e-07
    vertex -60.426300048828125 -12.700000762939453 3.5762786865234375e-07
  endloop
endfacet
facet normal 0.0 0.0 0.0
  outer loop
    vertex -60.3494987487793 -12.559200286865234 3.5762786865234375e-07
    vertex -60.3494987487793 -12.559200286865234 1.6064002513885498
    vertex -60.285499572753906 -12.418399810791016 1.6064002513885498
  endloop
endfacet
facet normal 0.0 0.0 0.0
  outer loop
    vertex -60.285499572753906 -12.418399810791016 1.6064002513885498
    vertex -60.285499572753906 -12.418399810791016 3.5762786865234375e-07
    vertex -60.3494987487793 -12.559200286865234 3.5762786865234375e-07
  endloop
endfacet
facet normal 0.0 0.0 0.0
  outer loop
    vertex -60.227901458740234 -12.271201133728027 1.6064002513885498
    vertex -60.227901458740234 -12.271201133728027 3.5762786865234375e-07
    vertex -60.285499572753906 -12.418399810791016 3.5762786865234375e-07
  endloop
endfacet
facet normal 0.0 0.0 0.0
  outer loop
    vertex -60.285499572753906 -12.418399810791016 3.5762786865234375e-07
    vertex -60.285499572753906 -12.418399810791016 1.6064002513885498
    vertex -60.266300201416016 -12.373600959777832 1.6064002513885498
  endloop
endfacet
facet normal 0.0 0.0 0.0
  outer loop
    vertex -60.285499572753906 -12.418399810791016 3.5762786865234375e-07
    vertex -60.266300201416016 -12.373600959777832 1.6064002513885498
    vertex -60.227901458740234 -12.271201133728027 1.6064002513885498
  endloop
endfacet
facet normal 0.0 0.0 0.0
  outer loop
    vertex -60.227901458740234 -12.271201133728027 3.5762786865234375e-07
    vertex -60.227901458740234 -12.271201133728027 1.6064002513885498
    vertex -60.208702087402344 -12.194400787353516 1.6064002513885498
  endloop
endfacet
facet normal 0.0 0.0 0.0
  outer loop
    vertex -60.227901458740234 -12.271201133728027 3.5762786865234375e-07
    vertex -60.208702087402344 -12.194400787353516 1.6064002513885498
    vertex -60.183101654052734 -12.124000549316406 1.6064002513885498
  endloop
endfacet
facet normal 0.0 0.0 0.0
  outer loop
    vertex -60.183101654052734 -12.124000549316406 1.6064002513885498
    vertex -60.183101654052734 -12.124000549316406 3.5762786865234375e-07
    vertex -60.227901458740234 -12.271201133728027 3.5762786865234375e-07
  endloop
endfacet
facet normal 0.0 0.0 0.0
  outer loop
    vertex -60.183101654052734 -12.124000549316406 3.5762786865234375e-07
    vertex -60.183101654052734 -12.124000549316406 1.6064002513885498
    vertex -60.16389846801758 -12.021600723266602 1.6064002513885498
  endloop
endfacet
facet normal 0.0 0.0 0.0
  outer loop
    vertex -60.183101654052734 -12.124000549316406 3.5762786865234375e-07
    vertex -60.16389846801758 -12.021600723266602 1.6064002513885498
    vertex -60.151100158691406 -11.9704008102417 1.6064002513885498
  endloop
endfacet
facet normal 0.0 0.0 0.0
  outer loop
    vertex -60.151100158691406 -11.9704008102417 1.6064002513885498
    vertex -60.151100158691406 -11.9704008102417 3.5762786865234375e-07
    vertex -60.183101654052734 -12.124000549316406 3.5762786865234375e-07
  endloop
endfacet
facet normal 0.0 0.0 0.0
  outer loop
    vertex -60.1254997253418 -11.81040096282959 1.6064002513885498
    vertex -60.1254997253418 -11.81040096282959 3.5762786865234375e-07
    vertex -60.151100158691406 -11.9704008102417 3.5762786865234375e-07
  endloop
endfacet
facet normal 0.0 0.0 0.0
  outer loop
    vertex -60.151100158691406 -11.9704008102417 3.5762786865234375e-07
    vertex -60.151100158691406 -11.9704008102417 1.6064002513885498
    vertex -60.138301849365234 -11.91919994354248 1.6064002513885498
  endloop
endfacet
facet normal 0.0 0.0 0.0
  outer loop
    vertex -60.151100158691406 -11.9704008102417 3.5762786865234375e-07
    vertex -60.138301849365234 -11.91919994354248 1.6064002513885498
    vertex -60.138301849365234 -11.887200355529785 1.6064002513885498
  endloop
endfacet
facet normal 0.0 0.0 0.0
  outer loop
    vertex -60.151100158691406 -11.9704008102417 3.5762786865234375e-07
    vertex -60.138301849365234 -11.887200355529785 1.6064002513885498
    vertex -60.1254997253418 -11.81040096282959 1.6064002513885498
  endloop
endfacet
facet normal 0.0 0.0 0.0
  outer loop
    vertex -60.1254997253418 -11.81040096282959 3.5762786865234375e-07
    vertex -60.1254997253418 -11.81040096282959 1.6064002513885498
    vertex -60.112701416015625 -11.708001136779785 1.6064002513885498
  endloop
endfacet
facet normal 0.0 0.0 0.0
  outer loop
    vertex -60.1254997253418 -11.81040096282959 3.5762786865234375e-07
    vertex -60.112701416015625 -11.708001136779785 1.6064002513885498
    vertex -60.106300354003906 -11.656800270080566 1.6064002513885498
  endloop
endfacet
facet normal 0.0 0.0 0.0
  outer loop
    vertex -60.106300354003906 -11.656800270080566 1.6064002513885498
    vertex -60.106300354003906 -11.656800270080566 3.5762786865234375e-07
    vertex -60.1254997253418 -11.81040096282959 3.5762786865234375e-07
  endloop
endfacet
facet normal 0.0 0.0 0.0
  outer loop
    vertex -60.106300354003906 -11.503199577331543 1.6064002513885498
    vertex -60.106300354003906 -11.503199577331543 3.5762786865234375e-07
    vertex -60.106300354003906 -11.656800270080566 3.5762786865234375e-07
  endloop
endfacet
facet normal 0.0 0.0 0.0
  outer loop
    vertex -60.106300354003906 -11.656800270080566 3.5762786865234375e-07
    vertex -60.106300354003906 -11.656800270080566 1.6064002513885498
    vertex -60.106300354003906 -11.624800682067871 1.6064002513885498
  endloop
endfacet
facet normal 0.0 0.0 0.0
  outer loop
    vertex -60.106300354003906 -11.656800270080566 3.5762786865234375e-07
    vertex -60.106300354003906 -11.624800682067871 1.6064002513885498
    vertex -60.106300354003906 -11.503199577331543 1.6064002513885498
  endloop
endfacet
facet normal 0.0 0.0 0.0
  outer loop
    vertex -60.106300354003906 -11.503199577331543 3.5762786865234375e-07
    vertex -60.106300354003906 -11.503199577331543 1.6064002513885498
    vertex -60.106300354003906 -11.439200401306152 1.6064002513885498
  endloop
endfacet
facet normal 0.0 0.0 0.0
  outer loop
    vertex -60.106300354003906 -11.503199577331543 3.5762786865234375e-07
    vertex -60.106300354003906 -11.439200401306152 1.6064002513885498
    vertex -60.106300354003906 -11.343199729919434 1.6064002513885498
  endloop
endfacet
facet normal 0.0 0.0 0.0
  outer loop
    vertex -60.106300354003906 -11.343199729919434 1.6064002513885498
    vertex -60.106300354003906 -11.343199729919434 3.5762786865234375e-07
    vertex -60.106300354003906 -11.503199577331543 3.5762786865234375e-07
  endloop
endfacet
facet normal 0.0 0.0 0.0
  outer loop
    vertex -60.1254997253418 -11.189600944519043 1.6064002513885498
    vertex -60.1254997253418 -11.189600944519043 3.5762786865234375e-07
    vertex -60.106300354003906 -11.343199729919434 3.5762786865234375e-07
  endloop
endfacet
facet normal 0.0 0.0 0.0
  outer loop
    vertex -60.106300354003906 -11.343199729919434 3.5762786865234375e-07
    vertex -60.106300354003906 -11.343199729919434 1.6064002513885498
    vertex -60.11909866333008 -11.25360107421875 1.6064002513885498
  endloop
endfacet
facet normal 0.0 0.0 0.0
  outer loop
    vertex -60.106300354003906 -11.343199729919434 3.5762786865234375e-07
    vertex -60.11909866333008 -11.25360107421875 1.6064002513885498
    vertex -60.11909866333008 -11.221600532531738 1.6064002513885498
  endloop
endfacet
facet normal 0.0 0.0 0.0
  outer loop
    vertex -60.106300354003906 -11.343199729919434 3.5762786865234375e-07
    vertex -60.11909866333008 -11.221600532531738 1.6064002513885498
    vertex -60.1254997253418 -11.189600944519043 1.6064002513885498
  endloop
endfacet
facet normal 0.0 0.0 0.0
  outer loop
    vertex -60.151100158691406 -11.029600143432617 1.6064002513885498
    vertex -60.151100158691406 -11.029600143432617 3.5762786865234375e-07
    vertex -60.1254997253418 -11.189600944519043 3.5762786865234375e-07
  endloop
endfacet
facet normal 0.0 0.0 0.0
  outer loop
    vertex -60.1254997253418 -11.189600944519043 3.5762786865234375e-07
    vertex -60.1254997253418 -11.189600944519043 1.6064002513885498
    vertex -60.131900787353516 -11.125600814819336 1.6064002513885498
  endloop
endfacet
facet normal 0.0 0.0 0.0
  outer loop
    vertex -60.1254997253418 -11.189600944519043 3.5762786865234375e-07
    vertex -60.131900787353516 -11.125600814819336 1.6064002513885498
    vertex -60.138301849365234 -11.087200164794922 1.6064002513885498
  endloop
endfacet
facet normal 0.0 0.0 0.0
  outer loop
    vertex -60.1254997253418 -11.189600944519043 3.5762786865234375e-07
    vertex -60.138301849365234 -11.087200164794922 1.6064002513885498
    vertex -60.14469909667969 -11.048800468444824 1.6064002513885498
  endloop
endfacet
facet normal 0.0 0.0 0.0
  outer loop
    vertex -60.1254997253418 -11.189600944519043 3.5762786865234375e-07
    vertex -60.14469909667969 -11.048800468444824 1.6064002513885498
    vertex -60.151100158691406 -11.029600143432617 1.6064002513885498
  endloop
endfacet
facet normal 0.0 0.0 0.0
  outer loop
    vertex -60.183101654052734 -10.87600040435791 1.6064002513885498
    vertex -60.183101654052734 -10.87600040435791 3.5762786865234375e-07
    vertex -60.151100158691406 -11.029600143432617 3.5762786865234375e-07
  endloop
endfacet
facet normal 0.0 0.0 0.0
  outer loop
    vertex -60.151100158691406 -11.029600143432617 3.5762786865234375e-07
    vertex -60.151100158691406 -11.029600143432617 1.6064002513885498
    vertex -60.157501220703125 -11.010400772094727 1.6064002513885498
  endloop
endfacet
facet normal 0.0 0.0 0.0
  outer loop
    vertex -60.151100158691406 -11.029600143432617 3.5762786865234375e-07
    vertex -60.157501220703125 -11.010400772094727 1.6064002513885498
    vertex -60.16389846801758 -10.96560001373291 1.6064002513885498
  endloop
endfacet
facet normal 0.0 0.0 0.0
  outer loop
    vertex -60.151100158691406 -11.029600143432617 3.5762786865234375e-07
    vertex -60.16389846801758 -10.96560001373291 1.6064002513885498
    vertex -60.183101654052734 -10.87600040435791 1.6064002513885498
  endloop
endfacet
facet normal 0.0 0.0 0.0
  outer loop
    vertex -60.183101654052734 -10.87600040435791 3.5762786865234375e-07
    vertex -60.183101654052734 -10.87600040435791 1.6064002513885498
    vertex -60.221500396728516 -10.76720142364502 1.6064002513885498
  endloop
endfacet
facet normal 0.0 0.0 0.0
  outer loop
    vertex -60.183101654052734 -10.87600040435791 3.5762786865234375e-07
    vertex -60.221500396728516 -10.76720142364502 1.6064002513885498
    vertex -60.227901458740234 -10.728800773620605 1.6064002513885498
  endloop
endfacet
facet normal 0.0 0.0 0.0
  outer loop
    vertex -60.227901458740234 -10.728800773620605 1.6064002513885498
    vertex -60.227901458740234 -10.728800773620605 3.5762786865234375e-07
    vertex -60.183101654052734 -10.87600040435791 3.5762786865234375e-07
  endloop
endfacet
facet normal 0.0 0.0 0.0
  outer loop
    vertex -60.285499572753906 -10.581600189208984 1.6064002513885498
    vertex -60.285499572753906 -10.581600189208984 3.5762786865234375e-07
    vertex -60.227901458740234 -10.728800773620605 3.5762786865234375e-07
  endloop
endfacet
facet normal 0.0 0.0 0.0
  outer loop
    vertex -60.227901458740234 -10.728800773620605 3.5762786865234375e-07
    vertex -60.227901458740234 -10.728800773620605 1.6064002513885498
    vertex -60.23429870605469 -10.7160005569458 1.6064002513885498
  endloop
endfacet
facet normal 0.0 0.0 0.0
  outer loop
    vertex -60.227901458740234 -10.728800773620605 3.5762786865234375e-07
    vertex -60.23429870605469 -10.7160005569458 1.6064002513885498
    vertex -60.285499572753906 -10.581600189208984 1.6064002513885498
  endloop
endfacet
facet normal 0.0 0.0 0.0
  outer loop
    vertex -60.285499572753906 -10.581600189208984 3.5762786865234375e-07
    vertex -60.285499572753906 -10.581600189208984 1.6064002513885498
    vertex -60.317501068115234 -10.511199951171875 1.6064002513885498
  endloop
endfacet
facet normal 0.0 0.0 0.0
  outer loop
    vertex -60.285499572753906 -10.581600189208984 3.5762786865234375e-07
    vertex -60.317501068115234 -10.511199951171875 1.6064002513885498
    vertex -60.3494987487793 -10.440800666809082 1.6064002513885498
  endloop
endfacet
facet normal 0.0 0.0 0.0
  outer loop
    vertex -60.3494987487793 -10.440800666809082 1.6064002513885498
    vertex -60.3494987487793 -10.440800666809082 3.5762786865234375e-07
    vertex -60.285499572753906 -10.581600189208984 3.5762786865234375e-07
  endloop
endfacet
facet normal 0.0 0.0 0.0
  outer loop
    vertex -60.3494987487793 -10.440800666809082 3.5762786865234375e-07
    vertex -60.3494987487793 -10.440800666809082 1.6064002513885498
    vertex -60.419898986816406 -10.312800407409668 1.6064002513885498
  endloop
endfacet
facet normal 0.0 0.0 0.0
  outer loop
    vertex -60.3494987487793 -10.440800666809082 3.5762786865234375e-07
    vertex -60.419898986816406 -10.312800407409668 1.6064002513885498
    vertex -60.426300048828125 -10.300000190734863 1.6064002513885498
  endloop
endfacet
facet normal 0.0 0.0 0.0
  outer loop
    vertex -60.426300048828125 -10.300000190734863 1.6064002513885498
    vertex -60.426300048828125 -10.300000190734863 3.5762786865234375e-07
    vertex -60.3494987487793 -10.440800666809082 3.5762786865234375e-07
  endloop
endfacet
facet normal 0.0 0.0 0.0
  outer loop
    vertex -60.426300048828125 -10.300000190734863 3.5762786865234375e-07
    vertex -60.426300048828125 -10.300000190734863 1.6064002513885498
    vertex -60.509498596191406 -10.165599822998047 1.6064002513885498
  endloop
endfacet
facet normal 0.0 0.0 0.0
  outer loop
    vertex -60.509498596191406 -10.165599822998047 1.6064002513885498
    vertex -60.509498596191406 -10.165599822998047 3.5762786865234375e-07
    vertex -60.426300048828125 -10.300000190734863 3.5762786865234375e-07
  endloop
endfacet
facet normal 0.0 0.0 0.0
  outer loop
    vertex -60.509498596191406 -10.165599822998047 3.5762786865234375e-07
    vertex -60.509498596191406 -10.165599822998047 1.6064002513885498
    vertex -60.54790115356445 -10.114399909973145 1.6064002513885498
  endloop
endfacet
facet normal 0.0 0.0 0.0
  outer loop
    vertex -60.509498596191406 -10.165599822998047 3.5762786865234375e-07
    vertex -60.54790115356445 -10.114399909973145 1.6064002513885498
    vertex -60.59910202026367 -10.03760051727295 1.6064002513885498
  endloop
endfacet
facet normal 0.0 0.0 0.0
  outer loop
    vertex -60.59910202026367 -10.03760051727295 1.6064002513885498
    vertex -60.59910202026367 -10.03760051727295 3.5762786865234375e-07
    vertex -60.509498596191406 -10.165599822998047 3.5762786865234375e-07
  endloop
endfacet
facet normal 0.0 0.0 0.0
  outer loop
    vertex -60.59910202026367 -10.03760051727295 3.5762786865234375e-07
    vertex -60.59910202026367 -10.03760051727295 1.6064002513885498
    vertex -60.701499938964844 -9.916000366210938 1.6064002513885498
  endloop
endfacet
facet normal 0.0 0.0 0.0
  outer loop
    vertex -60.701499938964844 -9.916000366210938 1.6064002513885498
    vertex -60.701499938964844 -9.916000366210938 3.5762786865234375e-07
    vertex -60.59910202026367 -10.03760051727295 3.5762786865234375e-07
  endloop
endfacet
facet normal 0.0 0.0 0.0
  outer loop
    vertex -60.701499938964844 -9.916000366210938 3.5762786865234375e-07
    vertex -60.701499938964844 -9.916000366210938 1.6064002513885498
    vertex -60.80390167236328 -9.800800323486328 1.6064002513885498
  endloop
endfacet
facet normal 0.0 0.0 0.0
  outer loop
    vertex -60.80390167236328 -9.800800323486328 1.6064002513885498
    vertex -60.80390167236328 -9.800800323486328 3.5762786865234375e-07
    vertex -60.701499938964844 -9.916000366210938 3.5762786865234375e-07
  endloop
endfacet
facet normal 0.0 0.0 0.0
  outer loop
    vertex -60.80390167236328 -9.800800323486328 3.5762786865234375e-07
    vertex -60.919097900390625 -9.698400497436523 1.6064002513885498
    vertex -60.919097900390625 -9.698400497436523 4.76837158203125e-07
  endloop
endfacet
facet normal 0.0 0.0 0.0
  outer loop
    vertex -60.899898529052734 -9.71760082244873 1.6064002513885498
    vertex -60.80390167236328 -9.800800323486328 3.5762786865234375e-07
    vertex -60.80390167236328 -9.800800323486328 1.6064002513885498
  endloop
endfacet
facet normal 0.0 0.0 0.0
  outer loop
    vertex -60.899898529052734 -9.71760082244873 1.6064002513885498
    vertex -60.90629959106445 -9.711200714111328 1.6064002513885498
    vertex -60.80390167236328 -9.800800323486328 3.5762786865234375e-07
  endloop
endfacet
facet normal 0.0 0.0 0.0
  outer loop
    vertex -60.919097900390625 -9.698400497436523 4.76837158203125e-07
    vertex -61.04069900512695 -9.595999717712402 1.6064002513885498
    vertex -61.04069900512695 -9.595999717712402 4.76837158203125e-07
  endloop
endfacet
facet normal 0.0 0.0 0.0
  outer loop
    vertex -61.04069900512695 -9.595999717712402 1.6064002513885498
    vertex -60.919097900390625 -9.698400497436523 4.76837158203125e-07
    vertex -60.919097900390625 -9.698400497436523 1.6064002513885498
  endloop
endfacet
facet normal 0.0 0.0 0.0
  outer loop
    vertex -61.04069900512695 -9.595999717712402 4.76837158203125e-07
    vertex -61.168701171875 -9.506400108337402 1.6064002513885498
    vertex -61.168701171875 -9.506400108337402 4.76837158203125e-07
  endloop
endfacet
facet normal 0.0 0.0 0.0
  outer loop
    vertex -61.16230010986328 -9.506400108337402 1.6064002513885498
    vertex -61.04069900512695 -9.595999717712402 4.76837158203125e-07
    vertex -61.04069900512695 -9.595999717712402 1.6064002513885498
  endloop
endfacet
facet normal 0.0 0.0 0.0
  outer loop
    vertex -61.168701171875 -9.506400108337402 1.6064002513885498
    vertex -61.04069900512695 -9.595999717712402 4.76837158203125e-07
    vertex -61.16230010986328 -9.506400108337402 1.6064002513885498
  endloop
endfacet
facet normal 0.0 0.0 0.0
  outer loop
    vertex -61.168701171875 -9.506400108337402 4.76837158203125e-07
    vertex -61.3031005859375 -9.423200607299805 1.6064002513885498
    vertex -61.3031005859375 -9.423200607299805 4.76837158203125e-07
  endloop
endfacet
facet normal 0.0 0.0 0.0
  outer loop
    vertex -61.3031005859375 -9.423200607299805 1.6064002513885498
    vertex -61.168701171875 -9.506400108337402 4.76837158203125e-07
    vertex -61.168701171875 -9.506400108337402 1.6064002513885498
  endloop
endfacet
facet normal 0.0 0.0 0.0
  outer loop
    vertex -61.3031005859375 -9.423200607299805 4.76837158203125e-07
    vertex -61.44390106201172 -9.346400260925293 1.6064002513885498
    vertex -61.44390106201172 -9.346400260925293 4.76837158203125e-07
  endloop
endfacet
facet normal 0.0 0.0 0.0
  outer loop
    vertex -61.44390106201172 -9.346400260925293 1.6064002513885498
    vertex -61.3031005859375 -9.423200607299805 4.76837158203125e-07
    vertex -61.3031005859375 -9.423200607299805 1.6064002513885498
  endloop
endfacet
facet normal 0.0 0.0 0.0
  outer loop
    vertex -61.44390106201172 -9.346400260925293 4.76837158203125e-07
    vertex -61.58470153808594 -9.282400131225586 1.6064002513885498
    vertex -61.58470153808594 -9.282400131225586 4.76837158203125e-07
  endloop
endfacet
facet normal 0.0 0.0 0.0
  outer loop
    vertex -61.58470153808594 -9.282400131225586 1.6064002513885498
    vertex -61.44390106201172 -9.346400260925293 4.76837158203125e-07
    vertex -61.44390106201172 -9.346400260925293 1.6064002513885498
  endloop
endfacet
facet normal 0.0 0.0 0.0
  outer loop
    vertex -61.58470153808594 -9.282400131225586 4.76837158203125e-07
    vertex -61.73189926147461 -9.224800109863281 1.6064002513885498
    vertex -61.73189926147461 -9.224800109863281 4.76837158203125e-07
  endloop
endfacet
facet normal 0.0 0.0 0.0
  outer loop
    vertex -61.73189926147461 -9.224800109863281 1.6064002513885498
    vertex -61.58470153808594 -9.282400131225586 4.76837158203125e-07
    vertex -61.58470153808594 -9.282400131225586 1.6064002513885498
  endloop
endfacet
facet normal 0.0 0.0 0.0
  outer loop
    vertex -61.73189926147461 -9.224800109863281 4.76837158203125e-07
    vertex -61.87910079956055 -9.180000305175781 1.6064002513885498
    vertex -61.87910079956055 -9.180000305175781 4.76837158203125e-07
  endloop
endfacet
facet normal 0.0 0.0 0.0
  outer loop
    vertex -61.87910079956055 -9.180000305175781 1.6064002513885498
    vertex -61.73189926147461 -9.224800109863281 4.76837158203125e-07
    vertex -61.73189926147461 -9.224800109863281 1.6064002513885498
  endloop
endfacet
facet normal 0.0 0.0 0.0
  outer loop
    vertex -61.87910079956055 -9.180000305175781 4.76837158203125e-07
    vertex -62.03269958496094 -9.148000717163086 1.6064002513885498
    vertex -62.03269958496094 -9.148000717163086 4.76837158203125e-07
  endloop
endfacet
facet normal 0.0 0.0 0.0
  outer loop
    vertex -62.03269958496094 -9.148000717163086 1.6064002513885498
    vertex -61.87910079956055 -9.180000305175781 4.76837158203125e-07
    vertex -61.87910079956055 -9.180000305175781 1.6064002513885498
  endloop
endfacet
facet normal 0.0 0.0 0.0
  outer loop
    vertex -62.03269958496094 -9.148000717163086 4.76837158203125e-07
    vertex -62.19269943237305 -9.122400283813477 1.6064002513885498
    vertex -62.19269943237305 -9.122400283813477 4.76837158203125e-07
  endloop
endfacet
facet normal 0.0 0.0 0.0
  outer loop
    vertex -62.19269943237305 -9.122400283813477 1.6064002513885498
    vertex -62.03269958496094 -9.148000717163086 4.76837158203125e-07
    vertex -62.03269958496094 -9.148000717163086 1.6064002513885498
  endloop
endfacet
facet normal 0.0 0.0 0.0
  outer loop
    vertex -62.19269943237305 -9.122400283813477 4.76837158203125e-07
    vertex -62.3463020324707 -9.10319995880127 1.6064002513885498
    vertex -62.3463020324707 -9.10319995880127 4.76837158203125e-07
  endloop
endfacet
facet normal 0.0 0.0 0.0
  outer loop
    vertex -62.199100494384766 -9.122400283813477 1.6064002513885498
    vertex -62.19269943237305 -9.122400283813477 4.76837158203125e-07
    vertex -62.19269943237305 -9.122400283813477 1.6064002513885498
  endloop
endfacet
facet normal 0.0 0.0 0.0
  outer loop
    vertex -62.3463020324707 -9.10319995880127 1.6064002513885498
    vertex -62.19269943237305 -9.122400283813477 4.76837158203125e-07
    vertex -62.199100494384766 -9.122400283813477 1.6064002513885498
  endloop
endfacet
facet normal 0.0 0.0 0.0
  outer loop
    vertex -62.3463020324707 -9.10319995880127 4.76837158203125e-07
    vertex -62.499900817871094 -9.10319995880127 1.6064002513885498
    vertex -62.499900817871094 -9.10319995880127 4.76837158203125e-07
  endloop
endfacet
facet normal 0.0 0.0 0.0
  outer loop
    vertex -62.37189865112305 -9.10319995880127 1.6064002513885498
    vertex -62.3463020324707 -9.10319995880127 4.76837158203125e-07
    vertex -62.3463020324707 -9.10319995880127 1.6064002513885498
  endloop
endfacet
facet normal 0.0 0.0 0.0
  outer loop
    vertex -62.499900817871094 -9.10319995880127 1.6064002513885498
    vertex -62.3463020324707 -9.10319995880127 4.76837158203125e-07
    vertex -62.37189865112305 -9.10319995880127 1.6064002513885498
  endloop
endfacet
facet normal 0.0 0.0 0.0
  outer loop
    vertex -62.499900817871094 -9.10319995880127 4.76837158203125e-07
    vertex -62.6599006652832 -9.10319995880127 1.6064002513885498
    vertex -62.6599006652832 -9.10319995880127 4.76837158203125e-07
  endloop
endfacet
facet normal 0.0 0.0 0.0
  outer loop
    vertex -62.59590148925781 -9.10319995880127 1.6064002513885498
    vertex -62.499900817871094 -9.10319995880127 4.76837158203125e-07
    vertex -62.499900817871094 -9.10319995880127 1.6064002513885498
  endloop
endfacet
facet normal 0.0 0.0 0.0
  outer loop
    vertex -62.6599006652832 -9.10319995880127 1.6064002513885498
    vertex -62.499900817871094 -9.10319995880127 4.76837158203125e-07
    vertex -62.59590148925781 -9.10319995880127 1.6064002513885498
  endloop
endfacet
facet normal 0.0 0.0 0.0
  outer loop
    vertex -62.6599006652832 -9.10319995880127 4.76837158203125e-07
    vertex -62.813499450683594 -9.122400283813477 1.6064002513885498
    vertex -62.813499450683594 -9.122400283813477 4.76837158203125e-07
  endloop
endfacet
facet normal 0.0 0.0 0.0
  outer loop
    vertex -62.672698974609375 -9.109600067138672 1.6064002513885498
    vertex -62.6599006652832 -9.10319995880127 4.76837158203125e-07
    vertex -62.6599006652832 -9.10319995880127 1.6064002513885498
  endloop
endfacet
facet normal 0.0 0.0 0.0
  outer loop
    vertex -62.743099212646484 -9.116000175476074 1.6064002513885498
    vertex -62.6599006652832 -9.10319995880127 4.76837158203125e-07
    vertex -62.672698974609375 -9.109600067138672 1.6064002513885498
  endloop
endfacet
facet normal 0.0 0.0 0.0
  outer loop
    vertex -62.80070114135742 -9.116000175476074 1.6064002513885498
    vertex -62.6599006652832 -9.10319995880127 4.76837158203125e-07
    vertex -62.743099212646484 -9.116000175476074 1.6064002513885498
  endloop
endfacet
facet normal 0.0 0.0 0.0
  outer loop
    vertex -62.813499450683594 -9.122400283813477 1.6064002513885498
    vertex -62.6599006652832 -9.10319995880127 4.76837158203125e-07
    vertex -62.80070114135742 -9.116000175476074 1.6064002513885498
  endloop
endfacet
facet normal 0.0 0.0 0.0
  outer loop
    vertex -62.813499450683594 -9.122400283813477 4.76837158203125e-07
    vertex -62.9734992980957 -9.148000717163086 1.6064002513885498
    vertex -62.9734992980957 -9.148000717163086 4.76837158203125e-07
  endloop
endfacet
facet normal 0.0 0.0 0.0
  outer loop
    vertex -62.9734992980957 -9.148000717163086 1.6064002513885498
    vertex -62.813499450683594 -9.122400283813477 4.76837158203125e-07
    vertex -62.813499450683594 -9.122400283813477 1.6064002513885498
  endloop
endfacet
facet normal 0.0 0.0 0.0
  outer loop
    vertex -62.9734992980957 -9.148000717163086 4.76837158203125e-07
    vertex -63.12710189819336 -9.180000305175781 1.6064002513885498
    vertex -63.12710189819336 -9.180000305175781 4.76837158203125e-07
  endloop
endfacet
facet normal 0.0 0.0 0.0
  outer loop
    vertex -63.01190185546875 -9.154399871826172 1.6064002513885498
    vertex -62.9734992980957 -9.148000717163086 4.76837158203125e-07
    vertex -62.9734992980957 -9.148000717163086 1.6064002513885498
  endloop
endfacet
facet normal 0.0 0.0 0.0
  outer loop
    vertex -63.05670166015625 -9.167200088500977 1.6064002513885498
    vertex -62.9734992980957 -9.148000717163086 4.76837158203125e-07
    vertex -63.01190185546875 -9.154399871826172 1.6064002513885498
  endloop
endfacet
facet normal 0.0 0.0 0.0
  outer loop
    vertex -63.12710189819336 -9.180000305175781 1.6064002513885498
    vertex -62.9734992980957 -9.148000717163086 4.76837158203125e-07
    vertex -63.05670166015625 -9.167200088500977 1.6064002513885498
  endloop
endfacet
facet normal 0.0 0.0 0.0
  outer loop
    vertex -63.12710189819336 -9.180000305175781 4.76837158203125e-07
    vertex -63.27429962158203 -9.224800109863281 1.6064002513885498
    vertex -63.27429962158203 -9.224800109863281 4.76837158203125e-07
  endloop
endfacet
facet normal 0.0 0.0 0.0
  outer loop
    vertex -63.24869918823242 -9.218400955200195 1.6064002513885498
    vertex -63.12710189819336 -9.180000305175781 4.76837158203125e-07
    vertex -63.12710189819336 -9.180000305175781 1.6064002513885498
  endloop
endfacet
facet normal 0.0 0.0 0.0
  outer loop
    vertex -63.27429962158203 -9.224800109863281 1.6064002513885498
    vertex -63.12710189819336 -9.180000305175781 4.76837158203125e-07
    vertex -63.24869918823242 -9.218400955200195 1.6064002513885498
  endloop
endfacet
facet normal 0.0 0.0 0.0
  outer loop
    vertex -63.27429962158203 -9.224800109863281 4.76837158203125e-07
    vertex -63.42150115966797 -9.282400131225586 1.6064003705978394
    vertex -63.42150115966797 -9.282400131225586 4.76837158203125e-07
  endloop
endfacet
facet normal 0.0 0.0 0.0
  outer loop
    vertex -63.42150115966797 -9.282400131225586 1.6064003705978394
    vertex -63.27429962158203 -9.224800109863281 4.76837158203125e-07
    vertex -63.27429962158203 -9.224800109863281 1.6064002513885498
  endloop
endfacet
facet normal 0.0 0.0 0.0
  outer loop
    vertex -63.42150115966797 -9.282400131225586 4.76837158203125e-07
    vertex -63.56230163574219 -9.346400260925293 1.6064003705978394
    vertex -63.56230163574219 -9.346400260925293 4.76837158203125e-07
  endloop
endfacet
facet normal 0.0 0.0 0.0
  outer loop
    vertex -63.44070053100586 -9.288800239562988 1.6064003705978394
    vertex -63.42150115966797 -9.282400131225586 4.76837158203125e-07
    vertex -63.42150115966797 -9.282400131225586 1.6064003705978394
  endloop
endfacet
facet normal 0.0 0.0 0.0
  outer loop
    vertex -63.56230163574219 -9.346400260925293 1.6064003705978394
    vertex -63.42150115966797 -9.282400131225586 4.76837158203125e-07
    vertex -63.44070053100586 -9.288800239562988 1.6064003705978394
  endloop
endfacet
facet normal 0.0 0.0 0.0
  outer loop
    vertex -63.56230163574219 -9.346400260925293 4.76837158203125e-07
    vertex -63.703102111816406 -9.423200607299805 1.6064003705978394
    vertex -63.703102111816406 -9.423200607299805 4.76837158203125e-07
  endloop
endfacet
facet normal 0.0 0.0 0.0
  outer loop
    vertex -63.61349868774414 -9.372000694274902 1.6064003705978394
    vertex -63.56230163574219 -9.346400260925293 4.76837158203125e-07
    vertex -63.56230163574219 -9.346400260925293 1.6064003705978394
  endloop
endfacet
facet normal 0.0 0.0 0.0
  outer loop
    vertex -63.703102111816406 -9.423200607299805 1.6064003705978394
    vertex -63.56230163574219 -9.346400260925293 4.76837158203125e-07
    vertex -63.61349868774414 -9.372000694274902 1.6064003705978394
  endloop
endfacet
facet normal 0.0 0.0 0.0
  outer loop
    vertex -63.703102111816406 -9.423200607299805 4.76837158203125e-07
    vertex -63.837501525878906 -9.506400108337402 1.6064003705978394
    vertex -63.837501525878906 -9.506400108337402 4.76837158203125e-07
  endloop
endfacet
facet normal 0.0 0.0 0.0
  outer loop
    vertex -63.77989959716797 -9.468000411987305 1.6064003705978394
    vertex -63.703102111816406 -9.423200607299805 4.76837158203125e-07
    vertex -63.703102111816406 -9.423200607299805 1.6064003705978394
  endloop
endfacet
facet normal 0.0 0.0 0.0
  outer loop
    vertex -63.837501525878906 -9.506400108337402 1.6064003705978394
    vertex -63.703102111816406 -9.423200607299805 4.76837158203125e-07
    vertex -63.77989959716797 -9.468000411987305 1.6064003705978394
  endloop
endfacet
facet normal 0.0 0.0 0.0
  outer loop
    vertex -63.837501525878906 -9.506400108337402 4.76837158203125e-07
    vertex -63.96549987792969 -9.595999717712402 1.6064003705978394
    vertex -63.96549987792969 -9.595999717712402 4.76837158203125e-07
  endloop
endfacet
facet normal 0.0 0.0 0.0
  outer loop
    vertex -63.96549987792969 -9.595999717712402 1.6064003705978394
    vertex -63.837501525878906 -9.506400108337402 4.76837158203125e-07
    vertex -63.837501525878906 -9.506400108337402 1.6064003705978394
  endloop
endfacet
facet normal 0.0 0.0 0.0
  outer loop
    vertex -63.96549987792969 -9.595999717712402 4.76837158203125e-07
    vertex -64.08709716796875 -9.698400497436523 1.6064003705978394
    vertex -64.08709716796875 -9.698400497436523 4.76837158203125e-07
  endloop
endfacet
facet normal 0.0 0.0 0.0
  outer loop
    vertex -64.08709716796875 -9.698400497436523 1.6064003705978394
    vertex -63.96549987792969 -9.595999717712402 4.76837158203125e-07
    vertex -63.96549987792969 -9.595999717712402 1.6064003705978394
  endloop
endfacet
facet normal 0.0 0.0 0.0
  outer loop
    vertex -64.08709716796875 -9.698400497436523 4.76837158203125e-07
    vertex -64.20230102539062 -9.800800323486328 1.6064003705978394
    vertex -64.20230102539062 -9.800800323486328 5.960464477539062e-07
  endloop
endfacet
facet normal 0.0 0.0 0.0
  outer loop
    vertex -64.20230102539062 -9.800800323486328 1.6064003705978394
    vertex -64.08709716796875 -9.698400497436523 4.76837158203125e-07
    vertex -64.08709716796875 -9.698400497436523 1.6064003705978394
  endloop
endfacet
facet normal 0.0 0.0 0.0
  outer loop
    vertex -64.20230102539062 -9.800800323486328 1.6064003705978394
    vertex -64.22789764404297 -9.826399803161621 1.6064003705978394
    vertex -64.20230102539062 -9.800800323486328 5.960464477539062e-07
  endloop
endfacet
facet normal 0.0 0.0 0.0
  outer loop
    vertex -64.30470275878906 -9.916000366210938 5.960464477539062e-07
    vertex -64.20230102539062 -9.800800323486328 5.960464477539062e-07
    vertex -64.30470275878906 -9.916000366210938 1.6064003705978394
  endloop
endfacet
facet normal 0.0 0.0 0.0
  outer loop
    vertex -64.30470275878906 -9.916000366210938 1.6064003705978394
    vertex -64.20230102539062 -9.800800323486328 5.960464477539062e-07
    vertex -64.22789764404297 -9.826399803161621 1.6064003705978394
  endloop
endfacet
facet normal 0.0 0.0 0.0
  outer loop
    vertex -64.36869812011719 -9.992799758911133 1.6064003705978394
    vertex -64.30470275878906 -9.916000366210938 5.960464477539062e-07
    vertex -64.34950256347656 -9.96720027923584 1.6064003705978394
  endloop
endfacet
facet normal 0.0 0.0 0.0
  outer loop
    vertex -64.38790130615234 -10.012001037597656 1.6064003705978394
    vertex -64.30470275878906 -9.916000366210938 5.960464477539062e-07
    vertex -64.36869812011719 -9.992799758911133 1.6064003705978394
  endloop
endfacet
facet normal 0.0 0.0 0.0
  outer loop
    vertex -64.40709686279297 -10.03760051727295 1.6064003705978394
    vertex -64.30470275878906 -9.916000366210938 5.960464477539062e-07
    vertex -64.38790130615234 -10.012001037597656 1.6064003705978394
  endloop
endfacet
facet normal 0.0 0.0 0.0
  outer loop
    vertex -64.30470275878906 -9.916000366210938 1.6064003705978394
    vertex -64.34950256347656 -9.96720027923584 1.6064003705978394
    vertex -64.30470275878906 -9.916000366210938 5.960464477539062e-07
  endloop
endfacet
facet normal 0.0 0.0 0.0
  outer loop
    vertex -64.40709686279297 -10.03760051727295 5.960464477539062e-07
    vertex -64.30470275878906 -9.916000366210938 5.960464477539062e-07
    vertex -64.40709686279297 -10.03760051727295 1.6064003705978394
  endloop
endfacet
facet normal 0.0 0.0 0.0
  outer loop
    vertex -64.40709686279297 -10.03760051727295 1.6064003705978394
    vertex -64.4967041015625 -10.165599822998047 1.6064003705978394
    vertex -64.40709686279297 -10.03760051727295 5.960464477539062e-07
  endloop
endfacet
facet normal 0.0 0.0 0.0
  outer loop
    vertex -64.4967041015625 -10.165599822998047 5.960464477539062e-07
    vertex -64.40709686279297 -10.03760051727295 5.960464477539062e-07
    vertex -64.4967041015625 -10.165599822998047 1.6064003705978394
  endloop
endfacet
facet normal 0.0 0.0 0.0
  outer loop
    vertex -64.4967041015625 -10.165599822998047 1.6064003705978394
    vertex -64.57990264892578 -10.300000190734863 1.6064003705978394
    vertex -64.4967041015625 -10.165599822998047 5.960464477539062e-07
  endloop
endfacet
facet normal 0.0 0.0 0.0
  outer loop
    vertex -64.57990264892578 -10.300000190734863 5.960464477539062e-07
    vertex -64.4967041015625 -10.165599822998047 5.960464477539062e-07
    vertex -64.57990264892578 -10.300000190734863 1.6064003705978394
  endloop
endfacet
facet normal 0.0 0.0 0.0
  outer loop
    vertex -64.57990264892578 -10.300000190734863 1.6064003705978394
    vertex -64.65670013427734 -10.440800666809082 1.6064003705978394
    vertex -64.57990264892578 -10.300000190734863 5.960464477539062e-07
  endloop
endfacet
facet normal 0.0 0.0 0.0
  outer loop
    vertex -64.65670013427734 -10.440800666809082 5.960464477539062e-07
    vertex -64.57990264892578 -10.300000190734863 5.960464477539062e-07
    vertex -64.65670013427734 -10.440800666809082 1.6064003705978394
  endloop
endfacet
facet normal 0.0 0.0 0.0
  outer loop
    vertex -64.6886978149414 -10.511199951171875 1.6064003705978394
    vertex -64.65670013427734 -10.440800666809082 5.960464477539062e-07
    vertex -64.6759033203125 -10.485600471496582 1.6064003705978394
  endloop
endfacet
facet normal 0.0 0.0 0.0
  outer loop
    vertex -64.720703125 -10.581600189208984 1.6064003705978394
    vertex -64.65670013427734 -10.440800666809082 5.960464477539062e-07
    vertex -64.6886978149414 -10.511199951171875 1.6064003705978394
  endloop
endfacet
facet normal 0.0 0.0 0.0
  outer loop
    vertex -64.65670013427734 -10.440800666809082 1.6064003705978394
    vertex -64.6759033203125 -10.485600471496582 1.6064003705978394
    vertex -64.65670013427734 -10.440800666809082 5.960464477539062e-07
  endloop
endfacet
facet normal 0.0 0.0 0.0
  outer loop
    vertex -64.720703125 -10.581600189208984 5.960464477539062e-07
    vertex -64.65670013427734 -10.440800666809082 5.960464477539062e-07
    vertex -64.720703125 -10.581600189208984 1.6064003705978394
  endloop
endfacet
facet normal 0.0 0.0 0.0
  outer loop
    vertex -64.720703125 -10.581600189208984 1.6064003705978394
    vertex -64.75910186767578 -10.677600860595703 1.6064003705978394
    vertex -64.720703125 -10.581600189208984 5.960464477539062e-07
  endloop
endfacet
facet normal 0.0 0.0 0.0
  outer loop
    vertex -64.7782974243164 -10.728800773620605 5.960464477539062e-07
    vertex -64.720703125 -10.581600189208984 5.960464477539062e-07
    vertex -64.7782974243164 -10.728800773620605 1.6064003705978394
  endloop
endfacet
facet normal 0.0 0.0 0.0
  outer loop
    vertex -64.7782974243164 -10.728800773620605 1.6064003705978394
    vertex -64.720703125 -10.581600189208984 5.960464477539062e-07
    vertex -64.75910186767578 -10.677600860595703 1.6064003705978394
  endloop
endfacet
facet normal 0.0 0.0 0.0
  outer loop
    vertex -64.7782974243164 -10.728800773620605 1.6064003705978394
    vertex -64.8230972290039 -10.87600040435791 1.6064003705978394
    vertex -64.7782974243164 -10.728800773620605 5.960464477539062e-07
  endloop
endfacet
facet normal 0.0 0.0 0.0
  outer loop
    vertex -64.8230972290039 -10.87600040435791 5.960464477539062e-07
    vertex -64.7782974243164 -10.728800773620605 5.960464477539062e-07
    vertex -64.8230972290039 -10.87600040435791 1.6064003705978394
  endloop
endfacet
facet normal 0.0 0.0 0.0
  outer loop
    vertex -64.8230972290039 -10.87600040435791 1.6064003705978394
    vertex -64.8551025390625 -11.029600143432617 1.6064003705978394
    vertex -64.8230972290039 -10.87600040435791 5.960464477539062e-07
  endloop
endfacet
facet normal 0.0 0.0 0.0
  outer loop
    vertex -64.8551025390625 -11.029600143432617 5.960464477539062e-07
    vertex -64.8230972290039 -10.87600040435791 5.960464477539062e-07
    vertex -64.8551025390625 -11.029600143432617 1.6064003705978394
  endloop
endfacet
facet normal 0.0 0.0 0.0
  outer loop
    vertex -64.88069915771484 -11.189600944519043 5.960464477539062e-07
    vertex -64.8551025390625 -11.029600143432617 5.960464477539062e-07
    vertex -64.88069915771484 -11.189600944519043 1.6064003705978394
  endloop
endfacet
facet normal 0.0 0.0 0.0
  outer loop
    vertex -64.88069915771484 -11.189600944519043 1.6064003705978394
    vertex -64.8551025390625 -11.029600143432617 5.960464477539062e-07
    vertex -64.8551025390625 -11.029600143432617 1.6064003705978394
  endloop
endfacet
facet normal 0.0 0.0 0.0
  outer loop
    vertex -64.88069915771484 -11.189600944519043 1.6064003705978394
    vertex -64.89990234375 -11.343199729919434 1.6064003705978394
    vertex -64.88069915771484 -11.189600944519043 5.960464477539062e-07
  endloop
endfacet
facet normal 0.0 0.0 0.0
  outer loop
    vertex -64.89990234375 -11.343199729919434 5.960464477539062e-07
    vertex -64.88069915771484 -11.189600944519043 5.960464477539062e-07
    vertex -64.89990234375 -11.343199729919434 1.6064003705978394
  endloop
endfacet
facet normal 0.0 0.0 0.0
  outer loop
    vertex -64.89990234375 -11.420001029968262 1.6064003705978394
    vertex -64.89990234375 -11.343199729919434 5.960464477539062e-07
    vertex -64.89990234375 -11.394400596618652 1.6064003705978394
  endloop
endfacet
facet normal 0.0 0.0 0.0
  outer loop
    vertex -64.89990234375 -11.445600509643555 1.6064003705978394
    vertex -64.89990234375 -11.343199729919434 5.960464477539062e-07
    vertex -64.89990234375 -11.420001029968262 1.6064003705978394
  endloop
endfacet
facet normal 0.0 0.0 0.0
  outer loop
    vertex -64.89990234375 -11.503199577331543 1.6064003705978394
    vertex -64.89990234375 -11.343199729919434 5.960464477539062e-07
    vertex -64.89990234375 -11.445600509643555 1.6064003705978394
  endloop
endfacet
facet normal 0.0 0.0 0.0
  outer loop
    vertex -64.89990234375 -11.343199729919434 1.6064003705978394
    vertex -64.89990234375 -11.394400596618652 1.6064003705978394
    vertex -64.89990234375 -11.343199729919434 5.960464477539062e-07
  endloop
endfacet
facet normal 0.0 0.0 0.0
  outer loop
    vertex -64.89990234375 -11.503199577331543 5.960464477539062e-07
    vertex -64.89990234375 -11.343199729919434 5.960464477539062e-07
    vertex -64.89990234375 -11.503199577331543 1.6064003705978394
  endloop
endfacet
facet normal 0.0 0.0 0.0
  outer loop
    vertex -64.89990234375 -11.503199577331543 1.6064003705978394
    vertex -64.89990234375 -11.656800270080566 1.6064003705978394
    vertex -64.89990234375 -11.503199577331543 5.960464477539062e-07
  endloop
endfacet
facet normal 0.0 0.0 0.0
  outer loop
    vertex -64.89990234375 -11.656800270080566 5.960464477539062e-07
    vertex -64.89990234375 -11.503199577331543 5.960464477539062e-07
    vertex -64.89990234375 -11.656800270080566 1.6064003705978394
  endloop
endfacet
facet normal 0.0 0.0 0.0
  outer loop
    vertex -64.89990234375 -11.656800270080566 1.6064003705978394
    vertex -64.88069915771484 -11.81040096282959 1.6064003705978394
    vertex -64.89990234375 -11.656800270080566 5.960464477539062e-07
  endloop
endfacet
facet normal 0.0 0.0 0.0
  outer loop
    vertex -64.88069915771484 -11.81040096282959 5.960464477539062e-07
    vertex -64.89990234375 -11.656800270080566 5.960464477539062e-07
    vertex -64.88069915771484 -11.81040096282959 1.6064003705978394
  endloop
endfacet
facet normal 0.0 0.0 0.0
  outer loop
    vertex -64.87429809570312 -11.842400550842285 1.6064003705978394
    vertex -64.88069915771484 -11.81040096282959 5.960464477539062e-07
    vertex -64.88069915771484 -11.816800117492676 1.6064003705978394
  endloop
endfacet
facet normal 0.0 0.0 0.0
  outer loop
    vertex -64.87429809570312 -11.874401092529297 1.6064003705978394
    vertex -64.88069915771484 -11.81040096282959 5.960464477539062e-07
    vertex -64.87429809570312 -11.842400550842285 1.6064003705978394
  endloop
endfacet
facet normal 0.0 0.0 0.0
  outer loop
    vertex -64.8551025390625 -11.9704008102417 1.6064003705978394
    vertex -64.88069915771484 -11.81040096282959 5.960464477539062e-07
    vertex -64.87429809570312 -11.874401092529297 1.6064003705978394
  endloop
endfacet
facet normal 0.0 0.0 0.0
  outer loop
    vertex -64.88069915771484 -11.81040096282959 1.6064003705978394
    vertex -64.88069915771484 -11.816800117492676 1.6064003705978394
    vertex -64.88069915771484 -11.81040096282959 5.960464477539062e-07
  endloop
endfacet
facet normal 0.0 0.0 0.0
  outer loop
    vertex -64.8551025390625 -11.9704008102417 5.960464477539062e-07
    vertex -64.88069915771484 -11.81040096282959 5.960464477539062e-07
    vertex -64.8551025390625 -11.9704008102417 1.6064003705978394
  endloop
endfacet
facet normal 0.0 0.0 0.0
  outer loop
    vertex -64.8551025390625 -11.9704008102417 1.6064003705978394
    vertex -64.83589935302734 -12.053600311279297 1.6064003705978394
    vertex -64.8551025390625 -11.9704008102417 5.960464477539062e-07
  endloop
endfacet
facet normal 0.0 0.0 0.0
  outer loop
    vertex -64.8230972290039 -12.124000549316406 5.960464477539062e-07
    vertex -64.8551025390625 -11.9704008102417 5.960464477539062e-07
    vertex -64.8230972290039 -12.124000549316406 1.6064003705978394
  endloop
endfacet
facet normal 0.0 0.0 0.0
  outer loop
    vertex -64.8230972290039 -12.124000549316406 1.6064003705978394
    vertex -64.8551025390625 -11.9704008102417 5.960464477539062e-07
    vertex -64.83589935302734 -12.053600311279297 1.6064003705978394
  endloop
endfacet
facet normal 0.0 0.0 0.0
  outer loop
    vertex -64.7782974243164 -12.264801025390625 1.6064003705978394
    vertex -64.8230972290039 -12.124000549316406 5.960464477539062e-07
    vertex -64.78469848632812 -12.239200592041016 1.6064003705978394
  endloop
endfacet
facet normal 0.0 0.0 0.0
  outer loop
    vertex -64.7782974243164 -12.271201133728027 1.6064003705978394
    vertex -64.8230972290039 -12.124000549316406 5.960464477539062e-07
    vertex -64.7782974243164 -12.264801025390625 1.6064003705978394
  endloop
endfacet
facet normal 0.0 0.0 0.0
  outer loop
    vertex -64.8230972290039 -12.124000549316406 1.6064003705978394
    vertex -64.78469848632812 -12.239200592041016 1.6064003705978394
    vertex -64.8230972290039 -12.124000549316406 5.960464477539062e-07
  endloop
endfacet
facet normal 0.0 0.0 0.0
  outer loop
    vertex -64.7782974243164 -12.271201133728027 5.960464477539062e-07
    vertex -64.8230972290039 -12.124000549316406 5.960464477539062e-07
    vertex -64.7782974243164 -12.271201133728027 1.6064003705978394
  endloop
endfacet
facet normal 0.0 0.0 0.0
  outer loop
    vertex -64.75270080566406 -12.328800201416016 1.6064003705978394
    vertex -64.7782974243164 -12.271201133728027 5.960464477539062e-07
    vertex -64.7655029296875 -12.29680061340332 1.6064003705978394
  endloop
endfacet
facet normal 0.0 0.0 0.0
  outer loop
    vertex -64.720703125 -12.418399810791016 1.6064003705978394
    vertex -64.7782974243164 -12.271201133728027 5.960464477539062e-07
    vertex -64.75270080566406 -12.328800201416016 1.6064003705978394
  endloop
endfacet
facet normal 0.0 0.0 0.0
  outer loop
    vertex -64.7782974243164 -12.271201133728027 1.6064003705978394
    vertex -64.7655029296875 -12.29680061340332 1.6064003705978394
    vertex -64.7782974243164 -12.271201133728027 5.960464477539062e-07
  endloop
endfacet
facet normal 0.0 0.0 0.0
  outer loop
    vertex -64.720703125 -12.418399810791016 5.960464477539062e-07
    vertex -64.7782974243164 -12.271201133728027 5.960464477539062e-07
    vertex -64.720703125 -12.418399810791016 1.6064003705978394
  endloop
endfacet
facet normal 0.0 0.0 0.0
  outer loop
    vertex -64.720703125 -12.418399810791016 1.6064003705978394
    vertex -64.6759033203125 -12.508000373840332 1.6064003705978394
    vertex -64.720703125 -12.418399810791016 5.960464477539062e-07
  endloop
endfacet
facet normal 0.0 0.0 0.0
  outer loop
    vertex -64.65670013427734 -12.559200286865234 5.960464477539062e-07
    vertex -64.720703125 -12.418399810791016 5.960464477539062e-07
    vertex -64.65670013427734 -12.559200286865234 1.6064003705978394
  endloop
endfacet
facet normal 0.0 0.0 0.0
  outer loop
    vertex -64.65670013427734 -12.559200286865234 1.6064003705978394
    vertex -64.720703125 -12.418399810791016 5.960464477539062e-07
    vertex -64.6759033203125 -12.508000373840332 1.6064003705978394
  endloop
endfacet
facet normal 0.0 0.0 0.0
  outer loop
    vertex -64.65670013427734 -12.559200286865234 1.6064003705978394
    vertex -64.59269714355469 -12.687200546264648 1.6064003705978394
    vertex -64.65670013427734 -12.559200286865234 5.960464477539062e-07
  endloop
endfacet
facet normal 0.0 0.0 0.0
  outer loop
    vertex -64.57990264892578 -12.700000762939453 5.960464477539062e-07
    vertex -64.65670013427734 -12.559200286865234 5.960464477539062e-07
    vertex -64.57990264892578 -12.700000762939453 1.6064003705978394
  endloop
endfacet
facet normal 0.0 0.0 0.0
  outer loop
    vertex -64.57990264892578 -12.700000762939453 1.6064003705978394
    vertex -64.65670013427734 -12.559200286865234 5.960464477539062e-07
    vertex -64.59269714355469 -12.687200546264648 1.6064003705978394
  endloop
endfacet
facet normal 0.0 0.0 0.0
  outer loop
    vertex -64.57990264892578 -12.700000762939453 1.6064003705978394
    vertex -64.56710052490234 -12.71920108795166 1.6064003705978394
    vertex -64.57990264892578 -12.700000762939453 5.960464477539062e-07
  endloop
endfacet
facet normal 0.0 0.0 0.0
  outer loop
    vertex -64.4967041015625 -12.834400177001953 5.960464477539062e-07
    vertex -64.57990264892578 -12.700000762939453 5.960464477539062e-07
    vertex -64.4967041015625 -12.834400177001953 1.6064003705978394
  endloop
endfacet
facet normal 0.0 0.0 0.0
  outer loop
    vertex -64.4967041015625 -12.834400177001953 1.6064003705978394
    vertex -64.57990264892578 -12.700000762939453 5.960464477539062e-07
    vertex -64.56710052490234 -12.71920108795166 1.6064003705978394
  endloop
endfacet
facet normal 0.0 0.0 0.0
  outer loop
    vertex -64.4967041015625 -12.834400177001953 1.6064003705978394
    vertex -64.40709686279297 -12.962400436401367 1.6064003705978394
    vertex -64.4967041015625 -12.834400177001953 5.960464477539062e-07
  endloop
endfacet
facet normal 0.0 0.0 0.0
  outer loop
    vertex -64.40709686279297 -12.962400436401367 5.960464477539062e-07
    vertex -64.4967041015625 -12.834400177001953 5.960464477539062e-07
    vertex -64.40709686279297 -12.962400436401367 1.6064003705978394
  endloop
endfacet
facet normal 0.0 0.0 0.0
  outer loop
    vertex -64.40709686279297 -12.962400436401367 1.6064003705978394
    vertex -64.3302993774414 -13.052000999450684 1.6064003705978394
    vertex -64.40709686279297 -12.962400436401367 5.960464477539062e-07
  endloop
endfacet
facet normal 0.0 0.0 0.0
  outer loop
    vertex -64.30470275878906 -13.084001541137695 5.960464477539062e-07
    vertex -64.40709686279297 -12.962400436401367 5.960464477539062e-07
    vertex -64.30470275878906 -13.084001541137695 1.6064003705978394
  endloop
endfacet
facet normal 0.0 0.0 0.0
  outer loop
    vertex -64.30470275878906 -13.084001541137695 1.6064003705978394
    vertex -64.40709686279297 -12.962400436401367 5.960464477539062e-07
    vertex -64.3302993774414 -13.052000999450684 1.6064003705978394
  endloop
endfacet
facet normal 0.0 0.0 0.0
  outer loop
    vertex -64.25350189208984 -13.135200500488281 1.6064003705978394
    vertex -64.30470275878906 -13.084001541137695 5.960464477539062e-07
    vertex -64.29830169677734 -13.090400695800781 1.6064003705978394
  endloop
endfacet
facet normal 0.0 0.0 0.0
  outer loop
    vertex -64.20870208740234 -13.1864013671875 1.6064003705978394
    vertex -64.30470275878906 -13.084001541137695 5.960464477539062e-07
    vertex -64.25350189208984 -13.135200500488281 1.6064003705978394
  endloop
endfacet
facet normal 0.0 0.0 0.0
  outer loop
    vertex -64.20230102539062 -13.199200630187988 1.6064003705978394
    vertex -64.30470275878906 -13.084001541137695 5.960464477539062e-07
    vertex -64.20870208740234 -13.1864013671875 1.6064003705978394
  endloop
endfacet
facet normal 0.0 0.0 0.0
  outer loop
    vertex -64.30470275878906 -13.084001541137695 1.6064003705978394
    vertex -64.29830169677734 -13.090400695800781 1.6064003705978394
    vertex -64.30470275878906 -13.084001541137695 5.960464477539062e-07
  endloop
endfacet
facet normal 0.0 0.0 0.0
  outer loop
    vertex -64.20230102539062 -13.199200630187988 5.960464477539062e-07
    vertex -64.30470275878906 -13.084001541137695 5.960464477539062e-07
    vertex -64.20230102539062 -13.199200630187988 1.6064003705978394
  endloop
endfacet
facet normal 0.0 0.0 0.0
  outer loop
    vertex -64.1511001586914 -13.244000434875488 1.6064003705978394
    vertex -64.08709716796875 -13.301600456237793 1.6064003705978394
    vertex -64.20230102539062 -13.199200630187988 5.960464477539062e-07
  endloop
endfacet
facet normal 0.0 0.0 0.0
  outer loop
    vertex -64.20230102539062 -13.199200630187988 1.6064003705978394
    vertex -64.1511001586914 -13.244000434875488 1.6064003705978394
    vertex -64.20230102539062 -13.199200630187988 5.960464477539062e-07
  endloop
endfacet
facet normal 0.0 0.0 0.0
  outer loop
    vertex -64.08709716796875 -13.301600456237793 4.76837158203125e-07
    vertex -64.20230102539062 -13.199200630187988 5.960464477539062e-07
    vertex -64.08709716796875 -13.301600456237793 1.6064003705978394
  endloop
endfacet
facet normal 0.0 0.0 0.0
  outer loop
    vertex -63.96549987792969 -13.404000282287598 4.76837158203125e-07
    vertex -64.08709716796875 -13.301600456237793 4.76837158203125e-07
    vertex -63.96549987792969 -13.404000282287598 1.6064003705978394
  endloop
endfacet
facet normal 0.0 0.0 0.0
  outer loop
    vertex -64.08070373535156 -13.308000564575195 1.6064003705978394
    vertex -63.96549987792969 -13.404000282287598 1.6064003705978394
    vertex -64.08709716796875 -13.301600456237793 4.76837158203125e-07
  endloop
endfacet
facet normal 0.0 0.0 0.0
  outer loop
    vertex -64.08709716796875 -13.301600456237793 1.6064003705978394
    vertex -64.08070373535156 -13.308000564575195 1.6064003705978394
    vertex -64.08709716796875 -13.301600456237793 4.76837158203125e-07
  endloop
endfacet
facet normal 0.0 0.0 0.0
  outer loop
    vertex -63.8567008972168 -13.48080062866211 1.6064003705978394
    vertex -63.837501525878906 -13.493600845336914 1.6064003705978394
    vertex -63.96549987792969 -13.404000282287598 4.76837158203125e-07
  endloop
endfacet
facet normal 0.0 0.0 0.0
  outer loop
    vertex -63.96549987792969 -13.404000282287598 1.6064003705978394
    vertex -63.8567008972168 -13.48080062866211 1.6064003705978394
    vertex -63.96549987792969 -13.404000282287598 4.76837158203125e-07
  endloop
endfacet
facet normal 0.0 0.0 0.0
  outer loop
    vertex -63.837501525878906 -13.493600845336914 4.76837158203125e-07
    vertex -63.96549987792969 -13.404000282287598 4.76837158203125e-07
    vertex -63.837501525878906 -13.493600845336914 1.6064003705978394
  endloop
endfacet
facet normal 0.0 0.0 0.0
  outer loop
    vertex -63.703102111816406 -13.576801300048828 4.76837158203125e-07
    vertex -63.837501525878906 -13.493600845336914 4.76837158203125e-07
    vertex -63.703102111816406 -13.576801300048828 1.6064003705978394
  endloop
endfacet
facet normal 0.0 0.0 0.0
  outer loop
    vertex -63.70949935913086 -13.576801300048828 1.6064003705978394
    vertex -63.703102111816406 -13.576801300048828 1.6064003705978394
    vertex -63.837501525878906 -13.493600845336914 4.76837158203125e-07
  endloop
endfacet
facet normal 0.0 0.0 0.0
  outer loop
    vertex -63.837501525878906 -13.493600845336914 1.6064003705978394
    vertex -63.70949935913086 -13.576801300048828 1.6064003705978394
    vertex -63.837501525878906 -13.493600845336914 4.76837158203125e-07
  endloop
endfacet
facet normal 0.0 0.0 0.0
  outer loop
    vertex -63.703102111816406 -13.576801300048828 1.6064003705978394
    vertex -63.56230163574219 -13.653600692749023 1.6064003705978394
    vertex -63.703102111816406 -13.576801300048828 4.76837158203125e-07
  endloop
endfacet
facet normal 0.0 0.0 0.0
  outer loop
    vertex -63.56230163574219 -13.653600692749023 4.76837158203125e-07
    vertex -63.703102111816406 -13.576801300048828 4.76837158203125e-07
    vertex -63.56230163574219 -13.653600692749023 1.6064003705978394
  endloop
endfacet
facet normal 0.0 0.0 0.0
  outer loop
    vertex -63.56230163574219 -13.653600692749023 1.6064003705978394
    vertex -63.42150115966797 -13.71760082244873 1.6064003705978394
    vertex -63.56230163574219 -13.653600692749023 4.76837158203125e-07
  endloop
endfacet
facet normal 0.0 0.0 0.0
  outer loop
    vertex -63.42150115966797 -13.71760082244873 4.76837158203125e-07
    vertex -63.56230163574219 -13.653600692749023 4.76837158203125e-07
    vertex -63.42150115966797 -13.71760082244873 1.6064003705978394
  endloop
endfacet
facet normal 0.0 0.0 0.0
  outer loop
    vertex -63.42150115966797 -13.71760082244873 1.6064003705978394
    vertex -63.27429962158203 -13.775199890136719 1.6064002513885498
    vertex -63.42150115966797 -13.71760082244873 4.76837158203125e-07
  endloop
endfacet
facet normal 0.0 0.0 0.0
  outer loop
    vertex -63.27429962158203 -13.775199890136719 4.76837158203125e-07
    vertex -63.42150115966797 -13.71760082244873 4.76837158203125e-07
    vertex -63.27429962158203 -13.775199890136719 1.6064002513885498
  endloop
endfacet
facet normal 0.0 0.0 0.0
  outer loop
    vertex -63.27429962158203 -13.775199890136719 1.6064002513885498
    vertex -63.12710189819336 -13.820000648498535 1.6064002513885498
    vertex -63.27429962158203 -13.775199890136719 4.76837158203125e-07
  endloop
endfacet
facet normal 0.0 0.0 0.0
  outer loop
    vertex -63.12710189819336 -13.820000648498535 4.76837158203125e-07
    vertex -63.27429962158203 -13.775199890136719 4.76837158203125e-07
    vertex -63.12710189819336 -13.820000648498535 1.6064002513885498
  endloop
endfacet
facet normal 0.0 0.0 0.0
  outer loop
    vertex -63.12710189819336 -13.820000648498535 1.6064002513885498
    vertex -62.9734992980957 -13.852001190185547 1.6064002513885498
    vertex -63.12710189819336 -13.820000648498535 4.76837158203125e-07
  endloop
endfacet
facet normal 0.0 0.0 0.0
  outer loop
    vertex -62.9734992980957 -13.852001190185547 4.76837158203125e-07
    vertex -63.12710189819336 -13.820000648498535 4.76837158203125e-07
    vertex -62.9734992980957 -13.852001190185547 1.6064002513885498
  endloop
endfacet
facet normal 0.0 0.0 0.0
  outer loop
    vertex -62.9734992980957 -13.852001190185547 1.6064002513885498
    vertex -62.813499450683594 -13.877601623535156 1.6064002513885498
    vertex -62.9734992980957 -13.852001190185547 4.76837158203125e-07
  endloop
endfacet
facet normal 0.0 0.0 0.0
  outer loop
    vertex -62.813499450683594 -13.877601623535156 4.76837158203125e-07
    vertex -62.9734992980957 -13.852001190185547 4.76837158203125e-07
    vertex -62.813499450683594 -13.877601623535156 1.6064002513885498
  endloop
endfacet
facet normal 0.0 0.0 0.0
  outer loop
    vertex -62.813499450683594 -13.877601623535156 1.6064002513885498
    vertex -62.6599006652832 -13.896800994873047 1.6064002513885498
    vertex -62.813499450683594 -13.877601623535156 4.76837158203125e-07
  endloop
endfacet
facet normal 0.0 0.0 0.0
  outer loop
    vertex -62.6599006652832 -13.896800994873047 4.76837158203125e-07
    vertex -62.813499450683594 -13.877601623535156 4.76837158203125e-07
    vertex -62.6599006652832 -13.896800994873047 1.6064002513885498
  endloop
endfacet
facet normal 0.0 0.0 0.0
  outer loop
    vertex -62.653499603271484 -13.896800994873047 1.6064002513885498
    vertex -62.499900817871094 -13.896800994873047 1.6064002513885498
    vertex -62.6599006652832 -13.896800994873047 4.76837158203125e-07
  endloop
endfacet
facet normal 0.0 0.0 0.0
  outer loop
    vertex -62.6599006652832 -13.896800994873047 1.6064002513885498
    vertex -62.653499603271484 -13.896800994873047 1.6064002513885498
    vertex -62.6599006652832 -13.896800994873047 4.76837158203125e-07
  endloop
endfacet
facet normal 0.0 0.0 0.0
  outer loop
    vertex -62.499900817871094 -13.896800994873047 4.76837158203125e-07
    vertex -62.6599006652832 -13.896800994873047 4.76837158203125e-07
    vertex -62.499900817871094 -13.896800994873047 1.6064002513885498
  endloop
endfacet
facet normal 0.0 0.0 0.0
  outer loop
    vertex -62.499900817871094 -14.703201293945312 4.76837158203125e-07
    vertex -62.71110153198242 -14.690400123596191 1.6064002513885498
    vertex -62.71110153198242 -14.690400123596191 4.76837158203125e-07
  endloop
endfacet
facet normal 0.0 0.0 0.0
  outer loop
    vertex -62.71110153198242 -14.690400123596191 1.6064002513885498
    vertex -62.499900817871094 -14.703201293945312 4.76837158203125e-07
    vertex -62.499900817871094 -14.703201293945312 1.6064002513885498
  endloop
endfacet
facet normal 0.0 0.0 0.0
  outer loop
    vertex -62.71110153198242 -14.690400123596191 4.76837158203125e-07
    vertex -62.92230224609375 -14.671201705932617 1.6064002513885498
    vertex -62.92230224609375 -14.671201705932617 4.76837158203125e-07
  endloop
endfacet
facet normal 0.0 0.0 0.0
  outer loop
    vertex -62.92230224609375 -14.671201705932617 1.6064002513885498
    vertex -62.71110153198242 -14.690400123596191 4.76837158203125e-07
    vertex -62.71110153198242 -14.690400123596191 1.6064002513885498
  endloop
endfacet
facet normal 0.0 0.0 0.0
  outer loop
    vertex -62.92230224609375 -14.671201705932617 4.76837158203125e-07
    vertex -63.12710189819336 -14.639201164245605 1.6064002513885498
    vertex -63.12710189819336 -14.639201164245605 4.76837158203125e-07
  endloop
endfacet
facet normal 0.0 0.0 0.0
  outer loop
    vertex -63.12710189819336 -14.639201164245605 1.6064002513885498
    vertex -62.92230224609375 -14.671201705932617 4.76837158203125e-07
    vertex -62.92230224609375 -14.671201705932617 1.6064002513885498
  endloop
endfacet
facet normal 0.0 0.0 0.0
  outer loop
    vertex -63.12710189819336 -14.639201164245605 4.76837158203125e-07
    vertex -63.33190155029297 -14.588001251220703 1.6064003705978394
    vertex -63.33190155029297 -14.588001251220703 4.76837158203125e-07
  endloop
endfacet
facet normal 0.0 0.0 0.0
  outer loop
    vertex -63.33190155029297 -14.588001251220703 1.6064003705978394
    vertex -63.12710189819336 -14.639201164245605 4.76837158203125e-07
    vertex -63.12710189819336 -14.639201164245605 1.6064002513885498
  endloop
endfacet
facet normal 0.0 0.0 0.0
  outer loop
    vertex -63.33190155029297 -14.588001251220703 4.76837158203125e-07
    vertex -63.53030014038086 -14.530401229858398 1.6064003705978394
    vertex -63.53030014038086 -14.530401229858398 4.76837158203125e-07
  endloop
endfacet
facet normal 0.0 0.0 0.0
  outer loop
    vertex -63.53030014038086 -14.530401229858398 1.6064003705978394
    vertex -63.33190155029297 -14.588001251220703 4.76837158203125e-07
    vertex -63.33190155029297 -14.588001251220703 1.6064003705978394
  endloop
endfacet
facet normal 0.0 0.0 0.0
  outer loop
    vertex -63.53030014038086 -14.530401229858398 4.76837158203125e-07
    vertex -63.72869873046875 -14.453601837158203 1.6064003705978394
    vertex -63.72869873046875 -14.453601837158203 4.76837158203125e-07
  endloop
endfacet
facet normal 0.0 0.0 0.0
  outer loop
    vertex -63.72869873046875 -14.453601837158203 1.6064003705978394
    vertex -63.53030014038086 -14.530401229858398 4.76837158203125e-07
    vertex -63.53030014038086 -14.530401229858398 1.6064003705978394
  endloop
endfacet
facet normal 0.0 0.0 0.0
  outer loop
    vertex -63.72869873046875 -14.453601837158203 4.76837158203125e-07
    vertex -63.92070007324219 -14.370400428771973 1.6064003705978394
    vertex -63.92070007324219 -14.370400428771973 4.76837158203125e-07
  endloop
endfacet
facet normal 0.0 0.0 0.0
  outer loop
    vertex -63.92070007324219 -14.370400428771973 1.6064003705978394
    vertex -63.72869873046875 -14.453601837158203 4.76837158203125e-07
    vertex -63.72869873046875 -14.453601837158203 1.6064003705978394
  endloop
endfacet
facet normal 0.0 0.0 0.0
  outer loop
    vertex -63.92070007324219 -14.370400428771973 4.76837158203125e-07
    vertex -64.09989929199219 -14.27440071105957 1.6064003705978394
    vertex -64.09989929199219 -14.27440071105957 4.76837158203125e-07
  endloop
endfacet
facet normal 0.0 0.0 0.0
  outer loop
    vertex -64.09989929199219 -14.27440071105957 1.6064003705978394
    vertex -63.92070007324219 -14.370400428771973 4.76837158203125e-07
    vertex -63.92070007324219 -14.370400428771973 1.6064003705978394
  endloop
endfacet
facet normal 0.0 0.0 0.0
  outer loop
    vertex -64.09989929199219 -14.27440071105957 4.76837158203125e-07
    vertex -64.27909851074219 -14.159200668334961 1.6064003705978394
    vertex -64.27909851074219 -14.159200668334961 5.960464477539062e-07
  endloop
endfacet
facet normal 0.0 0.0 0.0
  outer loop
    vertex -64.27909851074219 -14.159200668334961 1.6064003705978394
    vertex -64.09989929199219 -14.27440071105957 4.76837158203125e-07
    vertex -64.09989929199219 -14.27440071105957 1.6064003705978394
  endloop
endfacet
facet normal 0.0 0.0 0.0
  outer loop
    vertex -64.27909851074219 -14.159200668334961 5.960464477539062e-07
    vertex -64.45189666748047 -14.03760051727295 1.6064003705978394
    vertex -64.45189666748047 -14.03760051727295 5.960464477539062e-07
  endloop
endfacet
facet normal 0.0 0.0 0.0
  outer loop
    vertex -64.45189666748047 -14.03760051727295 1.6064003705978394
    vertex -64.27909851074219 -14.159200668334961 5.960464477539062e-07
    vertex -64.27909851074219 -14.159200668334961 1.6064003705978394
  endloop
endfacet
facet normal 0.0 0.0 0.0
  outer loop
    vertex -64.45189666748047 -14.03760051727295 5.960464477539062e-07
    vertex -64.61190032958984 -13.90320110321045 1.6064003705978394
    vertex -64.61190032958984 -13.90320110321045 5.960464477539062e-07
  endloop
endfacet
facet normal 0.0 0.0 0.0
  outer loop
    vertex -64.61190032958984 -13.90320110321045 1.6064003705978394
    vertex -64.45189666748047 -14.03760051727295 5.960464477539062e-07
    vertex -64.45189666748047 -14.03760051727295 1.6064003705978394
  endloop
endfacet
facet normal 0.0 0.0 0.0
  outer loop
    vertex -64.61190032958984 -13.90320110321045 5.960464477539062e-07
    vertex -64.7655029296875 -13.76240062713623 1.6064003705978394
    vertex -64.7655029296875 -13.76240062713623 5.960464477539062e-07
  endloop
endfacet
facet normal 0.0 0.0 0.0
  outer loop
    vertex -64.7655029296875 -13.76240062713623 1.6064003705978394
    vertex -64.61190032958984 -13.90320110321045 5.960464477539062e-07
    vertex -64.61190032958984 -13.90320110321045 1.6064003705978394
  endloop
endfacet
facet normal 0.0 0.0 0.0
  outer loop
    vertex -64.7655029296875 -13.76240062713623 5.960464477539062e-07
    vertex -64.7655029296875 -13.76240062713623 1.6064003705978394
    vertex -64.90630340576172 -13.608800888061523 1.6064003705978394
  endloop
endfacet
facet normal 0.0 0.0 0.0
  outer loop
    vertex -64.90630340576172 -13.608800888061523 1.6064003705978394
    vertex -64.90630340576172 -13.608800888061523 5.960464477539062e-07
    vertex -64.7655029296875 -13.76240062713623 5.960464477539062e-07
  endloop
endfacet
facet normal 0.0 0.0 0.0
  outer loop
    vertex -64.90630340576172 -13.608800888061523 5.960464477539062e-07
    vertex -64.90630340576172 -13.608800888061523 1.6064003705978394
    vertex -65.04070281982422 -13.448801040649414 1.6064003705978394
  endloop
endfacet
facet normal 0.0 0.0 0.0
  outer loop
    vertex -65.04070281982422 -13.448801040649414 1.6064003705978394
    vertex -65.04070281982422 -13.448801040649414 5.960464477539062e-07
    vertex -64.90630340576172 -13.608800888061523 5.960464477539062e-07
  endloop
endfacet
facet normal 0.0 0.0 0.0
  outer loop
    vertex -65.04070281982422 -13.448801040649414 5.960464477539062e-07
    vertex -65.04070281982422 -13.448801040649414 1.6064003705978394
    vertex -65.16230010986328 -13.2760009765625 1.6064003705978394
  endloop
endfacet
facet normal 0.0 0.0 0.0
  outer loop
    vertex -65.16230010986328 -13.2760009765625 1.6064003705978394
    vertex -65.16230010986328 -13.2760009765625 5.960464477539062e-07
    vertex -65.04070281982422 -13.448801040649414 5.960464477539062e-07
  endloop
endfacet
facet normal 0.0 0.0 0.0
  outer loop
    vertex -65.16230010986328 -13.2760009765625 5.960464477539062e-07
    vertex -65.16230010986328 -13.2760009765625 1.6064003705978394
    vertex -65.27749633789062 -13.096800804138184 1.6064003705978394
  endloop
endfacet
facet normal 0.0 0.0 0.0
  outer loop
    vertex -65.27749633789062 -13.096800804138184 1.6064003705978394
    vertex -65.27749633789062 -13.096800804138184 5.960464477539062e-07
    vertex -65.16230010986328 -13.2760009765625 5.960464477539062e-07
  endloop
endfacet
facet normal 0.0 0.0 0.0
  outer loop
    vertex -65.27749633789062 -13.096800804138184 5.960464477539062e-07
    vertex -65.27749633789062 -13.096800804138184 1.6064003705978394
    vertex -65.37349700927734 -12.917600631713867 1.6064003705978394
  endloop
endfacet
facet normal 0.0 0.0 0.0
  outer loop
    vertex -65.37349700927734 -12.917600631713867 1.6064003705978394
    vertex -65.37349700927734 -12.917600631713867 5.960464477539062e-07
    vertex -65.27749633789062 -13.096800804138184 5.960464477539062e-07
  endloop
endfacet
facet normal 0.0 0.0 0.0
  outer loop
    vertex -65.37349700927734 -12.917600631713867 5.960464477539062e-07
    vertex -65.37349700927734 -12.917600631713867 1.6064003705978394
    vertex -65.45670318603516 -12.725600242614746 1.6064003705978394
  endloop
endfacet
facet normal 0.0 0.0 0.0
  outer loop
    vertex -65.45670318603516 -12.725600242614746 1.6064003705978394
    vertex -65.45670318603516 -12.725600242614746 5.960464477539062e-07
    vertex -65.37349700927734 -12.917600631713867 5.960464477539062e-07
  endloop
endfacet
facet normal 0.0 0.0 0.0
  outer loop
    vertex -65.45670318603516 -12.725600242614746 5.960464477539062e-07
    vertex -65.45670318603516 -12.725600242614746 1.6064003705978394
    vertex -65.53350067138672 -12.527200698852539 1.6064003705978394
  endloop
endfacet
facet normal 0.0 0.0 0.0
  outer loop
    vertex -65.53350067138672 -12.527200698852539 1.6064003705978394
    vertex -65.53350067138672 -12.527200698852539 5.960464477539062e-07
    vertex -65.45670318603516 -12.725600242614746 5.960464477539062e-07
  endloop
endfacet
facet normal 0.0 0.0 0.0
  outer loop
    vertex -65.53350067138672 -12.527200698852539 5.960464477539062e-07
    vertex -65.53350067138672 -12.527200698852539 1.6064003705978394
    vertex -65.59110260009766 -12.328800201416016 1.6064003705978394
  endloop
endfacet
facet normal 0.0 0.0 0.0
  outer loop
    vertex -65.59110260009766 -12.328800201416016 1.6064003705978394
    vertex -65.59110260009766 -12.328800201416016 5.960464477539062e-07
    vertex -65.53350067138672 -12.527200698852539 5.960464477539062e-07
  endloop
endfacet
facet normal 0.0 0.0 0.0
  outer loop
    vertex -65.59110260009766 -12.328800201416016 5.960464477539062e-07
    vertex -65.59110260009766 -12.328800201416016 1.6064003705978394
    vertex -65.64230346679688 -12.124000549316406 1.6064003705978394
  endloop
endfacet
facet normal 0.0 0.0 0.0
  outer loop
    vertex -65.64230346679688 -12.124000549316406 1.6064003705978394
    vertex -65.64230346679688 -12.124000549316406 5.960464477539062e-07
    vertex -65.59110260009766 -12.328800201416016 5.960464477539062e-07
  endloop
endfacet
facet normal 0.0 0.0 0.0
  outer loop
    vertex -65.64230346679688 -12.124000549316406 5.960464477539062e-07
    vertex -65.64230346679688 -12.124000549316406 1.6064003705978394
    vertex -65.67430114746094 -11.91919994354248 1.6064003705978394
  endloop
endfacet
facet normal 0.0 0.0 0.0
  outer loop
    vertex -65.67430114746094 -11.91919994354248 1.6064003705978394
    vertex -65.67430114746094 -11.91919994354248 5.960464477539062e-07
    vertex -65.64230346679688 -12.124000549316406 5.960464477539062e-07
  endloop
endfacet
facet normal 0.0 0.0 0.0
  outer loop
    vertex -65.67430114746094 -11.91919994354248 5.960464477539062e-07
    vertex -65.67430114746094 -11.91919994354248 1.6064003705978394
    vertex -65.69349670410156 -11.708001136779785 1.6064003705978394
  endloop
endfacet
facet normal 0.0 0.0 0.0
  outer loop
    vertex -65.69349670410156 -11.708001136779785 1.6064003705978394
    vertex -65.69349670410156 -11.708001136779785 5.960464477539062e-07
    vertex -65.67430114746094 -11.91919994354248 5.960464477539062e-07
  endloop
endfacet
facet normal 0.0 0.0 0.0
  outer loop
    vertex -65.69349670410156 -11.708001136779785 5.960464477539062e-07
    vertex -65.69349670410156 -11.708001136779785 1.6064003705978394
    vertex -65.706298828125 -11.503199577331543 1.6064003705978394
  endloop
endfacet
facet normal 0.0 0.0 0.0
  outer loop
    vertex -65.706298828125 -11.503199577331543 1.6064003705978394
    vertex -65.706298828125 -11.503199577331543 5.960464477539062e-07
    vertex -65.69349670410156 -11.708001136779785 5.960464477539062e-07
  endloop
endfacet
facet normal 0.0 0.0 0.0
  outer loop
    vertex -65.706298828125 -11.503199577331543 5.960464477539062e-07
    vertex -65.706298828125 -11.503199577331543 1.6064003705978394
    vertex -65.69349670410156 -11.292000770568848 1.6064003705978394
  endloop
endfacet
facet normal 0.0 0.0 0.0
  outer loop
    vertex -65.69349670410156 -11.292000770568848 1.6064003705978394
    vertex -65.69349670410156 -11.292000770568848 5.960464477539062e-07
    vertex -65.706298828125 -11.503199577331543 5.960464477539062e-07
  endloop
endfacet
facet normal 0.0 0.0 0.0
  outer loop
    vertex -65.69349670410156 -11.292000770568848 5.960464477539062e-07
    vertex -65.69349670410156 -11.292000770568848 1.6064003705978394
    vertex -65.67430114746094 -11.08080005645752 1.6064003705978394
  endloop
endfacet
facet normal 0.0 0.0 0.0
  outer loop
    vertex -65.67430114746094 -11.08080005645752 1.6064003705978394
    vertex -65.67430114746094 -11.08080005645752 5.960464477539062e-07
    vertex -65.69349670410156 -11.292000770568848 5.960464477539062e-07
  endloop
endfacet
facet normal 0.0 0.0 0.0
  outer loop
    vertex -65.67430114746094 -11.08080005645752 5.960464477539062e-07
    vertex -65.67430114746094 -11.08080005645752 1.6064003705978394
    vertex -65.64230346679688 -10.87600040435791 1.6064003705978394
  endloop
endfacet
facet normal 0.0 0.0 0.0
  outer loop
    vertex -65.64230346679688 -10.87600040435791 1.6064003705978394
    vertex -65.64230346679688 -10.87600040435791 5.960464477539062e-07
    vertex -65.67430114746094 -11.08080005645752 5.960464477539062e-07
  endloop
endfacet
facet normal 0.0 0.0 0.0
  outer loop
    vertex -65.64230346679688 -10.87600040435791 5.960464477539062e-07
    vertex -65.64230346679688 -10.87600040435791 1.6064003705978394
    vertex -65.59110260009766 -10.671199798583984 1.6064003705978394
  endloop
endfacet
facet normal 0.0 0.0 0.0
  outer loop
    vertex -65.59110260009766 -10.671199798583984 1.6064003705978394
    vertex -65.59110260009766 -10.671199798583984 5.960464477539062e-07
    vertex -65.64230346679688 -10.87600040435791 5.960464477539062e-07
  endloop
endfacet
facet normal 0.0 0.0 0.0
  outer loop
    vertex -65.59110260009766 -10.671199798583984 5.960464477539062e-07
    vertex -65.59110260009766 -10.671199798583984 1.6064003705978394
    vertex -65.53350067138672 -10.472800254821777 1.6064003705978394
  endloop
endfacet
facet normal 0.0 0.0 0.0
  outer loop
    vertex -65.53350067138672 -10.472800254821777 1.6064003705978394
    vertex -65.53350067138672 -10.472800254821777 5.960464477539062e-07
    vertex -65.59110260009766 -10.671199798583984 5.960464477539062e-07
  endloop
endfacet
facet normal 0.0 0.0 0.0
  outer loop
    vertex -65.53350067138672 -10.472800254821777 5.960464477539062e-07
    vertex -65.53350067138672 -10.472800254821777 1.6064003705978394
    vertex -65.45670318603516 -10.27440071105957 1.6064003705978394
  endloop
endfacet
facet normal 0.0 0.0 0.0
  outer loop
    vertex -65.45670318603516 -10.27440071105957 1.6064003705978394
    vertex -65.45670318603516 -10.27440071105957 5.960464477539062e-07
    vertex -65.53350067138672 -10.472800254821777 5.960464477539062e-07
  endloop
endfacet
facet normal 0.0 0.0 0.0
  outer loop
    vertex -65.45670318603516 -10.27440071105957 5.960464477539062e-07
    vertex -65.45670318603516 -10.27440071105957 1.6064003705978394
    vertex -65.37349700927734 -10.08240032196045 1.6064003705978394
  endloop
endfacet
facet normal 0.0 0.0 0.0
  outer loop
    vertex -65.37349700927734 -10.08240032196045 1.6064003705978394
    vertex -65.37349700927734 -10.08240032196045 5.960464477539062e-07
    vertex -65.45670318603516 -10.27440071105957 5.960464477539062e-07
  endloop
endfacet
facet normal 0.0 0.0 0.0
  outer loop
    vertex -65.37349700927734 -10.08240032196045 5.960464477539062e-07
    vertex -65.37349700927734 -10.08240032196045 1.6064003705978394
    vertex -65.27749633789062 -9.903200149536133 1.6064003705978394
  endloop
endfacet
facet normal 0.0 0.0 0.0
  outer loop
    vertex -65.27749633789062 -9.903200149536133 1.6064003705978394
    vertex -65.27749633789062 -9.903200149536133 5.960464477539062e-07
    vertex -65.37349700927734 -10.08240032196045 5.960464477539062e-07
  endloop
endfacet
facet normal 0.0 0.0 0.0
  outer loop
    vertex -65.27749633789062 -9.903200149536133 5.960464477539062e-07
    vertex -65.27749633789062 -9.903200149536133 1.6064003705978394
    vertex -65.16230010986328 -9.724000930786133 1.6064003705978394
  endloop
endfacet
facet normal 0.0 0.0 0.0
  outer loop
    vertex -65.16230010986328 -9.724000930786133 1.6064003705978394
    vertex -65.16230010986328 -9.724000930786133 5.960464477539062e-07
    vertex -65.27749633789062 -9.903200149536133 5.960464477539062e-07
  endloop
endfacet
facet normal 0.0 0.0 0.0
  outer loop
    vertex -65.16230010986328 -9.724000930786133 5.960464477539062e-07
    vertex -65.16230010986328 -9.724000930786133 1.6064003705978394
    vertex -65.04070281982422 -9.551200866699219 1.6064003705978394
  endloop
endfacet
facet normal 0.0 0.0 0.0
  outer loop
    vertex -65.04070281982422 -9.551200866699219 1.6064003705978394
    vertex -65.04070281982422 -9.551200866699219 5.960464477539062e-07
    vertex -65.16230010986328 -9.724000930786133 5.960464477539062e-07
  endloop
endfacet
facet normal 0.0 0.0 0.0
  outer loop
    vertex -65.04070281982422 -9.551200866699219 5.960464477539062e-07
    vertex -65.04070281982422 -9.551200866699219 1.6064003705978394
    vertex -64.90630340576172 -9.391200065612793 1.6064003705978394
  endloop
endfacet
facet normal 0.0 0.0 0.0
  outer loop
    vertex -64.90630340576172 -9.391200065612793 1.6064003705978394
    vertex -64.90630340576172 -9.391200065612793 5.960464477539062e-07
    vertex -65.04070281982422 -9.551200866699219 5.960464477539062e-07
  endloop
endfacet
facet normal 0.0 0.0 0.0
  outer loop
    vertex -64.90630340576172 -9.391200065612793 5.960464477539062e-07
    vertex -64.90630340576172 -9.391200065612793 1.6064003705978394
    vertex -64.7655029296875 -9.237600326538086 1.6064003705978394
  endloop
endfacet
facet normal 0.0 0.0 0.0
  outer loop
    vertex -64.7655029296875 -9.237600326538086 1.6064003705978394
    vertex -64.7655029296875 -9.237600326538086 5.960464477539062e-07
    vertex -64.90630340576172 -9.391200065612793 5.960464477539062e-07
  endloop
endfacet
facet normal 0.0 0.0 0.0
  outer loop
    vertex -64.7655029296875 -9.237600326538086 1.6064003705978394
    vertex -64.61190032958984 -9.096799850463867 1.6064003705978394
    vertex -64.7655029296875 -9.237600326538086 5.960464477539062e-07
  endloop
endfacet
facet normal 0.0 0.0 0.0
  outer loop
    vertex -64.61190032958984 -9.096799850463867 5.960464477539062e-07
    vertex -64.7655029296875 -9.237600326538086 5.960464477539062e-07
    vertex -64.61190032958984 -9.096799850463867 1.6064003705978394
  endloop
endfacet
facet normal 0.0 0.0 0.0
  outer loop
    vertex -64.61190032958984 -9.096799850463867 1.6064003705978394
    vertex -64.45189666748047 -8.962400436401367 1.6064003705978394
    vertex -64.61190032958984 -9.096799850463867 5.960464477539062e-07
  endloop
endfacet
facet normal 0.0 0.0 0.0
  outer loop
    vertex -64.45189666748047 -8.962400436401367 5.960464477539062e-07
    vertex -64.61190032958984 -9.096799850463867 5.960464477539062e-07
    vertex -64.45189666748047 -8.962400436401367 1.6064003705978394
  endloop
endfacet
facet normal 0.0 0.0 0.0
  outer loop
    vertex -64.45189666748047 -8.962400436401367 1.6064003705978394
    vertex -64.27909851074219 -8.840800285339355 1.6064003705978394
    vertex -64.45189666748047 -8.962400436401367 5.960464477539062e-07
  endloop
endfacet
facet normal 0.0 0.0 0.0
  outer loop
    vertex -64.27909851074219 -8.840800285339355 5.960464477539062e-07
    vertex -64.45189666748047 -8.962400436401367 5.960464477539062e-07
    vertex -64.27909851074219 -8.840800285339355 1.6064003705978394
  endloop
endfacet
facet normal 0.0 0.0 0.0
  outer loop
    vertex -64.27909851074219 -8.840800285339355 1.6064003705978394
    vertex -64.09989929199219 -8.725600242614746 1.6064003705978394
    vertex -64.27909851074219 -8.840800285339355 5.960464477539062e-07
  endloop
endfacet
facet normal 0.0 0.0 0.0
  outer loop
    vertex -64.09989929199219 -8.725600242614746 4.76837158203125e-07
    vertex -64.27909851074219 -8.840800285339355 5.960464477539062e-07
    vertex -64.09989929199219 -8.725600242614746 1.6064003705978394
  endloop
endfacet
facet normal 0.0 0.0 0.0
  outer loop
    vertex -64.09989929199219 -8.725600242614746 1.6064003705978394
    vertex -63.92070007324219 -8.629600524902344 1.6064003705978394
    vertex -64.09989929199219 -8.725600242614746 4.76837158203125e-07
  endloop
endfacet
facet normal 0.0 0.0 0.0
  outer loop
    vertex -63.92070007324219 -8.629600524902344 4.76837158203125e-07
    vertex -64.09989929199219 -8.725600242614746 4.76837158203125e-07
    vertex -63.92070007324219 -8.629600524902344 1.6064003705978394
  endloop
endfacet
facet normal 0.0 0.0 0.0
  outer loop
    vertex -63.92070007324219 -8.629600524902344 1.6064003705978394
    vertex -63.72869873046875 -8.54640007019043 1.6064003705978394
    vertex -63.92070007324219 -8.629600524902344 4.76837158203125e-07
  endloop
endfacet
facet normal 0.0 0.0 0.0
  outer loop
    vertex -63.72869873046875 -8.54640007019043 4.76837158203125e-07
    vertex -63.92070007324219 -8.629600524902344 4.76837158203125e-07
    vertex -63.72869873046875 -8.54640007019043 1.6064003705978394
  endloop
endfacet
facet normal 0.0 0.0 0.0
  outer loop
    vertex -63.72869873046875 -8.54640007019043 1.6064003705978394
    vertex -63.53030014038086 -8.469599723815918 1.6064003705978394
    vertex -63.72869873046875 -8.54640007019043 4.76837158203125e-07
  endloop
endfacet
facet normal 0.0 0.0 0.0
  outer loop
    vertex -63.53030014038086 -8.469599723815918 4.76837158203125e-07
    vertex -63.72869873046875 -8.54640007019043 4.76837158203125e-07
    vertex -63.53030014038086 -8.469599723815918 1.6064003705978394
  endloop
endfacet
facet normal 0.0 0.0 0.0
  outer loop
    vertex -63.53030014038086 -8.469599723815918 1.6064003705978394
    vertex -63.33190155029297 -8.41200065612793 1.6064003705978394
    vertex -63.53030014038086 -8.469599723815918 4.76837158203125e-07
  endloop
endfacet
facet normal 0.0 0.0 0.0
  outer loop
    vertex -63.33190155029297 -8.41200065612793 4.76837158203125e-07
    vertex -63.53030014038086 -8.469599723815918 4.76837158203125e-07
    vertex -63.33190155029297 -8.41200065612793 1.6064003705978394
  endloop
endfacet
facet normal 0.0 0.0 0.0
  outer loop
    vertex -63.33190155029297 -8.41200065612793 1.6064003705978394
    vertex -63.12710189819336 -8.360799789428711 1.6064002513885498
    vertex -63.33190155029297 -8.41200065612793 4.76837158203125e-07
  endloop
endfacet
facet normal 0.0 0.0 0.0
  outer loop
    vertex -63.12710189819336 -8.360799789428711 4.76837158203125e-07
    vertex -63.33190155029297 -8.41200065612793 4.76837158203125e-07
    vertex -63.12710189819336 -8.360799789428711 1.6064002513885498
  endloop
endfacet
facet normal 0.0 0.0 0.0
  outer loop
    vertex -63.12710189819336 -8.360799789428711 1.6064002513885498
    vertex -62.92230224609375 -8.328800201416016 1.6064002513885498
    vertex -63.12710189819336 -8.360799789428711 4.76837158203125e-07
  endloop
endfacet
facet normal 0.0 0.0 0.0
  outer loop
    vertex -62.92230224609375 -8.328800201416016 4.76837158203125e-07
    vertex -63.12710189819336 -8.360799789428711 4.76837158203125e-07
    vertex -62.92230224609375 -8.328800201416016 1.6064002513885498
  endloop
endfacet
facet normal 0.0 0.0 0.0
  outer loop
    vertex -62.92230224609375 -8.328800201416016 1.6064002513885498
    vertex -62.71110153198242 -8.309600830078125 1.6064002513885498
    vertex -62.92230224609375 -8.328800201416016 4.76837158203125e-07
  endloop
endfacet
facet normal 0.0 0.0 0.0
  outer loop
    vertex -62.71110153198242 -8.309600830078125 4.76837158203125e-07
    vertex -62.92230224609375 -8.328800201416016 4.76837158203125e-07
    vertex -62.71110153198242 -8.309600830078125 1.6064002513885498
  endloop
endfacet
facet normal 0.0 0.0 0.0
  outer loop
    vertex -62.71110153198242 -8.309600830078125 1.6064002513885498
    vertex -62.499900817871094 -8.296799659729004 1.6064002513885498
    vertex -62.71110153198242 -8.309600830078125 4.76837158203125e-07
  endloop
endfacet
facet normal 0.0 0.0 0.0
  outer loop
    vertex -62.499900817871094 -8.296799659729004 4.76837158203125e-07
    vertex -62.71110153198242 -8.309600830078125 4.76837158203125e-07
    vertex -62.499900817871094 -8.296799659729004 1.6064002513885498
  endloop
endfacet
facet normal 0.0 0.0 0.0
  outer loop
    vertex -62.499900817871094 -8.296799659729004 1.6064002513885498
    vertex -62.295101165771484 -8.309600830078125 1.6064002513885498
    vertex -62.499900817871094 -8.296799659729004 4.76837158203125e-07
  endloop
endfacet
facet normal 0.0 0.0 0.0
  outer loop
    vertex -62.295101165771484 -8.309600830078125 4.76837158203125e-07
    vertex -62.499900817871094 -8.296799659729004 4.76837158203125e-07
    vertex -62.295101165771484 -8.309600830078125 1.6064002513885498
  endloop
endfacet
facet normal 0.0 0.0 0.0
  outer loop
    vertex -62.295101165771484 -8.309600830078125 1.6064002513885498
    vertex -62.083900451660156 -8.328800201416016 1.6064002513885498
    vertex -62.295101165771484 -8.309600830078125 4.76837158203125e-07
  endloop
endfacet
facet normal 0.0 0.0 0.0
  outer loop
    vertex -62.083900451660156 -8.328800201416016 4.76837158203125e-07
    vertex -62.295101165771484 -8.309600830078125 4.76837158203125e-07
    vertex -62.083900451660156 -8.328800201416016 1.6064002513885498
  endloop
endfacet
facet normal 0.0 0.0 0.0
  outer loop
    vertex -62.083900451660156 -8.328800201416016 1.6064002513885498
    vertex -61.87910079956055 -8.360799789428711 1.6064002513885498
    vertex -62.083900451660156 -8.328800201416016 4.76837158203125e-07
  endloop
endfacet
facet normal 0.0 0.0 0.0
  outer loop
    vertex -61.87910079956055 -8.360799789428711 4.76837158203125e-07
    vertex -62.083900451660156 -8.328800201416016 4.76837158203125e-07
    vertex -61.87910079956055 -8.360799789428711 1.6064002513885498
  endloop
endfacet
facet normal 0.0 0.0 0.0
  outer loop
    vertex -61.87910079956055 -8.360799789428711 1.6064002513885498
    vertex -61.67430114746094 -8.41200065612793 1.6064002513885498
    vertex -61.87910079956055 -8.360799789428711 4.76837158203125e-07
  endloop
endfacet
facet normal 0.0 0.0 0.0
  outer loop
    vertex -61.67430114746094 -8.41200065612793 4.76837158203125e-07
    vertex -61.87910079956055 -8.360799789428711 4.76837158203125e-07
    vertex -61.67430114746094 -8.41200065612793 1.6064002513885498
  endloop
endfacet
facet normal 0.0 0.0 0.0
  outer loop
    vertex -61.67430114746094 -8.41200065612793 1.6064002513885498
    vertex -61.47589874267578 -8.469599723815918 1.6064002513885498
    vertex -61.67430114746094 -8.41200065612793 4.76837158203125e-07
  endloop
endfacet
facet normal 0.0 0.0 0.0
  outer loop
    vertex -61.47589874267578 -8.469599723815918 4.76837158203125e-07
    vertex -61.67430114746094 -8.41200065612793 4.76837158203125e-07
    vertex -61.47589874267578 -8.469599723815918 1.6064002513885498
  endloop
endfacet
facet normal 0.0 0.0 0.0
  outer loop
    vertex -61.47589874267578 -8.469599723815918 1.6064002513885498
    vertex -61.27750015258789 -8.54640007019043 1.6064002513885498
    vertex -61.47589874267578 -8.469599723815918 4.76837158203125e-07
  endloop
endfacet
facet normal 0.0 0.0 0.0
  outer loop
    vertex -61.27750015258789 -8.54640007019043 4.76837158203125e-07
    vertex -61.47589874267578 -8.469599723815918 4.76837158203125e-07
    vertex -61.27750015258789 -8.54640007019043 1.6064002513885498
  endloop
endfacet
facet normal 0.0 0.0 0.0
  outer loop
    vertex -61.27750015258789 -8.54640007019043 1.6064002513885498
    vertex -61.08549880981445 -8.629600524902344 1.6064002513885498
    vertex -61.27750015258789 -8.54640007019043 4.76837158203125e-07
  endloop
endfacet
facet normal 0.0 0.0 0.0
  outer loop
    vertex -61.08549880981445 -8.629600524902344 4.76837158203125e-07
    vertex -61.27750015258789 -8.54640007019043 4.76837158203125e-07
    vertex -61.08549880981445 -8.629600524902344 1.6064002513885498
  endloop
endfacet
facet normal 0.0 0.0 0.0
  outer loop
    vertex -61.08549880981445 -8.629600524902344 1.6064002513885498
    vertex -60.90629959106445 -8.725600242614746 1.6064002513885498
    vertex -61.08549880981445 -8.629600524902344 4.76837158203125e-07
  endloop
endfacet
facet normal 0.0 0.0 0.0
  outer loop
    vertex -60.90629959106445 -8.725600242614746 4.76837158203125e-07
    vertex -61.08549880981445 -8.629600524902344 4.76837158203125e-07
    vertex -60.90629959106445 -8.725600242614746 1.6064002513885498
  endloop
endfacet
facet normal 0.0 0.0 0.0
  outer loop
    vertex -60.90629959106445 -8.725600242614746 1.6064002513885498
    vertex -60.72710037231445 -8.840800285339355 1.6064002513885498
    vertex -60.90629959106445 -8.725600242614746 4.76837158203125e-07
  endloop
endfacet
facet normal 0.0 0.0 0.0
  outer loop
    vertex -60.72710037231445 -8.840800285339355 3.5762786865234375e-07
    vertex -60.90629959106445 -8.725600242614746 4.76837158203125e-07
    vertex -60.72710037231445 -8.840800285339355 1.6064002513885498
  endloop
endfacet
facet normal 0.0 0.0 0.0
  outer loop
    vertex -60.72710037231445 -8.840800285339355 1.6064002513885498
    vertex -60.554298400878906 -8.962400436401367 1.6064002513885498
    vertex -60.72710037231445 -8.840800285339355 3.5762786865234375e-07
  endloop
endfacet
facet normal 0.0 0.0 0.0
  outer loop
    vertex -60.554298400878906 -8.962400436401367 3.5762786865234375e-07
    vertex -60.72710037231445 -8.840800285339355 3.5762786865234375e-07
    vertex -60.554298400878906 -8.962400436401367 1.6064002513885498
  endloop
endfacet
facet normal 0.0 0.0 0.0
  outer loop
    vertex -60.554298400878906 -8.962400436401367 1.6064002513885498
    vertex -60.3942985534668 -9.096799850463867 1.6064002513885498
    vertex -60.554298400878906 -8.962400436401367 3.5762786865234375e-07
  endloop
endfacet
facet normal 0.0 0.0 0.0
  outer loop
    vertex -60.3942985534668 -9.096799850463867 3.5762786865234375e-07
    vertex -60.554298400878906 -8.962400436401367 3.5762786865234375e-07
    vertex -60.3942985534668 -9.096799850463867 1.6064002513885498
  endloop
endfacet
facet normal 0.0 0.0 0.0
  outer loop
    vertex -60.3942985534668 -9.096799850463867 1.6064002513885498
    vertex -60.240699768066406 -9.237600326538086 1.6064002513885498
    vertex -60.3942985534668 -9.096799850463867 3.5762786865234375e-07
  endloop
endfacet
facet normal 0.0 0.0 0.0
  outer loop
    vertex -60.240699768066406 -9.237600326538086 3.5762786865234375e-07
    vertex -60.3942985534668 -9.096799850463867 3.5762786865234375e-07
    vertex -60.240699768066406 -9.237600326538086 1.6064002513885498
  endloop
endfacet
facet normal 0.0 0.0 0.0
  outer loop
    vertex -60.240699768066406 -9.237600326538086 1.6064002513885498
    vertex -60.09989929199219 -9.391200065612793 1.6064002513885498
    vertex -60.240699768066406 -9.237600326538086 3.5762786865234375e-07
  endloop
endfacet
facet normal 0.0 0.0 0.0
  outer loop
    vertex -60.09989929199219 -9.391200065612793 3.5762786865234375e-07
    vertex -60.240699768066406 -9.237600326538086 3.5762786865234375e-07
    vertex -60.09989929199219 -9.391200065612793 1.6064002513885498
  endloop
endfacet
facet normal 0.0 0.0 0.0
  outer loop
    vertex -60.09989929199219 -9.391200065612793 1.6064002513885498
    vertex -59.96549987792969 -9.551200866699219 1.6064001321792603
    vertex -60.09989929199219 -9.391200065612793 3.5762786865234375e-07
  endloop
endfacet
facet normal 0.0 0.0 0.0
  outer loop
    vertex -59.96549987792969 -9.551200866699219 3.5762786865234375e-07
    vertex -60.09989929199219 -9.391200065612793 3.5762786865234375e-07
    vertex -59.96549987792969 -9.551200866699219 1.6064001321792603
  endloop
endfacet
facet normal 0.0 0.0 0.0
  outer loop
    vertex -59.96549987792969 -9.551200866699219 1.6064001321792603
    vertex -59.84389877319336 -9.724000930786133 1.6064001321792603
    vertex -59.96549987792969 -9.551200866699219 3.5762786865234375e-07
  endloop
endfacet
facet normal 0.0 0.0 0.0
  outer loop
    vertex -59.84389877319336 -9.724000930786133 3.5762786865234375e-07
    vertex -59.96549987792969 -9.551200866699219 3.5762786865234375e-07
    vertex -59.84389877319336 -9.724000930786133 1.6064001321792603
  endloop
endfacet
facet normal 0.0 0.0 0.0
  outer loop
    vertex -59.84389877319336 -9.724000930786133 1.6064001321792603
    vertex -59.72869873046875 -9.903200149536133 1.6064001321792603
    vertex -59.84389877319336 -9.724000930786133 3.5762786865234375e-07
  endloop
endfacet
facet normal 0.0 0.0 0.0
  outer loop
    vertex -59.72869873046875 -9.903200149536133 3.5762786865234375e-07
    vertex -59.84389877319336 -9.724000930786133 3.5762786865234375e-07
    vertex -59.72869873046875 -9.903200149536133 1.6064001321792603
  endloop
endfacet
facet normal 0.0 0.0 0.0
  outer loop
    vertex -59.72869873046875 -9.903200149536133 1.6064001321792603
    vertex -59.6327018737793 -10.08240032196045 1.6064001321792603
    vertex -59.72869873046875 -9.903200149536133 3.5762786865234375e-07
  endloop
endfacet
facet normal 0.0 0.0 0.0
  outer loop
    vertex -59.6327018737793 -10.08240032196045 3.5762786865234375e-07
    vertex -59.72869873046875 -9.903200149536133 3.5762786865234375e-07
    vertex -59.6327018737793 -10.08240032196045 1.6064001321792603
  endloop
endfacet
facet normal 0.0 0.0 0.0
  outer loop
    vertex -59.6327018737793 -10.08240032196045 1.6064001321792603
    vertex -59.54949951171875 -10.27440071105957 1.6064001321792603
    vertex -59.6327018737793 -10.08240032196045 3.5762786865234375e-07
  endloop
endfacet
facet normal 0.0 0.0 0.0
  outer loop
    vertex -59.54949951171875 -10.27440071105957 3.5762786865234375e-07
    vertex -59.6327018737793 -10.08240032196045 3.5762786865234375e-07
    vertex -59.54949951171875 -10.27440071105957 1.6064001321792603
  endloop
endfacet
facet normal 0.0 0.0 0.0
  outer loop
    vertex -59.54949951171875 -10.27440071105957 1.6064001321792603
    vertex -59.47270202636719 -10.472800254821777 1.6064001321792603
    vertex -59.54949951171875 -10.27440071105957 3.5762786865234375e-07
  endloop
endfacet
facet normal 0.0 0.0 0.0
  outer loop
    vertex -59.47270202636719 -10.472800254821777 3.5762786865234375e-07
    vertex -59.54949951171875 -10.27440071105957 3.5762786865234375e-07
    vertex -59.47270202636719 -10.472800254821777 1.6064001321792603
  endloop
endfacet
facet normal 0.0 0.0 0.0
  outer loop
    vertex -59.47270202636719 -10.472800254821777 1.6064001321792603
    vertex -59.41510009765625 -10.671199798583984 1.6064001321792603
    vertex -59.47270202636719 -10.472800254821777 3.5762786865234375e-07
  endloop
endfacet
facet normal 0.0 0.0 0.0
  outer loop
    vertex -59.41510009765625 -10.671199798583984 3.5762786865234375e-07
    vertex -59.47270202636719 -10.472800254821777 3.5762786865234375e-07
    vertex -59.41510009765625 -10.671199798583984 1.6064001321792603
  endloop
endfacet
facet normal 0.0 0.0 0.0
  outer loop
    vertex -59.41510009765625 -10.671199798583984 1.6064001321792603
    vertex -59.36389923095703 -10.87600040435791 1.6064001321792603
    vertex -59.41510009765625 -10.671199798583984 3.5762786865234375e-07
  endloop
endfacet
facet normal 0.0 0.0 0.0
  outer loop
    vertex -59.36389923095703 -10.87600040435791 3.5762786865234375e-07
    vertex -59.41510009765625 -10.671199798583984 3.5762786865234375e-07
    vertex -59.36389923095703 -10.87600040435791 1.6064001321792603
  endloop
endfacet
facet normal 0.0 0.0 0.0
  outer loop
    vertex -59.36389923095703 -10.87600040435791 1.6064001321792603
    vertex -59.33190155029297 -11.08080005645752 1.6064001321792603
    vertex -59.36389923095703 -10.87600040435791 3.5762786865234375e-07
  endloop
endfacet
facet normal 0.0 0.0 0.0
  outer loop
    vertex -59.33190155029297 -11.08080005645752 3.5762786865234375e-07
    vertex -59.36389923095703 -10.87600040435791 3.5762786865234375e-07
    vertex -59.33190155029297 -11.08080005645752 1.6064001321792603
  endloop
endfacet
facet normal 0.0 0.0 0.0
  outer loop
    vertex -59.33190155029297 -11.08080005645752 1.6064001321792603
    vertex -59.31270217895508 -11.292000770568848 1.6064001321792603
    vertex -59.33190155029297 -11.08080005645752 3.5762786865234375e-07
  endloop
endfacet
facet normal 0.0 0.0 0.0
  outer loop
    vertex -59.31270217895508 -11.292000770568848 3.5762786865234375e-07
    vertex -59.33190155029297 -11.08080005645752 3.5762786865234375e-07
    vertex -59.31270217895508 -11.292000770568848 1.6064001321792603
  endloop
endfacet
facet normal 0.0 0.0 0.0
  outer loop
    vertex -59.31270217895508 -11.292000770568848 1.6064001321792603
    vertex -59.29990005493164 -11.503199577331543 1.6064001321792603
    vertex -59.31270217895508 -11.292000770568848 3.5762786865234375e-07
  endloop
endfacet
facet normal 0.0 0.0 0.0
  outer loop
    vertex -59.29990005493164 -11.503199577331543 3.5762786865234375e-07
    vertex -59.31270217895508 -11.292000770568848 3.5762786865234375e-07
    vertex -59.29990005493164 -11.503199577331543 1.6064001321792603
  endloop
endfacet
facet normal 0.0 0.0 0.0
  outer loop
    vertex -59.29990005493164 -11.503199577331543 1.6064001321792603
    vertex -59.31270217895508 -11.708001136779785 1.6064001321792603
    vertex -59.29990005493164 -11.503199577331543 3.5762786865234375e-07
  endloop
endfacet
facet normal 0.0 0.0 0.0
  outer loop
    vertex -59.31270217895508 -11.708001136779785 3.5762786865234375e-07
    vertex -59.29990005493164 -11.503199577331543 3.5762786865234375e-07
    vertex -59.31270217895508 -11.708001136779785 1.6064001321792603
  endloop
endfacet
facet normal 0.0 0.0 0.0
  outer loop
    vertex -59.31270217895508 -11.708001136779785 1.6064001321792603
    vertex -59.33190155029297 -11.91919994354248 1.6064001321792603
    vertex -59.31270217895508 -11.708001136779785 3.5762786865234375e-07
  endloop
endfacet
facet normal 0.0 0.0 0.0
  outer loop
    vertex -59.33190155029297 -11.91919994354248 3.5762786865234375e-07
    vertex -59.31270217895508 -11.708001136779785 3.5762786865234375e-07
    vertex -59.33190155029297 -11.91919994354248 1.6064001321792603
  endloop
endfacet
facet normal 0.0 0.0 0.0
  outer loop
    vertex -59.33190155029297 -11.91919994354248 1.6064001321792603
    vertex -59.36389923095703 -12.124000549316406 1.6064001321792603
    vertex -59.33190155029297 -11.91919994354248 3.5762786865234375e-07
  endloop
endfacet
facet normal 0.0 0.0 0.0
  outer loop
    vertex -59.36389923095703 -12.124000549316406 3.5762786865234375e-07
    vertex -59.33190155029297 -11.91919994354248 3.5762786865234375e-07
    vertex -59.36389923095703 -12.124000549316406 1.6064001321792603
  endloop
endfacet
facet normal 0.0 0.0 0.0
  outer loop
    vertex -59.36389923095703 -12.124000549316406 1.6064001321792603
    vertex -59.41510009765625 -12.328800201416016 1.6064001321792603
    vertex -59.36389923095703 -12.124000549316406 3.5762786865234375e-07
  endloop
endfacet
facet normal 0.0 0.0 0.0
  outer loop
    vertex -59.41510009765625 -12.328800201416016 3.5762786865234375e-07
    vertex -59.36389923095703 -12.124000549316406 3.5762786865234375e-07
    vertex -59.41510009765625 -12.328800201416016 1.6064001321792603
  endloop
endfacet
facet normal 0.0 0.0 0.0
  outer loop
    vertex -59.41510009765625 -12.328800201416016 1.6064001321792603
    vertex -59.47270202636719 -12.527200698852539 1.6064001321792603
    vertex -59.41510009765625 -12.328800201416016 3.5762786865234375e-07
  endloop
endfacet
facet normal 0.0 0.0 0.0
  outer loop
    vertex -59.47270202636719 -12.527200698852539 3.5762786865234375e-07
    vertex -59.41510009765625 -12.328800201416016 3.5762786865234375e-07
    vertex -59.47270202636719 -12.527200698852539 1.6064001321792603
  endloop
endfacet
facet normal 0.0 0.0 0.0
  outer loop
    vertex -59.47270202636719 -12.527200698852539 1.6064001321792603
    vertex -59.54949951171875 -12.725600242614746 1.6064001321792603
    vertex -59.47270202636719 -12.527200698852539 3.5762786865234375e-07
  endloop
endfacet
facet normal 0.0 0.0 0.0
  outer loop
    vertex -59.54949951171875 -12.725600242614746 3.5762786865234375e-07
    vertex -59.47270202636719 -12.527200698852539 3.5762786865234375e-07
    vertex -59.54949951171875 -12.725600242614746 1.6064001321792603
  endloop
endfacet
facet normal 0.0 0.0 0.0
  outer loop
    vertex -59.54949951171875 -12.725600242614746 1.6064001321792603
    vertex -59.6327018737793 -12.917600631713867 1.6064001321792603
    vertex -59.54949951171875 -12.725600242614746 3.5762786865234375e-07
  endloop
endfacet
facet normal 0.0 0.0 0.0
  outer loop
    vertex -59.6327018737793 -12.917600631713867 3.5762786865234375e-07
    vertex -59.54949951171875 -12.725600242614746 3.5762786865234375e-07
    vertex -59.6327018737793 -12.917600631713867 1.6064001321792603
  endloop
endfacet
facet normal 0.0 0.0 0.0
  outer loop
    vertex -59.6327018737793 -12.917600631713867 1.6064001321792603
    vertex -59.72869873046875 -13.096800804138184 1.6064001321792603
    vertex -59.6327018737793 -12.917600631713867 3.5762786865234375e-07
  endloop
endfacet
facet normal 0.0 0.0 0.0
  outer loop
    vertex -59.72869873046875 -13.096800804138184 3.5762786865234375e-07
    vertex -59.6327018737793 -12.917600631713867 3.5762786865234375e-07
    vertex -59.72869873046875 -13.096800804138184 1.6064001321792603
  endloop
endfacet
facet normal 0.0 0.0 0.0
  outer loop
    vertex -59.72869873046875 -13.096800804138184 1.6064001321792603
    vertex -59.84389877319336 -13.2760009765625 1.6064001321792603
    vertex -59.72869873046875 -13.096800804138184 3.5762786865234375e-07
  endloop
endfacet
facet normal 0.0 0.0 0.0
  outer loop
    vertex -59.84389877319336 -13.2760009765625 3.5762786865234375e-07
    vertex -59.72869873046875 -13.096800804138184 3.5762786865234375e-07
    vertex -59.84389877319336 -13.2760009765625 1.6064001321792603
  endloop
endfacet
facet normal 0.0 0.0 0.0
  outer loop
    vertex -59.84389877319336 -13.2760009765625 1.6064001321792603
    vertex -59.96549987792969 -13.448801040649414 1.6064001321792603
    vertex -59.84389877319336 -13.2760009765625 3.5762786865234375e-07
  endloop
endfacet
facet normal 0.0 0.0 0.0
  outer loop
    vertex -59.96549987792969 -13.448801040649414 3.5762786865234375e-07
    vertex -59.84389877319336 -13.2760009765625 3.5762786865234375e-07
    vertex -59.96549987792969 -13.448801040649414 1.6064001321792603
  endloop
endfacet
facet normal 0.0 0.0 0.0
  outer loop
    vertex -59.96549987792969 -13.448801040649414 1.6064001321792603
    vertex -60.09989929199219 -13.608800888061523 1.6064002513885498
    vertex -59.96549987792969 -13.448801040649414 3.5762786865234375e-07
  endloop
endfacet
facet normal 0.0 0.0 0.0
  outer loop
    vertex -60.09989929199219 -13.608800888061523 3.5762786865234375e-07
    vertex -59.96549987792969 -13.448801040649414 3.5762786865234375e-07
    vertex -60.09989929199219 -13.608800888061523 1.6064002513885498
  endloop
endfacet
facet normal 0.0 0.0 0.0
  outer loop
    vertex -60.09989929199219 -13.608800888061523 1.6064002513885498
    vertex -60.240699768066406 -13.76240062713623 1.6064002513885498
    vertex -60.09989929199219 -13.608800888061523 3.5762786865234375e-07
  endloop
endfacet
facet normal 0.0 0.0 0.0
  outer loop
    vertex -60.240699768066406 -13.76240062713623 3.5762786865234375e-07
    vertex -60.09989929199219 -13.608800888061523 3.5762786865234375e-07
    vertex -60.240699768066406 -13.76240062713623 1.6064002513885498
  endloop
endfacet
facet normal 0.0 0.0 0.0
  outer loop
    vertex -60.240699768066406 -13.76240062713623 3.5762786865234375e-07
    vertex -60.3942985534668 -13.90320110321045 1.6064002513885498
    vertex -60.3942985534668 -13.90320110321045 3.5762786865234375e-07
  endloop
endfacet
facet normal 0.0 0.0 0.0
  outer loop
    vertex -60.3942985534668 -13.90320110321045 1.6064002513885498
    vertex -60.240699768066406 -13.76240062713623 3.5762786865234375e-07
    vertex -60.240699768066406 -13.76240062713623 1.6064002513885498
  endloop
endfacet
facet normal 0.0 0.0 0.0
  outer loop
    vertex -60.3942985534668 -13.90320110321045 3.5762786865234375e-07
    vertex -60.554298400878906 -14.03760051727295 1.6064002513885498
    vertex -60.554298400878906 -14.03760051727295 3.5762786865234375e-07
  endloop
endfacet
facet normal 0.0 0.0 0.0
  outer loop
    vertex -60.554298400878906 -14.03760051727295 1.6064002513885498
    vertex -60.3942985534668 -13.90320110321045 3.5762786865234375e-07
    vertex -60.3942985534668 -13.90320110321045 1.6064002513885498
  endloop
endfacet
facet normal 0.0 0.0 0.0
  outer loop
    vertex -60.554298400878906 -14.03760051727295 3.5762786865234375e-07
    vertex -60.72710037231445 -14.159200668334961 1.6064002513885498
    vertex -60.72710037231445 -14.159200668334961 3.5762786865234375e-07
  endloop
endfacet
facet normal 0.0 0.0 0.0
  outer loop
    vertex -60.72710037231445 -14.159200668334961 1.6064002513885498
    vertex -60.554298400878906 -14.03760051727295 3.5762786865234375e-07
    vertex -60.554298400878906 -14.03760051727295 1.6064002513885498
  endloop
endfacet
facet normal 0.0 0.0 0.0
  outer loop
    vertex -60.72710037231445 -14.159200668334961 3.5762786865234375e-07
    vertex -60.90629959106445 -14.27440071105957 1.6064002513885498
    vertex -60.90629959106445 -14.27440071105957 4.76837158203125e-07
  endloop
endfacet
facet normal 0.0 0.0 0.0
  outer loop
    vertex -60.90629959106445 -14.27440071105957 1.6064002513885498
    vertex -60.72710037231445 -14.159200668334961 3.5762786865234375e-07
    vertex -60.72710037231445 -14.159200668334961 1.6064002513885498
  endloop
endfacet
facet normal 0.0 0.0 0.0
  outer loop
    vertex -60.90629959106445 -14.27440071105957 4.76837158203125e-07
    vertex -61.08549880981445 -14.370400428771973 1.6064002513885498
    vertex -61.08549880981445 -14.370400428771973 4.76837158203125e-07
  endloop
endfacet
facet normal 0.0 0.0 0.0
  outer loop
    vertex -61.08549880981445 -14.370400428771973 1.6064002513885498
    vertex -60.90629959106445 -14.27440071105957 4.76837158203125e-07
    vertex -60.90629959106445 -14.27440071105957 1.6064002513885498
  endloop
endfacet
facet normal 0.0 0.0 0.0
  outer loop
    vertex -61.08549880981445 -14.370400428771973 4.76837158203125e-07
    vertex -61.27750015258789 -14.453601837158203 1.6064002513885498
    vertex -61.27750015258789 -14.453601837158203 4.76837158203125e-07
  endloop
endfacet
facet normal 0.0 0.0 0.0
  outer loop
    vertex -61.27750015258789 -14.453601837158203 1.6064002513885498
    vertex -61.08549880981445 -14.370400428771973 4.76837158203125e-07
    vertex -61.08549880981445 -14.370400428771973 1.6064002513885498
  endloop
endfacet
facet normal 0.0 0.0 0.0
  outer loop
    vertex -61.27750015258789 -14.453601837158203 4.76837158203125e-07
    vertex -61.47589874267578 -14.530401229858398 1.6064002513885498
    vertex -61.47589874267578 -14.530401229858398 4.76837158203125e-07
  endloop
endfacet
facet normal 0.0 0.0 0.0
  outer loop
    vertex -61.47589874267578 -14.530401229858398 1.6064002513885498
    vertex -61.27750015258789 -14.453601837158203 4.76837158203125e-07
    vertex -61.27750015258789 -14.453601837158203 1.6064002513885498
  endloop
endfacet
facet normal 0.0 0.0 0.0
  outer loop
    vertex -61.47589874267578 -14.530401229858398 4.76837158203125e-07
    vertex -61.67430114746094 -14.588001251220703 1.6064002513885498
    vertex -61.67430114746094 -14.588001251220703 4.76837158203125e-07
  endloop
endfacet
facet normal 0.0 0.0 0.0
  outer loop
    vertex -61.67430114746094 -14.588001251220703 1.6064002513885498
    vertex -61.47589874267578 -14.530401229858398 4.76837158203125e-07
    vertex -61.47589874267578 -14.530401229858398 1.6064002513885498
  endloop
endfacet
facet normal 0.0 0.0 0.0
  outer loop
    vertex -61.67430114746094 -14.588001251220703 4.76837158203125e-07
    vertex -61.87910079956055 -14.639201164245605 1.6064002513885498
    vertex -61.87910079956055 -14.639201164245605 4.76837158203125e-07
  endloop
endfacet
facet normal 0.0 0.0 0.0
  outer loop
    vertex -61.87910079956055 -14.639201164245605 1.6064002513885498
    vertex -61.67430114746094 -14.588001251220703 4.76837158203125e-07
    vertex -61.67430114746094 -14.588001251220703 1.6064002513885498
  endloop
endfacet
facet normal 0.0 0.0 0.0
  outer loop
    vertex -61.87910079956055 -14.639201164245605 4.76837158203125e-07
    vertex -62.083900451660156 -14.671201705932617 1.6064002513885498
    vertex -62.083900451660156 -14.671201705932617 4.76837158203125e-07
  endloop
endfacet
facet normal 0.0 0.0 0.0
  outer loop
    vertex -62.083900451660156 -14.671201705932617 1.6064002513885498
    vertex -61.87910079956055 -14.639201164245605 4.76837158203125e-07
    vertex -61.87910079956055 -14.639201164245605 1.6064002513885498
  endloop
endfacet
facet normal 0.0 0.0 0.0
  outer loop
    vertex -62.083900451660156 -14.671201705932617 4.76837158203125e-07
    vertex -62.295101165771484 -14.690400123596191 1.6064002513885498
    vertex -62.295101165771484 -14.690400123596191 4.76837158203125e-07
  endloop
endfacet
facet normal 0.0 0.0 0.0
  outer loop
    vertex -62.295101165771484 -14.690400123596191 1.6064002513885498
    vertex -62.083900451660156 -14.671201705932617 4.76837158203125e-07
    vertex -62.083900451660156 -14.671201705932617 1.6064002513885498
  endloop
endfacet
facet normal 0.0 0.0 0.0
  outer loop
    vertex -62.295101165771484 -14.690400123596191 4.76837158203125e-07
    vertex -62.499900817871094 -14.703201293945312 1.6064002513885498
    vertex -62.499900817871094 -14.703201293945312 4.76837158203125e-07
  endloop
endfacet
facet normal 0.0 0.0 0.0
  outer loop
    vertex -62.499900817871094 -14.703201293945312 1.6064002513885498
    vertex -62.295101165771484 -14.690400123596191 4.76837158203125e-07
    vertex -62.295101165771484 -14.690400123596191 1.6064002513885498
  endloop
endfacet
facet normal 0.0 0.0 0.0
  outer loop
    vertex -60.3494987487793 -12.559200286865234 1.6064002513885498
    vertex -61.2135009765625 -12.29680061340332 1.6064002513885498
    vertex -61.06629943847656 -12.316000938415527 1.6064002513885498
  endloop
endfacet
facet normal 0.0 0.0 0.0
  outer loop
    vertex -68.90630340576172 -5.096799850463867 1.606400489807129
    vertex -65.706298828125 -8.296799659729004 1.6064003705978394
    vertex -68.90630340576172 -11.503199577331543 1.606400489807129
  endloop
endfacet
facet normal 0.0 0.0 0.0
  outer loop
    vertex -62.499900817871094 -10.978400230407715 1.6064002513885498
    vertex -62.16069793701172 -11.157600402832031 1.6064002513885498
    vertex -62.499900817871094 -11.068000793457031 1.6064002513885498
  endloop
endfacet
facet normal 0.0 0.0 0.0
  outer loop
    vertex -62.499900817871094 -10.978400230407715 1.6064002513885498
    vertex -62.154300689697266 -11.151200294494629 1.6064002513885498
    vertex -62.16069793701172 -11.157600402832031 1.6064002513885498
  endloop
endfacet
facet normal 0.0 0.0 0.0
  outer loop
    vertex -62.499900817871094 -17.903200149536133 1.6064002513885498
    vertex -68.90630340576172 -17.903200149536133 1.606400489807129
    vertex -65.706298828125 -14.703201293945312 1.6064003705978394
  endloop
endfacet
facet normal 0.0 0.0 0.0
  outer loop
    vertex -68.90630340576172 -11.503199577331543 1.606400489807129
    vertex -65.706298828125 -14.703201293945312 1.6064003705978394
    vertex -68.90630340576172 -17.903200149536133 1.606400489807129
  endloop
endfacet
facet normal 0.0 0.0 0.0
  outer loop
    vertex -56.09989929199219 -11.503199577331543 1.6064000129699707
    vertex -59.29990005493164 -8.296799659729004 1.6064001321792603
    vertex -56.09989929199219 -5.096799850463867 1.6064000129699707
  endloop
endfacet
facet normal 0.0 0.0 0.0
  outer loop
    vertex -62.499900817871094 -5.096799850463867 1.6064002513885498
    vertex -56.09989929199219 -5.096799850463867 1.6064000129699707
    vertex -59.29990005493164 -8.296799659729004 1.6064001321792603
  endloop
endfacet
facet normal 0.0 0.0 0.0
  outer loop
    vertex -61.96870040893555 -12.034400939941406 1.6064002513885498
    vertex -62.339900970458984 -11.957600593566895 1.6064002513885498
    vertex -62.000701904296875 -12.002400398254395 1.6064002513885498
  endloop
endfacet
facet normal 0.0 0.0 0.0
  outer loop
    vertex -56.09989929199219 -17.903200149536133 1.6064000129699707
    vertex -59.29990005493164 -14.703201293945312 1.6064001321792603
    vertex -56.09989929199219 -11.503199577331543 1.6064000129699707
  endloop
endfacet
facet normal 0.0 0.0 0.0
  outer loop
    vertex -68.90630340576172 -5.096799850463867 1.606400489807129
    vertex -62.499900817871094 -5.096799850463867 1.6064002513885498
    vertex -65.706298828125 -8.296799659729004 1.6064003705978394
  endloop
endfacet
facet normal 0.0 0.0 0.0
  outer loop
    vertex -61.4822998046875 -13.199200630187988 1.6064002513885498
    vertex -61.22629928588867 -13.199200630187988 1.6064002513885498
    vertex -61.37350082397461 -13.218400955200195 1.6064002513885498
  endloop
endfacet
facet normal 0.0 0.0 0.0
  outer loop
    vertex -65.706298828125 -11.503199577331543 1.6064003705978394
    vertex -68.90630340576172 -11.503199577331543 1.606400489807129
    vertex -65.706298828125 -8.296799659729004 1.6064003705978394
  endloop
endfacet
facet normal 0.0 0.0 0.0
  outer loop
    vertex -61.680702209472656 -9.724000930786133 1.6064002513885498
    vertex -62.05189895629883 -9.583200454711914 1.6064002513885498
    vertex -61.904701232910156 -9.595999717712402 1.6064002513885498
  endloop
endfacet
facet normal 0.0 0.0 0.0
  outer loop
    vertex -61.53350067138672 -13.327200889587402 1.6064002513885498
    vertex -62.12229919433594 -13.34640121459961 1.6064002513885498
    vertex -61.83430099487305 -13.263200759887695 1.6064002513885498
  endloop
endfacet
facet normal 0.0 0.0 0.0
  outer loop
    vertex -61.45669937133789 -13.34000015258789 1.6064002513885498
    vertex -61.91749954223633 -13.372000694274902 1.6064002513885498
    vertex -61.53350067138672 -13.327200889587402 1.6064002513885498
  endloop
endfacet
facet normal 0.0 0.0 0.0
  outer loop
    vertex -62.083900451660156 -14.671201705932617 1.6064002513885498
    vertex -62.499900817871094 -17.903200149536133 1.6064002513885498
    vertex -62.295101165771484 -14.690400123596191 1.6064002513885498
  endloop
endfacet
facet normal 0.0 0.0 0.0
  outer loop
    vertex -61.87910079956055 -14.639201164245605 1.6064002513885498
    vertex -62.499900817871094 -17.903200149536133 1.6064002513885498
    vertex -62.083900451660156 -14.671201705932617 1.6064002513885498
  endloop
endfacet
facet normal 0.0 0.0 0.0
  outer loop
    vertex -61.67430114746094 -14.588001251220703 1.6064002513885498
    vertex -62.499900817871094 -17.903200149536133 1.6064002513885498
    vertex -61.87910079956055 -14.639201164245605 1.6064002513885498
  endloop
endfacet
facet normal 0.0 0.0 0.0
  outer loop
    vertex -61.47589874267578 -14.530401229858398 1.6064002513885498
    vertex -62.499900817871094 -17.903200149536133 1.6064002513885498
    vertex -61.67430114746094 -14.588001251220703 1.6064002513885498
  endloop
endfacet
facet normal 0.0 0.0 0.0
  outer loop
    vertex -61.27750015258789 -14.453601837158203 1.6064002513885498
    vertex -62.499900817871094 -17.903200149536133 1.6064002513885498
    vertex -61.47589874267578 -14.530401229858398 1.6064002513885498
  endloop
endfacet
facet normal 0.0 0.0 0.0
  outer loop
    vertex -61.08549880981445 -14.370400428771973 1.6064002513885498
    vertex -62.499900817871094 -17.903200149536133 1.6064002513885498
    vertex -61.27750015258789 -14.453601837158203 1.6064002513885498
  endloop
endfacet
facet normal 0.0 0.0 0.0
  outer loop
    vertex -60.90629959106445 -14.27440071105957 1.6064002513885498
    vertex -62.499900817871094 -17.903200149536133 1.6064002513885498
    vertex -61.08549880981445 -14.370400428771973 1.6064002513885498
  endloop
endfacet
facet normal 0.0 0.0 0.0
  outer loop
    vertex -60.72710037231445 -14.159200668334961 1.6064002513885498
    vertex -62.499900817871094 -17.903200149536133 1.6064002513885498
    vertex -60.90629959106445 -14.27440071105957 1.6064002513885498
  endloop
endfacet
facet normal 0.0 0.0 0.0
  outer loop
    vertex -60.554298400878906 -14.03760051727295 1.6064002513885498
    vertex -62.499900817871094 -17.903200149536133 1.6064002513885498
    vertex -60.72710037231445 -14.159200668334961 1.6064002513885498
  endloop
endfacet
facet normal 0.0 0.0 0.0
  outer loop
    vertex -60.3942985534668 -13.90320110321045 1.6064002513885498
    vertex -62.499900817871094 -17.903200149536133 1.6064002513885498
    vertex -60.554298400878906 -14.03760051727295 1.6064002513885498
  endloop
endfacet
facet normal 0.0 0.0 0.0
  outer loop
    vertex -60.240699768066406 -13.76240062713623 1.6064002513885498
    vertex -62.499900817871094 -17.903200149536133 1.6064002513885498
    vertex -60.3942985534668 -13.90320110321045 1.6064002513885498
  endloop
endfacet
facet normal 0.0 0.0 0.0
  outer loop
    vertex -59.29990005493164 -14.703201293945312 1.6064001321792603
    vertex -62.499900817871094 -17.903200149536133 1.6064002513885498
    vertex -60.240699768066406 -13.76240062713623 1.6064002513885498
  endloop
endfacet
facet normal 0.0 0.0 0.0
  outer loop
    vertex -56.09989929199219 -17.903200149536133 1.6064000129699707
    vertex -62.499900817871094 -17.903200149536133 1.6064002513885498
    vertex -59.29990005493164 -14.703201293945312 1.6064001321792603
  endloop
endfacet
facet normal 0.0 0.0 0.0
  outer loop
    vertex -62.499900817871094 -13.845600128173828 1.6064002513885498
    vertex -62.59590148925781 -13.820000648498535 1.6064002513885498
    vertex -62.499900817871094 -13.820000648498535 1.6064002513885498
  endloop
endfacet
facet normal 0.0 0.0 0.0
  outer loop
    vertex -62.3463020324707 -13.83280086517334 1.6064002513885498
    vertex -62.499900817871094 -13.820000648498535 1.6064002513885498
    vertex -62.46150207519531 -13.800800323486328 1.6064002513885498
  endloop
endfacet
facet normal 0.0 0.0 0.0
  outer loop
    vertex -62.352699279785156 -13.621600151062012 1.6064002513885498
    vertex -62.064701080322266 -13.570401191711426 1.6064002513885498
    vertex -62.16709899902344 -13.666400909423828 1.6064002513885498
  endloop
endfacet
facet normal 0.0 0.0 0.0
  outer loop
    vertex -60.106300354003906 -11.656800270080566 1.6064002513885498
    vertex -60.151100158691406 -11.637600898742676 1.6064002513885498
    vertex -60.131900787353516 -11.644000053405762 1.6064002513885498
  endloop
endfacet
facet normal 0.0 0.0 0.0
  outer loop
    vertex -63.05670166015625 -13.775199890136719 1.6064002513885498
    vertex -63.27429962158203 -13.775199890136719 1.6064002513885498
    vertex -63.1078987121582 -13.756000518798828 1.6064002513885498
  endloop
endfacet
facet normal 0.0 0.0 0.0
  outer loop
    vertex -62.499900817871094 -13.461601257324219 1.6064002513885498
    vertex -62.423099517822266 -13.5 1.6064002513885498
    vertex -62.499900817871094 -13.487200736999512 1.6064002513885498
  endloop
endfacet
facet normal 0.0 0.0 0.0
  outer loop
    vertex -62.499900817871094 -13.461601257324219 1.6064002513885498
    vertex -62.23109817504883 -13.43600082397461 1.6064002513885498
    vertex -62.423099517822266 -13.5 1.6064002513885498
  endloop
endfacet
facet normal 0.0 0.0 0.0
  outer loop
    vertex -62.499900817871094 -13.564001083374023 1.6064002513885498
    vertex -62.467899322509766 -13.589601516723633 1.6064002513885498
    vertex -62.499900817871094 -13.583200454711914 1.6064002513885498
  endloop
endfacet
facet normal 0.0 0.0 0.0
  outer loop
    vertex -62.499900817871094 -13.564001083374023 1.6064002513885498
    vertex -62.28229904174805 -13.532000541687012 1.6064002513885498
    vertex -62.467899322509766 -13.589601516723633 1.6064002513885498
  endloop
endfacet
facet normal 0.0 0.0 0.0
  outer loop
    vertex -62.442298889160156 -13.141600608825684 1.6064002513885498
    vertex -61.64870071411133 -13.167201042175293 1.6064002513885498
    vertex -62.173500061035156 -13.199200630187988 1.6064002513885498
  endloop
endfacet
facet normal 0.0 0.0 0.0
  outer loop
    vertex -62.499900817871094 -13.596000671386719 1.6064002513885498
    vertex -62.467899322509766 -13.589601516723633 1.6064002513885498
    vertex -62.499900817871094 -13.647200584411621 1.6064002513885498
  endloop
endfacet
facet normal 0.0 0.0 0.0
  outer loop
    vertex -63.72869873046875 -10.159200668334961 1.6064003705978394
    vertex -62.499900817871094 -10.530400276184082 1.6064002513885498
    vertex -63.03110122680664 -10.447200775146484 1.6064002513885498
  endloop
endfacet
facet normal 0.0 0.0 0.0
  outer loop
    vertex -62.89030075073242 -9.269599914550781 1.6064002513885498
    vertex -63.12710189819336 -9.180000305175781 1.6064002513885498
    vertex -62.91590118408203 -9.25040054321289 1.6064002513885498
  endloop
endfacet
facet normal 0.0 0.0 0.0
  outer loop
    vertex -63.31269836425781 -13.538400650024414 1.6064002513885498
    vertex -63.11429977416992 -13.519201278686523 1.6064002513885498
    vertex -63.13349914550781 -13.596000671386719 1.6064002513885498
  endloop
endfacet
facet normal 0.0 0.0 0.0
  outer loop
    vertex -61.39910125732422 -13.352800369262695 1.6064002513885498
    vertex -61.77669906616211 -13.39120101928711 1.6064002513885498
    vertex -61.45669937133789 -13.34000015258789 1.6064002513885498
  endloop
endfacet
facet normal 0.0 0.0 0.0
  outer loop
    vertex -63.12070083618164 -13.679200172424316 1.6064002513885498
    vertex -63.29349899291992 -13.698400497436523 1.6064002513885498
    vertex -63.13990020751953 -13.67280101776123 1.6064002513885498
  endloop
endfacet
facet normal 0.0 0.0 0.0
  outer loop
    vertex -62.723899841308594 -13.71760082244873 1.6064002513885498
    vertex -62.903099060058594 -13.736801147460938 1.6064002513885498
    vertex -62.80070114135742 -13.692000389099121 1.6064002513885498
  endloop
endfacet
facet normal 0.0 0.0 0.0
  outer loop
    vertex -61.22629928588867 -13.199200630187988 1.6064002513885498
    vertex -61.04069900512695 -13.199200630187988 1.6064002513885498
    vertex -61.168701171875 -13.212000846862793 1.6064002513885498
  endloop
endfacet
facet normal 0.0 0.0 0.0
  outer loop
    vertex -60.266300201416016 -12.373600959777832 1.6064002513885498
    vertex -60.285499572753906 -12.418399810791016 1.6064002513885498
    vertex -60.266300201416016 -12.36720085144043 1.6064002513885498
  endloop
endfacet
facet normal 0.0 0.0 0.0
  outer loop
    vertex -62.499900817871094 -13.128800392150879 1.6064002513885498
    vertex -62.84550094604492 -13.064800262451172 1.6064002513885498
    vertex -62.499900817871094 -13.084001541137695 1.6064002513885498
  endloop
endfacet
facet normal 0.0 0.0 0.0
  outer loop
    vertex -60.59910202026367 -12.962400436401367 1.6064002513885498
    vertex -60.701499938964844 -13.084001541137695 1.6064002513885498
    vertex -60.59910202026367 -12.956001281738281 1.6064002513885498
  endloop
endfacet
facet normal 0.0 0.0 0.0
  outer loop
    vertex -61.149497985839844 -12.853601455688477 1.6064002513885498
    vertex -60.59910202026367 -12.956001281738281 1.6064002513885498
    vertex -61.13669967651367 -12.866400718688965 1.6064002513885498
  endloop
endfacet
facet normal 0.0 0.0 0.0
  outer loop
    vertex -61.149497985839844 -12.853601455688477 1.6064002513885498
    vertex -60.509498596191406 -12.834400177001953 1.6064002513885498
    vertex -60.59910202026367 -12.956001281738281 1.6064002513885498
  endloop
endfacet
facet normal 0.0 0.0 0.0
  outer loop
    vertex -62.89030075073242 -13.826400756835938 1.6064002513885498
    vertex -62.499900817871094 -13.871200561523438 1.6064002513885498
    vertex -62.736698150634766 -13.871200561523438 1.6064002513885498
  endloop
endfacet
facet normal 0.0 0.0 0.0
  outer loop
    vertex -61.55270004272461 -12.796000480651855 1.6064002513885498
    vertex -61.19430160522461 -12.80880069732666 1.6064002513885498
    vertex -61.347900390625 -12.834400177001953 1.6064002513885498
  endloop
endfacet
facet normal 0.0 0.0 0.0
  outer loop
    vertex -61.13669967651367 -12.866400718688965 1.6064002513885498
    vertex -61.20709991455078 -12.853601455688477 1.6064002513885498
    vertex -61.149497985839844 -12.853601455688477 1.6064002513885498
  endloop
endfacet
facet normal 0.0 0.0 0.0
  outer loop
    vertex -62.07749938964844 -12.834400177001953 1.6064002513885498
    vertex -61.347900390625 -12.834400177001953 1.6064002513885498
    vertex -61.85350036621094 -12.87920093536377 1.6064002513885498
  endloop
endfacet
facet normal 0.0 0.0 0.0
  outer loop
    vertex -62.499900817871094 -9.448800086975098 1.6064002513885498
    vertex -62.6599006652832 -9.359200477600098 1.6064002513885498
    vertex -62.499900817871094 -9.416799545288086 1.6064002513885498
  endloop
endfacet
facet normal 0.0 0.0 0.0
  outer loop
    vertex -64.5094985961914 -11.445600509643555 1.6064003705978394
    vertex -64.89990234375 -11.394400596618652 1.6064003705978394
    vertex -64.89990234375 -11.343199729919434 1.6064003705978394
  endloop
endfacet
facet normal 0.0 0.0 0.0
  outer loop
    vertex -63.1078987121582 -13.756000518798828 1.6064002513885498
    vertex -62.903099060058594 -13.736801147460938 1.6064002513885498
    vertex -63.05670166015625 -13.775199890136719 1.6064002513885498
  endloop
endfacet
facet normal 0.0 0.0 0.0
  outer loop
    vertex -61.72549819946289 -13.519201278686523 1.6064002513885498
    vertex -62.064701080322266 -13.570401191711426 1.6064002513885498
    vertex -61.80229949951172 -13.506401062011719 1.6064002513885498
  endloop
endfacet
facet normal 0.0 0.0 0.0
  outer loop
    vertex -62.544700622558594 -13.775199890136719 1.6064002513885498
    vertex -62.762298583984375 -13.775199890136719 1.6064002513885498
    vertex -62.723899841308594 -13.71760082244873 1.6064002513885498
  endloop
endfacet
facet normal 0.0 0.0 0.0
  outer loop
    vertex -63.29349899291992 -11.343199729919434 1.6064002513885498
    vertex -62.84550094604492 -11.432801246643066 1.6064002513885498
    vertex -62.91590118408203 -11.503199577331543 1.6064002513885498
  endloop
endfacet
facet normal 0.0 0.0 0.0
  outer loop
    vertex -61.35430145263672 -11.59280014038086 1.6064002513885498
    vertex -61.706298828125 -11.656800270080566 1.6064002513885498
    vertex -61.69350051879883 -11.503199577331543 1.6064002513885498
  endloop
endfacet
facet normal 0.0 0.0 0.0
  outer loop
    vertex -60.81669998168945 -11.836000442504883 1.6064002513885498
    vertex -61.706298828125 -11.656800270080566 1.6064002513885498
    vertex -61.35430145263672 -11.59280014038086 1.6064002513885498
  endloop
endfacet
facet normal 0.0 0.0 0.0
  outer loop
    vertex -60.285499572753906 -12.418399810791016 1.6064002513885498
    vertex -60.45830154418945 -12.335201263427734 1.6064002513885498
    vertex -60.4390983581543 -12.335201263427734 1.6064002513885498
  endloop
endfacet
facet normal 0.0 0.0 0.0
  outer loop
    vertex -60.45830154418945 -12.335201263427734 1.6064002513885498
    vertex -61.00230026245117 -12.066400527954102 1.6064002513885498
    vertex -60.919097900390625 -12.07919979095459 1.6064002513885498
  endloop
endfacet
facet normal 0.0 0.0 0.0
  outer loop
    vertex -61.149497985839844 -11.644000053405762 1.6064002513885498
    vertex -60.157501220703125 -11.964000701904297 1.6064002513885498
    vertex -60.72710037231445 -11.85520076751709 1.6064002513885498
  endloop
endfacet
facet normal 0.0 0.0 0.0
  outer loop
    vertex -61.149497985839844 -11.644000053405762 1.6064002513885498
    vertex -60.151100158691406 -11.912799835205078 1.6064002513885498
    vertex -60.157501220703125 -11.964000701904297 1.6064002513885498
  endloop
endfacet
facet normal 0.0 0.0 0.0
  outer loop
    vertex -61.18149948120117 -10.210400581359863 1.6064002513885498
    vertex -61.26470184326172 -10.26159954071045 1.6064002513885498
    vertex -61.20709991455078 -10.204000473022461 1.6064002513885498
  endloop
endfacet
facet normal 0.0 0.0 0.0
  outer loop
    vertex -60.477500915527344 -10.613600730895996 1.6064002513885498
    vertex -61.26470184326172 -10.26159954071045 1.6064002513885498
    vertex -61.18149948120117 -10.210400581359863 1.6064002513885498
  endloop
endfacet
facet normal 0.0 0.0 0.0
  outer loop
    vertex -60.426300048828125 -11.503199577331543 1.6064002513885498
    vertex -60.106300354003906 -11.503199577331543 1.6064002513885498
    vertex -60.381500244140625 -11.52239990234375 1.6064002513885498
  endloop
endfacet
facet normal 0.0 0.0 0.0
  outer loop
    vertex -62.499900817871094 -10.844000816345215 1.6064002513885498
    vertex -63.39590072631836 -10.536800384521484 1.6064003705978394
    vertex -62.499900817871094 -10.754400253295898 1.6064002513885498
  endloop
endfacet
facet normal 0.0 0.0 0.0
  outer loop
    vertex -60.72710037231445 -11.85520076751709 1.6064002513885498
    vertex -60.1702995300293 -12.021600723266602 1.6064002513885498
    vertex -60.477500915527344 -11.976800918579102 1.6064002513885498
  endloop
endfacet
facet normal 0.0 0.0 0.0
  outer loop
    vertex -60.72710037231445 -11.85520076751709 1.6064002513885498
    vertex -60.157501220703125 -11.964000701904297 1.6064002513885498
    vertex -60.1702995300293 -12.021600723266602 1.6064002513885498
  endloop
endfacet
facet normal 0.0 0.0 0.0
  outer loop
    vertex -62.10309982299805 -11.176799774169922 1.6064002513885498
    vertex -61.42469787597656 -11.503199577331543 1.6064002513885498
    vertex -61.4822998046875 -11.484000205993652 1.6064002513885498
  endloop
endfacet
facet normal 0.0 0.0 0.0
  outer loop
    vertex -62.10309982299805 -11.176799774169922 1.6064002513885498
    vertex -60.88710021972656 -11.503199577331543 1.6064002513885498
    vertex -61.42469787597656 -11.503199577331543 1.6064002513885498
  endloop
endfacet
facet normal 0.0 0.0 0.0
  outer loop
    vertex -61.53350067138672 -10.952800750732422 1.6064002513885498
    vertex -61.84709930419922 -10.844000816345215 1.6064002513885498
    vertex -61.815101623535156 -10.812000274658203 1.6064002513885498
  endloop
endfacet
facet normal 0.0 0.0 0.0
  outer loop
    vertex -62.499900817871094 -10.664800643920898 1.6064002513885498
    vertex -63.74789810180664 -10.255200386047363 1.6064003705978394
    vertex -63.03110122680664 -10.447200775146484 1.6064002513885498
  endloop
endfacet
facet normal 0.0 0.0 0.0
  outer loop
    vertex -62.499900817871094 -10.722400665283203 1.6064002513885498
    vertex -63.74789810180664 -10.255200386047363 1.6064003705978394
    vertex -62.499900817871094 -10.664800643920898 1.6064002513885498
  endloop
endfacet
facet normal 0.0 0.0 0.0
  outer loop
    vertex -61.08549880981445 -10.472800254821777 1.6064002513885498
    vertex -61.32870101928711 -10.325600624084473 1.6064002513885498
    vertex -61.32229995727539 -10.31920051574707 1.6064002513885498
  endloop
endfacet
facet normal 0.0 0.0 0.0
  outer loop
    vertex -62.499900817871094 -10.754400253295898 1.6064002513885498
    vertex -62.01350021362305 -11.010400772094727 1.6064002513885498
    vertex -62.499900817871094 -10.844000816345215 1.6064002513885498
  endloop
endfacet
facet normal 0.0 0.0 0.0
  outer loop
    vertex -62.499900817871094 -10.754400253295898 1.6064002513885498
    vertex -61.96229934692383 -10.959200859069824 1.6064002513885498
    vertex -62.01350021362305 -11.010400772094727 1.6064002513885498
  endloop
endfacet
facet normal 0.0 0.0 0.0
  outer loop
    vertex -61.44390106201172 -10.440800666809082 1.6064002513885498
    vertex -61.38629913330078 -10.383200645446777 1.6064002513885498
    vertex -61.41830062866211 -10.453600883483887 1.6064002513885498
  endloop
endfacet
facet normal 0.0 0.0 0.0
  outer loop
    vertex -59.29990005493164 -11.503199577331543 1.6064001321792603
    vertex -59.31270217895508 -11.292000770568848 1.6064001321792603
    vertex -59.29990005493164 -8.296799659729004 1.6064001321792603
  endloop
endfacet
facet normal 0.0 0.0 0.0
  outer loop
    vertex -61.51430130004883 -10.223200798034668 1.6064002513885498
    vertex -62.499900817871094 -9.736800193786621 1.6064002513885498
    vertex -62.128700256347656 -9.864800453186035 1.6064002513885498
  endloop
endfacet
facet normal 0.0 0.0 0.0
  outer loop
    vertex -62.499900817871094 -9.736800193786621 1.6064002513885498
    vertex -63.44070053100586 -9.288800239562988 1.6064003705978394
    vertex -63.42150115966797 -9.282400131225586 1.6064003705978394
  endloop
endfacet
facet normal 0.0 0.0 0.0
  outer loop
    vertex -62.499900817871094 -9.788000106811523 1.6064002513885498
    vertex -63.44070053100586 -9.288800239562988 1.6064003705978394
    vertex -62.499900817871094 -9.736800193786621 1.6064002513885498
  endloop
endfacet
facet normal 0.0 0.0 0.0
  outer loop
    vertex -61.25830078125 -10.613600730895996 1.6064002513885498
    vertex -61.55910110473633 -10.556000709533691 1.6064002513885498
    vertex -61.52069854736328 -10.517601013183594 1.6064002513885498
  endloop
endfacet
facet normal 0.0 0.0 0.0
  outer loop
    vertex -60.89350128173828 -10.780000686645508 1.6064002513885498
    vertex -61.55910110473633 -10.556000709533691 1.6064002513885498
    vertex -61.25830078125 -10.613600730895996 1.6064002513885498
  endloop
endfacet
facet normal 0.0 0.0 0.0
  outer loop
    vertex -60.477500915527344 -10.613600730895996 1.6064002513885498
    vertex -61.18149948120117 -10.210400581359863 1.6064002513885498
    vertex -60.77830123901367 -10.376800537109375 1.6064002513885498
  endloop
endfacet
facet normal 0.0 0.0 0.0
  outer loop
    vertex -60.89350128173828 -10.306400299072266 1.6064002513885498
    vertex -60.285499572753906 -10.581600189208984 1.6064002513885498
    vertex -60.77830123901367 -10.376800537109375 1.6064002513885498
  endloop
endfacet
facet normal 0.0 0.0 0.0
  outer loop
    vertex -61.98149871826172 -13.237600326538086 1.6064002513885498
    vertex -61.37350082397461 -13.218400955200195 1.6064002513885498
    vertex -61.83430099487305 -13.263200759887695 1.6064002513885498
  endloop
endfacet
facet normal 0.0 0.0 0.0
  outer loop
    vertex -60.59910202026367 -10.03760051727295 1.6064002513885498
    vertex -60.784698486328125 -9.87760066986084 1.6064002513885498
    vertex -60.739898681640625 -9.89680004119873 1.6064002513885498
  endloop
endfacet
facet normal 0.0 0.0 0.0
  outer loop
    vertex -62.499900817871094 -9.173600196838379 1.6064002513885498
    vertex -62.672698974609375 -9.109600067138672 1.6064002513885498
    vertex -62.6599006652832 -9.10319995880127 1.6064002513885498
  endloop
endfacet
facet normal 0.0 0.0 0.0
  outer loop
    vertex -62.499900817871094 -9.199200630187988 1.6064002513885498
    vertex -62.672698974609375 -9.109600067138672 1.6064002513885498
    vertex -62.499900817871094 -9.173600196838379 1.6064002513885498
  endloop
endfacet
facet normal 0.0 0.0 0.0
  outer loop
    vertex -62.499900817871094 -9.698400497436523 1.6064002513885498
    vertex -62.128700256347656 -9.864800453186035 1.6064002513885498
    vertex -62.499900817871094 -9.736800193786621 1.6064002513885498
  endloop
endfacet
facet normal 0.0 0.0 0.0
  outer loop
    vertex -60.432701110839844 -10.306400299072266 1.6064002513885498
    vertex -61.00230026245117 -9.999200820922852 1.6064002513885498
    vertex -60.509498596191406 -10.165599822998047 1.6064002513885498
  endloop
endfacet
facet normal 0.0 0.0 0.0
  outer loop
    vertex -61.53350067138672 -9.372000694274902 1.6064002513885498
    vertex -61.73189926147461 -9.224800109863281 1.6064002513885498
    vertex -61.58470153808594 -9.282400131225586 1.6064002513885498
  endloop
endfacet
facet normal 0.0 0.0 0.0
  outer loop
    vertex -62.499900817871094 -9.736800193786621 1.6064002513885498
    vertex -62.02629852294922 -10.044000625610352 1.6064002513885498
    vertex -62.499900817871094 -9.788000106811523 1.6064002513885498
  endloop
endfacet
facet normal 0.0 0.0 0.0
  outer loop
    vertex -62.499900817871094 -9.736800193786621 1.6064002513885498
    vertex -61.51430130004883 -10.223200798034668 1.6064002513885498
    vertex -62.02629852294922 -10.044000625610352 1.6064002513885498
  endloop
endfacet
facet normal 0.0 0.0 0.0
  outer loop
    vertex -60.59910202026367 -10.03760051727295 1.6064002513885498
    vertex -60.739898681640625 -9.89680004119873 1.6064002513885498
    vertex -60.72710037231445 -9.903200149536133 1.6064002513885498
  endloop
endfacet
facet normal 0.0 0.0 0.0
  outer loop
    vertex -60.90629959106445 -9.935199737548828 1.6064002513885498
    vertex -60.925498962402344 -9.922399520874023 1.6064002513885498
    vertex -60.919097900390625 -9.916000366210938 1.6064002513885498
  endloop
endfacet
facet normal 0.0 0.0 0.0
  outer loop
    vertex -60.880699157714844 -9.87760066986084 1.6064002513885498
    vertex -61.22629928588867 -9.679200172424316 1.6064002513885498
    vertex -61.059898376464844 -9.749600410461426 1.6064002513885498
  endloop
endfacet
facet normal 0.0 0.0 0.0
  outer loop
    vertex -62.128700256347656 -9.864800453186035 1.6064002513885498
    vertex -62.499900817871094 -9.698400497436523 1.6064002513885498
    vertex -62.43589782714844 -9.692000389099121 1.6064002513885498
  endloop
endfacet
facet normal 0.0 0.0 0.0
  outer loop
    vertex -64.42630004882812 -10.556000709533691 1.6064003705978394
    vertex -63.792701721191406 -10.722400665283203 1.6064003705978394
    vertex -64.22789764404297 -10.645600318908691 1.6064003705978394
  endloop
endfacet
facet normal 0.0 0.0 0.0
  outer loop
    vertex -60.88710021972656 -9.883999824523926 1.6064002513885498
    vertex -61.55270004272461 -9.52560043334961 1.6064002513885498
    vertex -61.22629928588867 -9.679200172424316 1.6064002513885498
  endloop
endfacet
facet normal 0.0 0.0 0.0
  outer loop
    vertex -60.84870147705078 -9.845600128173828 1.6064002513885498
    vertex -61.16230010986328 -9.602400779724121 1.6064002513885498
    vertex -61.09189987182617 -9.634400367736816 1.6064002513885498
  endloop
endfacet
facet normal 0.0 0.0 0.0
  outer loop
    vertex -61.4375 -11.848799705505371 1.6064002513885498
    vertex -61.911102294921875 -11.618400573730469 1.6064002513885498
    vertex -61.706298828125 -11.656800270080566 1.6064002513885498
  endloop
endfacet
facet normal 0.0 0.0 0.0
  outer loop
    vertex -60.59910202026367 -10.03760051727295 1.6064002513885498
    vertex -60.919097900390625 -9.916000366210938 1.6064002513885498
    vertex -60.91270065307617 -9.909600257873535 1.6064002513885498
  endloop
endfacet
facet normal 0.0 0.0 0.0
  outer loop
    vertex -62.84550094604492 -11.157600402832031 1.6064002513885498
    vertex -62.68550109863281 -11.234400749206543 1.6064002513885498
    vertex -62.80070114135742 -11.202401161193848 1.6064002513885498
  endloop
endfacet
facet normal 0.0 0.0 0.0
  outer loop
    vertex -62.499900817871094 -9.25040054321289 1.6064002513885498
    vertex -62.07109832763672 -9.429600715637207 1.6064002513885498
    vertex -62.14789962768555 -9.4552001953125 1.6064002513885498
  endloop
endfacet
facet normal 0.0 0.0 0.0
  outer loop
    vertex -61.08549880981445 -10.472800254821777 1.6064002513885498
    vertex -60.61830139160156 -10.684000968933105 1.6064002513885498
    vertex -60.87430191040039 -10.594400405883789 1.6064002513885498
  endloop
endfacet
facet normal 0.0 0.0 0.0
  outer loop
    vertex -60.84870147705078 -9.845600128173828 1.6064002513885498
    vertex -60.84230041503906 -9.839200973510742 1.6064002513885498
    vertex -60.84870147705078 -9.85200023651123 1.6064002513885498
  endloop
endfacet
facet normal 0.0 0.0 0.0
  outer loop
    vertex -61.08549880981445 -10.472800254821777 1.6064002513885498
    vertex -61.35430145263672 -10.351200103759766 1.6064002513885498
    vertex -61.32870101928711 -10.325600624084473 1.6064002513885498
  endloop
endfacet
facet normal 0.0 0.0 0.0
  outer loop
    vertex -61.3031005859375 -9.423200607299805 1.6064002513885498
    vertex -61.18149948120117 -9.5 1.6064002513885498
    vertex -61.23270034790039 -9.48080062866211 1.6064002513885498
  endloop
endfacet
facet normal 0.0 0.0 0.0
  outer loop
    vertex -60.89350128173828 -9.826399803161621 1.6064002513885498
    vertex -60.84870147705078 -9.845600128173828 1.6064002513885498
    vertex -60.855098724365234 -9.85200023651123 1.6064002513885498
  endloop
endfacet
facet normal 0.0 0.0 0.0
  outer loop
    vertex -60.59910202026367 -10.03760051727295 1.6064002513885498
    vertex -60.90629959106445 -9.903200149536133 1.6064002513885498
    vertex -60.89350128173828 -9.890399932861328 1.6064002513885498
  endloop
endfacet
facet normal 0.0 0.0 0.0
  outer loop
    vertex -61.55910110473633 -9.442399978637695 1.6064002513885498
    vertex -61.89189910888672 -9.231200218200684 1.6064002513885498
    vertex -61.68709945678711 -9.308000564575195 1.6064002513885498
  endloop
endfacet
facet normal 0.0 0.0 0.0
  outer loop
    vertex -60.27909851074219 -10.978400230407715 1.6064002513885498
    vertex -60.79750061035156 -10.76720142364502 1.6064002513885498
    vertex -60.343101501464844 -10.940000534057617 1.6064002513885498
  endloop
endfacet
facet normal 0.0 0.0 0.0
  outer loop
    vertex -61.20069885253906 -9.788000106811523 1.6064002513885498
    vertex -60.919097900390625 -9.916000366210938 1.6064002513885498
    vertex -61.00230026245117 -9.883999824523926 1.6064002513885498
  endloop
endfacet
facet normal 0.0 0.0 0.0
  outer loop
    vertex -61.20069885253906 -9.788000106811523 1.6064002513885498
    vertex -60.91270065307617 -9.909600257873535 1.6064002513885498
    vertex -60.919097900390625 -9.916000366210938 1.6064002513885498
  endloop
endfacet
facet normal 0.0 0.0 0.0
  outer loop
    vertex -60.59910202026367 -10.03760051727295 1.6064002513885498
    vertex -60.91270065307617 -9.909600257873535 1.6064002513885498
    vertex -60.90629959106445 -9.903200149536133 1.6064002513885498
  endloop
endfacet
facet normal 0.0 0.0 0.0
  outer loop
    vertex -62.499900817871094 -9.698400497436523 1.6064002513885498
    vertex -63.42150115966797 -9.282400131225586 1.6064003705978394
    vertex -62.499900817871094 -9.660000801086426 1.6064002513885498
  endloop
endfacet
facet normal 0.0 0.0 0.0
  outer loop
    vertex -60.61830139160156 -10.684000968933105 1.6064002513885498
    vertex -61.08549880981445 -10.472800254821777 1.6064002513885498
    vertex -60.75270080566406 -10.600800514221191 1.6064002513885498
  endloop
endfacet
facet normal 0.0 0.0 0.0
  outer loop
    vertex -60.535099029541016 -10.735199928283691 1.6064002513885498
    vertex -60.87430191040039 -10.594400405883789 1.6064002513885498
    vertex -60.61830139160156 -10.684000968933105 1.6064002513885498
  endloop
endfacet
facet normal 0.0 0.0 0.0
  outer loop
    vertex -60.586299896240234 -10.869600296020508 1.6064002513885498
    vertex -61.25830078125 -10.613600730895996 1.6064002513885498
    vertex -60.79750061035156 -10.76720142364502 1.6064002513885498
  endloop
endfacet
facet normal 0.0 0.0 0.0
  outer loop
    vertex -62.19269943237305 -9.5 1.6064002513885498
    vertex -61.904701232910156 -9.595999717712402 1.6064002513885498
    vertex -62.05189895629883 -9.583200454711914 1.6064002513885498
  endloop
endfacet
facet normal 0.0 0.0 0.0
  outer loop
    vertex -62.499900817871094 -11.068000793457031 1.6064002513885498
    vertex -62.768699645996094 -11.09360122680664 1.6064002513885498
    vertex -62.519100189208984 -11.061600685119629 1.6064002513885498
  endloop
endfacet
facet normal 0.0 0.0 0.0
  outer loop
    vertex -62.499900817871094 -11.170400619506836 1.6064002513885498
    vertex -62.768699645996094 -11.09360122680664 1.6064002513885498
    vertex -62.499900817871094 -11.068000793457031 1.6064002513885498
  endloop
endfacet
facet normal 0.0 0.0 0.0
  outer loop
    vertex -62.467899322509766 -13.589601516723633 1.6064002513885498
    vertex -62.16709899902344 -13.551199913024902 1.6064002513885498
    vertex -62.352699279785156 -13.621600151062012 1.6064002513885498
  endloop
endfacet
facet normal 0.0 0.0 0.0
  outer loop
    vertex -62.128700256347656 -9.864800453186035 1.6064002513885498
    vertex -61.38629913330078 -10.204000473022461 1.6064002513885498
    vertex -61.51430130004883 -10.223200798034668 1.6064002513885498
  endloop
endfacet
facet normal 0.0 0.0 0.0
  outer loop
    vertex -61.53350067138672 -10.952800750732422 1.6064002513885498
    vertex -61.815101623535156 -10.812000274658203 1.6064002513885498
    vertex -61.75749969482422 -10.754400253295898 1.6064002513885498
  endloop
endfacet
facet normal 0.0 0.0 0.0
  outer loop
    vertex -60.14469909667969 -11.887200355529785 1.6064002513885498
    vertex -61.42469787597656 -11.503199577331543 1.6064002513885498
    vertex -60.88710021972656 -11.503199577331543 1.6064002513885498
  endloop
endfacet
facet normal 0.0 0.0 0.0
  outer loop
    vertex -60.3494987487793 -12.559200286865234 1.6064002513885498
    vertex -60.87430191040039 -12.34160041809082 1.6064002513885498
    vertex -60.810298919677734 -12.354400634765625 1.6064002513885498
  endloop
endfacet
facet normal 0.0 0.0 0.0
  outer loop
    vertex -60.87430191040039 -12.34160041809082 1.6064002513885498
    vertex -61.31589889526367 -12.162400245666504 1.6064002513885498
    vertex -61.168701171875 -12.194400787353516 1.6064002513885498
  endloop
endfacet
facet normal 0.0 0.0 0.0
  outer loop
    vertex -62.10309982299805 -11.90000057220459 1.6064002513885498
    vertex -62.186302185058594 -11.868000984191895 1.6064002513885498
    vertex -62.12229919433594 -11.880800247192383 1.6064002513885498
  endloop
endfacet
facet normal 0.0 0.0 0.0
  outer loop
    vertex -60.3494987487793 -12.559200286865234 1.6064002513885498
    vertex -60.810298919677734 -12.354400634765625 1.6064002513885498
    vertex -60.75910186767578 -12.360800743103027 1.6064002513885498
  endloop
endfacet
facet normal 0.0 0.0 0.0
  outer loop
    vertex -60.3494987487793 -12.559200286865234 1.6064002513885498
    vertex -60.95750045776367 -12.335201263427734 1.6064002513885498
    vertex -60.87430191040039 -12.34160041809082 1.6064002513885498
  endloop
endfacet
facet normal 0.0 0.0 0.0
  outer loop
    vertex -63.65190124511719 -11.560800552368164 1.6064003705978394
    vertex -64.12550354003906 -11.54800033569336 1.6064003705978394
    vertex -64.1063003540039 -11.503199577331543 1.6064003705978394
  endloop
endfacet
facet normal 0.0 0.0 0.0
  outer loop
    vertex -63.15909957885742 -11.708001136779785 1.6064002513885498
    vertex -64.12550354003906 -11.54800033569336 1.6064003705978394
    vertex -63.65190124511719 -11.560800552368164 1.6064003705978394
  endloop
endfacet
facet normal 0.0 0.0 0.0
  outer loop
    vertex -60.3494987487793 -12.559200286865234 1.6064002513885498
    vertex -61.06629943847656 -12.316000938415527 1.6064002513885498
    vertex -60.95750045776367 -12.335201263427734 1.6064002513885498
  endloop
endfacet
facet normal 0.0 0.0 0.0
  outer loop
    vertex -62.499900817871094 -11.586400032043457 1.6064002513885498
    vertex -62.359100341796875 -11.727200508117676 1.6064002513885498
    vertex -62.499900817871094 -11.669600486755371 1.6064002513885498
  endloop
endfacet
facet normal 0.0 0.0 0.0
  outer loop
    vertex -62.499900817871094 -11.586400032043457 1.6064002513885498
    vertex -62.3463020324707 -11.656800270080566 1.6064002513885498
    vertex -62.359100341796875 -11.727200508117676 1.6064002513885498
  endloop
endfacet
facet normal 0.0 0.0 0.0
  outer loop
    vertex -62.10309982299805 -11.90000057220459 1.6064002513885498
    vertex -61.82789993286133 -12.0600004196167 1.6064002513885498
    vertex -62.000701904296875 -12.002400398254395 1.6064002513885498
  endloop
endfacet
facet normal 0.0 0.0 0.0
  outer loop
    vertex -62.10309982299805 -11.90000057220459 1.6064002513885498
    vertex -61.52069854736328 -12.124000549316406 1.6064002513885498
    vertex -61.82789993286133 -12.0600004196167 1.6064002513885498
  endloop
endfacet
facet normal 0.0 0.0 0.0
  outer loop
    vertex -62.557498931884766 -12.124000549316406 1.6064002513885498
    vertex -63.1078987121582 -12.104801177978516 1.6064002513885498
    vertex -63.05670166015625 -12.053600311279297 1.6064002513885498
  endloop
endfacet
facet normal 0.0 0.0 0.0
  outer loop
    vertex -62.499900817871094 -12.130400657653809 1.6064002513885498
    vertex -63.1078987121582 -12.104801177978516 1.6064002513885498
    vertex -62.557498931884766 -12.124000549316406 1.6064002513885498
  endloop
endfacet
facet normal 0.0 0.0 0.0
  outer loop
    vertex -62.499900817871094 -12.20720100402832 1.6064002513885498
    vertex -63.1078987121582 -12.104801177978516 1.6064002513885498
    vertex -62.499900817871094 -12.130400657653809 1.6064002513885498
  endloop
endfacet
facet normal 0.0 0.0 0.0
  outer loop
    vertex -62.263099670410156 -11.74000072479248 1.6064002513885498
    vertex -62.115901947021484 -11.759201049804688 1.6064002513885498
    vertex -62.21189880371094 -11.791200637817383 1.6064002513885498
  endloop
endfacet
facet normal 0.0 0.0 0.0
  outer loop
    vertex -61.91749954223633 -12.085600852966309 1.6064002513885498
    vertex -61.4375 -12.271201133728027 1.6064002513885498
    vertex -61.840702056884766 -12.162400245666504 1.6064002513885498
  endloop
endfacet
facet normal 0.0 0.0 0.0
  outer loop
    vertex -61.91749954223633 -12.085600852966309 1.6064002513885498
    vertex -61.2135009765625 -12.29680061340332 1.6064002513885498
    vertex -61.4375 -12.271201133728027 1.6064002513885498
  endloop
endfacet
facet normal 0.0 0.0 0.0
  outer loop
    vertex -61.77669906616211 -12.226400375366211 1.6064002513885498
    vertex -61.4375 -12.271201133728027 1.6064002513885498
    vertex -61.770301818847656 -12.232800483703613 1.6064002513885498
  endloop
endfacet
facet normal 0.0 0.0 0.0
  outer loop
    vertex -62.499900817871094 -13.896800994873047 1.6064002513885498
    vertex -62.653499603271484 -13.896800994873047 1.6064002513885498
    vertex -62.499900817871094 -13.890400886535645 1.6064002513885498
  endloop
endfacet
facet normal 0.0 0.0 0.0
  outer loop
    vertex -62.499900817871094 -11.983200073242188 1.6064002513885498
    vertex -61.840702056884766 -12.162400245666504 1.6064002513885498
    vertex -62.499900817871094 -12.0600004196167 1.6064002513885498
  endloop
endfacet
facet normal 0.0 0.0 0.0
  outer loop
    vertex -61.23910140991211 -12.763999938964844 1.6064002513885498
    vertex -62.499900817871094 -12.636000633239746 1.6064002513885498
    vertex -61.27109909057617 -12.732000350952148 1.6064002513885498
  endloop
endfacet
facet normal 0.0 0.0 0.0
  outer loop
    vertex -63.44710159301758 -12.444001197814941 1.6064003705978394
    vertex -64.65029907226562 -12.290400505065918 1.6064003705978394
    vertex -63.773502349853516 -12.36720085144043 1.6064003705978394
  endloop
endfacet
facet normal 0.0 0.0 0.0
  outer loop
    vertex -62.499900817871094 -12.27760124206543 1.6064002513885498
    vertex -62.135101318359375 -12.418399810791016 1.6064002513885498
    vertex -62.499900817871094 -12.34160041809082 1.6064002513885498
  endloop
endfacet
facet normal 0.0 0.0 0.0
  outer loop
    vertex -62.499900817871094 -12.27760124206543 1.6064002513885498
    vertex -61.60390090942383 -12.399200439453125 1.6064002513885498
    vertex -62.135101318359375 -12.418399810791016 1.6064002513885498
  endloop
endfacet
facet normal 0.0 0.0 0.0
  outer loop
    vertex -62.499900817871094 -12.34160041809082 1.6064002513885498
    vertex -62.135101318359375 -12.418399810791016 1.6064002513885498
    vertex -62.499900817871094 -12.354400634765625 1.6064002513885498
  endloop
endfacet
facet normal 0.0 0.0 0.0
  outer loop
    vertex -62.499900817871094 -11.669600486755371 1.6064002513885498
    vertex -62.359100341796875 -11.727200508117676 1.6064002513885498
    vertex -62.499900817871094 -11.708001136779785 1.6064002513885498
  endloop
endfacet
facet normal 0.0 0.0 0.0
  outer loop
    vertex -64.00389862060547 -12.834400177001953 1.6064003705978394
    vertex -63.837501525878906 -12.834400177001953 1.6064003705978394
    vertex -63.863101959228516 -12.860000610351562 1.6064003705978394
  endloop
endfacet
facet normal 0.0 0.0 0.0
  outer loop
    vertex -62.499900817871094 -12.751200675964355 1.6064002513885498
    vertex -62.941497802734375 -12.751200675964355 1.6064002513885498
    vertex -62.84550094604492 -12.680800437927246 1.6064002513885498
  endloop
endfacet
facet normal 0.0 0.0 0.0
  outer loop
    vertex -62.499900817871094 -12.770401000976562 1.6064002513885498
    vertex -62.941497802734375 -12.751200675964355 1.6064002513885498
    vertex -62.499900817871094 -12.751200675964355 1.6064002513885498
  endloop
endfacet
facet normal 0.0 0.0 0.0
  outer loop
    vertex -61.2135009765625 -12.78960132598877 1.6064002513885498
    vertex -61.89830017089844 -12.744800567626953 1.6064002513885498
    vertex -61.23910140991211 -12.763999938964844 1.6064002513885498
  endloop
endfacet
facet normal 0.0 0.0 0.0
  outer loop
    vertex -61.19430160522461 -12.80880069732666 1.6064002513885498
    vertex -61.55270004272461 -12.796000480651855 1.6064002513885498
    vertex -61.2135009765625 -12.78960132598877 1.6064002513885498
  endloop
endfacet
facet normal 0.0 0.0 0.0
  outer loop
    vertex -63.0630989074707 -13.372000694274902 1.6064002513885498
    vertex -63.36389923095703 -13.384800910949707 1.6064003705978394
    vertex -63.17829895019531 -13.352800369262695 1.6064002513885498
  endloop
endfacet
facet normal 0.0 0.0 0.0
  outer loop
    vertex -61.168701171875 -12.834400177001953 1.6064002513885498
    vertex -61.347900390625 -12.834400177001953 1.6064002513885498
    vertex -61.19430160522461 -12.80880069732666 1.6064002513885498
  endloop
endfacet
facet normal 0.0 0.0 0.0
  outer loop
    vertex -61.079097747802734 -13.1864013671875 1.6064002513885498
    vertex -61.30950164794922 -13.180001258850098 1.6064002513885498
    vertex -61.13029861450195 -13.173600196838379 1.6064002513885498
  endloop
endfacet
facet normal 0.0 0.0 0.0
  outer loop
    vertex -61.25830078125 -10.613600730895996 1.6064002513885498
    vertex -61.50790023803711 -10.504800796508789 1.6064002513885498
    vertex -61.4822998046875 -10.47920036315918 1.6064002513885498
  endloop
endfacet
facet normal 0.0 0.0 0.0
  outer loop
    vertex -61.04069900512695 -13.199200630187988 1.6064002513885498
    vertex -61.22629928588867 -13.199200630187988 1.6064002513885498
    vertex -61.079097747802734 -13.1864013671875 1.6064002513885498
  endloop
endfacet
facet normal 0.0 0.0 0.0
  outer loop
    vertex -61.00870132446289 -13.20560073852539 1.6064002513885498
    vertex -61.168701171875 -13.212000846862793 1.6064002513885498
    vertex -61.04069900512695 -13.199200630187988 1.6064002513885498
  endloop
endfacet
facet normal 0.0 0.0 0.0
  outer loop
    vertex -62.499900817871094 -13.295201301574707 1.6064002513885498
    vertex -62.7495002746582 -13.263200759887695 1.6064002513885498
    vertex -62.499900817871094 -13.250401496887207 1.6064002513885498
  endloop
endfacet
facet normal 0.0 0.0 0.0
  outer loop
    vertex -62.499900817871094 -13.308000564575195 1.6064002513885498
    vertex -62.429500579833984 -13.301600456237793 1.6064002513885498
    vertex -62.499900817871094 -13.359201431274414 1.6064002513885498
  endloop
endfacet
facet normal 0.0 0.0 0.0
  outer loop
    vertex -62.173500061035156 -13.775199890136719 1.6064002513885498
    vertex -62.499900817871094 -13.775199890136719 1.6064002513885498
    vertex -62.467899322509766 -13.692000389099121 1.6064002513885498
  endloop
endfacet
facet normal 0.0 0.0 0.0
  outer loop
    vertex -61.73189926147461 -13.775199890136719 1.6064002513885498
    vertex -62.173500061035156 -13.775199890136719 1.6064002513885498
    vertex -62.16709899902344 -13.666400909423828 1.6064002513885498
  endloop
endfacet
facet normal 0.0 0.0 0.0
  outer loop
    vertex -61.7958984375 -13.628000259399414 1.6064002513885498
    vertex -62.16709899902344 -13.666400909423828 1.6064002513885498
    vertex -62.064701080322266 -13.570401191711426 1.6064002513885498
  endloop
endfacet
facet normal 0.0 0.0 0.0
  outer loop
    vertex -62.499900817871094 -13.698400497436523 1.6064002513885498
    vertex -62.467899322509766 -13.692000389099121 1.6064002513885498
    vertex -62.499900817871094 -13.775199890136719 1.6064002513885498
  endloop
endfacet
facet normal 0.0 0.0 0.0
  outer loop
    vertex -62.99909973144531 -13.78800106048584 1.6064002513885498
    vertex -62.59590148925781 -13.820000648498535 1.6064002513885498
    vertex -62.89030075073242 -13.826400756835938 1.6064002513885498
  endloop
endfacet
facet normal 0.0 0.0 0.0
  outer loop
    vertex -62.23109817504883 -13.43600082397461 1.6064002513885498
    vertex -62.499900817871094 -13.461601257324219 1.6064002513885498
    vertex -62.423099517822266 -13.404000282287598 1.6064002513885498
  endloop
endfacet
facet normal 0.0 0.0 0.0
  outer loop
    vertex -63.27429962158203 -13.775199890136719 1.6064002513885498
    vertex -62.9734992980957 -13.852001190185547 1.6064002513885498
    vertex -63.12710189819336 -13.820000648498535 1.6064002513885498
  endloop
endfacet
facet normal 0.0 0.0 0.0
  outer loop
    vertex -62.499900817871094 -14.703201293945312 1.6064002513885498
    vertex -62.295101165771484 -14.690400123596191 1.6064002513885498
    vertex -62.499900817871094 -17.903200149536133 1.6064002513885498
  endloop
endfacet
facet normal 0.0 0.0 0.0
  outer loop
    vertex -63.30630111694336 -13.698400497436523 1.6064002513885498
    vertex -63.48550033569336 -13.640801429748535 1.6064003705978394
    vertex -63.32550048828125 -13.621600151062012 1.6064003705978394
  endloop
endfacet
facet normal 0.0 0.0 0.0
  outer loop
    vertex -63.29349899291992 -13.698400497436523 1.6064002513885498
    vertex -63.12070083618164 -13.679200172424316 1.6064002513885498
    vertex -63.13349914550781 -13.749600410461426 1.6064002513885498
  endloop
endfacet
facet normal 0.0 0.0 0.0
  outer loop
    vertex -62.544700622558594 -9.903200149536133 1.6064002513885498
    vertex -63.61349868774414 -9.372000694274902 1.6064003705978394
    vertex -63.56230163574219 -9.346400260925293 1.6064003705978394
  endloop
endfacet
facet normal 0.0 0.0 0.0
  outer loop
    vertex -62.173500061035156 -13.199200630187988 1.6064002513885498
    vertex -61.4822998046875 -13.199200630187988 1.6064002513885498
    vertex -61.98149871826172 -13.237600326538086 1.6064002513885498
  endloop
endfacet
facet normal 0.0 0.0 0.0
  outer loop
    vertex -63.54949951171875 -13.564001083374023 1.6064003705978394
    vertex -63.31269836425781 -13.538400650024414 1.6064002513885498
    vertex -63.32550048828125 -13.621600151062012 1.6064003705978394
  endloop
endfacet
facet normal 0.0 0.0 0.0
  outer loop
    vertex -63.80550003051758 -13.493600845336914 1.6064003705978394
    vertex -63.53030014038086 -13.474400520324707 1.6064003705978394
    vertex -63.54949951171875 -13.564001083374023 1.6064003705978394
  endloop
endfacet
facet normal 0.0 0.0 0.0
  outer loop
    vertex -63.31269836425781 -13.538400650024414 1.6064002513885498
    vertex -63.53030014038086 -13.474400520324707 1.6064003705978394
    vertex -63.33190155029297 -13.461601257324219 1.6064003705978394
  endloop
endfacet
facet normal 0.0 0.0 0.0
  outer loop
    vertex -63.03110122680664 -13.781600952148438 1.6064002513885498
    vertex -62.69190216064453 -13.794400215148926 1.6064002513885498
    vertex -62.99909973144531 -13.78800106048584 1.6064002513885498
  endloop
endfacet
facet normal 0.0 0.0 0.0
  outer loop
    vertex -62.499900817871094 -12.700000762939453 1.6064002513885498
    vertex -62.384700775146484 -12.770401000976562 1.6064002513885498
    vertex -62.499900817871094 -12.751200675964355 1.6064002513885498
  endloop
endfacet
facet normal 0.0 0.0 0.0
  outer loop
    vertex -62.499900817871094 -12.700000762939453 1.6064002513885498
    vertex -61.89830017089844 -12.744800567626953 1.6064002513885498
    vertex -62.384700775146484 -12.770401000976562 1.6064002513885498
  endloop
endfacet
facet normal 0.0 0.0 0.0
  outer loop
    vertex -63.05670166015625 -13.775199890136719 1.6064002513885498
    vertex -62.762298583984375 -13.775199890136719 1.6064002513885498
    vertex -63.03110122680664 -13.781600952148438 1.6064002513885498
  endloop
endfacet
facet normal 0.0 0.0 0.0
  outer loop
    vertex -60.14469909667969 -11.048800468444824 1.6064002513885498
    vertex -60.48390197753906 -10.92080020904541 1.6064002513885498
    vertex -60.227901458740234 -11.003999710083008 1.6064002513885498
  endloop
endfacet
facet normal 0.0 0.0 0.0
  outer loop
    vertex -60.138301849365234 -11.087200164794922 1.6064002513885498
    vertex -60.48390197753906 -10.92080020904541 1.6064002513885498
    vertex -60.14469909667969 -11.048800468444824 1.6064002513885498
  endloop
endfacet
facet normal 0.0 0.0 0.0
  outer loop
    vertex -62.46150207519531 -13.800800323486328 1.6064002513885498
    vertex -62.03269958496094 -13.852001190185547 1.6064002513885498
    vertex -62.3463020324707 -13.83280086517334 1.6064002513885498
  endloop
endfacet
facet normal 0.0 0.0 0.0
  outer loop
    vertex -62.46150207519531 -13.800800323486328 1.6064002513885498
    vertex -62.019901275634766 -13.81360149383545 1.6064002513885498
    vertex -62.03269958496094 -13.852001190185547 1.6064002513885498
  endloop
endfacet
facet normal 0.0 0.0 0.0
  outer loop
    vertex -65.706298828125 -8.296799659729004 1.6064003705978394
    vertex -64.61190032958984 -9.096799850463867 1.6064003705978394
    vertex -64.7655029296875 -9.237600326538086 1.6064003705978394
  endloop
endfacet
facet normal 0.0 0.0 0.0
  outer loop
    vertex -65.706298828125 -8.296799659729004 1.6064003705978394
    vertex -64.45189666748047 -8.962400436401367 1.6064003705978394
    vertex -64.61190032958984 -9.096799850463867 1.6064003705978394
  endloop
endfacet
facet normal 0.0 0.0 0.0
  outer loop
    vertex -65.706298828125 -8.296799659729004 1.6064003705978394
    vertex -64.27909851074219 -8.840800285339355 1.6064003705978394
    vertex -64.45189666748047 -8.962400436401367 1.6064003705978394
  endloop
endfacet
facet normal 0.0 0.0 0.0
  outer loop
    vertex -65.706298828125 -8.296799659729004 1.6064003705978394
    vertex -64.09989929199219 -8.725600242614746 1.6064003705978394
    vertex -64.27909851074219 -8.840800285339355 1.6064003705978394
  endloop
endfacet
facet normal 0.0 0.0 0.0
  outer loop
    vertex -65.706298828125 -8.296799659729004 1.6064003705978394
    vertex -63.92070007324219 -8.629600524902344 1.6064003705978394
    vertex -64.09989929199219 -8.725600242614746 1.6064003705978394
  endloop
endfacet
facet normal 0.0 0.0 0.0
  outer loop
    vertex -65.706298828125 -8.296799659729004 1.6064003705978394
    vertex -63.72869873046875 -8.54640007019043 1.6064003705978394
    vertex -63.92070007324219 -8.629600524902344 1.6064003705978394
  endloop
endfacet
facet normal 0.0 0.0 0.0
  outer loop
    vertex -65.706298828125 -8.296799659729004 1.6064003705978394
    vertex -63.53030014038086 -8.469599723815918 1.6064003705978394
    vertex -63.72869873046875 -8.54640007019043 1.6064003705978394
  endloop
endfacet
facet normal 0.0 0.0 0.0
  outer loop
    vertex -65.706298828125 -8.296799659729004 1.6064003705978394
    vertex -63.33190155029297 -8.41200065612793 1.6064003705978394
    vertex -63.53030014038086 -8.469599723815918 1.6064003705978394
  endloop
endfacet
facet normal 0.0 0.0 0.0
  outer loop
    vertex -65.706298828125 -8.296799659729004 1.6064003705978394
    vertex -63.12710189819336 -8.360799789428711 1.6064002513885498
    vertex -63.33190155029297 -8.41200065612793 1.6064003705978394
  endloop
endfacet
facet normal 0.0 0.0 0.0
  outer loop
    vertex -65.706298828125 -8.296799659729004 1.6064003705978394
    vertex -62.92230224609375 -8.328800201416016 1.6064002513885498
    vertex -63.12710189819336 -8.360799789428711 1.6064002513885498
  endloop
endfacet
facet normal 0.0 0.0 0.0
  outer loop
    vertex -65.706298828125 -8.296799659729004 1.6064003705978394
    vertex -62.71110153198242 -8.309600830078125 1.6064002513885498
    vertex -62.92230224609375 -8.328800201416016 1.6064002513885498
  endloop
endfacet
facet normal 0.0 0.0 0.0
  outer loop
    vertex -65.706298828125 -8.296799659729004 1.6064003705978394
    vertex -62.499900817871094 -5.096799850463867 1.6064002513885498
    vertex -62.71110153198242 -8.309600830078125 1.6064002513885498
  endloop
endfacet
facet normal 0.0 0.0 0.0
  outer loop
    vertex -60.95109939575195 -11.304800987243652 1.6064002513885498
    vertex -61.96229934692383 -10.959200859069824 1.6064002513885498
    vertex -61.93669891357422 -10.933599472045898 1.6064002513885498
  endloop
endfacet
facet normal 0.0 0.0 0.0
  outer loop
    vertex -60.522300720214844 -11.503199577331543 1.6064002513885498
    vertex -61.96229934692383 -10.959200859069824 1.6064002513885498
    vertex -60.95109939575195 -11.304800987243652 1.6064002513885498
  endloop
endfacet
facet normal 0.0 0.0 0.0
  outer loop
    vertex -63.13349914550781 -13.749600410461426 1.6064002513885498
    vertex -62.96070098876953 -13.71760082244873 1.6064002513885498
    vertex -63.1078987121582 -13.756000518798828 1.6064002513885498
  endloop
endfacet
facet normal 0.0 0.0 0.0
  outer loop
    vertex -62.99909973144531 -13.78800106048584 1.6064002513885498
    vertex -63.27429962158203 -13.775199890136719 1.6064002513885498
    vertex -63.03110122680664 -13.781600952148438 1.6064002513885498
  endloop
endfacet
facet normal 0.0 0.0 0.0
  outer loop
    vertex -62.19269943237305 -13.877601623535156 1.6064002513885498
    vertex -62.320701599121094 -13.890400886535645 1.6064002513885498
    vertex -62.205501556396484 -13.877601623535156 1.6064002513885498
  endloop
endfacet
facet normal 0.0 0.0 0.0
  outer loop
    vertex -64.61190032958984 -13.90320110321045 1.6064003705978394
    vertex -65.706298828125 -14.703201293945312 1.6064003705978394
    vertex -64.7655029296875 -13.76240062713623 1.6064003705978394
  endloop
endfacet
facet normal 0.0 0.0 0.0
  outer loop
    vertex -64.45189666748047 -14.03760051727295 1.6064003705978394
    vertex -65.706298828125 -14.703201293945312 1.6064003705978394
    vertex -64.61190032958984 -13.90320110321045 1.6064003705978394
  endloop
endfacet
facet normal 0.0 0.0 0.0
  outer loop
    vertex -64.27909851074219 -14.159200668334961 1.6064003705978394
    vertex -65.706298828125 -14.703201293945312 1.6064003705978394
    vertex -64.45189666748047 -14.03760051727295 1.6064003705978394
  endloop
endfacet
facet normal 0.0 0.0 0.0
  outer loop
    vertex -64.09989929199219 -14.27440071105957 1.6064003705978394
    vertex -65.706298828125 -14.703201293945312 1.6064003705978394
    vertex -64.27909851074219 -14.159200668334961 1.6064003705978394
  endloop
endfacet
facet normal 0.0 0.0 0.0
  outer loop
    vertex -63.92070007324219 -14.370400428771973 1.6064003705978394
    vertex -65.706298828125 -14.703201293945312 1.6064003705978394
    vertex -64.09989929199219 -14.27440071105957 1.6064003705978394
  endloop
endfacet
facet normal 0.0 0.0 0.0
  outer loop
    vertex -63.72869873046875 -14.453601837158203 1.6064003705978394
    vertex -65.706298828125 -14.703201293945312 1.6064003705978394
    vertex -63.92070007324219 -14.370400428771973 1.6064003705978394
  endloop
endfacet
facet normal 0.0 0.0 0.0
  outer loop
    vertex -63.53030014038086 -14.530401229858398 1.6064003705978394
    vertex -65.706298828125 -14.703201293945312 1.6064003705978394
    vertex -63.72869873046875 -14.453601837158203 1.6064003705978394
  endloop
endfacet
facet normal 0.0 0.0 0.0
  outer loop
    vertex -63.33190155029297 -14.588001251220703 1.6064003705978394
    vertex -65.706298828125 -14.703201293945312 1.6064003705978394
    vertex -63.53030014038086 -14.530401229858398 1.6064003705978394
  endloop
endfacet
facet normal 0.0 0.0 0.0
  outer loop
    vertex -63.12710189819336 -14.639201164245605 1.6064002513885498
    vertex -65.706298828125 -14.703201293945312 1.6064003705978394
    vertex -63.33190155029297 -14.588001251220703 1.6064003705978394
  endloop
endfacet
facet normal 0.0 0.0 0.0
  outer loop
    vertex -62.92230224609375 -14.671201705932617 1.6064002513885498
    vertex -65.706298828125 -14.703201293945312 1.6064003705978394
    vertex -63.12710189819336 -14.639201164245605 1.6064002513885498
  endloop
endfacet
facet normal 0.0 0.0 0.0
  outer loop
    vertex -62.71110153198242 -14.690400123596191 1.6064002513885498
    vertex -65.706298828125 -14.703201293945312 1.6064003705978394
    vertex -62.92230224609375 -14.671201705932617 1.6064002513885498
  endloop
endfacet
facet normal 0.0 0.0 0.0
  outer loop
    vertex -62.499900817871094 -14.703201293945312 1.6064002513885498
    vertex -65.706298828125 -14.703201293945312 1.6064003705978394
    vertex -62.71110153198242 -14.690400123596191 1.6064002513885498
  endloop
endfacet
facet normal 0.0 0.0 0.0
  outer loop
    vertex -62.499900817871094 -17.903200149536133 1.6064002513885498
    vertex -65.706298828125 -14.703201293945312 1.6064003705978394
    vertex -62.499900817871094 -14.703201293945312 1.6064002513885498
  endloop
endfacet
facet normal 0.0 0.0 0.0
  outer loop
    vertex -62.762298583984375 -13.775199890136719 1.6064002513885498
    vertex -62.544700622558594 -13.775199890136719 1.6064002513885498
    vertex -62.69190216064453 -13.794400215148926 1.6064002513885498
  endloop
endfacet
facet normal 0.0 0.0 0.0
  outer loop
    vertex -62.499900817871094 -13.583200454711914 1.6064002513885498
    vertex -62.467899322509766 -13.589601516723633 1.6064002513885498
    vertex -62.499900817871094 -13.596000671386719 1.6064002513885498
  endloop
endfacet
facet normal 0.0 0.0 0.0
  outer loop
    vertex -59.29990005493164 -14.703201293945312 1.6064001321792603
    vertex -59.31270217895508 -11.708001136779785 1.6064001321792603
    vertex -59.29990005493164 -11.503199577331543 1.6064001321792603
  endloop
endfacet
facet normal 0.0 0.0 0.0
  outer loop
    vertex -59.29990005493164 -14.703201293945312 1.6064001321792603
    vertex -59.33190155029297 -11.91919994354248 1.6064001321792603
    vertex -59.31270217895508 -11.708001136779785 1.6064001321792603
  endloop
endfacet
facet normal 0.0 0.0 0.0
  outer loop
    vertex -59.29990005493164 -14.703201293945312 1.6064001321792603
    vertex -59.36389923095703 -12.124000549316406 1.6064001321792603
    vertex -59.33190155029297 -11.91919994354248 1.6064001321792603
  endloop
endfacet
facet normal 0.0 0.0 0.0
  outer loop
    vertex -59.29990005493164 -14.703201293945312 1.6064001321792603
    vertex -59.41510009765625 -12.328800201416016 1.6064001321792603
    vertex -59.36389923095703 -12.124000549316406 1.6064001321792603
  endloop
endfacet
facet normal 0.0 0.0 0.0
  outer loop
    vertex -59.29990005493164 -14.703201293945312 1.6064001321792603
    vertex -59.47270202636719 -12.527200698852539 1.6064001321792603
    vertex -59.41510009765625 -12.328800201416016 1.6064001321792603
  endloop
endfacet
facet normal 0.0 0.0 0.0
  outer loop
    vertex -59.29990005493164 -14.703201293945312 1.6064001321792603
    vertex -59.54949951171875 -12.725600242614746 1.6064001321792603
    vertex -59.47270202636719 -12.527200698852539 1.6064001321792603
  endloop
endfacet
facet normal 0.0 0.0 0.0
  outer loop
    vertex -59.29990005493164 -14.703201293945312 1.6064001321792603
    vertex -59.6327018737793 -12.917600631713867 1.6064001321792603
    vertex -59.54949951171875 -12.725600242614746 1.6064001321792603
  endloop
endfacet
facet normal 0.0 0.0 0.0
  outer loop
    vertex -59.29990005493164 -14.703201293945312 1.6064001321792603
    vertex -59.72869873046875 -13.096800804138184 1.6064001321792603
    vertex -59.6327018737793 -12.917600631713867 1.6064001321792603
  endloop
endfacet
facet normal 0.0 0.0 0.0
  outer loop
    vertex -59.29990005493164 -14.703201293945312 1.6064001321792603
    vertex -59.84389877319336 -13.2760009765625 1.6064001321792603
    vertex -59.72869873046875 -13.096800804138184 1.6064001321792603
  endloop
endfacet
facet normal 0.0 0.0 0.0
  outer loop
    vertex -59.29990005493164 -14.703201293945312 1.6064001321792603
    vertex -59.96549987792969 -13.448801040649414 1.6064001321792603
    vertex -59.84389877319336 -13.2760009765625 1.6064001321792603
  endloop
endfacet
facet normal 0.0 0.0 0.0
  outer loop
    vertex -59.29990005493164 -14.703201293945312 1.6064001321792603
    vertex -60.09989929199219 -13.608800888061523 1.6064002513885498
    vertex -59.96549987792969 -13.448801040649414 1.6064001321792603
  endloop
endfacet
facet normal 0.0 0.0 0.0
  outer loop
    vertex -59.29990005493164 -14.703201293945312 1.6064001321792603
    vertex -60.240699768066406 -13.76240062713623 1.6064002513885498
    vertex -60.09989929199219 -13.608800888061523 1.6064002513885498
  endloop
endfacet
facet normal 0.0 0.0 0.0
  outer loop
    vertex -60.989501953125 -13.212000846862793 1.6064002513885498
    vertex -61.1239013671875 -13.218400955200195 1.6064002513885498
    vertex -61.00870132446289 -13.20560073852539 1.6064002513885498
  endloop
endfacet
facet normal 0.0 0.0 0.0
  outer loop
    vertex -65.706298828125 -14.703201293945312 1.6064003705978394
    vertex -68.90630340576172 -11.503199577331543 1.606400489807129
    vertex -65.706298828125 -11.503199577331543 1.6064003705978394
  endloop
endfacet
facet normal 0.0 0.0 0.0
  outer loop
    vertex -62.499900817871094 -12.943201065063477 1.6064002513885498
    vertex -62.69190216064453 -12.904800415039062 1.6064002513885498
    vertex -62.499900817871094 -12.89840030670166 1.6064002513885498
  endloop
endfacet
facet normal 0.0 0.0 0.0
  outer loop
    vertex -60.80390167236328 -13.199200630187988 1.6064002513885498
    vertex -60.925498962402344 -13.077600479125977 1.6064002513885498
    vertex -60.84870147705078 -13.077600479125977 1.6064002513885498
  endloop
endfacet
facet normal 0.0 0.0 0.0
  outer loop
    vertex -62.064701080322266 -13.570401191711426 1.6064002513885498
    vertex -62.352699279785156 -13.621600151062012 1.6064002513885498
    vertex -62.16709899902344 -13.551199913024902 1.6064002513885498
  endloop
endfacet
facet normal 0.0 0.0 0.0
  outer loop
    vertex -61.31589889526367 -13.448801040649414 1.6064002513885498
    vertex -61.72549819946289 -13.519201278686523 1.6064002513885498
    vertex -61.35430145263672 -13.442400932312012 1.6064002513885498
  endloop
endfacet
facet normal 0.0 0.0 0.0
  outer loop
    vertex -61.25830078125 -10.613600730895996 1.6064002513885498
    vertex -60.586299896240234 -10.869600296020508 1.6064002513885498
    vertex -60.89350128173828 -10.780000686645508 1.6064002513885498
  endloop
endfacet
facet normal 0.0 0.0 0.0
  outer loop
    vertex -60.14469909667969 -11.887200355529785 1.6064002513885498
    vertex -60.1254997253418 -11.81040096282959 1.6064002513885498
    vertex -60.138301849365234 -11.887200355529785 1.6064002513885498
  endloop
endfacet
facet normal 0.0 0.0 0.0
  outer loop
    vertex -60.14469909667969 -11.887200355529785 1.6064002513885498
    vertex -60.11909866333008 -11.708001136779785 1.6064002513885498
    vertex -60.1254997253418 -11.81040096282959 1.6064002513885498
  endloop
endfacet
facet normal 0.0 0.0 0.0
  outer loop
    vertex -62.499900817871094 -12.642400741577148 1.6064002513885498
    vertex -61.89830017089844 -12.744800567626953 1.6064002513885498
    vertex -62.499900817871094 -12.700000762939453 1.6064002513885498
  endloop
endfacet
facet normal 0.0 0.0 0.0
  outer loop
    vertex -62.499900817871094 -12.853601455688477 1.6064002513885498
    vertex -62.602298736572266 -12.834400177001953 1.6064002513885498
    vertex -62.499900817871094 -12.834400177001953 1.6064002513885498
  endloop
endfacet
facet normal 0.0 0.0 0.0
  outer loop
    vertex -60.247100830078125 -10.99120044708252 1.6064002513885498
    vertex -60.151100158691406 -11.029600143432617 1.6064002513885498
    vertex -60.227901458740234 -11.003999710083008 1.6064002513885498
  endloop
endfacet
facet normal 0.0 0.0 0.0
  outer loop
    vertex -60.16389846801758 -10.96560001373291 1.6064002513885498
    vertex -60.535099029541016 -10.735199928283691 1.6064002513885498
    vertex -60.183101654052734 -10.87600040435791 1.6064002513885498
  endloop
endfacet
facet normal 0.0 0.0 0.0
  outer loop
    vertex -60.227901458740234 -10.728800773620605 1.6064002513885498
    vertex -60.477500915527344 -10.613600730895996 1.6064002513885498
    vertex -60.23429870605469 -10.7160005569458 1.6064002513885498
  endloop
endfacet
facet normal 0.0 0.0 0.0
  outer loop
    vertex -61.168701171875 -12.194400787353516 1.6064002513885498
    vertex -61.69990158081055 -11.951200485229492 1.6064002513885498
    vertex -61.53350067138672 -11.976800918579102 1.6064002513885498
  endloop
endfacet
facet normal 0.0 0.0 0.0
  outer loop
    vertex -63.49190139770508 -12.1496000289917 1.6064003705978394
    vertex -63.19110107421875 -12.188000679016113 1.6064002513885498
    vertex -63.21030044555664 -12.20720100402832 1.6064002513885498
  endloop
endfacet
facet normal 0.0 0.0 0.0
  outer loop
    vertex -62.07749938964844 -12.834400177001953 1.6064002513885498
    vertex -62.499900817871094 -12.834400177001953 1.6064002513885498
    vertex -62.384700775146484 -12.770401000976562 1.6064002513885498
  endloop
endfacet
facet normal 0.0 0.0 0.0
  outer loop
    vertex -62.499900817871094 -8.296799659729004 1.6064002513885498
    vertex -62.71110153198242 -8.309600830078125 1.6064002513885498
    vertex -62.499900817871094 -5.096799850463867 1.6064002513885498
  endloop
endfacet
facet normal 0.0 0.0 0.0
  outer loop
    vertex -60.221500396728516 -10.76720142364502 1.6064002513885498
    vertex -60.477500915527344 -10.613600730895996 1.6064002513885498
    vertex -60.227901458740234 -10.728800773620605 1.6064002513885498
  endloop
endfacet
facet normal 0.0 0.0 0.0
  outer loop
    vertex -60.89350128173828 -9.890399932861328 1.6064002513885498
    vertex -62.499900817871094 -9.10319995880127 1.6064002513885498
    vertex -61.55270004272461 -9.52560043334961 1.6064002513885498
  endloop
endfacet
facet normal 0.0 0.0 0.0
  outer loop
    vertex -60.14469909667969 -11.048800468444824 1.6064002513885498
    vertex -60.227901458740234 -11.003999710083008 1.6064002513885498
    vertex -60.151100158691406 -11.029600143432617 1.6064002513885498
  endloop
endfacet
facet normal 0.0 0.0 0.0
  outer loop
    vertex -62.499900817871094 -13.199200630187988 1.6064002513885498
    vertex -62.173500061035156 -13.199200630187988 1.6064002513885498
    vertex -62.499900817871094 -13.250401496887207 1.6064002513885498
  endloop
endfacet
facet normal 0.0 0.0 0.0
  outer loop
    vertex -60.59910202026367 -10.03760051727295 1.6064002513885498
    vertex -60.72710037231445 -9.903200149536133 1.6064002513885498
    vertex -60.714298248291016 -9.909600257873535 1.6064002513885498
  endloop
endfacet
facet normal 0.0 0.0 0.0
  outer loop
    vertex -64.22789764404297 -9.826399803161621 1.6064003705978394
    vertex -64.20230102539062 -9.800800323486328 1.6064003705978394
    vertex -64.22149658203125 -9.832799911499023 1.6064003705978394
  endloop
endfacet
facet normal 0.0 0.0 0.0
  outer loop
    vertex -59.33190155029297 -11.08080005645752 1.6064001321792603
    vertex -59.29990005493164 -8.296799659729004 1.6064001321792603
    vertex -59.31270217895508 -11.292000770568848 1.6064001321792603
  endloop
endfacet
facet normal 0.0 0.0 0.0
  outer loop
    vertex -59.36389923095703 -10.87600040435791 1.6064001321792603
    vertex -59.29990005493164 -8.296799659729004 1.6064001321792603
    vertex -59.33190155029297 -11.08080005645752 1.6064001321792603
  endloop
endfacet
facet normal 0.0 0.0 0.0
  outer loop
    vertex -59.41510009765625 -10.671199798583984 1.6064001321792603
    vertex -59.29990005493164 -8.296799659729004 1.6064001321792603
    vertex -59.36389923095703 -10.87600040435791 1.6064001321792603
  endloop
endfacet
facet normal 0.0 0.0 0.0
  outer loop
    vertex -59.47270202636719 -10.472800254821777 1.6064001321792603
    vertex -59.29990005493164 -8.296799659729004 1.6064001321792603
    vertex -59.41510009765625 -10.671199798583984 1.6064001321792603
  endloop
endfacet
facet normal 0.0 0.0 0.0
  outer loop
    vertex -59.54949951171875 -10.27440071105957 1.6064001321792603
    vertex -59.29990005493164 -8.296799659729004 1.6064001321792603
    vertex -59.47270202636719 -10.472800254821777 1.6064001321792603
  endloop
endfacet
facet normal 0.0 0.0 0.0
  outer loop
    vertex -59.6327018737793 -10.08240032196045 1.6064001321792603
    vertex -59.29990005493164 -8.296799659729004 1.6064001321792603
    vertex -59.54949951171875 -10.27440071105957 1.6064001321792603
  endloop
endfacet
facet normal 0.0 0.0 0.0
  outer loop
    vertex -59.72869873046875 -9.903200149536133 1.6064001321792603
    vertex -59.29990005493164 -8.296799659729004 1.6064001321792603
    vertex -59.6327018737793 -10.08240032196045 1.6064001321792603
  endloop
endfacet
facet normal 0.0 0.0 0.0
  outer loop
    vertex -59.84389877319336 -9.724000930786133 1.6064001321792603
    vertex -59.29990005493164 -8.296799659729004 1.6064001321792603
    vertex -59.72869873046875 -9.903200149536133 1.6064001321792603
  endloop
endfacet
facet normal 0.0 0.0 0.0
  outer loop
    vertex -59.96549987792969 -9.551200866699219 1.6064001321792603
    vertex -59.29990005493164 -8.296799659729004 1.6064001321792603
    vertex -59.84389877319336 -9.724000930786133 1.6064001321792603
  endloop
endfacet
facet normal 0.0 0.0 0.0
  outer loop
    vertex -60.09989929199219 -9.391200065612793 1.6064002513885498
    vertex -59.29990005493164 -8.296799659729004 1.6064001321792603
    vertex -59.96549987792969 -9.551200866699219 1.6064001321792603
  endloop
endfacet
facet normal 0.0 0.0 0.0
  outer loop
    vertex -60.240699768066406 -9.237600326538086 1.6064002513885498
    vertex -59.29990005493164 -8.296799659729004 1.6064001321792603
    vertex -60.09989929199219 -9.391200065612793 1.6064002513885498
  endloop
endfacet
facet normal 0.0 0.0 0.0
  outer loop
    vertex -60.72710037231445 -9.903200149536133 1.6064002513885498
    vertex -60.810298919677734 -9.80720043182373 1.6064002513885498
    vertex -60.80390167236328 -9.800800323486328 1.6064002513885498
  endloop
endfacet
facet normal 0.0 0.0 0.0
  outer loop
    vertex -60.80390167236328 -9.800800323486328 1.6064002513885498
    vertex -60.701499938964844 -9.916000366210938 1.6064002513885498
    vertex -60.714298248291016 -9.909600257873535 1.6064002513885498
  endloop
endfacet
facet normal 0.0 0.0 0.0
  outer loop
    vertex -61.04069900512695 -9.595999717712402 1.6064002513885498
    vertex -61.23270034790039 -9.48080062866211 1.6064002513885498
    vertex -61.18149948120117 -9.5 1.6064002513885498
  endloop
endfacet
facet normal 0.0 0.0 0.0
  outer loop
    vertex -61.02790069580078 -9.660000801086426 1.6064002513885498
    vertex -61.23270034790039 -9.48080062866211 1.6064002513885498
    vertex -61.04069900512695 -9.595999717712402 1.6064002513885498
  endloop
endfacet
facet normal 0.0 0.0 0.0
  outer loop
    vertex -61.39910125732422 -13.352800369262695 1.6064002513885498
    vertex -60.919097900390625 -13.301600456237793 1.6064002513885498
    vertex -61.347900390625 -13.359201431274414 1.6064002513885498
  endloop
endfacet
facet normal 0.0 0.0 0.0
  outer loop
    vertex -61.83430099487305 -13.263200759887695 1.6064002513885498
    vertex -61.29029846191406 -13.231201171875 1.6064002513885498
    vertex -61.53350067138672 -13.327200889587402 1.6064002513885498
  endloop
endfacet
facet normal 0.0 0.0 0.0
  outer loop
    vertex -61.53350067138672 -13.327200889587402 1.6064002513885498
    vertex -60.919097900390625 -13.301600456237793 1.6064002513885498
    vertex -61.45669937133789 -13.34000015258789 1.6064002513885498
  endloop
endfacet
facet normal 0.0 0.0 0.0
  outer loop
    vertex -61.347900390625 -13.359201431274414 1.6064002513885498
    vertex -60.919097900390625 -13.301600456237793 1.6064002513885498
    vertex -61.30950164794922 -13.365601539611816 1.6064002513885498
  endloop
endfacet
facet normal 0.0 0.0 0.0
  outer loop
    vertex -61.09830093383789 -13.410400390625 1.6064002513885498
    vertex -61.04069900512695 -13.404000282287598 1.6064002513885498
    vertex -61.09189987182617 -13.410400390625 1.6064002513885498
  endloop
endfacet
facet normal 0.0 0.0 0.0
  outer loop
    vertex -61.09189987182617 -13.410400390625 1.6064002513885498
    vertex -61.04069900512695 -13.404000282287598 1.6064002513885498
    vertex -61.059898376464844 -13.416800498962402 1.6064002513885498
  endloop
endfacet
facet normal 0.0 0.0 0.0
  outer loop
    vertex -62.499900817871094 -13.800800323486328 1.6064002513885498
    vertex -62.46150207519531 -13.800800323486328 1.6064002513885498
    vertex -62.499900817871094 -13.820000648498535 1.6064002513885498
  endloop
endfacet
facet normal 0.0 0.0 0.0
  outer loop
    vertex -62.499900817871094 -10.472800254821777 1.6064002513885498
    vertex -63.72869873046875 -10.159200668334961 1.6064003705978394
    vertex -62.90950012207031 -10.27440071105957 1.6064002513885498
  endloop
endfacet
facet normal 0.0 0.0 0.0
  outer loop
    vertex -62.499900817871094 -10.530400276184082 1.6064002513885498
    vertex -63.72869873046875 -10.159200668334961 1.6064003705978394
    vertex -62.499900817871094 -10.472800254821777 1.6064002513885498
  endloop
endfacet
facet normal 0.0 0.0 0.0
  outer loop
    vertex -62.499900817871094 -13.820000648498535 1.6064002513885498
    vertex -62.3463020324707 -13.83280086517334 1.6064002513885498
    vertex -62.499900817871094 -13.845600128173828 1.6064002513885498
  endloop
endfacet
facet normal 0.0 0.0 0.0
  outer loop
    vertex -62.499900817871094 -13.845600128173828 1.6064002513885498
    vertex -62.3463020324707 -13.896800994873047 1.6064002513885498
    vertex -62.499900817871094 -13.871200561523438 1.6064002513885498
  endloop
endfacet
facet normal 0.0 0.0 0.0
  outer loop
    vertex -62.499900817871094 -13.845600128173828 1.6064002513885498
    vertex -62.320701599121094 -13.890400886535645 1.6064002513885498
    vertex -62.3463020324707 -13.896800994873047 1.6064002513885498
  endloop
endfacet
facet normal 0.0 0.0 0.0
  outer loop
    vertex -61.50790023803711 -13.685600280761719 1.6064002513885498
    vertex -61.58470153808594 -13.71760082244873 1.6064002513885498
    vertex -61.51430130004883 -13.685600280761719 1.6064002513885498
  endloop
endfacet
facet normal 0.0 0.0 0.0
  outer loop
    vertex -60.112701416015625 -11.708001136779785 1.6064002513885498
    vertex -60.1254997253418 -11.81040096282959 1.6064002513885498
    vertex -60.11909866333008 -11.708001136779785 1.6064002513885498
  endloop
endfacet
facet normal 0.0 0.0 0.0
  outer loop
    vertex -61.62310028076172 -12.380001068115234 1.6064002513885498
    vertex -61.25830078125 -12.444001197814941 1.6064002513885498
    vertex -61.60390090942383 -12.399200439453125 1.6064002513885498
  endloop
endfacet
facet normal 0.0 0.0 0.0
  outer loop
    vertex -60.138301849365234 -11.91919994354248 1.6064002513885498
    vertex -60.151100158691406 -11.9704008102417 1.6064002513885498
    vertex -60.14469909667969 -11.912799835205078 1.6064002513885498
  endloop
endfacet
facet normal 0.0 0.0 0.0
  outer loop
    vertex -60.157501220703125 -11.964000701904297 1.6064002513885498
    vertex -60.151100158691406 -11.912799835205078 1.6064002513885498
    vertex -60.157501220703125 -11.9704008102417 1.6064002513885498
  endloop
endfacet
facet normal 0.0 0.0 0.0
  outer loop
    vertex -60.919097900390625 -12.07919979095459 1.6064002513885498
    vertex -60.266300201416016 -12.36720085144043 1.6064002513885498
    vertex -60.4390983581543 -12.335201263427734 1.6064002513885498
  endloop
endfacet
facet normal 0.0 0.0 0.0
  outer loop
    vertex -60.919097900390625 -12.07919979095459 1.6064002513885498
    vertex -60.208702087402344 -12.194400787353516 1.6064002513885498
    vertex -60.266300201416016 -12.36720085144043 1.6064002513885498
  endloop
endfacet
facet normal 0.0 0.0 0.0
  outer loop
    vertex -60.4390983581543 -12.335201263427734 1.6064002513885498
    vertex -60.266300201416016 -12.36720085144043 1.6064002513885498
    vertex -60.285499572753906 -12.418399810791016 1.6064002513885498
  endloop
endfacet
facet normal 0.0 0.0 0.0
  outer loop
    vertex -60.3494987487793 -12.559200286865234 1.6064002513885498
    vertex -60.75910186767578 -12.360800743103027 1.6064002513885498
    vertex -60.720699310302734 -12.36720085144043 1.6064002513885498
  endloop
endfacet
facet normal 0.0 0.0 0.0
  outer loop
    vertex -60.9447021484375 -13.05840015411377 1.6064002513885498
    vertex -60.84870147705078 -13.077600479125977 1.6064002513885498
    vertex -60.925498962402344 -13.077600479125977 1.6064002513885498
  endloop
endfacet
facet normal 0.0 0.0 0.0
  outer loop
    vertex -61.31589889526367 -13.448801040649414 1.6064002513885498
    vertex -61.09189987182617 -13.410400390625 1.6064002513885498
    vertex -61.14310073852539 -13.474400520324707 1.6064002513885498
  endloop
endfacet
facet normal 0.0 0.0 0.0
  outer loop
    vertex -61.30950164794922 -13.365601539611816 1.6064002513885498
    vertex -61.04069900512695 -13.404000282287598 1.6064002513885498
    vertex -61.09830093383789 -13.410400390625 1.6064002513885498
  endloop
endfacet
facet normal 0.0 0.0 0.0
  outer loop
    vertex -61.30950164794922 -13.365601539611816 1.6064002513885498
    vertex -60.919097900390625 -13.301600456237793 1.6064002513885498
    vertex -61.04069900512695 -13.404000282287598 1.6064002513885498
  endloop
endfacet
facet normal 0.0 0.0 0.0
  outer loop
    vertex -61.45669937133789 -13.34000015258789 1.6064002513885498
    vertex -60.919097900390625 -13.301600456237793 1.6064002513885498
    vertex -61.39910125732422 -13.352800369262695 1.6064002513885498
  endloop
endfacet
facet normal 0.0 0.0 0.0
  outer loop
    vertex -61.168701171875 -13.212000846862793 1.6064002513885498
    vertex -61.00870132446289 -13.20560073852539 1.6064002513885498
    vertex -61.1239013671875 -13.218400955200195 1.6064002513885498
  endloop
endfacet
facet normal 0.0 0.0 0.0
  outer loop
    vertex -61.35430145263672 -13.442400932312012 1.6064002513885498
    vertex -61.09830093383789 -13.410400390625 1.6064002513885498
    vertex -61.31589889526367 -13.448801040649414 1.6064002513885498
  endloop
endfacet
facet normal 0.0 0.0 0.0
  outer loop
    vertex -61.13669967651367 -12.866400718688965 1.6064002513885498
    vertex -60.84870147705078 -13.077600479125977 1.6064002513885498
    vertex -60.9447021484375 -13.05840015411377 1.6064002513885498
  endloop
endfacet
facet normal 0.0 0.0 0.0
  outer loop
    vertex -61.13669967651367 -12.866400718688965 1.6064002513885498
    vertex -60.701499938964844 -13.084001541137695 1.6064002513885498
    vertex -60.84870147705078 -13.077600479125977 1.6064002513885498
  endloop
endfacet
facet normal 0.0 0.0 0.0
  outer loop
    vertex -61.13669967651367 -12.866400718688965 1.6064002513885498
    vertex -60.59910202026367 -12.956001281738281 1.6064002513885498
    vertex -60.701499938964844 -13.084001541137695 1.6064002513885498
  endloop
endfacet
facet normal 0.0 0.0 0.0
  outer loop
    vertex -62.499900817871094 -12.495201110839844 1.6064002513885498
    vertex -63.42150115966797 -12.418399810791016 1.6064003705978394
    vertex -63.40869903564453 -12.405600547790527 1.6064003705978394
  endloop
endfacet
facet normal 0.0 0.0 0.0
  outer loop
    vertex -62.499900817871094 -12.540000915527344 1.6064002513885498
    vertex -63.42150115966797 -12.418399810791016 1.6064003705978394
    vertex -62.499900817871094 -12.495201110839844 1.6064002513885498
  endloop
endfacet
facet normal 0.0 0.0 0.0
  outer loop
    vertex -61.37350082397461 -12.629600524902344 1.6064002513885498
    vertex -61.69350051879883 -12.572000503540039 1.6064002513885498
    vertex -61.39910125732422 -12.604000091552734 1.6064002513885498
  endloop
endfacet
facet normal 0.0 0.0 0.0
  outer loop
    vertex -62.16709899902344 -13.551199913024902 1.6064002513885498
    vertex -61.80229949951172 -13.506401062011719 1.6064002513885498
    vertex -62.064701080322266 -13.570401191711426 1.6064002513885498
  endloop
endfacet
facet normal 0.0 0.0 0.0
  outer loop
    vertex -62.89030075073242 -13.826400756835938 1.6064002513885498
    vertex -63.27429962158203 -13.775199890136719 1.6064002513885498
    vertex -62.99909973144531 -13.78800106048584 1.6064002513885498
  endloop
endfacet
facet normal 0.0 0.0 0.0
  outer loop
    vertex -63.27429962158203 -13.775199890136719 1.6064002513885498
    vertex -62.89030075073242 -13.826400756835938 1.6064002513885498
    vertex -62.9734992980957 -13.852001190185547 1.6064002513885498
  endloop
endfacet
facet normal 0.0 0.0 0.0
  outer loop
    vertex -62.9734992980957 -13.852001190185547 1.6064002513885498
    vertex -62.736698150634766 -13.871200561523438 1.6064002513885498
    vertex -62.813499450683594 -13.877601623535156 1.6064002513885498
  endloop
endfacet
facet normal 0.0 0.0 0.0
  outer loop
    vertex -62.6599006652832 -13.896800994873047 1.6064002513885498
    vertex -62.813499450683594 -13.877601623535156 1.6064002513885498
    vertex -62.69190216064453 -13.884001731872559 1.6064002513885498
  endloop
endfacet
facet normal 0.0 0.0 0.0
  outer loop
    vertex -60.106300354003906 -11.624800682067871 1.6064002513885498
    vertex -60.381500244140625 -11.52239990234375 1.6064002513885498
    vertex -60.106300354003906 -11.503199577331543 1.6064002513885498
  endloop
endfacet
facet normal 0.0 0.0 0.0
  outer loop
    vertex -64.1958999633789 -9.80720043182373 1.6064003705978394
    vertex -64.08709716796875 -9.698400497436523 1.6064003705978394
    vertex -64.14469909667969 -9.858400344848633 1.6064003705978394
  endloop
endfacet
facet normal 0.0 0.0 0.0
  outer loop
    vertex -62.3463020324707 -13.83280086517334 1.6064002513885498
    vertex -62.03269958496094 -13.852001190185547 1.6064002513885498
    vertex -62.205501556396484 -13.877601623535156 1.6064002513885498
  endloop
endfacet
facet normal 0.0 0.0 0.0
  outer loop
    vertex -62.499900817871094 -12.130400657653809 1.6064002513885498
    vertex -62.557498931884766 -12.124000549316406 1.6064002513885498
    vertex -62.499900817871094 -12.0600004196167 1.6064002513885498
  endloop
endfacet
facet normal 0.0 0.0 0.0
  outer loop
    vertex -64.20230102539062 -9.800800323486328 1.6064003705978394
    vertex -64.08709716796875 -9.698400497436523 1.6064003705978394
    vertex -64.1958999633789 -9.80720043182373 1.6064003705978394
  endloop
endfacet
facet normal 0.0 0.0 0.0
  outer loop
    vertex -62.205501556396484 -13.877601623535156 1.6064002513885498
    vertex -62.03269958496094 -13.852001190185547 1.6064002513885498
    vertex -62.19269943237305 -13.877601623535156 1.6064002513885498
  endloop
endfacet
facet normal 0.0 0.0 0.0
  outer loop
    vertex -62.3463020324707 -11.656800270080566 1.6064002513885498
    vertex -62.115901947021484 -11.759201049804688 1.6064002513885498
    vertex -62.263099670410156 -11.74000072479248 1.6064002513885498
  endloop
endfacet
facet normal 0.0 0.0 0.0
  outer loop
    vertex -65.67430114746094 -11.91919994354248 1.6064003705978394
    vertex -65.706298828125 -14.703201293945312 1.6064003705978394
    vertex -65.69349670410156 -11.708001136779785 1.6064003705978394
  endloop
endfacet
facet normal 0.0 0.0 0.0
  outer loop
    vertex -65.64230346679688 -12.124000549316406 1.6064003705978394
    vertex -65.706298828125 -14.703201293945312 1.6064003705978394
    vertex -65.67430114746094 -11.91919994354248 1.6064003705978394
  endloop
endfacet
facet normal 0.0 0.0 0.0
  outer loop
    vertex -65.59110260009766 -12.328800201416016 1.6064003705978394
    vertex -65.706298828125 -14.703201293945312 1.6064003705978394
    vertex -65.64230346679688 -12.124000549316406 1.6064003705978394
  endloop
endfacet
facet normal 0.0 0.0 0.0
  outer loop
    vertex -65.53350067138672 -12.527200698852539 1.6064003705978394
    vertex -65.706298828125 -14.703201293945312 1.6064003705978394
    vertex -65.59110260009766 -12.328800201416016 1.6064003705978394
  endloop
endfacet
facet normal 0.0 0.0 0.0
  outer loop
    vertex -65.45670318603516 -12.725600242614746 1.6064003705978394
    vertex -65.706298828125 -14.703201293945312 1.6064003705978394
    vertex -65.53350067138672 -12.527200698852539 1.6064003705978394
  endloop
endfacet
facet normal 0.0 0.0 0.0
  outer loop
    vertex -65.37349700927734 -12.917600631713867 1.6064003705978394
    vertex -65.706298828125 -14.703201293945312 1.6064003705978394
    vertex -65.45670318603516 -12.725600242614746 1.6064003705978394
  endloop
endfacet
facet normal 0.0 0.0 0.0
  outer loop
    vertex -65.27749633789062 -13.096800804138184 1.6064003705978394
    vertex -65.706298828125 -14.703201293945312 1.6064003705978394
    vertex -65.37349700927734 -12.917600631713867 1.6064003705978394
  endloop
endfacet
facet normal 0.0 0.0 0.0
  outer loop
    vertex -65.16230010986328 -13.2760009765625 1.6064003705978394
    vertex -65.706298828125 -14.703201293945312 1.6064003705978394
    vertex -65.27749633789062 -13.096800804138184 1.6064003705978394
  endloop
endfacet
facet normal 0.0 0.0 0.0
  outer loop
    vertex -65.04070281982422 -13.448801040649414 1.6064003705978394
    vertex -65.706298828125 -14.703201293945312 1.6064003705978394
    vertex -65.16230010986328 -13.2760009765625 1.6064003705978394
  endloop
endfacet
facet normal 0.0 0.0 0.0
  outer loop
    vertex -64.90630340576172 -13.608800888061523 1.6064003705978394
    vertex -65.706298828125 -14.703201293945312 1.6064003705978394
    vertex -65.04070281982422 -13.448801040649414 1.6064003705978394
  endloop
endfacet
facet normal 0.0 0.0 0.0
  outer loop
    vertex -64.7655029296875 -13.76240062713623 1.6064003705978394
    vertex -65.706298828125 -14.703201293945312 1.6064003705978394
    vertex -64.90630340576172 -13.608800888061523 1.6064003705978394
  endloop
endfacet
facet normal 0.0 0.0 0.0
  outer loop
    vertex -62.064701080322266 -13.570401191711426 1.6064002513885498
    vertex -61.72549819946289 -13.519201278686523 1.6064002513885498
    vertex -61.7958984375 -13.628000259399414 1.6064002513885498
  endloop
endfacet
facet normal 0.0 0.0 0.0
  outer loop
    vertex -60.285499572753906 -12.418399810791016 1.6064002513885498
    vertex -60.720699310302734 -12.36720085144043 1.6064002513885498
    vertex -60.45830154418945 -12.335201263427734 1.6064002513885498
  endloop
endfacet
facet normal 0.0 0.0 0.0
  outer loop
    vertex -63.33190155029297 -13.461601257324219 1.6064003705978394
    vertex -63.59429931640625 -13.39120101928711 1.6064003705978394
    vertex -63.36389923095703 -13.384800910949707 1.6064003705978394
  endloop
endfacet
facet normal 0.0 0.0 0.0
  outer loop
    vertex -62.80070114135742 -13.692000389099121 1.6064002513885498
    vertex -62.59590148925781 -13.660001754760742 1.6064002513885498
    vertex -62.723899841308594 -13.71760082244873 1.6064002513885498
  endloop
endfacet
facet normal 0.0 0.0 0.0
  outer loop
    vertex -62.499900817871094 -13.820000648498535 1.6064002513885498
    vertex -62.59590148925781 -13.820000648498535 1.6064002513885498
    vertex -62.499900817871094 -13.800800323486328 1.6064002513885498
  endloop
endfacet
facet normal 0.0 0.0 0.0
  outer loop
    vertex -63.13349914550781 -13.596000671386719 1.6064002513885498
    vertex -62.93510055541992 -13.570401191711426 1.6064002513885498
    vertex -62.9734992980957 -13.640801429748535 1.6064002513885498
  endloop
endfacet
facet normal 0.0 0.0 0.0
  outer loop
    vertex -62.9734992980957 -13.640801429748535 1.6064002513885498
    vertex -62.77510070800781 -13.608800888061523 1.6064002513885498
    vertex -62.941497802734375 -13.653600692749023 1.6064002513885498
  endloop
endfacet
facet normal 0.0 0.0 0.0
  outer loop
    vertex -62.499900817871094 -11.829601287841797 1.6064002513885498
    vertex -62.339900970458984 -11.957600593566895 1.6064002513885498
    vertex -62.499900817871094 -11.906400680541992 1.6064002513885498
  endloop
endfacet
facet normal 0.0 0.0 0.0
  outer loop
    vertex -62.499900817871094 -11.829601287841797 1.6064002513885498
    vertex -62.000701904296875 -12.002400398254395 1.6064002513885498
    vertex -62.339900970458984 -11.957600593566895 1.6064002513885498
  endloop
endfacet
facet normal 0.0 0.0 0.0
  outer loop
    vertex -62.941497802734375 -13.653600692749023 1.6064002513885498
    vertex -62.723899841308594 -13.628000259399414 1.6064002513885498
    vertex -62.80070114135742 -13.692000389099121 1.6064002513885498
  endloop
endfacet
facet normal 0.0 0.0 0.0
  outer loop
    vertex -60.32390213012695 -10.511199951171875 1.6064002513885498
    vertex -60.432701110839844 -10.306400299072266 1.6064002513885498
    vertex -60.419898986816406 -10.312800407409668 1.6064002513885498
  endloop
endfacet
facet normal 0.0 0.0 0.0
  outer loop
    vertex -62.499900817871094 -10.664800643920898 1.6064002513885498
    vertex -61.93669891357422 -10.933599472045898 1.6064002513885498
    vertex -62.499900817871094 -10.722400665283203 1.6064002513885498
  endloop
endfacet
facet normal 0.0 0.0 0.0
  outer loop
    vertex -62.499900817871094 -10.664800643920898 1.6064002513885498
    vertex -61.911102294921875 -10.907999992370605 1.6064002513885498
    vertex -61.93669891357422 -10.933599472045898 1.6064002513885498
  endloop
endfacet
facet normal 0.0 0.0 0.0
  outer loop
    vertex -60.59910202026367 -10.03760051727295 1.6064002513885498
    vertex -60.89350128173828 -9.890399932861328 1.6064002513885498
    vertex -60.88710021972656 -9.883999824523926 1.6064002513885498
  endloop
endfacet
facet normal 0.0 0.0 0.0
  outer loop
    vertex -60.59910202026367 -10.03760051727295 1.6064002513885498
    vertex -60.88710021972656 -9.883999824523926 1.6064002513885498
    vertex -60.880699157714844 -9.87760066986084 1.6064002513885498
  endloop
endfacet
facet normal 0.0 0.0 0.0
  outer loop
    vertex -60.59910202026367 -10.03760051727295 1.6064002513885498
    vertex -60.880699157714844 -9.87760066986084 1.6064002513885498
    vertex -60.87430191040039 -9.871200561523438 1.6064002513885498
  endloop
endfacet
facet normal 0.0 0.0 0.0
  outer loop
    vertex -60.59910202026367 -10.03760051727295 1.6064002513885498
    vertex -60.87430191040039 -9.871200561523438 1.6064002513885498
    vertex -60.86149978637695 -9.858400344848633 1.6064002513885498
  endloop
endfacet
facet normal 0.0 0.0 0.0
  outer loop
    vertex -61.44390106201172 -9.346400260925293 1.6064002513885498
    vertex -61.3031005859375 -9.423200607299805 1.6064002513885498
    vertex -61.31589889526367 -9.448800086975098 1.6064002513885498
  endloop
endfacet
facet normal 0.0 0.0 0.0
  outer loop
    vertex -60.835899353027344 -9.832799911499023 1.6064002513885498
    vertex -61.02790069580078 -9.660000801086426 1.6064002513885498
    vertex -60.93830108642578 -9.698400497436523 1.6064002513885498
  endloop
endfacet
facet normal 0.0 0.0 0.0
  outer loop
    vertex -64.6438980102539 -11.503199577331543 1.6064003705978394
    vertex -64.89990234375 -11.503199577331543 1.6064003705978394
    vertex -64.89990234375 -11.445600509643555 1.6064003705978394
  endloop
endfacet
facet normal 0.0 0.0 0.0
  outer loop
    vertex -64.42630004882812 -10.556000709533691 1.6064003705978394
    vertex -64.65670013427734 -10.440800666809082 1.6064003705978394
    vertex -64.57990264892578 -10.300000190734863 1.6064003705978394
  endloop
endfacet
facet normal 0.0 0.0 0.0
  outer loop
    vertex -60.1702995300293 -12.021600723266602 1.6064002513885498
    vertex -60.157501220703125 -11.964000701904297 1.6064002513885498
    vertex -60.16389846801758 -12.021600723266602 1.6064002513885498
  endloop
endfacet
facet normal 0.0 0.0 0.0
  outer loop
    vertex -62.736698150634766 -13.871200561523438 1.6064002513885498
    vertex -62.9734992980957 -13.852001190185547 1.6064002513885498
    vertex -62.89030075073242 -13.826400756835938 1.6064002513885498
  endloop
endfacet
facet normal 0.0 0.0 0.0
  outer loop
    vertex -61.69990158081055 -11.951200485229492 1.6064002513885498
    vertex -62.115901947021484 -11.759201049804688 1.6064002513885498
    vertex -61.91749954223633 -11.78480052947998 1.6064002513885498
  endloop
endfacet
facet normal 0.0 0.0 0.0
  outer loop
    vertex -60.720699310302734 -12.36720085144043 1.6064002513885498
    vertex -60.285499572753906 -12.418399810791016 1.6064002513885498
    vertex -60.3494987487793 -12.559200286865234 1.6064002513885498
  endloop
endfacet
facet normal 0.0 0.0 0.0
  outer loop
    vertex -62.499900817871094 -13.845600128173828 1.6064002513885498
    vertex -62.89030075073242 -13.826400756835938 1.6064002513885498
    vertex -62.59590148925781 -13.820000648498535 1.6064002513885498
  endloop
endfacet
facet normal 0.0 0.0 0.0
  outer loop
    vertex -62.499900817871094 -13.871200561523438 1.6064002513885498
    vertex -62.89030075073242 -13.826400756835938 1.6064002513885498
    vertex -62.499900817871094 -13.845600128173828 1.6064002513885498
  endloop
endfacet
facet normal 0.0 0.0 0.0
  outer loop
    vertex -62.499900817871094 -13.78800106048584 1.6064002513885498
    vertex -62.46150207519531 -13.800800323486328 1.6064002513885498
    vertex -62.499900817871094 -13.800800323486328 1.6064002513885498
  endloop
endfacet
facet normal 0.0 0.0 0.0
  outer loop
    vertex -61.96870040893555 -12.034400939941406 1.6064002513885498
    vertex -61.82789993286133 -12.0600004196167 1.6064002513885498
    vertex -61.91749954223633 -12.085600852966309 1.6064002513885498
  endloop
endfacet
facet normal 0.0 0.0 0.0
  outer loop
    vertex -64.8230972290039 -12.124000549316406 1.6064003705978394
    vertex -63.773502349853516 -12.36720085144043 1.6064003705978394
    vertex -64.78469848632812 -12.239200592041016 1.6064003705978394
  endloop
endfacet
facet normal 0.0 0.0 0.0
  outer loop
    vertex -64.8230972290039 -12.124000549316406 1.6064003705978394
    vertex -63.40869903564453 -12.405600547790527 1.6064003705978394
    vertex -63.773502349853516 -12.36720085144043 1.6064003705978394
  endloop
endfacet
facet normal 0.0 0.0 0.0
  outer loop
    vertex -64.8230972290039 -12.124000549316406 1.6064003705978394
    vertex -63.31909942626953 -12.316000938415527 1.6064002513885498
    vertex -63.40869903564453 -12.405600547790527 1.6064003705978394
  endloop
endfacet
facet normal 0.0 0.0 0.0
  outer loop
    vertex -64.3302993774414 -13.052000999450684 1.6064003705978394
    vertex -64.09349822998047 -13.090400695800781 1.6064003705978394
    vertex -64.30470275878906 -13.084001541137695 1.6064003705978394
  endloop
endfacet
facet normal 0.0 0.0 0.0
  outer loop
    vertex -64.3302993774414 -13.052000999450684 1.6064003705978394
    vertex -64.08709716796875 -13.084001541137695 1.6064003705978394
    vertex -64.09349822998047 -13.090400695800781 1.6064003705978394
  endloop
endfacet
facet normal 0.0 0.0 0.0
  outer loop
    vertex -60.23429870605469 -10.7160005569458 1.6064002513885498
    vertex -60.77830123901367 -10.376800537109375 1.6064002513885498
    vertex -60.285499572753906 -10.581600189208984 1.6064002513885498
  endloop
endfacet
facet normal 0.0 0.0 0.0
  outer loop
    vertex -60.810298919677734 -12.354400634765625 1.6064002513885498
    vertex -61.168701171875 -12.194400787353516 1.6064002513885498
    vertex -61.05350112915039 -12.213601112365723 1.6064002513885498
  endloop
endfacet
facet normal 0.0 0.0 0.0
  outer loop
    vertex -62.23749923706055 -11.554400444030762 1.6064002513885498
    vertex -62.499900817871094 -11.503199577331543 1.6064002513885498
    vertex -62.333499908447266 -11.503199577331543 1.6064002513885498
  endloop
endfacet
facet normal 0.0 0.0 0.0
  outer loop
    vertex -61.706298828125 -11.656800270080566 1.6064002513885498
    vertex -60.81669998168945 -11.836000442504883 1.6064002513885498
    vertex -61.31589889526367 -11.868000984191895 1.6064002513885498
  endloop
endfacet
facet normal 0.0 0.0 0.0
  outer loop
    vertex -61.68709945678711 -9.308000564575195 1.6064002513885498
    vertex -61.89189910888672 -9.231200218200684 1.6064002513885498
    vertex -61.87910079956055 -9.180000305175781 1.6064002513885498
  endloop
endfacet
facet normal 0.0 0.0 0.0
  outer loop
    vertex -60.61830139160156 -10.684000968933105 1.6064002513885498
    vertex -60.183101654052734 -10.87600040435791 1.6064002513885498
    vertex -60.535099029541016 -10.735199928283691 1.6064002513885498
  endloop
endfacet
facet normal 0.0 0.0 0.0
  outer loop
    vertex -61.78310012817383 -9.5 1.6064002513885498
    vertex -60.91270065307617 -9.909600257873535 1.6064002513885498
    vertex -61.20069885253906 -9.788000106811523 1.6064002513885498
  endloop
endfacet
facet normal 0.0 0.0 0.0
  outer loop
    vertex -61.78310012817383 -9.5 1.6064002513885498
    vertex -60.90629959106445 -9.903200149536133 1.6064002513885498
    vertex -60.91270065307617 -9.909600257873535 1.6064002513885498
  endloop
endfacet
facet normal 0.0 0.0 0.0
  outer loop
    vertex -62.499900817871094 -9.922399520874023 1.6064002513885498
    vertex -63.703102111816406 -9.423200607299805 1.6064003705978394
    vertex -62.544700622558594 -9.903200149536133 1.6064002513885498
  endloop
endfacet
facet normal 0.0 0.0 0.0
  outer loop
    vertex -62.499900817871094 -9.96720027923584 1.6064002513885498
    vertex -63.703102111816406 -9.423200607299805 1.6064003705978394
    vertex -62.499900817871094 -9.922399520874023 1.6064002513885498
  endloop
endfacet
facet normal 0.0 0.0 0.0
  outer loop
    vertex -60.16389846801758 -10.96560001373291 1.6064002513885498
    vertex -60.87430191040039 -10.594400405883789 1.6064002513885498
    vertex -60.535099029541016 -10.735199928283691 1.6064002513885498
  endloop
endfacet
facet normal 0.0 0.0 0.0
  outer loop
    vertex -60.157501220703125 -11.010400772094727 1.6064002513885498
    vertex -60.87430191040039 -10.594400405883789 1.6064002513885498
    vertex -60.16389846801758 -10.96560001373291 1.6064002513885498
  endloop
endfacet
facet normal 0.0 0.0 0.0
  outer loop
    vertex -62.80070114135742 -11.202401161193848 1.6064002513885498
    vertex -62.97990036010742 -11.157600402832031 1.6064002513885498
    vertex -62.84550094604492 -11.157600402832031 1.6064002513885498
  endloop
endfacet
facet normal 0.0 0.0 0.0
  outer loop
    vertex -63.53030014038086 -10.472800254821777 1.6064003705978394
    vertex -64.4967041015625 -10.165599822998047 1.6064003705978394
    vertex -64.40709686279297 -10.03760051727295 1.6064003705978394
  endloop
endfacet
facet normal 0.0 0.0 0.0
  outer loop
    vertex -63.49829864501953 -10.504800796508789 1.6064003705978394
    vertex -64.4967041015625 -10.165599822998047 1.6064003705978394
    vertex -63.53030014038086 -10.472800254821777 1.6064003705978394
  endloop
endfacet
facet normal 0.0 0.0 0.0
  outer loop
    vertex -63.82469940185547 -10.178400993347168 1.6064003705978394
    vertex -63.03110122680664 -10.447200775146484 1.6064002513885498
    vertex -63.74789810180664 -10.255200386047363 1.6064003705978394
  endloop
endfacet
facet normal 0.0 0.0 0.0
  outer loop
    vertex -62.90950012207031 -10.27440071105957 1.6064002513885498
    vertex -64.14469909667969 -9.858400344848633 1.6064003705978394
    vertex -64.08709716796875 -9.698400497436523 1.6064003705978394
  endloop
endfacet
facet normal 0.0 0.0 0.0
  outer loop
    vertex -61.32229995727539 -10.31920051574707 1.6064002513885498
    vertex -61.51430130004883 -10.223200798034668 1.6064002513885498
    vertex -61.38629913330078 -10.204000473022461 1.6064002513885498
  endloop
endfacet
facet normal 0.0 0.0 0.0
  outer loop
    vertex -61.76390075683594 -9.96720027923584 1.6064002513885498
    vertex -61.26470184326172 -10.26159954071045 1.6064002513885498
    vertex -61.38629913330078 -10.204000473022461 1.6064002513885498
  endloop
endfacet
facet normal 0.0 0.0 0.0
  outer loop
    vertex -61.76390075683594 -9.96720027923584 1.6064002513885498
    vertex -61.20709991455078 -10.204000473022461 1.6064002513885498
    vertex -61.26470184326172 -10.26159954071045 1.6064002513885498
  endloop
endfacet
facet normal 0.0 0.0 0.0
  outer loop
    vertex -62.21189880371094 -11.791200637817383 1.6064002513885498
    vertex -61.911102294921875 -11.912799835205078 1.6064002513885498
    vertex -62.12229919433594 -11.880800247192383 1.6064002513885498
  endloop
endfacet
facet normal 0.0 0.0 0.0
  outer loop
    vertex -62.97990036010742 -11.157600402832031 1.6064002513885498
    vertex -63.53670120239258 -10.856800079345703 1.6064003705978394
    vertex -63.30630111694336 -10.927200317382812 1.6064002513885498
  endloop
endfacet
facet normal 0.0 0.0 0.0
  outer loop
    vertex -62.499900817871094 -11.285600662231445 1.6064002513885498
    vertex -62.68550109863281 -11.234400749206543 1.6064002513885498
    vertex -62.499900817871094 -11.234400749206543 1.6064002513885498
  endloop
endfacet
facet normal 0.0 0.0 0.0
  outer loop
    vertex -61.31589889526367 -12.162400245666504 1.6064002513885498
    vertex -61.911102294921875 -11.912799835205078 1.6064002513885498
    vertex -61.69990158081055 -11.951200485229492 1.6064002513885498
  endloop
endfacet
facet normal 0.0 0.0 0.0
  outer loop
    vertex -62.9734992980957 -11.029600143432617 1.6064002513885498
    vertex -62.768699645996094 -11.09360122680664 1.6064002513885498
    vertex -62.84550094604492 -11.157600402832031 1.6064002513885498
  endloop
endfacet
facet normal 0.0 0.0 0.0
  outer loop
    vertex -62.499900817871094 -10.050399780273438 1.6064002513885498
    vertex -62.32709884643555 -10.127201080322266 1.6064002513885498
    vertex -62.499900817871094 -10.056800842285156 1.6064002513885498
  endloop
endfacet
facet normal 0.0 0.0 0.0
  outer loop
    vertex -62.499900817871094 -11.324000358581543 1.6064002513885498
    vertex -62.68550109863281 -11.234400749206543 1.6064002513885498
    vertex -62.499900817871094 -11.285600662231445 1.6064002513885498
  endloop
endfacet
facet normal 0.0 0.0 0.0
  outer loop
    vertex -61.75749969482422 -11.81040096282959 1.6064002513885498
    vertex -62.23749923706055 -11.554400444030762 1.6064002513885498
    vertex -61.911102294921875 -11.618400573730469 1.6064002513885498
  endloop
endfacet
facet normal 0.0 0.0 0.0
  outer loop
    vertex -62.91590118408203 -9.25040054321289 1.6064002513885498
    vertex -63.12710189819336 -9.180000305175781 1.6064002513885498
    vertex -63.05670166015625 -9.167200088500977 1.6064002513885498
  endloop
endfacet
facet normal 0.0 0.0 0.0
  outer loop
    vertex -61.911102294921875 -11.618400573730469 1.6064002513885498
    vertex -62.23749923706055 -11.554400444030762 1.6064002513885498
    vertex -62.14789962768555 -11.503199577331543 1.6064002513885498
  endloop
endfacet
facet normal 0.0 0.0 0.0
  outer loop
    vertex -60.509498596191406 -10.165599822998047 1.6064002513885498
    vertex -60.426300048828125 -10.300000190734863 1.6064002513885498
    vertex -60.432701110839844 -10.306400299072266 1.6064002513885498
  endloop
endfacet
facet normal 0.0 0.0 0.0
  outer loop
    vertex -61.35430145263672 -10.351200103759766 1.6064002513885498
    vertex -62.02629852294922 -10.044000625610352 1.6064002513885498
    vertex -61.51430130004883 -10.223200798034668 1.6064002513885498
  endloop
endfacet
facet normal 0.0 0.0 0.0
  outer loop
    vertex -61.45669937133789 -10.050399780273438 1.6064002513885498
    vertex -62.32709884643555 -9.551200866699219 1.6064002513885498
    vertex -61.85350036621094 -9.711200714111328 1.6064002513885498
  endloop
endfacet
facet normal 0.0 0.0 0.0
  outer loop
    vertex -61.39910125732422 -12.002400398254395 1.6064002513885498
    vertex -61.75749969482422 -11.81040096282959 1.6064002513885498
    vertex -61.4375 -11.848799705505371 1.6064002513885498
  endloop
endfacet
facet normal 0.0 0.0 0.0
  outer loop
    vertex -62.05189895629883 -9.583200454711914 1.6064002513885498
    vertex -61.680702209472656 -9.724000930786133 1.6064002513885498
    vertex -61.85350036621094 -9.711200714111328 1.6064002513885498
  endloop
endfacet
facet normal 0.0 0.0 0.0
  outer loop
    vertex -62.499900817871094 -11.170400619506836 1.6064002513885498
    vertex -62.32709884643555 -11.324000358581543 1.6064002513885498
    vertex -62.499900817871094 -11.234400749206543 1.6064002513885498
  endloop
endfacet
facet normal 0.0 0.0 0.0
  outer loop
    vertex -62.499900817871094 -11.170400619506836 1.6064002513885498
    vertex -62.250301361083984 -11.247200012207031 1.6064002513885498
    vertex -62.32709884643555 -11.324000358581543 1.6064002513885498
  endloop
endfacet
facet normal 0.0 0.0 0.0
  outer loop
    vertex -64.57990264892578 -10.300000190734863 1.6064003705978394
    vertex -63.64550018310547 -10.7608003616333 1.6064003705978394
    vertex -63.792701721191406 -10.722400665283203 1.6064003705978394
  endloop
endfacet
facet normal 0.0 0.0 0.0
  outer loop
    vertex -61.50149917602539 -9.832799911499023 1.6064002513885498
    vertex -61.85350036621094 -9.711200714111328 1.6064002513885498
    vertex -61.680702209472656 -9.724000930786133 1.6064002513885498
  endloop
endfacet
facet normal 0.0 0.0 0.0
  outer loop
    vertex -60.970298767089844 -12.232800483703613 1.6064002513885498
    vertex -60.45830154418945 -12.335201263427734 1.6064002513885498
    vertex -60.720699310302734 -12.36720085144043 1.6064002513885498
  endloop
endfacet
facet normal 0.0 0.0 0.0
  outer loop
    vertex -62.12229919433594 -11.880800247192383 1.6064002513885498
    vertex -61.911102294921875 -11.912799835205078 1.6064002513885498
    vertex -62.10309982299805 -11.90000057220459 1.6064002513885498
  endloop
endfacet
facet normal 0.0 0.0 0.0
  outer loop
    vertex -61.00870132446289 -9.992799758911133 1.6064002513885498
    vertex -61.50149917602539 -9.832799911499023 1.6064002513885498
    vertex -61.13029861450195 -9.935199737548828 1.6064002513885498
  endloop
endfacet
facet normal 0.0 0.0 0.0
  outer loop
    vertex -60.970298767089844 -12.232800483703613 1.6064002513885498
    vertex -61.39910125732422 -12.002400398254395 1.6064002513885498
    vertex -61.00230026245117 -12.066400527954102 1.6064002513885498
  endloop
endfacet
facet normal 0.0 0.0 0.0
  outer loop
    vertex -63.1078987121582 -9.301600456237793 1.6064002513885498
    vertex -63.42150115966797 -9.282400131225586 1.6064003705978394
    vertex -63.27429962158203 -9.224800109863281 1.6064002513885498
  endloop
endfacet
facet normal 0.0 0.0 0.0
  outer loop
    vertex -62.499900817871094 -9.653600692749023 1.6064002513885498
    vertex -63.42150115966797 -9.282400131225586 1.6064003705978394
    vertex -63.1078987121582 -9.301600456237793 1.6064002513885498
  endloop
endfacet
facet normal 0.0 0.0 0.0
  outer loop
    vertex -62.499900817871094 -9.660000801086426 1.6064002513885498
    vertex -63.42150115966797 -9.282400131225586 1.6064003705978394
    vertex -62.499900817871094 -9.653600692749023 1.6064002513885498
  endloop
endfacet
facet normal 0.0 0.0 0.0
  outer loop
    vertex -61.149497985839844 -11.644000053405762 1.6064002513885498
    vertex -61.44390106201172 -11.503199577331543 1.6064002513885498
    vertex -61.42469787597656 -11.503199577331543 1.6064002513885498
  endloop
endfacet
facet normal 0.0 0.0 0.0
  outer loop
    vertex -60.90629959106445 -9.935199737548828 1.6064002513885498
    vertex -60.93190002441406 -9.928800582885742 1.6064002513885498
    vertex -60.925498962402344 -9.922399520874023 1.6064002513885498
  endloop
endfacet
facet normal 0.0 0.0 0.0
  outer loop
    vertex -62.00709915161133 -11.503199577331543 1.6064002513885498
    vertex -61.69350051879883 -11.503199577331543 1.6064002513885498
    vertex -61.706298828125 -11.656800270080566 1.6064002513885498
  endloop
endfacet
facet normal 0.0 0.0 0.0
  outer loop
    vertex -62.544700622558594 -9.903200149536133 1.6064002513885498
    vertex -63.703102111816406 -9.423200607299805 1.6064003705978394
    vertex -63.61349868774414 -9.372000694274902 1.6064003705978394
  endloop
endfacet
facet normal 0.0 0.0 0.0
  outer loop
    vertex -62.499900817871094 -9.25040054321289 1.6064002513885498
    vertex -62.429500579833984 -9.346400260925293 1.6064002513885498
    vertex -62.499900817871094 -9.308000564575195 1.6064002513885498
  endloop
endfacet
facet normal 0.0 0.0 0.0
  outer loop
    vertex -62.499900817871094 -9.25040054321289 1.6064002513885498
    vertex -62.14789962768555 -9.4552001953125 1.6064002513885498
    vertex -62.429500579833984 -9.346400260925293 1.6064002513885498
  endloop
endfacet
facet normal 0.0 0.0 0.0
  outer loop
    vertex -60.82310104370117 -9.820000648498535 1.6064002513885498
    vertex -60.93830108642578 -9.698400497436523 1.6064002513885498
    vertex -60.90629959106445 -9.711200714111328 1.6064002513885498
  endloop
endfacet
facet normal 0.0 0.0 0.0
  outer loop
    vertex -62.499900817871094 -10.978400230407715 1.6064002513885498
    vertex -63.39590072631836 -10.536800384521484 1.6064003705978394
    vertex -62.499900817871094 -10.844000816345215 1.6064002513885498
  endloop
endfacet
facet normal 0.0 0.0 0.0
  outer loop
    vertex -62.768699645996094 -9.141600608825684 1.6064002513885498
    vertex -62.813499450683594 -9.122400283813477 1.6064002513885498
    vertex -62.80070114135742 -9.116000175476074 1.6064002513885498
  endloop
endfacet
facet normal 0.0 0.0 0.0
  outer loop
    vertex -61.71910095214844 -9.61520004272461 1.6064002513885498
    vertex -62.14789962768555 -9.4552001953125 1.6064002513885498
    vertex -62.07109832763672 -9.429600715637207 1.6064002513885498
  endloop
endfacet
facet normal 0.0 0.0 0.0
  outer loop
    vertex -62.499900817871094 -9.320799827575684 1.6064002513885498
    vertex -62.429500579833984 -9.346400260925293 1.6064002513885498
    vertex -62.499900817871094 -9.391200065612793 1.6064002513885498
  endloop
endfacet
facet normal 0.0 0.0 0.0
  outer loop
    vertex -62.499900817871094 -10.056800842285156 1.6064002513885498
    vertex -63.96549987792969 -9.595999717712402 1.6064003705978394
    vertex -63.837501525878906 -9.506400108337402 1.6064003705978394
  endloop
endfacet
facet normal 0.0 0.0 0.0
  outer loop
    vertex -62.499900817871094 -10.146400451660156 1.6064002513885498
    vertex -63.96549987792969 -9.595999717712402 1.6064003705978394
    vertex -62.499900817871094 -10.056800842285156 1.6064002513885498
  endloop
endfacet
facet normal 0.0 0.0 0.0
  outer loop
    vertex -62.499900817871094 -9.148000717163086 1.6064002513885498
    vertex -61.78310012817383 -9.5 1.6064002513885498
    vertex -62.499900817871094 -9.173600196838379 1.6064002513885498
  endloop
endfacet
facet normal 0.0 0.0 0.0
  outer loop
    vertex -60.90629959106445 -9.711200714111328 1.6064002513885498
    vertex -60.93830108642578 -9.698400497436523 1.6064002513885498
    vertex -60.919097900390625 -9.698400497436523 1.6064002513885498
  endloop
endfacet
facet normal 0.0 0.0 0.0
  outer loop
    vertex -61.18149948120117 -10.210400581359863 1.6064002513885498
    vertex -61.20069885253906 -10.197599411010742 1.6064002513885498
    vertex -61.18149948120117 -10.178400993347168 1.6064002513885498
  endloop
endfacet
facet normal 0.0 0.0 0.0
  outer loop
    vertex -62.768699645996094 -9.141600608825684 1.6064002513885498
    vertex -62.9734992980957 -9.148000717163086 1.6064002513885498
    vertex -62.813499450683594 -9.122400283813477 1.6064002513885498
  endloop
endfacet
facet normal 0.0 0.0 0.0
  outer loop
    vertex -62.499900817871094 -9.308000564575195 1.6064002513885498
    vertex -62.9734992980957 -9.148000717163086 1.6064002513885498
    vertex -62.768699645996094 -9.141600608825684 1.6064002513885498
  endloop
endfacet
facet normal 0.0 0.0 0.0
  outer loop
    vertex -62.499900817871094 -9.320799827575684 1.6064002513885498
    vertex -62.9734992980957 -9.148000717163086 1.6064002513885498
    vertex -62.499900817871094 -9.308000564575195 1.6064002513885498
  endloop
endfacet
facet normal 0.0 0.0 0.0
  outer loop
    vertex -62.499900817871094 -10.293601036071777 1.6064002513885498
    vertex -61.69350051879883 -10.690400123596191 1.6064002513885498
    vertex -62.499900817871094 -10.351200103759766 1.6064002513885498
  endloop
endfacet
facet normal 0.0 0.0 0.0
  outer loop
    vertex -62.499900817871094 -10.293601036071777 1.6064002513885498
    vertex -61.62310028076172 -10.620000839233398 1.6064002513885498
    vertex -61.69350051879883 -10.690400123596191 1.6064002513885498
  endloop
endfacet
facet normal 0.0 0.0 0.0
  outer loop
    vertex -64.14469909667969 -9.858400344848633 1.6064003705978394
    vertex -63.72869873046875 -10.159200668334961 1.6064003705978394
    vertex -63.927101135253906 -10.076000213623047 1.6064003705978394
  endloop
endfacet
facet normal 0.0 0.0 0.0
  outer loop
    vertex -64.14469909667969 -9.858400344848633 1.6064003705978394
    vertex -62.90950012207031 -10.27440071105957 1.6064002513885498
    vertex -63.72869873046875 -10.159200668334961 1.6064003705978394
  endloop
endfacet
facet normal 0.0 0.0 0.0
  outer loop
    vertex -62.499900817871094 -9.148000717163086 1.6064002513885498
    vertex -62.59590148925781 -9.10319995880127 1.6064002513885498
    vertex -62.499900817871094 -9.10319995880127 1.6064002513885498
  endloop
endfacet
facet normal 0.0 0.0 0.0
  outer loop
    vertex -62.499900817871094 -9.10319995880127 1.6064002513885498
    vertex -61.78310012817383 -9.5 1.6064002513885498
    vertex -62.499900817871094 -9.148000717163086 1.6064002513885498
  endloop
endfacet
facet normal 0.0 0.0 0.0
  outer loop
    vertex -62.499900817871094 -9.10319995880127 1.6064002513885498
    vertex -60.90629959106445 -9.903200149536133 1.6064002513885498
    vertex -61.78310012817383 -9.5 1.6064002513885498
  endloop
endfacet
facet normal 0.0 0.0 0.0
  outer loop
    vertex -62.499900817871094 -9.10319995880127 1.6064002513885498
    vertex -60.89350128173828 -9.890399932861328 1.6064002513885498
    vertex -60.90629959106445 -9.903200149536133 1.6064002513885498
  endloop
endfacet
facet normal 0.0 0.0 0.0
  outer loop
    vertex -60.59910202026367 -10.03760051727295 1.6064002513885498
    vertex -60.714298248291016 -9.909600257873535 1.6064002513885498
    vertex -60.701499938964844 -9.916000366210938 1.6064002513885498
  endloop
endfacet
facet normal 0.0 0.0 0.0
  outer loop
    vertex -62.499900817871094 -5.096799850463867 1.6064002513885498
    vertex -62.295101165771484 -8.309600830078125 1.6064002513885498
    vertex -62.499900817871094 -8.296799659729004 1.6064002513885498
  endloop
endfacet
facet normal 0.0 0.0 0.0
  outer loop
    vertex -62.499900817871094 -5.096799850463867 1.6064002513885498
    vertex -62.083900451660156 -8.328800201416016 1.6064002513885498
    vertex -62.295101165771484 -8.309600830078125 1.6064002513885498
  endloop
endfacet
facet normal 0.0 0.0 0.0
  outer loop
    vertex -62.499900817871094 -5.096799850463867 1.6064002513885498
    vertex -61.87910079956055 -8.360799789428711 1.6064002513885498
    vertex -62.083900451660156 -8.328800201416016 1.6064002513885498
  endloop
endfacet
facet normal 0.0 0.0 0.0
  outer loop
    vertex -62.499900817871094 -5.096799850463867 1.6064002513885498
    vertex -61.67430114746094 -8.41200065612793 1.6064002513885498
    vertex -61.87910079956055 -8.360799789428711 1.6064002513885498
  endloop
endfacet
facet normal 0.0 0.0 0.0
  outer loop
    vertex -62.499900817871094 -5.096799850463867 1.6064002513885498
    vertex -61.47589874267578 -8.469599723815918 1.6064002513885498
    vertex -61.67430114746094 -8.41200065612793 1.6064002513885498
  endloop
endfacet
facet normal 0.0 0.0 0.0
  outer loop
    vertex -62.499900817871094 -5.096799850463867 1.6064002513885498
    vertex -61.27750015258789 -8.54640007019043 1.6064002513885498
    vertex -61.47589874267578 -8.469599723815918 1.6064002513885498
  endloop
endfacet
facet normal 0.0 0.0 0.0
  outer loop
    vertex -62.499900817871094 -5.096799850463867 1.6064002513885498
    vertex -61.08549880981445 -8.629600524902344 1.6064002513885498
    vertex -61.27750015258789 -8.54640007019043 1.6064002513885498
  endloop
endfacet
facet normal 0.0 0.0 0.0
  outer loop
    vertex -62.499900817871094 -5.096799850463867 1.6064002513885498
    vertex -60.90629959106445 -8.725600242614746 1.6064002513885498
    vertex -61.08549880981445 -8.629600524902344 1.6064002513885498
  endloop
endfacet
facet normal 0.0 0.0 0.0
  outer loop
    vertex -62.499900817871094 -5.096799850463867 1.6064002513885498
    vertex -60.72710037231445 -8.840800285339355 1.6064002513885498
    vertex -60.90629959106445 -8.725600242614746 1.6064002513885498
  endloop
endfacet
facet normal 0.0 0.0 0.0
  outer loop
    vertex -62.499900817871094 -5.096799850463867 1.6064002513885498
    vertex -60.554298400878906 -8.962400436401367 1.6064002513885498
    vertex -60.72710037231445 -8.840800285339355 1.6064002513885498
  endloop
endfacet
facet normal 0.0 0.0 0.0
  outer loop
    vertex -62.499900817871094 -5.096799850463867 1.6064002513885498
    vertex -60.3942985534668 -9.096799850463867 1.6064002513885498
    vertex -60.554298400878906 -8.962400436401367 1.6064002513885498
  endloop
endfacet
facet normal 0.0 0.0 0.0
  outer loop
    vertex -62.499900817871094 -5.096799850463867 1.6064002513885498
    vertex -60.240699768066406 -9.237600326538086 1.6064002513885498
    vertex -60.3942985534668 -9.096799850463867 1.6064002513885498
  endloop
endfacet
facet normal 0.0 0.0 0.0
  outer loop
    vertex -62.499900817871094 -5.096799850463867 1.6064002513885498
    vertex -59.29990005493164 -8.296799659729004 1.6064001321792603
    vertex -60.240699768066406 -9.237600326538086 1.6064002513885498
  endloop
endfacet
facet normal 0.0 0.0 0.0
  outer loop
    vertex -62.154300689697266 -11.151200294494629 1.6064002513885498
    vertex -62.01350021362305 -11.010400772094727 1.6064002513885498
    vertex -62.10309982299805 -11.176799774169922 1.6064002513885498
  endloop
endfacet
facet normal 0.0 0.0 0.0
  outer loop
    vertex -62.499900817871094 -12.34160041809082 1.6064002513885498
    vertex -63.23590087890625 -12.232800483703613 1.6064002513885498
    vertex -63.21030044555664 -12.20720100402832 1.6064002513885498
  endloop
endfacet
facet normal 0.0 0.0 0.0
  outer loop
    vertex -62.499900817871094 -12.354400634765625 1.6064002513885498
    vertex -63.23590087890625 -12.232800483703613 1.6064002513885498
    vertex -62.499900817871094 -12.34160041809082 1.6064002513885498
  endloop
endfacet
facet normal 0.0 0.0 0.0
  outer loop
    vertex -63.12710189819336 -10.901599884033203 1.6064002513885498
    vertex -64.4967041015625 -10.165599822998047 1.6064003705978394
    vertex -63.28710174560547 -10.7160005569458 1.6064002513885498
  endloop
endfacet
facet normal 0.0 0.0 0.0
  outer loop
    vertex -62.314300537109375 -11.336800575256348 1.6064002513885498
    vertex -61.69350051879883 -11.503199577331543 1.6064002513885498
    vertex -62.00709915161133 -11.503199577331543 1.6064002513885498
  endloop
endfacet
facet normal 0.0 0.0 0.0
  outer loop
    vertex -61.31589889526367 -11.868000984191895 1.6064002513885498
    vertex -60.509498596191406 -11.9704008102417 1.6064002513885498
    vertex -60.919097900390625 -12.07919979095459 1.6064002513885498
  endloop
endfacet
facet normal 0.0 0.0 0.0
  outer loop
    vertex -64.20870208740234 -13.1864013671875 1.6064003705978394
    vertex -64.1958999633789 -13.192800521850586 1.6064003705978394
    vertex -64.20230102539062 -13.199200630187988 1.6064003705978394
  endloop
endfacet
facet normal 0.0 0.0 0.0
  outer loop
    vertex -62.499900817871094 -9.96720027923584 1.6064002513885498
    vertex -63.77989959716797 -9.468000411987305 1.6064003705978394
    vertex -63.703102111816406 -9.423200607299805 1.6064003705978394
  endloop
endfacet
facet normal 0.0 0.0 0.0
  outer loop
    vertex -62.499900817871094 -10.050399780273438 1.6064002513885498
    vertex -63.77989959716797 -9.468000411987305 1.6064003705978394
    vertex -62.499900817871094 -9.96720027923584 1.6064002513885498
  endloop
endfacet
facet normal 0.0 0.0 0.0
  outer loop
    vertex -62.499900817871094 -9.922399520874023 1.6064002513885498
    vertex -61.44390106201172 -10.440800666809082 1.6064002513885498
    vertex -62.499900817871094 -9.96720027923584 1.6064002513885498
  endloop
endfacet
facet normal 0.0 0.0 0.0
  outer loop
    vertex -60.1254997253418 -11.189600944519043 1.6064002513885498
    vertex -61.6614990234375 -10.69680118560791 1.6064002513885498
    vertex -61.62310028076172 -10.620000839233398 1.6064002513885498
  endloop
endfacet
facet normal 0.0 0.0 0.0
  outer loop
    vertex -60.11909866333008 -11.221600532531738 1.6064002513885498
    vertex -61.6614990234375 -10.69680118560791 1.6064002513885498
    vertex -60.1254997253418 -11.189600944519043 1.6064002513885498
  endloop
endfacet
facet normal 0.0 0.0 0.0
  outer loop
    vertex -62.499900817871094 -9.788000106811523 1.6064002513885498
    vertex -62.02629852294922 -10.044000625610352 1.6064002513885498
    vertex -62.499900817871094 -9.826399803161621 1.6064002513885498
  endloop
endfacet
facet normal 0.0 0.0 0.0
  outer loop
    vertex -62.499900817871094 -12.27760124206543 1.6064002513885498
    vertex -63.21030044555664 -12.20720100402832 1.6064002513885498
    vertex -63.19110107421875 -12.188000679016113 1.6064002513885498
  endloop
endfacet
facet normal 0.0 0.0 0.0
  outer loop
    vertex -62.499900817871094 -12.34160041809082 1.6064002513885498
    vertex -63.21030044555664 -12.20720100402832 1.6064002513885498
    vertex -62.499900817871094 -12.27760124206543 1.6064002513885498
  endloop
endfacet
facet normal 0.0 0.0 0.0
  outer loop
    vertex -62.499900817871094 -13.250401496887207 1.6064002513885498
    vertex -62.429500579833984 -13.301600456237793 1.6064002513885498
    vertex -62.499900817871094 -13.295201301574707 1.6064002513885498
  endloop
endfacet
facet normal 0.0 0.0 0.0
  outer loop
    vertex -62.499900817871094 -13.250401496887207 1.6064002513885498
    vertex -61.98149871826172 -13.237600326538086 1.6064002513885498
    vertex -62.429500579833984 -13.301600456237793 1.6064002513885498
  endloop
endfacet
facet normal 0.0 0.0 0.0
  outer loop
    vertex -62.429500579833984 -9.346400260925293 1.6064002513885498
    vertex -62.14789962768555 -9.4552001953125 1.6064002513885498
    vertex -62.19269943237305 -9.5 1.6064002513885498
  endloop
endfacet
facet normal 0.0 0.0 0.0
  outer loop
    vertex -62.84550094604492 -11.432801246643066 1.6064002513885498
    vertex -64.13829803466797 -10.844000816345215 1.6064003705978394
    vertex -63.46630096435547 -11.023200988769531 1.6064003705978394
  endloop
endfacet
facet normal 0.0 0.0 0.0
  outer loop
    vertex -60.195899963378906 -11.624800682067871 1.6064002513885498
    vertex -60.88710021972656 -11.503199577331543 1.6064002513885498
    vertex -60.560699462890625 -11.503199577331543 1.6064002513885498
  endloop
endfacet
facet normal 0.0 0.0 0.0
  outer loop
    vertex -60.11909866333008 -11.708001136779785 1.6064002513885498
    vertex -60.88710021972656 -11.503199577331543 1.6064002513885498
    vertex -60.195899963378906 -11.624800682067871 1.6064002513885498
  endloop
endfacet
facet normal 0.0 0.0 0.0
  outer loop
    vertex -60.11909866333008 -11.708001136779785 1.6064002513885498
    vertex -60.106300354003906 -11.656800270080566 1.6064002513885498
    vertex -60.112701416015625 -11.708001136779785 1.6064002513885498
  endloop
endfacet
facet normal 0.0 0.0 0.0
  outer loop
    vertex -60.11909866333008 -11.25360107421875 1.6064002513885498
    vertex -60.89350128173828 -11.016799926757812 1.6064002513885498
    vertex -60.11909866333008 -11.221600532531738 1.6064002513885498
  endloop
endfacet
facet normal 0.0 0.0 0.0
  outer loop
    vertex -61.6614990234375 -10.69680118560791 1.6064002513885498
    vertex -60.11909866333008 -11.221600532531738 1.6064002513885498
    vertex -60.89350128173828 -11.016799926757812 1.6064002513885498
  endloop
endfacet
facet normal 0.0 0.0 0.0
  outer loop
    vertex -62.903099060058594 -13.736801147460938 1.6064002513885498
    vertex -63.1078987121582 -13.756000518798828 1.6064002513885498
    vertex -62.96070098876953 -13.71760082244873 1.6064002513885498
  endloop
endfacet
facet normal 0.0 0.0 0.0
  outer loop
    vertex -60.106300354003906 -11.343199729919434 1.6064002513885498
    vertex -60.89350128173828 -11.016799926757812 1.6064002513885498
    vertex -60.11909866333008 -11.25360107421875 1.6064002513885498
  endloop
endfacet
facet normal 0.0 0.0 0.0
  outer loop
    vertex -62.499900817871094 -13.890400886535645 1.6064002513885498
    vertex -62.3463020324707 -13.896800994873047 1.6064002513885498
    vertex -62.499900817871094 -13.896800994873047 1.6064002513885498
  endloop
endfacet
facet normal 0.0 0.0 0.0
  outer loop
    vertex -62.499900817871094 -13.884001731872559 1.6064002513885498
    vertex -62.3463020324707 -13.896800994873047 1.6064002513885498
    vertex -62.499900817871094 -13.890400886535645 1.6064002513885498
  endloop
endfacet
facet normal 0.0 0.0 0.0
  outer loop
    vertex -62.499900817871094 -13.871200561523438 1.6064002513885498
    vertex -62.3463020324707 -13.896800994873047 1.6064002513885498
    vertex -62.499900817871094 -13.884001731872559 1.6064002513885498
  endloop
endfacet
facet normal 0.0 0.0 0.0
  outer loop
    vertex -62.019901275634766 -13.81360149383545 1.6064002513885498
    vertex -62.46150207519531 -13.800800323486328 1.6064002513885498
    vertex -62.173500061035156 -13.775199890136719 1.6064002513885498
  endloop
endfacet
facet normal 0.0 0.0 0.0
  outer loop
    vertex -62.69190216064453 -13.794400215148926 1.6064002513885498
    vertex -63.03110122680664 -13.781600952148438 1.6064002513885498
    vertex -62.762298583984375 -13.775199890136719 1.6064002513885498
  endloop
endfacet
facet normal 0.0 0.0 0.0
  outer loop
    vertex -62.723899841308594 -13.628000259399414 1.6064002513885498
    vertex -62.499900817871094 -13.596000671386719 1.6064002513885498
    vertex -62.59590148925781 -13.660001754760742 1.6064002513885498
  endloop
endfacet
facet normal 0.0 0.0 0.0
  outer loop
    vertex -62.499900817871094 -13.890400886535645 1.6064002513885498
    vertex -62.69190216064453 -13.884001731872559 1.6064002513885498
    vertex -62.499900817871094 -13.884001731872559 1.6064002513885498
  endloop
endfacet
facet normal 0.0 0.0 0.0
  outer loop
    vertex -61.949501037597656 -13.83280086517334 1.6064002513885498
    vertex -62.03269958496094 -13.852001190185547 1.6064002513885498
    vertex -62.019901275634766 -13.81360149383545 1.6064002513885498
  endloop
endfacet
facet normal 0.0 0.0 0.0
  outer loop
    vertex -62.499900817871094 -13.78800106048584 1.6064002513885498
    vertex -62.544700622558594 -13.775199890136719 1.6064002513885498
    vertex -62.499900817871094 -13.775199890136719 1.6064002513885498
  endloop
endfacet
facet normal 0.0 0.0 0.0
  outer loop
    vertex -61.51430130004883 -13.685600280761719 1.6064002513885498
    vertex -61.71910095214844 -13.768800735473633 1.6064002513885498
    vertex -61.527099609375 -13.679200172424316 1.6064002513885498
  endloop
endfacet
facet normal 0.0 0.0 0.0
  outer loop
    vertex -62.499900817871094 -13.775199890136719 1.6064002513885498
    vertex -62.46150207519531 -13.800800323486328 1.6064002513885498
    vertex -62.499900817871094 -13.78800106048584 1.6064002513885498
  endloop
endfacet
facet normal 0.0 0.0 0.0
  outer loop
    vertex -62.499900817871094 -13.775199890136719 1.6064002513885498
    vertex -62.173500061035156 -13.775199890136719 1.6064002513885498
    vertex -62.46150207519531 -13.800800323486328 1.6064002513885498
  endloop
endfacet
facet normal 0.0 0.0 0.0
  outer loop
    vertex -61.30950164794922 -13.180001258850098 1.6064002513885498
    vertex -61.079097747802734 -13.1864013671875 1.6064002513885498
    vertex -61.22629928588867 -13.199200630187988 1.6064002513885498
  endloop
endfacet
facet normal 0.0 0.0 0.0
  outer loop
    vertex -62.877498626708984 -13.5 1.6064002513885498
    vertex -63.11429977416992 -13.519201278686523 1.6064002513885498
    vertex -63.09510040283203 -13.448801040649414 1.6064002513885498
  endloop
endfacet
facet normal 0.0 0.0 0.0
  outer loop
    vertex -62.499900817871094 -13.685600280761719 1.6064002513885498
    vertex -62.467899322509766 -13.692000389099121 1.6064002513885498
    vertex -62.499900817871094 -13.698400497436523 1.6064002513885498
  endloop
endfacet
facet normal 0.0 0.0 0.0
  outer loop
    vertex -62.352699279785156 -13.621600151062012 1.6064002513885498
    vertex -62.499900817871094 -13.647200584411621 1.6064002513885498
    vertex -62.467899322509766 -13.589601516723633 1.6064002513885498
  endloop
endfacet
facet normal 0.0 0.0 0.0
  outer loop
    vertex -63.30630111694336 -13.698400497436523 1.6064002513885498
    vertex -63.13990020751953 -13.67280101776123 1.6064002513885498
    vertex -63.29349899291992 -13.698400497436523 1.6064002513885498
  endloop
endfacet
facet normal 0.0 0.0 0.0
  outer loop
    vertex -61.98149871826172 -13.237600326538086 1.6064002513885498
    vertex -62.499900817871094 -13.250401496887207 1.6064002513885498
    vertex -62.173500061035156 -13.199200630187988 1.6064002513885498
  endloop
endfacet
facet normal 0.0 0.0 0.0
  outer loop
    vertex -62.499900817871094 -13.461601257324219 1.6064002513885498
    vertex -62.589500427246094 -13.468000411987305 1.6064002513885498
    vertex -62.499900817871094 -13.410400390625 1.6064002513885498
  endloop
endfacet
facet normal 0.0 0.0 0.0
  outer loop
    vertex -63.59429931640625 -13.39120101928711 1.6064003705978394
    vertex -63.77989959716797 -13.397601127624512 1.6064003705978394
    vertex -63.6327018737793 -13.384800910949707 1.6064003705978394
  endloop
endfacet
facet normal 0.0 0.0 0.0
  outer loop
    vertex -62.083900451660156 -13.455201148986816 1.6064002513885498
    vertex -62.423099517822266 -13.5 1.6064002513885498
    vertex -62.23109817504883 -13.43600082397461 1.6064002513885498
  endloop
endfacet
facet normal 0.0 0.0 0.0
  outer loop
    vertex -64.12550354003906 -11.54800033569336 1.6064003705978394
    vertex -64.42630004882812 -11.503199577331543 1.6064003705978394
    vertex -64.31109619140625 -11.503199577331543 1.6064003705978394
  endloop
endfacet
facet normal 0.0 0.0 0.0
  outer loop
    vertex -61.45030212402344 -12.552800178527832 1.6064002513885498
    vertex -61.28390121459961 -12.584799766540527 1.6064002513885498
    vertex -61.4375 -12.565600395202637 1.6064002513885498
  endloop
endfacet
facet normal 0.0 0.0 0.0
  outer loop
    vertex -64.5094985961914 -11.445600509643555 1.6064003705978394
    vertex -64.89990234375 -11.420001029968262 1.6064003705978394
    vertex -64.89990234375 -11.394400596618652 1.6064003705978394
  endloop
endfacet
facet normal 0.0 0.0 0.0
  outer loop
    vertex -64.42630004882812 -11.503199577331543 1.6064003705978394
    vertex -64.89990234375 -11.420001029968262 1.6064003705978394
    vertex -64.5094985961914 -11.445600509643555 1.6064003705978394
  endloop
endfacet
facet normal 0.0 0.0 0.0
  outer loop
    vertex -64.71430206298828 -12.27760124206543 1.6064003705978394
    vertex -63.773502349853516 -12.36720085144043 1.6064003705978394
    vertex -64.65029907226562 -12.290400505065918 1.6064003705978394
  endloop
endfacet
facet normal 0.0 0.0 0.0
  outer loop
    vertex -63.68389892578125 -12.834400177001953 1.6064003705978394
    vertex -63.05670166015625 -12.834400177001953 1.6064002513885498
    vertex -63.15909957885742 -12.917600631713867 1.6064002513885498
  endloop
endfacet
facet normal 0.0 0.0 0.0
  outer loop
    vertex -62.499900817871094 -13.775199890136719 1.6064002513885498
    vertex -62.544700622558594 -13.775199890136719 1.6064002513885498
    vertex -62.499900817871094 -13.698400497436523 1.6064002513885498
  endloop
endfacet
facet normal 0.0 0.0 0.0
  outer loop
    vertex -64.89990234375 -11.503199577331543 1.6064003705978394
    vertex -63.03110122680664 -12.027999877929688 1.6064002513885498
    vertex -64.89990234375 -11.656800270080566 1.6064003705978394
  endloop
endfacet
facet normal 0.0 0.0 0.0
  outer loop
    vertex -64.89990234375 -11.503199577331543 1.6064003705978394
    vertex -62.95429992675781 -11.951200485229492 1.6064002513885498
    vertex -63.03110122680664 -12.027999877929688 1.6064002513885498
  endloop
endfacet
facet normal 0.0 0.0 0.0
  outer loop
    vertex -62.499900817871094 -12.636000633239746 1.6064002513885498
    vertex -62.589500427246094 -12.629600524902344 1.6064002513885498
    vertex -62.499900817871094 -12.572000503540039 1.6064002513885498
  endloop
endfacet
facet normal 0.0 0.0 0.0
  outer loop
    vertex -64.75270080566406 -12.328800201416016 1.6064003705978394
    vertex -64.13189697265625 -12.476000785827637 1.6064003705978394
    vertex -64.720703125 -12.418399810791016 1.6064003705978394
  endloop
endfacet
facet normal 0.0 0.0 0.0
  outer loop
    vertex -63.68389892578125 -12.834400177001953 1.6064003705978394
    vertex -63.863101959228516 -12.860000610351562 1.6064003705978394
    vertex -63.837501525878906 -12.834400177001953 1.6064003705978394
  endloop
endfacet
facet normal 0.0 0.0 0.0
  outer loop
    vertex -63.50469970703125 -12.930400848388672 1.6064003705978394
    vertex -63.863101959228516 -12.860000610351562 1.6064003705978394
    vertex -63.68389892578125 -12.834400177001953 1.6064003705978394
  endloop
endfacet
facet normal 0.0 0.0 0.0
  outer loop
    vertex -61.30950164794922 -13.180001258850098 1.6064002513885498
    vertex -61.64870071411133 -13.167201042175293 1.6064002513885498
    vertex -61.43109893798828 -13.154400825500488 1.6064002513885498
  endloop
endfacet
facet normal 0.0 0.0 0.0
  outer loop
    vertex -63.1078987121582 -13.756000518798828 1.6064002513885498
    vertex -63.27429962158203 -13.775199890136719 1.6064002513885498
    vertex -63.13349914550781 -13.749600410461426 1.6064002513885498
  endloop
endfacet
facet normal 0.0 0.0 0.0
  outer loop
    vertex -62.16709899902344 -13.551199913024902 1.6064002513885498
    vertex -62.467899322509766 -13.589601516723633 1.6064002513885498
    vertex -62.28229904174805 -13.532000541687012 1.6064002513885498
  endloop
endfacet
facet normal 0.0 0.0 0.0
  outer loop
    vertex -62.589500427246094 -12.629600524902344 1.6064002513885498
    vertex -63.48550033569336 -12.482400894165039 1.6064003705978394
    vertex -63.44710159301758 -12.444001197814941 1.6064003705978394
  endloop
endfacet
facet normal 0.0 0.0 0.0
  outer loop
    vertex -61.31589889526367 -13.583200454711914 1.6064002513885498
    vertex -61.527099609375 -13.679200172424316 1.6064002513885498
    vertex -61.33510208129883 -13.583200454711914 1.6064002513885498
  endloop
endfacet
facet normal 0.0 0.0 0.0
  outer loop
    vertex -62.499900817871094 -13.647200584411621 1.6064002513885498
    vertex -62.467899322509766 -13.692000389099121 1.6064002513885498
    vertex -62.499900817871094 -13.685600280761719 1.6064002513885498
  endloop
endfacet
facet normal 0.0 0.0 0.0
  outer loop
    vertex -62.499900817871094 -13.647200584411621 1.6064002513885498
    vertex -62.352699279785156 -13.621600151062012 1.6064002513885498
    vertex -62.467899322509766 -13.692000389099121 1.6064002513885498
  endloop
endfacet
facet normal 0.0 0.0 0.0
  outer loop
    vertex -62.499900817871094 -12.642400741577148 1.6064002513885498
    vertex -62.589500427246094 -12.629600524902344 1.6064002513885498
    vertex -62.499900817871094 -12.636000633239746 1.6064002513885498
  endloop
endfacet
facet normal 0.0 0.0 0.0
  outer loop
    vertex -62.499900817871094 -12.636000633239746 1.6064002513885498
    vertex -61.89830017089844 -12.744800567626953 1.6064002513885498
    vertex -62.499900817871094 -12.642400741577148 1.6064002513885498
  endloop
endfacet
facet normal 0.0 0.0 0.0
  outer loop
    vertex -62.499900817871094 -12.636000633239746 1.6064002513885498
    vertex -61.23910140991211 -12.763999938964844 1.6064002513885498
    vertex -61.89830017089844 -12.744800567626953 1.6064002513885498
  endloop
endfacet
facet normal 0.0 0.0 0.0
  outer loop
    vertex -62.499900817871094 -12.572000503540039 1.6064002513885498
    vertex -61.27109909057617 -12.732000350952148 1.6064002513885498
    vertex -62.499900817871094 -12.636000633239746 1.6064002513885498
  endloop
endfacet
facet normal 0.0 0.0 0.0
  outer loop
    vertex -62.95429992675781 -12.36720085144043 1.6064002513885498
    vertex -63.40869903564453 -12.405600547790527 1.6064003705978394
    vertex -63.31909942626953 -12.316000938415527 1.6064002513885498
  endloop
endfacet
facet normal 0.0 0.0 0.0
  outer loop
    vertex -62.499900817871094 -12.444001197814941 1.6064002513885498
    vertex -63.40869903564453 -12.405600547790527 1.6064003705978394
    vertex -62.95429992675781 -12.36720085144043 1.6064002513885498
  endloop
endfacet
facet normal 0.0 0.0 0.0
  outer loop
    vertex -62.499900817871094 -12.495201110839844 1.6064002513885498
    vertex -63.40869903564453 -12.405600547790527 1.6064003705978394
    vertex -62.499900817871094 -12.444001197814941 1.6064002513885498
  endloop
endfacet
facet normal 0.0 0.0 0.0
  outer loop
    vertex -62.499900817871094 -12.444001197814941 1.6064002513885498
    vertex -62.95429992675781 -12.36720085144043 1.6064002513885498
    vertex -62.499900817871094 -12.424800872802734 1.6064002513885498
  endloop
endfacet
facet normal 0.0 0.0 0.0
  outer loop
    vertex -62.499900817871094 -12.424800872802734 1.6064002513885498
    vertex -61.69350051879883 -12.572000503540039 1.6064002513885498
    vertex -62.499900817871094 -12.444001197814941 1.6064002513885498
  endloop
endfacet
facet normal 0.0 0.0 0.0
  outer loop
    vertex -62.499900817871094 -12.424800872802734 1.6064002513885498
    vertex -61.4375 -12.565600395202637 1.6064002513885498
    vertex -61.69350051879883 -12.572000503540039 1.6064002513885498
  endloop
endfacet
facet normal 0.0 0.0 0.0
  outer loop
    vertex -64.7782974243164 -12.264801025390625 1.6064003705978394
    vertex -64.71430206298828 -12.27760124206543 1.6064003705978394
    vertex -64.7782974243164 -12.271201133728027 1.6064003705978394
  endloop
endfacet
facet normal 0.0 0.0 0.0
  outer loop
    vertex -63.60070037841797 -12.597600936889648 1.6064003705978394
    vertex -64.13189697265625 -12.476000785827637 1.6064003705978394
    vertex -63.61349868774414 -12.527200698852539 1.6064003705978394
  endloop
endfacet
facet normal 0.0 0.0 0.0
  outer loop
    vertex -61.53350067138672 -10.952800750732422 1.6064002513885498
    vertex -60.106300354003906 -11.439200401306152 1.6064002513885498
    vertex -60.426300048828125 -11.503199577331543 1.6064002513885498
  endloop
endfacet
facet normal 0.0 0.0 0.0
  outer loop
    vertex -60.106300354003906 -11.656800270080566 1.6064002513885498
    vertex -60.131900787353516 -11.644000053405762 1.6064002513885498
    vertex -60.106300354003906 -11.624800682067871 1.6064002513885498
  endloop
endfacet
facet normal 0.0 0.0 0.0
  outer loop
    vertex -61.45030212402344 -12.552800178527832 1.6064002513885498
    vertex -62.499900817871094 -12.424800872802734 1.6064002513885498
    vertex -62.135101318359375 -12.418399810791016 1.6064002513885498
  endloop
endfacet
facet normal 0.0 0.0 0.0
  outer loop
    vertex -61.4375 -12.565600395202637 1.6064002513885498
    vertex -62.499900817871094 -12.424800872802734 1.6064002513885498
    vertex -61.45030212402344 -12.552800178527832 1.6064002513885498
  endloop
endfacet
facet normal 0.0 0.0 0.0
  outer loop
    vertex -60.381500244140625 -11.52239990234375 1.6064002513885498
    vertex -60.4390983581543 -11.503199577331543 1.6064002513885498
    vertex -60.426300048828125 -11.503199577331543 1.6064002513885498
  endloop
endfacet
facet normal 0.0 0.0 0.0
  outer loop
    vertex -64.65029907226562 -12.290400505065918 1.6064003705978394
    vertex -64.7782974243164 -12.271201133728027 1.6064003705978394
    vertex -64.71430206298828 -12.27760124206543 1.6064003705978394
  endloop
endfacet
facet normal 0.0 0.0 0.0
  outer loop
    vertex -64.7782974243164 -12.271201133728027 1.6064003705978394
    vertex -64.65029907226562 -12.290400505065918 1.6064003705978394
    vertex -64.7655029296875 -12.29680061340332 1.6064003705978394
  endloop
endfacet
facet normal 0.0 0.0 0.0
  outer loop
    vertex -60.381500244140625 -11.52239990234375 1.6064002513885498
    vertex -60.106300354003906 -11.624800682067871 1.6064002513885498
    vertex -60.131900787353516 -11.644000053405762 1.6064002513885498
  endloop
endfacet
facet normal 0.0 0.0 0.0
  outer loop
    vertex -64.78469848632812 -12.239200592041016 1.6064003705978394
    vertex -64.71430206298828 -12.27760124206543 1.6064003705978394
    vertex -64.7782974243164 -12.264801025390625 1.6064003705978394
  endloop
endfacet
facet normal 0.0 0.0 0.0
  outer loop
    vertex -64.78469848632812 -12.239200592041016 1.6064003705978394
    vertex -63.773502349853516 -12.36720085144043 1.6064003705978394
    vertex -64.71430206298828 -12.27760124206543 1.6064003705978394
  endloop
endfacet
facet normal 0.0 0.0 0.0
  outer loop
    vertex -61.53350067138672 -11.976800918579102 1.6064002513885498
    vertex -61.91749954223633 -11.78480052947998 1.6064002513885498
    vertex -61.75749969482422 -11.81040096282959 1.6064002513885498
  endloop
endfacet
facet normal 0.0 0.0 0.0
  outer loop
    vertex -62.499900817871094 -11.752799987792969 1.6064002513885498
    vertex -62.186302185058594 -11.868000984191895 1.6064002513885498
    vertex -62.499900817871094 -11.816800117492676 1.6064002513885498
  endloop
endfacet
facet normal 0.0 0.0 0.0
  outer loop
    vertex -61.47589874267578 -12.527200698852539 1.6064002513885498
    vertex -62.135101318359375 -12.418399810791016 1.6064002513885498
    vertex -61.60390090942383 -12.399200439453125 1.6064002513885498
  endloop
endfacet
facet normal 0.0 0.0 0.0
  outer loop
    vertex -62.499900817871094 -12.642400741577148 1.6064002513885498
    vertex -62.84550094604492 -12.680800437927246 1.6064002513885498
    vertex -62.589500427246094 -12.629600524902344 1.6064002513885498
  endloop
endfacet
facet normal 0.0 0.0 0.0
  outer loop
    vertex -62.499900817871094 -12.700000762939453 1.6064002513885498
    vertex -62.84550094604492 -12.680800437927246 1.6064002513885498
    vertex -62.499900817871094 -12.642400741577148 1.6064002513885498
  endloop
endfacet
facet normal 0.0 0.0 0.0
  outer loop
    vertex -62.499900817871094 -11.413599967956543 1.6064002513885498
    vertex -62.442298889160156 -11.439200401306152 1.6064002513885498
    vertex -62.499900817871094 -11.503199577331543 1.6064002513885498
  endloop
endfacet
facet normal 0.0 0.0 0.0
  outer loop
    vertex -62.499900817871094 -11.068000793457031 1.6064002513885498
    vertex -62.16069793701172 -11.157600402832031 1.6064002513885498
    vertex -62.205501556396484 -11.202401161193848 1.6064002513885498
  endloop
endfacet
facet normal 0.0 0.0 0.0
  outer loop
    vertex -62.499900817871094 -11.752799987792969 1.6064002513885498
    vertex -62.666297912597656 -11.688800811767578 1.6064002513885498
    vertex -62.499900817871094 -11.708001136779785 1.6064002513885498
  endloop
endfacet
facet normal 0.0 0.0 0.0
  outer loop
    vertex -62.499900817871094 -13.084001541137695 1.6064002513885498
    vertex -62.442298889160156 -13.141600608825684 1.6064002513885498
    vertex -62.499900817871094 -13.128800392150879 1.6064002513885498
  endloop
endfacet
facet normal 0.0 0.0 0.0
  outer loop
    vertex -62.499900817871094 -13.084001541137695 1.6064002513885498
    vertex -61.9302978515625 -13.122400283813477 1.6064002513885498
    vertex -62.442298889160156 -13.141600608825684 1.6064002513885498
  endloop
endfacet
facet normal 0.0 0.0 0.0
  outer loop
    vertex -61.89830017089844 -12.744800567626953 1.6064002513885498
    vertex -61.2135009765625 -12.78960132598877 1.6064002513885498
    vertex -61.55270004272461 -12.796000480651855 1.6064002513885498
  endloop
endfacet
facet normal 0.0 0.0 0.0
  outer loop
    vertex -61.39910125732422 -12.604000091552734 1.6064002513885498
    vertex -61.69350051879883 -12.572000503540039 1.6064002513885498
    vertex -61.4375 -12.565600395202637 1.6064002513885498
  endloop
endfacet
facet normal 0.0 0.0 0.0
  outer loop
    vertex -61.168701171875 -12.834400177001953 1.6064002513885498
    vertex -60.509498596191406 -12.834400177001953 1.6064002513885498
    vertex -61.149497985839844 -12.853601455688477 1.6064002513885498
  endloop
endfacet
facet normal 0.0 0.0 0.0
  outer loop
    vertex -61.19430160522461 -12.80880069732666 1.6064002513885498
    vertex -60.509498596191406 -12.834400177001953 1.6064002513885498
    vertex -61.168701171875 -12.834400177001953 1.6064002513885498
  endloop
endfacet
facet normal 0.0 0.0 0.0
  outer loop
    vertex -61.2135009765625 -12.78960132598877 1.6064002513885498
    vertex -60.509498596191406 -12.834400177001953 1.6064002513885498
    vertex -61.19430160522461 -12.80880069732666 1.6064002513885498
  endloop
endfacet
facet normal 0.0 0.0 0.0
  outer loop
    vertex -61.23910140991211 -12.763999938964844 1.6064002513885498
    vertex -60.509498596191406 -12.834400177001953 1.6064002513885498
    vertex -61.2135009765625 -12.78960132598877 1.6064002513885498
  endloop
endfacet
facet normal 0.0 0.0 0.0
  outer loop
    vertex -61.27109909057617 -12.732000350952148 1.6064002513885498
    vertex -60.509498596191406 -12.834400177001953 1.6064002513885498
    vertex -61.23910140991211 -12.763999938964844 1.6064002513885498
  endloop
endfacet
facet normal 0.0 0.0 0.0
  outer loop
    vertex -62.499900817871094 -12.751200675964355 1.6064002513885498
    vertex -62.84550094604492 -12.680800437927246 1.6064002513885498
    vertex -62.499900817871094 -12.700000762939453 1.6064002513885498
  endloop
endfacet
facet normal 0.0 0.0 0.0
  outer loop
    vertex -62.499900817871094 -12.444001197814941 1.6064002513885498
    vertex -61.69350051879883 -12.572000503540039 1.6064002513885498
    vertex -62.499900817871094 -12.495201110839844 1.6064002513885498
  endloop
endfacet
facet normal 0.0 0.0 0.0
  outer loop
    vertex -61.62310028076172 -12.380001068115234 1.6064002513885498
    vertex -62.499900817871094 -12.239200592041016 1.6064002513885498
    vertex -61.65509796142578 -12.348001480102539 1.6064002513885498
  endloop
endfacet
facet normal 0.0 0.0 0.0
  outer loop
    vertex -62.499900817871094 -12.495201110839844 1.6064002513885498
    vertex -61.69350051879883 -12.572000503540039 1.6064002513885498
    vertex -62.499900817871094 -12.540000915527344 1.6064002513885498
  endloop
endfacet
facet normal 0.0 0.0 0.0
  outer loop
    vertex -61.4375 -12.565600395202637 1.6064002513885498
    vertex -61.28390121459961 -12.584799766540527 1.6064002513885498
    vertex -61.39910125732422 -12.604000091552734 1.6064002513885498
  endloop
endfacet
facet normal 0.0 0.0 0.0
  outer loop
    vertex -61.45030212402344 -12.552800178527832 1.6064002513885498
    vertex -62.135101318359375 -12.418399810791016 1.6064002513885498
    vertex -61.47589874267578 -12.527200698852539 1.6064002513885498
  endloop
endfacet
facet normal 0.0 0.0 0.0
  outer loop
    vertex -61.47589874267578 -12.527200698852539 1.6064002513885498
    vertex -61.28390121459961 -12.584799766540527 1.6064002513885498
    vertex -61.45030212402344 -12.552800178527832 1.6064002513885498
  endloop
endfacet
facet normal 0.0 0.0 0.0
  outer loop
    vertex -61.47589874267578 -12.527200698852539 1.6064002513885498
    vertex -60.426300048828125 -12.700000762939453 1.6064002513885498
    vertex -61.28390121459961 -12.584799766540527 1.6064002513885498
  endloop
endfacet
facet normal 0.0 0.0 0.0
  outer loop
    vertex -62.62150192260742 -11.618400573730469 1.6064002513885498
    vertex -62.91590118408203 -11.503199577331543 1.6064002513885498
    vertex -62.69190216064453 -11.503199577331543 1.6064002513885498
  endloop
endfacet
facet normal 0.0 0.0 0.0
  outer loop
    vertex -62.499900817871094 -12.239200592041016 1.6064002513885498
    vertex -63.19110107421875 -12.188000679016113 1.6064002513885498
    vertex -63.13349914550781 -12.130400657653809 1.6064002513885498
  endloop
endfacet
facet normal 0.0 0.0 0.0
  outer loop
    vertex -62.499900817871094 -12.27760124206543 1.6064002513885498
    vertex -63.19110107421875 -12.188000679016113 1.6064002513885498
    vertex -62.499900817871094 -12.239200592041016 1.6064002513885498
  endloop
endfacet
facet normal 0.0 0.0 0.0
  outer loop
    vertex -61.65509796142578 -12.348001480102539 1.6064002513885498
    vertex -61.25830078125 -12.444001197814941 1.6064002513885498
    vertex -61.62310028076172 -12.380001068115234 1.6064002513885498
  endloop
endfacet
facet normal 0.0 0.0 0.0
  outer loop
    vertex -61.65509796142578 -12.348001480102539 1.6064002513885498
    vertex -60.3494987487793 -12.559200286865234 1.6064002513885498
    vertex -61.25830078125 -12.444001197814941 1.6064002513885498
  endloop
endfacet
facet normal 0.0 0.0 0.0
  outer loop
    vertex -61.71269989013672 -12.290400505065918 1.6064002513885498
    vertex -60.3494987487793 -12.559200286865234 1.6064002513885498
    vertex -61.65509796142578 -12.348001480102539 1.6064002513885498
  endloop
endfacet
facet normal 0.0 0.0 0.0
  outer loop
    vertex -61.770301818847656 -12.232800483703613 1.6064002513885498
    vertex -60.3494987487793 -12.559200286865234 1.6064002513885498
    vertex -61.71269989013672 -12.290400505065918 1.6064002513885498
  endloop
endfacet
facet normal 0.0 0.0 0.0
  outer loop
    vertex -64.83589935302734 -12.053600311279297 1.6064003705978394
    vertex -63.31909942626953 -12.316000938415527 1.6064002513885498
    vertex -64.8230972290039 -12.124000549316406 1.6064003705978394
  endloop
endfacet
facet normal 0.0 0.0 0.0
  outer loop
    vertex -64.83589935302734 -12.053600311279297 1.6064003705978394
    vertex -63.31269836425781 -12.309600830078125 1.6064002513885498
    vertex -63.31909942626953 -12.316000938415527 1.6064002513885498
  endloop
endfacet
facet normal 0.0 0.0 0.0
  outer loop
    vertex -64.12550354003906 -11.54800033569336 1.6064003705978394
    vertex -64.6438980102539 -11.503199577331543 1.6064003705978394
    vertex -64.42630004882812 -11.503199577331543 1.6064003705978394
  endloop
endfacet
facet normal 0.0 0.0 0.0
  outer loop
    vertex -63.35750198364258 -11.759201049804688 1.6064003705978394
    vertex -64.6438980102539 -11.503199577331543 1.6064003705978394
    vertex -64.12550354003906 -11.54800033569336 1.6064003705978394
  endloop
endfacet
facet normal 0.0 0.0 0.0
  outer loop
    vertex -64.5094985961914 -11.445600509643555 1.6064003705978394
    vertex -64.1063003540039 -11.503199577331543 1.6064003705978394
    vertex -64.31109619140625 -11.503199577331543 1.6064003705978394
  endloop
endfacet
facet normal 0.0 0.0 0.0
  outer loop
    vertex -62.499900817871094 -11.503199577331543 1.6064002513885498
    vertex -62.69190216064453 -11.311200141906738 1.6064002513885498
    vertex -62.499900817871094 -11.413599967956543 1.6064002513885498
  endloop
endfacet
facet normal 0.0 0.0 0.0
  outer loop
    vertex -63.07590103149414 -10.927200317382812 1.6064002513885498
    vertex -63.12710189819336 -10.901599884033203 1.6064002513885498
    vertex -63.09510040283203 -10.907999992370605 1.6064002513885498
  endloop
endfacet
facet normal 0.0 0.0 0.0
  outer loop
    vertex -62.69190216064453 -11.311200141906738 1.6064002513885498
    vertex -63.46630096435547 -11.023200988769531 1.6064003705978394
    vertex -62.97990036010742 -11.157600402832031 1.6064002513885498
  endloop
endfacet
facet normal 0.0 0.0 0.0
  outer loop
    vertex -62.499900817871094 -11.503199577331543 1.6064002513885498
    vertex -63.46630096435547 -11.023200988769531 1.6064003705978394
    vertex -62.69190216064453 -11.311200141906738 1.6064002513885498
  endloop
endfacet
facet normal 0.0 0.0 0.0
  outer loop
    vertex -63.65190124511719 -11.560800552368164 1.6064003705978394
    vertex -64.1063003540039 -11.503199577331543 1.6064003705978394
    vertex -63.85029983520508 -11.503199577331543 1.6064003705978394
  endloop
endfacet
facet normal 0.0 0.0 0.0
  outer loop
    vertex -62.499900817871094 -11.503199577331543 1.6064002513885498
    vertex -62.3463020324707 -11.656800270080566 1.6064002513885498
    vertex -62.499900817871094 -11.586400032043457 1.6064002513885498
  endloop
endfacet
facet normal 0.0 0.0 0.0
  outer loop
    vertex -62.000701904296875 -12.002400398254395 1.6064002513885498
    vertex -61.82789993286133 -12.0600004196167 1.6064002513885498
    vertex -61.96870040893555 -12.034400939941406 1.6064002513885498
  endloop
endfacet
facet normal 0.0 0.0 0.0
  outer loop
    vertex -63.171897888183594 -11.503199577331543 1.6064002513885498
    vertex -63.92070007324219 -11.215200424194336 1.6064003705978394
    vertex -63.29349899291992 -11.343199729919434 1.6064002513885498
  endloop
endfacet
facet normal 0.0 0.0 0.0
  outer loop
    vertex -60.3494987487793 -12.559200286865234 1.6064002513885498
    vertex -61.4375 -12.271201133728027 1.6064002513885498
    vertex -61.2135009765625 -12.29680061340332 1.6064002513885498
  endloop
endfacet
facet normal 0.0 0.0 0.0
  outer loop
    vertex -61.38629913330078 -10.383200645446777 1.6064002513885498
    vertex -61.44390106201172 -10.440800666809082 1.6064002513885498
    vertex -61.43109893798828 -10.36400032043457 1.6064002513885498
  endloop
endfacet
facet normal 0.0 0.0 0.0
  outer loop
    vertex -64.13829803466797 -10.844000816345215 1.6064003705978394
    vertex -64.7782974243164 -10.728800773620605 1.6064003705978394
    vertex -64.75910186767578 -10.677600860595703 1.6064003705978394
  endloop
endfacet
facet normal 0.0 0.0 0.0
  outer loop
    vertex -63.29349899291992 -11.343199729919434 1.6064002513885498
    vertex -64.7782974243164 -10.728800773620605 1.6064003705978394
    vertex -64.13829803466797 -10.844000816345215 1.6064003705978394
  endloop
endfacet
facet normal 0.0 0.0 0.0
  outer loop
    vertex -61.06629943847656 -12.316000938415527 1.6064002513885498
    vertex -61.82789993286133 -12.0600004196167 1.6064002513885498
    vertex -61.52069854736328 -12.124000549316406 1.6064002513885498
  endloop
endfacet
facet normal 0.0 0.0 0.0
  outer loop
    vertex -62.576698303222656 -11.804000854492188 1.6064002513885498
    vertex -62.77510070800781 -11.772000312805176 1.6064002513885498
    vertex -62.7495002746582 -11.746400833129883 1.6064002513885498
  endloop
endfacet
facet normal 0.0 0.0 0.0
  outer loop
    vertex -62.499900817871094 -11.829601287841797 1.6064002513885498
    vertex -62.576698303222656 -11.804000854492188 1.6064002513885498
    vertex -62.499900817871094 -11.816800117492676 1.6064002513885498
  endloop
endfacet
facet normal 0.0 0.0 0.0
  outer loop
    vertex -62.499900817871094 -11.586400032043457 1.6064002513885498
    vertex -62.563899993896484 -11.560800552368164 1.6064002513885498
    vertex -62.499900817871094 -11.503199577331543 1.6064002513885498
  endloop
endfacet
facet normal 0.0 0.0 0.0
  outer loop
    vertex -62.68550109863281 -11.682400703430176 1.6064002513885498
    vertex -62.62150192260742 -11.618400573730469 1.6064002513885498
    vertex -62.666297912597656 -11.688800811767578 1.6064002513885498
  endloop
endfacet
facet normal 0.0 0.0 0.0
  outer loop
    vertex -62.499900817871094 -11.9256010055542 1.6064002513885498
    vertex -62.339900970458984 -11.957600593566895 1.6064002513885498
    vertex -62.499900817871094 -11.983200073242188 1.6064002513885498
  endloop
endfacet
facet normal 0.0 0.0 0.0
  outer loop
    vertex -62.69190216064453 -11.503199577331543 1.6064002513885498
    vertex -62.499900817871094 -11.503199577331543 1.6064002513885498
    vertex -62.563899993896484 -11.560800552368164 1.6064002513885498
  endloop
endfacet
facet normal 0.0 0.0 0.0
  outer loop
    vertex -62.499900817871094 -11.234400749206543 1.6064002513885498
    vertex -62.333499908447266 -11.330400466918945 1.6064002513885498
    vertex -62.499900817871094 -11.285600662231445 1.6064002513885498
  endloop
endfacet
facet normal 0.0 0.0 0.0
  outer loop
    vertex -62.499900817871094 -11.234400749206543 1.6064002513885498
    vertex -62.32709884643555 -11.324000358581543 1.6064002513885498
    vertex -62.333499908447266 -11.330400466918945 1.6064002513885498
  endloop
endfacet
facet normal 0.0 0.0 0.0
  outer loop
    vertex -61.911102294921875 -11.618400573730469 1.6064002513885498
    vertex -62.14789962768555 -11.503199577331543 1.6064002513885498
    vertex -62.00709915161133 -11.503199577331543 1.6064002513885498
  endloop
endfacet
facet normal 0.0 0.0 0.0
  outer loop
    vertex -62.32709884643555 -11.324000358581543 1.6064002513885498
    vertex -62.250301361083984 -11.247200012207031 1.6064002513885498
    vertex -62.314300537109375 -11.336800575256348 1.6064002513885498
  endloop
endfacet
facet normal 0.0 0.0 0.0
  outer loop
    vertex -62.333499908447266 -11.503199577331543 1.6064002513885498
    vertex -62.442298889160156 -11.439200401306152 1.6064002513885498
    vertex -62.384700775146484 -11.381600379943848 1.6064002513885498
  endloop
endfacet
facet normal 0.0 0.0 0.0
  outer loop
    vertex -62.314300537109375 -11.336800575256348 1.6064002513885498
    vertex -62.384700775146484 -11.381600379943848 1.6064002513885498
    vertex -62.333499908447266 -11.330400466918945 1.6064002513885498
  endloop
endfacet
facet normal 0.0 0.0 0.0
  outer loop
    vertex -62.14789962768555 -11.503199577331543 1.6064002513885498
    vertex -62.384700775146484 -11.381600379943848 1.6064002513885498
    vertex -62.314300537109375 -11.336800575256348 1.6064002513885498
  endloop
endfacet
facet normal 0.0 0.0 0.0
  outer loop
    vertex -61.16230010986328 -9.602400779724121 1.6064002513885498
    vertex -61.41189956665039 -9.416799545288086 1.6064002513885498
    vertex -61.31589889526367 -9.448800086975098 1.6064002513885498
  endloop
endfacet
facet normal 0.0 0.0 0.0
  outer loop
    vertex -60.810298919677734 -9.864800453186035 1.6064002513885498
    vertex -60.84230041503906 -9.839200973510742 1.6064002513885498
    vertex -60.835899353027344 -9.832799911499023 1.6064002513885498
  endloop
endfacet
facet normal 0.0 0.0 0.0
  outer loop
    vertex -60.919097900390625 -9.698400497436523 1.6064002513885498
    vertex -60.80390167236328 -9.800800323486328 3.5762786865234375e-07
    vertex -60.90629959106445 -9.711200714111328 1.6064002513885498
  endloop
endfacet
facet normal 0.0 0.0 0.0
  outer loop
    vertex -62.19269943237305 -9.122400283813477 1.6064002513885498
    vertex -62.03269958496094 -9.148000717163086 1.6064002513885498
    vertex -62.179901123046875 -9.128800392150879 1.6064002513885498
  endloop
endfacet
facet normal 0.0 0.0 0.0
  outer loop
    vertex -60.739898681640625 -9.89680004119873 1.6064002513885498
    vertex -60.82310104370117 -9.820000648498535 1.6064002513885498
    vertex -60.810298919677734 -9.80720043182373 1.6064002513885498
  endloop
endfacet
facet normal 0.0 0.0 0.0
  outer loop
    vertex -60.84870147705078 -9.85200023651123 1.6064002513885498
    vertex -60.855098724365234 -9.85200023651123 1.6064002513885498
    vertex -60.84870147705078 -9.845600128173828 1.6064002513885498
  endloop
endfacet
facet normal 0.0 0.0 0.0
  outer loop
    vertex -60.59910202026367 -10.03760051727295 1.6064002513885498
    vertex -60.855098724365234 -9.85200023651123 1.6064002513885498
    vertex -60.84870147705078 -9.85200023651123 1.6064002513885498
  endloop
endfacet
facet normal 0.0 0.0 0.0
  outer loop
    vertex -60.59910202026367 -10.03760051727295 1.6064002513885498
    vertex -60.86149978637695 -9.858400344848633 1.6064002513885498
    vertex -60.855098724365234 -9.85200023651123 1.6064002513885498
  endloop
endfacet
facet normal 0.0 0.0 0.0
  outer loop
    vertex -60.59910202026367 -10.03760051727295 1.6064002513885498
    vertex -60.810298919677734 -9.864800453186035 1.6064002513885498
    vertex -60.784698486328125 -9.87760066986084 1.6064002513885498
  endloop
endfacet
facet normal 0.0 0.0 0.0
  outer loop
    vertex -61.00230026245117 -9.883999824523926 1.6064002513885498
    vertex -61.71910095214844 -9.61520004272461 1.6064002513885498
    vertex -61.20069885253906 -9.788000106811523 1.6064002513885498
  endloop
endfacet
facet normal 0.0 0.0 0.0
  outer loop
    vertex -61.41189956665039 -9.416799545288086 1.6064002513885498
    vertex -61.58470153808594 -9.282400131225586 1.6064002513885498
    vertex -61.44390106201172 -9.346400260925293 1.6064002513885498
  endloop
endfacet
facet normal 0.0 0.0 0.0
  outer loop
    vertex -60.90629959106445 -9.935199737548828 1.6064002513885498
    vertex -60.989501953125 -9.986400604248047 1.6064002513885498
    vertex -60.93190002441406 -9.928800582885742 1.6064002513885498
  endloop
endfacet
facet normal 0.0 0.0 0.0
  outer loop
    vertex -60.54790115356445 -10.114399909973145 1.6064002513885498
    vertex -60.989501953125 -9.986400604248047 1.6064002513885498
    vertex -60.90629959106445 -9.935199737548828 1.6064002513885498
  endloop
endfacet
facet normal 0.0 0.0 0.0
  outer loop
    vertex -60.509498596191406 -10.165599822998047 1.6064002513885498
    vertex -60.989501953125 -9.986400604248047 1.6064002513885498
    vertex -60.54790115356445 -10.114399909973145 1.6064002513885498
  endloop
endfacet
facet normal 0.0 0.0 0.0
  outer loop
    vertex -62.05189895629883 -9.583200454711914 1.6064002513885498
    vertex -62.499900817871094 -9.416799545288086 1.6064002513885498
    vertex -62.19269943237305 -9.5 1.6064002513885498
  endloop
endfacet
facet normal 0.0 0.0 0.0
  outer loop
    vertex -60.509498596191406 -10.165599822998047 1.6064002513885498
    vertex -61.00230026245117 -9.999200820922852 1.6064002513885498
    vertex -60.989501953125 -9.986400604248047 1.6064002513885498
  endloop
endfacet
facet normal 0.0 0.0 0.0
  outer loop
    vertex -63.19110107421875 -9.256799697875977 1.6064002513885498
    vertex -62.576698303222656 -9.461600303649902 1.6064002513885498
    vertex -63.1078987121582 -9.301600456237793 1.6064002513885498
  endloop
endfacet
facet normal 0.0 0.0 0.0
  outer loop
    vertex -64.1958999633789 -9.80720043182373 1.6064003705978394
    vertex -64.22149658203125 -9.832799911499023 1.6064003705978394
    vertex -64.20230102539062 -9.800800323486328 1.6064003705978394
  endloop
endfacet
facet normal 0.0 0.0 0.0
  outer loop
    vertex -62.499900817871094 -9.487199783325195 1.6064002513885498
    vertex -62.32709884643555 -9.551200866699219 1.6064002513885498
    vertex -62.499900817871094 -9.512800216674805 1.6064002513885498
  endloop
endfacet
facet normal 0.0 0.0 0.0
  outer loop
    vertex -62.499900817871094 -9.148000717163086 1.6064002513885498
    vertex -62.6599006652832 -9.10319995880127 1.6064002513885498
    vertex -62.59590148925781 -9.10319995880127 1.6064002513885498
  endloop
endfacet
facet normal 0.0 0.0 0.0
  outer loop
    vertex -62.499900817871094 -9.173600196838379 1.6064002513885498
    vertex -62.6599006652832 -9.10319995880127 1.6064002513885498
    vertex -62.499900817871094 -9.148000717163086 1.6064002513885498
  endloop
endfacet
facet normal 0.0 0.0 0.0
  outer loop
    vertex -60.343101501464844 -10.940000534057617 1.6064002513885498
    vertex -61.41830062866211 -10.453600883483887 1.6064002513885498
    vertex -61.38629913330078 -10.383200645446777 1.6064002513885498
  endloop
endfacet
facet normal 0.0 0.0 0.0
  outer loop
    vertex -62.499900817871094 -9.512800216674805 1.6064002513885498
    vertex -62.576698303222656 -9.461600303649902 1.6064002513885498
    vertex -62.499900817871094 -9.487199783325195 1.6064002513885498
  endloop
endfacet
facet normal 0.0 0.0 0.0
  outer loop
    vertex -61.38629913330078 -10.204000473022461 1.6064002513885498
    vertex -61.26470184326172 -10.26159954071045 1.6064002513885498
    vertex -61.27750015258789 -10.27440071105957 1.6064002513885498
  endloop
endfacet
facet normal 0.0 0.0 0.0
  outer loop
    vertex -62.499900817871094 -9.653600692749023 1.6064002513885498
    vertex -62.43589782714844 -9.692000389099121 1.6064002513885498
    vertex -62.499900817871094 -9.660000801086426 1.6064002513885498
  endloop
endfacet
facet normal 0.0 0.0 0.0
  outer loop
    vertex -60.75270080566406 -10.600800514221191 1.6064002513885498
    vertex -61.32229995727539 -10.31920051574707 1.6064002513885498
    vertex -61.27750015258789 -10.27440071105957 1.6064002513885498
  endloop
endfacet
facet normal 0.0 0.0 0.0
  outer loop
    vertex -62.499900817871094 -9.736800193786621 1.6064002513885498
    vertex -63.42150115966797 -9.282400131225586 1.6064003705978394
    vertex -62.499900817871094 -9.698400497436523 1.6064002513885498
  endloop
endfacet
facet normal 0.0 0.0 0.0
  outer loop
    vertex -61.51430130004883 -10.223200798034668 1.6064002513885498
    vertex -61.32229995727539 -10.31920051574707 1.6064002513885498
    vertex -61.32870101928711 -10.325600624084473 1.6064002513885498
  endloop
endfacet
facet normal 0.0 0.0 0.0
  outer loop
    vertex -62.499900817871094 -9.660000801086426 1.6064002513885498
    vertex -62.43589782714844 -9.692000389099121 1.6064002513885498
    vertex -62.499900817871094 -9.698400497436523 1.6064002513885498
  endloop
endfacet
facet normal 0.0 0.0 0.0
  outer loop
    vertex -62.499900817871094 -9.788000106811523 1.6064002513885498
    vertex -63.56230163574219 -9.346400260925293 1.6064003705978394
    vertex -63.44070053100586 -9.288800239562988 1.6064003705978394
  endloop
endfacet
facet normal 0.0 0.0 0.0
  outer loop
    vertex -62.499900817871094 -9.826399803161621 1.6064002513885498
    vertex -63.56230163574219 -9.346400260925293 1.6064003705978394
    vertex -62.499900817871094 -9.788000106811523 1.6064002513885498
  endloop
endfacet
facet normal 0.0 0.0 0.0
  outer loop
    vertex -62.499900817871094 -9.96720027923584 1.6064002513885498
    vertex -62.32709884643555 -10.127201080322266 1.6064002513885498
    vertex -62.499900817871094 -10.050399780273438 1.6064002513885498
  endloop
endfacet
facet normal 0.0 0.0 0.0
  outer loop
    vertex -62.499900817871094 -9.96720027923584 1.6064002513885498
    vertex -61.4822998046875 -10.47920036315918 1.6064002513885498
    vertex -62.32709884643555 -10.127201080322266 1.6064002513885498
  endloop
endfacet
facet normal 0.0 0.0 0.0
  outer loop
    vertex -62.499900817871094 -9.96720027923584 1.6064002513885498
    vertex -61.44390106201172 -10.440800666809082 1.6064002513885498
    vertex -61.4822998046875 -10.47920036315918 1.6064002513885498
  endloop
endfacet
facet normal 0.0 0.0 0.0
  outer loop
    vertex -62.499900817871094 -9.916000366210938 1.6064002513885498
    vertex -61.44390106201172 -10.440800666809082 1.6064002513885498
    vertex -62.499900817871094 -9.922399520874023 1.6064002513885498
  endloop
endfacet
facet normal 0.0 0.0 0.0
  outer loop
    vertex -62.499900817871094 -9.916000366210938 1.6064002513885498
    vertex -61.43109893798828 -10.36400032043457 1.6064002513885498
    vertex -61.44390106201172 -10.440800666809082 1.6064002513885498
  endloop
endfacet
facet normal 0.0 0.0 0.0
  outer loop
    vertex -62.499900817871094 -9.922399520874023 1.6064002513885498
    vertex -62.544700622558594 -9.903200149536133 1.6064002513885498
    vertex -62.499900817871094 -9.916000366210938 1.6064002513885498
  endloop
endfacet
facet normal 0.0 0.0 0.0
  outer loop
    vertex -62.499900817871094 -9.576800346374512 1.6064002513885498
    vertex -62.43589782714844 -9.692000389099121 1.6064002513885498
    vertex -62.499900817871094 -9.653600692749023 1.6064002513885498
  endloop
endfacet
facet normal 0.0 0.0 0.0
  outer loop
    vertex -62.499900817871094 -9.576800346374512 1.6064002513885498
    vertex -62.109500885009766 -9.756000518798828 1.6064002513885498
    vertex -62.43589782714844 -9.692000389099121 1.6064002513885498
  endloop
endfacet
facet normal 0.0 0.0 0.0
  outer loop
    vertex -61.41830062866211 -10.453600883483887 1.6064002513885498
    vertex -61.4822998046875 -10.47920036315918 1.6064002513885498
    vertex -61.44390106201172 -10.440800666809082 1.6064002513885498
  endloop
endfacet
facet normal 0.0 0.0 0.0
  outer loop
    vertex -60.79750061035156 -10.76720142364502 1.6064002513885498
    vertex -61.4822998046875 -10.47920036315918 1.6064002513885498
    vertex -61.41830062866211 -10.453600883483887 1.6064002513885498
  endloop
endfacet
facet normal 0.0 0.0 0.0
  outer loop
    vertex -61.76390075683594 -9.96720027923584 1.6064002513885498
    vertex -62.43589782714844 -9.692000389099121 1.6064002513885498
    vertex -62.109500885009766 -9.756000518798828 1.6064002513885498
  endloop
endfacet
facet normal 0.0 0.0 0.0
  outer loop
    vertex -61.38629913330078 -10.204000473022461 1.6064002513885498
    vertex -62.128700256347656 -9.864800453186035 1.6064002513885498
    vertex -61.76390075683594 -9.96720027923584 1.6064002513885498
  endloop
endfacet
facet normal 0.0 0.0 0.0
  outer loop
    vertex -60.89350128173828 -10.306400299072266 1.6064002513885498
    vertex -61.18149948120117 -10.178400993347168 1.6064002513885498
    vertex -61.149497985839844 -10.146400451660156 1.6064002513885498
  endloop
endfacet
facet normal 0.0 0.0 0.0
  outer loop
    vertex -60.89350128173828 -10.780000686645508 1.6064002513885498
    vertex -61.62310028076172 -10.620000839233398 1.6064002513885498
    vertex -61.55910110473633 -10.556000709533691 1.6064002513885498
  endloop
endfacet
facet normal 0.0 0.0 0.0
  outer loop
    vertex -60.131900787353516 -11.125600814819336 1.6064002513885498
    vertex -61.62310028076172 -10.620000839233398 1.6064002513885498
    vertex -60.89350128173828 -10.780000686645508 1.6064002513885498
  endloop
endfacet
facet normal 0.0 0.0 0.0
  outer loop
    vertex -60.1254997253418 -11.189600944519043 1.6064002513885498
    vertex -61.62310028076172 -10.620000839233398 1.6064002513885498
    vertex -60.131900787353516 -11.125600814819336 1.6064002513885498
  endloop
endfacet
facet normal 0.0 0.0 0.0
  outer loop
    vertex -62.10309982299805 -11.176799774169922 1.6064002513885498
    vertex -62.205501556396484 -11.202401161193848 1.6064002513885498
    vertex -62.16069793701172 -11.157600402832031 1.6064002513885498
  endloop
endfacet
facet normal 0.0 0.0 0.0
  outer loop
    vertex -61.82789993286133 -11.375200271606445 1.6064002513885498
    vertex -62.205501556396484 -11.202401161193848 1.6064002513885498
    vertex -62.10309982299805 -11.176799774169922 1.6064002513885498
  endloop
endfacet
facet normal 0.0 0.0 0.0
  outer loop
    vertex -62.499900817871094 -10.293601036071777 1.6064002513885498
    vertex -64.08709716796875 -9.698400497436523 1.6064003705978394
    vertex -62.499900817871094 -10.229599952697754 1.6064002513885498
  endloop
endfacet
facet normal 0.0 0.0 0.0
  outer loop
    vertex -62.499900817871094 -10.351200103759766 1.6064002513885498
    vertex -64.08709716796875 -9.698400497436523 1.6064003705978394
    vertex -62.499900817871094 -10.293601036071777 1.6064002513885498
  endloop
endfacet
facet normal 0.0 0.0 0.0
  outer loop
    vertex -62.499900817871094 -11.285600662231445 1.6064002513885498
    vertex -62.384700775146484 -11.381600379943848 1.6064002513885498
    vertex -62.499900817871094 -11.324000358581543 1.6064002513885498
  endloop
endfacet
facet normal 0.0 0.0 0.0
  outer loop
    vertex -62.499900817871094 -11.285600662231445 1.6064002513885498
    vertex -62.333499908447266 -11.330400466918945 1.6064002513885498
    vertex -62.384700775146484 -11.381600379943848 1.6064002513885498
  endloop
endfacet
facet normal 0.0 0.0 0.0
  outer loop
    vertex -62.499900817871094 -11.068000793457031 1.6064002513885498
    vertex -62.519100189208984 -11.061600685119629 1.6064002513885498
    vertex -62.499900817871094 -10.978400230407715 1.6064002513885498
  endloop
endfacet
facet normal 0.0 0.0 0.0
  outer loop
    vertex -62.314300537109375 -11.336800575256348 1.6064002513885498
    vertex -62.333499908447266 -11.330400466918945 1.6064002513885498
    vertex -62.32709884643555 -11.324000358581543 1.6064002513885498
  endloop
endfacet
facet normal 0.0 0.0 0.0
  outer loop
    vertex -63.03110122680664 -10.447200775146484 1.6064002513885498
    vertex -63.82469940185547 -10.178400993347168 1.6064003705978394
    vertex -63.72869873046875 -10.159200668334961 1.6064003705978394
  endloop
endfacet
facet normal 0.0 0.0 0.0
  outer loop
    vertex -62.499900817871094 -10.415200233459473 1.6064002513885498
    vertex -62.224700927734375 -10.613600730895996 1.6064002513885498
    vertex -62.499900817871094 -10.472800254821777 1.6064002513885498
  endloop
endfacet
facet normal 0.0 0.0 0.0
  outer loop
    vertex -62.499900817871094 -10.415200233459473 1.6064002513885498
    vertex -61.75749969482422 -10.754400253295898 1.6064002513885498
    vertex -62.224700927734375 -10.613600730895996 1.6064002513885498
  endloop
endfacet
facet normal 0.0 0.0 0.0
  outer loop
    vertex -62.499900817871094 -10.415200233459473 1.6064002513885498
    vertex -61.69350051879883 -10.690400123596191 1.6064002513885498
    vertex -61.75749969482422 -10.754400253295898 1.6064002513885498
  endloop
endfacet
facet normal 0.0 0.0 0.0
  outer loop
    vertex -62.499900817871094 -10.146400451660156 1.6064002513885498
    vertex -64.08709716796875 -9.698400497436523 1.6064003705978394
    vertex -63.96549987792969 -9.595999717712402 1.6064003705978394
  endloop
endfacet
facet normal 0.0 0.0 0.0
  outer loop
    vertex -62.499900817871094 -10.229599952697754 1.6064002513885498
    vertex -64.08709716796875 -9.698400497436523 1.6064003705978394
    vertex -62.499900817871094 -10.146400451660156 1.6064002513885498
  endloop
endfacet
facet normal 0.0 0.0 0.0
  outer loop
    vertex -62.499900817871094 -11.324000358581543 1.6064002513885498
    vertex -62.442298889160156 -11.439200401306152 1.6064002513885498
    vertex -62.499900817871094 -11.413599967956543 1.6064002513885498
  endloop
endfacet
facet normal 0.0 0.0 0.0
  outer loop
    vertex -62.499900817871094 -11.324000358581543 1.6064002513885498
    vertex -62.384700775146484 -11.381600379943848 1.6064002513885498
    vertex -62.442298889160156 -11.439200401306152 1.6064002513885498
  endloop
endfacet
facet normal 0.0 0.0 0.0
  outer loop
    vertex -63.69670104980469 -10.306400299072266 1.6064003705978394
    vertex -63.39590072631836 -10.536800384521484 1.6064003705978394
    vertex -63.53030014038086 -10.472800254821777 1.6064003705978394
  endloop
endfacet
facet normal 0.0 0.0 0.0
  outer loop
    vertex -63.69670104980469 -10.306400299072266 1.6064003705978394
    vertex -62.499900817871094 -10.754400253295898 1.6064002513885498
    vertex -63.39590072631836 -10.536800384521484 1.6064003705978394
  endloop
endfacet
facet normal 0.0 0.0 0.0
  outer loop
    vertex -62.68550109863281 -11.234400749206543 1.6064002513885498
    vertex -62.84550094604492 -11.157600402832031 1.6064002513885498
    vertex -62.768699645996094 -11.09360122680664 1.6064002513885498
  endloop
endfacet
facet normal 0.0 0.0 0.0
  outer loop
    vertex -62.69190216064453 -11.311200141906738 1.6064002513885498
    vertex -62.97990036010742 -11.157600402832031 1.6064002513885498
    vertex -62.80070114135742 -11.202401161193848 1.6064002513885498
  endloop
endfacet
facet normal 0.0 0.0 0.0
  outer loop
    vertex -60.151100158691406 -11.9704008102417 1.6064002513885498
    vertex -60.16389846801758 -12.021600723266602 1.6064002513885498
    vertex -60.157501220703125 -11.9704008102417 1.6064002513885498
  endloop
endfacet
facet normal 0.0 0.0 0.0
  outer loop
    vertex -63.53030014038086 -10.472800254821777 1.6064003705978394
    vertex -64.40709686279297 -10.03760051727295 1.6064003705978394
    vertex -63.69670104980469 -10.306400299072266 1.6064003705978394
  endloop
endfacet
facet normal 0.0 0.0 0.0
  outer loop
    vertex -63.53670120239258 -10.856800079345703 1.6064003705978394
    vertex -63.792701721191406 -10.722400665283203 1.6064003705978394
    vertex -63.64550018310547 -10.7608003616333 1.6064003705978394
  endloop
endfacet
facet normal 0.0 0.0 0.0
  outer loop
    vertex -63.28710174560547 -10.7160005569458 1.6064002513885498
    vertex -64.4967041015625 -10.165599822998047 1.6064003705978394
    vertex -63.49829864501953 -10.504800796508789 1.6064003705978394
  endloop
endfacet
facet normal 0.0 0.0 0.0
  outer loop
    vertex -62.499900817871094 -10.472800254821777 1.6064002513885498
    vertex -62.224700927734375 -10.613600730895996 1.6064002513885498
    vertex -62.499900817871094 -10.530400276184082 1.6064002513885498
  endloop
endfacet
facet normal 0.0 0.0 0.0
  outer loop
    vertex -62.333499908447266 -11.503199577331543 1.6064002513885498
    vertex -62.499900817871094 -11.503199577331543 1.6064002513885498
    vertex -62.442298889160156 -11.439200401306152 1.6064002513885498
  endloop
endfacet
facet normal 0.0 0.0 0.0
  outer loop
    vertex -61.69350051879883 -10.690400123596191 1.6064002513885498
    vertex -61.62310028076172 -10.620000839233398 1.6064002513885498
    vertex -61.6614990234375 -10.69680118560791 1.6064002513885498
  endloop
endfacet
facet normal 0.0 0.0 0.0
  outer loop
    vertex -61.82789993286133 -11.375200271606445 1.6064002513885498
    vertex -62.250301361083984 -11.247200012207031 1.6064002513885498
    vertex -62.205501556396484 -11.202401161193848 1.6064002513885498
  endloop
endfacet
facet normal 0.0 0.0 0.0
  outer loop
    vertex -62.499900817871094 -12.239200592041016 1.6064002513885498
    vertex -61.62310028076172 -12.380001068115234 1.6064002513885498
    vertex -62.499900817871094 -12.27760124206543 1.6064002513885498
  endloop
endfacet
facet normal 0.0 0.0 0.0
  outer loop
    vertex -63.46630096435547 -11.023200988769531 1.6064003705978394
    vertex -64.22789764404297 -10.645600318908691 1.6064003705978394
    vertex -63.53670120239258 -10.856800079345703 1.6064003705978394
  endloop
endfacet
facet normal 0.0 0.0 0.0
  outer loop
    vertex -64.42630004882812 -10.556000709533691 1.6064003705978394
    vertex -64.6759033203125 -10.485600471496582 1.6064003705978394
    vertex -64.65670013427734 -10.440800666809082 1.6064003705978394
  endloop
endfacet
facet normal 0.0 0.0 0.0
  outer loop
    vertex -64.42630004882812 -10.556000709533691 1.6064003705978394
    vertex -64.6886978149414 -10.511199951171875 1.6064003705978394
    vertex -64.6759033203125 -10.485600471496582 1.6064003705978394
  endloop
endfacet
facet normal 0.0 0.0 0.0
  outer loop
    vertex -64.22789764404297 -10.645600318908691 1.6064003705978394
    vertex -64.6886978149414 -10.511199951171875 1.6064003705978394
    vertex -64.42630004882812 -10.556000709533691 1.6064003705978394
  endloop
endfacet
facet normal 0.0 0.0 0.0
  outer loop
    vertex -61.00230026245117 -12.066400527954102 1.6064002513885498
    vertex -61.4375 -11.848799705505371 1.6064002513885498
    vertex -61.31589889526367 -11.868000984191895 1.6064002513885498
  endloop
endfacet
facet normal 0.0 0.0 0.0
  outer loop
    vertex -62.84550094604492 -13.064800262451172 1.6064002513885498
    vertex -64.03590393066406 -13.090400695800781 1.6064003705978394
    vertex -63.9911003112793 -12.988000869750977 1.6064003705978394
  endloop
endfacet
facet normal 0.0 0.0 0.0
  outer loop
    vertex -62.499900817871094 -13.128800392150879 1.6064002513885498
    vertex -64.03590393066406 -13.090400695800781 1.6064003705978394
    vertex -62.84550094604492 -13.064800262451172 1.6064002513885498
  endloop
endfacet
facet normal 0.0 0.0 0.0
  outer loop
    vertex -62.499900817871094 -13.141600608825684 1.6064002513885498
    vertex -64.03590393066406 -13.090400695800781 1.6064003705978394
    vertex -62.499900817871094 -13.128800392150879 1.6064002513885498
  endloop
endfacet
facet normal 0.0 0.0 0.0
  outer loop
    vertex -61.05350112915039 -12.213601112365723 1.6064002513885498
    vertex -61.53350067138672 -11.976800918579102 1.6064002513885498
    vertex -61.39910125732422 -12.002400398254395 1.6064002513885498
  endloop
endfacet
facet normal 0.0 0.0 0.0
  outer loop
    vertex -63.35750198364258 -11.759201049804688 1.6064003705978394
    vertex -64.89990234375 -11.503199577331543 1.6064003705978394
    vertex -64.6438980102539 -11.503199577331543 1.6064003705978394
  endloop
endfacet
facet normal 0.0 0.0 0.0
  outer loop
    vertex -62.95429992675781 -11.951200485229492 1.6064002513885498
    vertex -64.89990234375 -11.503199577331543 1.6064003705978394
    vertex -63.35750198364258 -11.759201049804688 1.6064003705978394
  endloop
endfacet
facet normal 0.0 0.0 0.0
  outer loop
    vertex -62.557498931884766 -12.124000549316406 1.6064002513885498
    vertex -63.05670166015625 -12.053600311279297 1.6064002513885498
    vertex -63.03110122680664 -12.027999877929688 1.6064002513885498
  endloop
endfacet
facet normal 0.0 0.0 0.0
  outer loop
    vertex -63.64550018310547 -10.7608003616333 1.6064003705978394
    vertex -64.57990264892578 -10.300000190734863 1.6064003705978394
    vertex -64.4967041015625 -10.165599822998047 1.6064003705978394
  endloop
endfacet
facet normal 0.0 0.0 0.0
  outer loop
    vertex -63.95909881591797 -13.199200630187988 1.6064003705978394
    vertex -64.16390228271484 -13.199200630187988 1.6064003705978394
    vertex -64.15750122070312 -13.154400825500488 1.6064003705978394
  endloop
endfacet
facet normal 0.0 0.0 0.0
  outer loop
    vertex -64.22789764404297 -10.645600318908691 1.6064003705978394
    vertex -64.720703125 -10.581600189208984 1.6064003705978394
    vertex -64.6886978149414 -10.511199951171875 1.6064003705978394
  endloop
endfacet
facet normal 0.0 0.0 0.0
  outer loop
    vertex -64.13829803466797 -10.844000816345215 1.6064003705978394
    vertex -64.720703125 -10.581600189208984 1.6064003705978394
    vertex -64.22789764404297 -10.645600318908691 1.6064003705978394
  endloop
endfacet
facet normal 0.0 0.0 0.0
  outer loop
    vertex -61.91749954223633 -11.78480052947998 1.6064002513885498
    vertex -62.499900817871094 -11.503199577331543 1.6064002513885498
    vertex -62.23749923706055 -11.554400444030762 1.6064002513885498
  endloop
endfacet
facet normal 0.0 0.0 0.0
  outer loop
    vertex -63.6327018737793 -12.629600524902344 1.6064003705978394
    vertex -64.30470275878906 -12.584799766540527 1.6064003705978394
    vertex -64.13189697265625 -12.476000785827637 1.6064003705978394
  endloop
endfacet
facet normal 0.0 0.0 0.0
  outer loop
    vertex -64.88069915771484 -11.816800117492676 1.6064003705978394
    vertex -64.79109954833984 -11.829601287841797 1.6064003705978394
    vertex -64.87429809570312 -11.842400550842285 1.6064003705978394
  endloop
endfacet
facet normal 0.0 0.0 0.0
  outer loop
    vertex -64.88069915771484 -11.81040096282959 1.6064003705978394
    vertex -64.79109954833984 -11.829601287841797 1.6064003705978394
    vertex -64.88069915771484 -11.816800117492676 1.6064003705978394
  endloop
endfacet
facet normal 0.0 0.0 0.0
  outer loop
    vertex -64.79109954833984 -11.829601287841797 1.6064003705978394
    vertex -63.05670166015625 -12.053600311279297 1.6064002513885498
    vertex -63.1078987121582 -12.104801177978516 1.6064002513885498
  endloop
endfacet
facet normal 0.0 0.0 0.0
  outer loop
    vertex -62.499900817871094 -11.816800117492676 1.6064002513885498
    vertex -62.576698303222656 -11.804000854492188 1.6064002513885498
    vertex -62.499900817871094 -11.752799987792969 1.6064002513885498
  endloop
endfacet
facet normal 0.0 0.0 0.0
  outer loop
    vertex -61.91749954223633 -12.085600852966309 1.6064002513885498
    vertex -62.339900970458984 -11.957600593566895 1.6064002513885498
    vertex -61.96870040893555 -12.034400939941406 1.6064002513885498
  endloop
endfacet
facet normal 0.0 0.0 0.0
  outer loop
    vertex -62.589500427246094 -12.629600524902344 1.6064002513885498
    vertex -63.53670120239258 -12.533599853515625 1.6064003705978394
    vertex -63.48550033569336 -12.482400894165039 1.6064003705978394
  endloop
endfacet
facet normal 0.0 0.0 0.0
  outer loop
    vertex -63.42150115966797 -12.642400741577148 1.6064003705978394
    vertex -63.6327018737793 -12.629600524902344 1.6064003705978394
    vertex -63.60070037841797 -12.597600936889648 1.6064003705978394
  endloop
endfacet
facet normal 0.0 0.0 0.0
  outer loop
    vertex -64.65029907226562 -12.290400505065918 1.6064003705978394
    vertex -63.44710159301758 -12.444001197814941 1.6064003705978394
    vertex -63.48550033569336 -12.482400894165039 1.6064003705978394
  endloop
endfacet
facet normal 0.0 0.0 0.0
  outer loop
    vertex -64.31109619140625 -11.503199577331543 1.6064003705978394
    vertex -64.1063003540039 -11.503199577331543 1.6064003705978394
    vertex -64.12550354003906 -11.54800033569336 1.6064003705978394
  endloop
endfacet
facet normal 0.0 0.0 0.0
  outer loop
    vertex -63.773502349853516 -12.36720085144043 1.6064003705978394
    vertex -63.40869903564453 -12.405600547790527 1.6064003705978394
    vertex -63.42150115966797 -12.418399810791016 1.6064003705978394
  endloop
endfacet
facet normal 0.0 0.0 0.0
  outer loop
    vertex -64.12550354003906 -11.54800033569336 1.6064003705978394
    vertex -63.15909957885742 -11.708001136779785 1.6064002513885498
    vertex -63.35750198364258 -11.759201049804688 1.6064003705978394
  endloop
endfacet
facet normal 0.0 0.0 0.0
  outer loop
    vertex -62.499900817871094 -12.540000915527344 1.6064002513885498
    vertex -63.44710159301758 -12.444001197814941 1.6064003705978394
    vertex -63.42150115966797 -12.418399810791016 1.6064003705978394
  endloop
endfacet
facet normal 0.0 0.0 0.0
  outer loop
    vertex -62.499900817871094 -12.572000503540039 1.6064002513885498
    vertex -63.44710159301758 -12.444001197814941 1.6064003705978394
    vertex -62.499900817871094 -12.540000915527344 1.6064002513885498
  endloop
endfacet
facet normal 0.0 0.0 0.0
  outer loop
    vertex -61.33510208129883 -13.583200454711914 1.6064002513885498
    vertex -61.3031005859375 -13.576801300048828 1.6064002513885498
    vertex -61.31589889526367 -13.583200454711914 1.6064002513885498
  endloop
endfacet
facet normal 0.0 0.0 0.0
  outer loop
    vertex -61.00230026245117 -12.642400741577148 1.6064002513885498
    vertex -61.39910125732422 -12.604000091552734 1.6064002513885498
    vertex -61.28390121459961 -12.584799766540527 1.6064002513885498
  endloop
endfacet
facet normal 0.0 0.0 0.0
  outer loop
    vertex -62.69190216064453 -13.794400215148926 1.6064002513885498
    vertex -62.499900817871094 -13.800800323486328 1.6064002513885498
    vertex -62.59590148925781 -13.820000648498535 1.6064002513885498
  endloop
endfacet
facet normal 0.0 0.0 0.0
  outer loop
    vertex -61.09830093383789 -13.410400390625 1.6064002513885498
    vertex -61.35430145263672 -13.442400932312012 1.6064002513885498
    vertex -61.30950164794922 -13.365601539611816 1.6064002513885498
  endloop
endfacet
facet normal 0.0 0.0 0.0
  outer loop
    vertex -61.09189987182617 -13.410400390625 1.6064002513885498
    vertex -61.31589889526367 -13.448801040649414 1.6064002513885498
    vertex -61.09830093383789 -13.410400390625 1.6064002513885498
  endloop
endfacet
facet normal 0.0 0.0 0.0
  outer loop
    vertex -62.499900817871094 -11.068000793457031 1.6064002513885498
    vertex -62.250301361083984 -11.247200012207031 1.6064002513885498
    vertex -62.499900817871094 -11.170400619506836 1.6064002513885498
  endloop
endfacet
facet normal 0.0 0.0 0.0
  outer loop
    vertex -62.499900817871094 -11.068000793457031 1.6064002513885498
    vertex -62.205501556396484 -11.202401161193848 1.6064002513885498
    vertex -62.250301361083984 -11.247200012207031 1.6064002513885498
  endloop
endfacet
facet normal 0.0 0.0 0.0
  outer loop
    vertex -60.426300048828125 -12.700000762939453 1.6064002513885498
    vertex -61.47589874267578 -12.527200698852539 1.6064002513885498
    vertex -61.25830078125 -12.444001197814941 1.6064002513885498
  endloop
endfacet
facet normal 0.0 0.0 0.0
  outer loop
    vertex -61.22629928588867 -13.199200630187988 1.6064002513885498
    vertex -61.4822998046875 -13.199200630187988 1.6064002513885498
    vertex -61.30950164794922 -13.180001258850098 1.6064002513885498
  endloop
endfacet
facet normal 0.0 0.0 0.0
  outer loop
    vertex -61.527099609375 -13.679200172424316 1.6064002513885498
    vertex -61.44390106201172 -13.653600692749023 1.6064002513885498
    vertex -61.51430130004883 -13.685600280761719 1.6064002513885498
  endloop
endfacet
facet normal 0.0 0.0 0.0
  outer loop
    vertex -61.527099609375 -13.679200172424316 1.6064002513885498
    vertex -61.31589889526367 -13.583200454711914 1.6064002513885498
    vertex -61.44390106201172 -13.653600692749023 1.6064002513885498
  endloop
endfacet
facet normal 0.0 0.0 0.0
  outer loop
    vertex -62.499900817871094 -13.359201431274414 1.6064002513885498
    vertex -62.423099517822266 -13.404000282287598 1.6064002513885498
    vertex -62.499900817871094 -13.39120101928711 1.6064002513885498
  endloop
endfacet
facet normal 0.0 0.0 0.0
  outer loop
    vertex -62.499900817871094 -13.359201431274414 1.6064002513885498
    vertex -62.12229919433594 -13.34640121459961 1.6064002513885498
    vertex -62.423099517822266 -13.404000282287598 1.6064002513885498
  endloop
endfacet
facet normal 0.0 0.0 0.0
  outer loop
    vertex -63.23590087890625 -13.199200630187988 1.6064002513885498
    vertex -62.499900817871094 -13.199200630187988 1.6064002513885498
    vertex -62.7495002746582 -13.263200759887695 1.6064002513885498
  endloop
endfacet
facet normal 0.0 0.0 0.0
  outer loop
    vertex -64.720703125 -12.418399810791016 1.6064003705978394
    vertex -64.30470275878906 -12.584799766540527 1.6064003705978394
    vertex -64.6759033203125 -12.508000373840332 1.6064003705978394
  endloop
endfacet
facet normal 0.0 0.0 0.0
  outer loop
    vertex -64.720703125 -12.418399810791016 1.6064003705978394
    vertex -64.13189697265625 -12.476000785827637 1.6064003705978394
    vertex -64.30470275878906 -12.584799766540527 1.6064003705978394
  endloop
endfacet
facet normal 0.0 0.0 0.0
  outer loop
    vertex -63.77989959716797 -13.397601127624512 1.6064003705978394
    vertex -63.96549987792969 -13.404000282287598 1.6064003705978394
    vertex -63.79909896850586 -13.39120101928711 1.6064003705978394
  endloop
endfacet
facet normal 0.0 0.0 0.0
  outer loop
    vertex -63.05670166015625 -12.834400177001953 1.6064002513885498
    vertex -62.602298736572266 -12.834400177001953 1.6064002513885498
    vertex -62.69190216064453 -12.904800415039062 1.6064002513885498
  endloop
endfacet
facet normal 0.0 0.0 0.0
  outer loop
    vertex -63.55590057373047 -12.732000350952148 1.6064003705978394
    vertex -62.941497802734375 -12.751200675964355 1.6064002513885498
    vertex -63.05670166015625 -12.834400177001953 1.6064002513885498
  endloop
endfacet
facet normal 0.0 0.0 0.0
  outer loop
    vertex -62.499900817871094 -11.906400680541992 1.6064002513885498
    vertex -62.339900970458984 -11.957600593566895 1.6064002513885498
    vertex -62.499900817871094 -11.9256010055542 1.6064002513885498
  endloop
endfacet
facet normal 0.0 0.0 0.0
  outer loop
    vertex -61.20709991455078 -12.853601455688477 1.6064002513885498
    vertex -61.85350036621094 -12.87920093536377 1.6064002513885498
    vertex -61.347900390625 -12.834400177001953 1.6064002513885498
  endloop
endfacet
facet normal 0.0 0.0 0.0
  outer loop
    vertex -62.499900817871094 -13.39120101928711 1.6064002513885498
    vertex -62.666297912597656 -13.359201431274414 1.6064002513885498
    vertex -62.499900817871094 -13.359201431274414 1.6064002513885498
  endloop
endfacet
facet normal 0.0 0.0 0.0
  outer loop
    vertex -62.12229919433594 -13.34640121459961 1.6064002513885498
    vertex -62.499900817871094 -13.359201431274414 1.6064002513885498
    vertex -62.429500579833984 -13.301600456237793 1.6064002513885498
  endloop
endfacet
facet normal 0.0 0.0 0.0
  outer loop
    vertex -63.56230163574219 -13.653600692749023 1.6064003705978394
    vertex -63.703102111816406 -13.576801300048828 1.6064003705978394
    vertex -63.69670104980469 -13.576801300048828 1.6064003705978394
  endloop
endfacet
facet normal 0.0 0.0 0.0
  outer loop
    vertex -62.499900817871094 -13.39120101928711 1.6064002513885498
    vertex -62.80070114135742 -13.429601669311523 1.6064002513885498
    vertex -62.666297912597656 -13.359201431274414 1.6064002513885498
  endloop
endfacet
facet normal 0.0 0.0 0.0
  outer loop
    vertex -62.499900817871094 -13.410400390625 1.6064002513885498
    vertex -62.80070114135742 -13.429601669311523 1.6064002513885498
    vertex -62.499900817871094 -13.39120101928711 1.6064002513885498
  endloop
endfacet
facet normal 0.0 0.0 0.0
  outer loop
    vertex -63.55590057373047 -12.732000350952148 1.6064003705978394
    vertex -63.72869873046875 -12.725600242614746 1.6064003705978394
    vertex -63.70949935913086 -12.706400871276855 1.6064003705978394
  endloop
endfacet
facet normal 0.0 0.0 0.0
  outer loop
    vertex -62.85190200805664 -13.333600044250488 1.6064002513885498
    vertex -62.499900817871094 -13.308000564575195 1.6064002513885498
    vertex -62.666297912597656 -13.359201431274414 1.6064002513885498
  endloop
endfacet
facet normal 0.0 0.0 0.0
  outer loop
    vertex -62.95429992675781 -12.36720085144043 1.6064002513885498
    vertex -63.31909942626953 -12.316000938415527 1.6064002513885498
    vertex -63.31269836425781 -12.309600830078125 1.6064002513885498
  endloop
endfacet
facet normal 0.0 0.0 0.0
  outer loop
    vertex -61.39910125732422 -12.604000091552734 1.6064002513885498
    vertex -61.00230026245117 -12.642400741577148 1.6064002513885498
    vertex -61.37350082397461 -12.629600524902344 1.6064002513885498
  endloop
endfacet
facet normal 0.0 0.0 0.0
  outer loop
    vertex -62.019901275634766 -13.039200782775879 1.6064002513885498
    vertex -62.499900817871094 -12.943201065063477 1.6064002513885498
    vertex -62.339900970458984 -12.892001152038574 1.6064002513885498
  endloop
endfacet
facet normal 0.0 0.0 0.0
  outer loop
    vertex -61.7958984375 -13.628000259399414 1.6064002513885498
    vertex -61.33510208129883 -13.583200454711914 1.6064002513885498
    vertex -61.527099609375 -13.679200172424316 1.6064002513885498
  endloop
endfacet
facet normal 0.0 0.0 0.0
  outer loop
    vertex -61.64870071411133 -13.167201042175293 1.6064002513885498
    vertex -62.442298889160156 -13.141600608825684 1.6064002513885498
    vertex -61.9302978515625 -13.122400283813477 1.6064002513885498
  endloop
endfacet
facet normal 0.0 0.0 0.0
  outer loop
    vertex -62.499900817871094 -12.943201065063477 1.6064002513885498
    vertex -62.019901275634766 -13.039200782775879 1.6064002513885498
    vertex -62.499900817871094 -13.026400566101074 1.6064002513885498
  endloop
endfacet
facet normal 0.0 0.0 0.0
  outer loop
    vertex -61.168701171875 -13.212000846862793 1.6064002513885498
    vertex -61.37350082397461 -13.218400955200195 1.6064002513885498
    vertex -61.22629928588867 -13.199200630187988 1.6064002513885498
  endloop
endfacet
facet normal 0.0 0.0 0.0
  outer loop
    vertex -61.29029846191406 -13.231201171875 1.6064002513885498
    vertex -61.83430099487305 -13.263200759887695 1.6064002513885498
    vertex -61.37350082397461 -13.218400955200195 1.6064002513885498
  endloop
endfacet
facet normal 0.0 0.0 0.0
  outer loop
    vertex -62.320701599121094 -13.890400886535645 1.6064002513885498
    vertex -62.499900817871094 -13.845600128173828 1.6064002513885498
    vertex -62.3463020324707 -13.83280086517334 1.6064002513885498
  endloop
endfacet
facet normal 0.0 0.0 0.0
  outer loop
    vertex -64.30470275878906 -13.084001541137695 1.6064003705978394
    vertex -64.12550354003906 -13.122400283813477 1.6064003705978394
    vertex -64.29830169677734 -13.090400695800781 1.6064003705978394
  endloop
endfacet
facet normal 0.0 0.0 0.0
  outer loop
    vertex -64.30470275878906 -13.084001541137695 1.6064003705978394
    vertex -64.09349822998047 -13.090400695800781 1.6064003705978394
    vertex -64.12550354003906 -13.122400283813477 1.6064003705978394
  endloop
endfacet
facet normal 0.0 0.0 0.0
  outer loop
    vertex -64.29830169677734 -13.090400695800781 1.6064003705978394
    vertex -64.15750122070312 -13.154400825500488 1.6064003705978394
    vertex -64.25350189208984 -13.135200500488281 1.6064003705978394
  endloop
endfacet
facet normal 0.0 0.0 0.0
  outer loop
    vertex -64.29830169677734 -13.090400695800781 1.6064003705978394
    vertex -64.12550354003906 -13.122400283813477 1.6064003705978394
    vertex -64.15750122070312 -13.154400825500488 1.6064003705978394
  endloop
endfacet
facet normal 0.0 0.0 0.0
  outer loop
    vertex -62.019901275634766 -13.81360149383545 1.6064002513885498
    vertex -61.87910079956055 -13.820000648498535 1.6064002513885498
    vertex -61.949501037597656 -13.83280086517334 1.6064002513885498
  endloop
endfacet
facet normal 0.0 0.0 0.0
  outer loop
    vertex -61.059898376464844 -13.416800498962402 1.6064002513885498
    vertex -61.14310073852539 -13.474400520324707 1.6064002513885498
    vertex -61.09189987182617 -13.410400390625 1.6064002513885498
  endloop
endfacet
facet normal 0.0 0.0 0.0
  outer loop
    vertex -62.69190216064453 -13.884001731872559 1.6064002513885498
    vertex -62.499900817871094 -13.890400886535645 1.6064002513885498
    vertex -62.653499603271484 -13.896800994873047 1.6064002513885498
  endloop
endfacet
facet normal 0.0 0.0 0.0
  outer loop
    vertex -61.3031005859375 -13.576801300048828 1.6064002513885498
    vertex -61.33510208129883 -13.583200454711914 1.6064002513885498
    vertex -61.31589889526367 -13.448801040649414 1.6064002513885498
  endloop
endfacet
facet normal 0.0 0.0 0.0
  outer loop
    vertex -61.33510208129883 -13.583200454711914 1.6064002513885498
    vertex -61.7958984375 -13.628000259399414 1.6064002513885498
    vertex -61.72549819946289 -13.519201278686523 1.6064002513885498
  endloop
endfacet
facet normal 0.0 0.0 0.0
  outer loop
    vertex -62.16709899902344 -13.666400909423828 1.6064002513885498
    vertex -62.467899322509766 -13.692000389099121 1.6064002513885498
    vertex -62.352699279785156 -13.621600151062012 1.6064002513885498
  endloop
endfacet
facet normal 0.0 0.0 0.0
  outer loop
    vertex -62.499900817871094 -13.487200736999512 1.6064002513885498
    vertex -62.589500427246094 -13.468000411987305 1.6064002513885498
    vertex -62.499900817871094 -13.461601257324219 1.6064002513885498
  endloop
endfacet
facet normal 0.0 0.0 0.0
  outer loop
    vertex -62.499900817871094 -13.685600280761719 1.6064002513885498
    vertex -62.59590148925781 -13.660001754760742 1.6064002513885498
    vertex -62.499900817871094 -13.647200584411621 1.6064002513885498
  endloop
endfacet
facet normal 0.0 0.0 0.0
  outer loop
    vertex -62.499900817871094 -13.647200584411621 1.6064002513885498
    vertex -62.59590148925781 -13.660001754760742 1.6064002513885498
    vertex -62.499900817871094 -13.596000671386719 1.6064002513885498
  endloop
endfacet
facet normal 0.0 0.0 0.0
  outer loop
    vertex -62.499900817871094 -13.295201301574707 1.6064002513885498
    vertex -62.429500579833984 -13.301600456237793 1.6064002513885498
    vertex -62.499900817871094 -13.308000564575195 1.6064002513885498
  endloop
endfacet
facet normal 0.0 0.0 0.0
  outer loop
    vertex -62.698299407958984 -13.538400650024414 1.6064002513885498
    vertex -62.499900817871094 -13.512802124023438 1.6064002513885498
    vertex -62.55110168457031 -13.570401191711426 1.6064002513885498
  endloop
endfacet
facet normal 0.0 0.0 0.0
  outer loop
    vertex -61.66790008544922 -13.404000282287598 1.6064002513885498
    vertex -62.083900451660156 -13.455201148986816 1.6064002513885498
    vertex -61.77669906616211 -13.39120101928711 1.6064002513885498
  endloop
endfacet
facet normal 0.0 0.0 0.0
  outer loop
    vertex -61.149497985839844 -12.853601455688477 1.6064002513885498
    vertex -61.20709991455078 -12.853601455688477 1.6064002513885498
    vertex -61.168701171875 -12.834400177001953 1.6064002513885498
  endloop
endfacet
facet normal 0.0 0.0 0.0
  outer loop
    vertex -62.762298583984375 -13.775199890136719 1.6064002513885498
    vertex -63.05670166015625 -13.775199890136719 1.6064002513885498
    vertex -62.903099060058594 -13.736801147460938 1.6064002513885498
  endloop
endfacet
facet normal 0.0 0.0 0.0
  outer loop
    vertex -61.13669967651367 -13.474400520324707 1.6064002513885498
    vertex -61.168701171875 -13.493600845336914 1.6064002513885498
    vertex -61.14310073852539 -13.474400520324707 1.6064002513885498
  endloop
endfacet
facet normal 0.0 0.0 0.0
  outer loop
    vertex -62.59590148925781 -13.820000648498535 1.6064002513885498
    vertex -62.99909973144531 -13.78800106048584 1.6064002513885498
    vertex -62.69190216064453 -13.794400215148926 1.6064002513885498
  endloop
endfacet
facet normal 0.0 0.0 0.0
  outer loop
    vertex -62.723899841308594 -13.71760082244873 1.6064002513885498
    vertex -62.499900817871094 -13.698400497436523 1.6064002513885498
    vertex -62.544700622558594 -13.775199890136719 1.6064002513885498
  endloop
endfacet
facet normal 0.0 0.0 0.0
  outer loop
    vertex -61.347900390625 -12.834400177001953 1.6064002513885498
    vertex -61.168701171875 -12.834400177001953 1.6064002513885498
    vertex -61.20709991455078 -12.853601455688477 1.6064002513885498
  endloop
endfacet
facet normal 0.0 0.0 0.0
  outer loop
    vertex -61.3031005859375 -13.576801300048828 1.6064002513885498
    vertex -61.14310073852539 -13.474400520324707 1.6064002513885498
    vertex -61.168701171875 -13.493600845336914 1.6064002513885498
  endloop
endfacet
facet normal 0.0 0.0 0.0
  outer loop
    vertex -62.941497802734375 -13.653600692749023 1.6064002513885498
    vertex -63.12070083618164 -13.679200172424316 1.6064002513885498
    vertex -62.9734992980957 -13.640801429748535 1.6064002513885498
  endloop
endfacet
facet normal 0.0 0.0 0.0
  outer loop
    vertex -62.499900817871094 -12.834400177001953 1.6064002513885498
    vertex -62.339900970458984 -12.892001152038574 1.6064002513885498
    vertex -62.499900817871094 -12.853601455688477 1.6064002513885498
  endloop
endfacet
facet normal 0.0 0.0 0.0
  outer loop
    vertex -62.499900817871094 -12.834400177001953 1.6064002513885498
    vertex -62.07749938964844 -12.834400177001953 1.6064002513885498
    vertex -62.339900970458984 -12.892001152038574 1.6064002513885498
  endloop
endfacet
facet normal 0.0 0.0 0.0
  outer loop
    vertex -61.91749954223633 -13.372000694274902 1.6064002513885498
    vertex -62.423099517822266 -13.404000282287598 1.6064002513885498
    vertex -62.12229919433594 -13.34640121459961 1.6064002513885498
  endloop
endfacet
facet normal 0.0 0.0 0.0
  outer loop
    vertex -62.499900817871094 -13.78800106048584 1.6064002513885498
    vertex -62.69190216064453 -13.794400215148926 1.6064002513885498
    vertex -62.544700622558594 -13.775199890136719 1.6064002513885498
  endloop
endfacet
facet normal 0.0 0.0 0.0
  outer loop
    vertex -62.499900817871094 -13.800800323486328 1.6064002513885498
    vertex -62.69190216064453 -13.794400215148926 1.6064002513885498
    vertex -62.499900817871094 -13.78800106048584 1.6064002513885498
  endloop
endfacet
facet normal 0.0 0.0 0.0
  outer loop
    vertex -62.59590148925781 -13.660001754760742 1.6064002513885498
    vertex -62.80070114135742 -13.692000389099121 1.6064002513885498
    vertex -62.723899841308594 -13.628000259399414 1.6064002513885498
  endloop
endfacet
facet normal 0.0 0.0 0.0
  outer loop
    vertex -62.499900817871094 -13.583200454711914 1.6064002513885498
    vertex -62.723899841308594 -13.628000259399414 1.6064002513885498
    vertex -62.55110168457031 -13.570401191711426 1.6064002513885498
  endloop
endfacet
facet normal 0.0 0.0 0.0
  outer loop
    vertex -62.499900817871094 -13.596000671386719 1.6064002513885498
    vertex -62.723899841308594 -13.628000259399414 1.6064002513885498
    vertex -62.499900817871094 -13.583200454711914 1.6064002513885498
  endloop
endfacet
facet normal 0.0 0.0 0.0
  outer loop
    vertex -63.03110122680664 -13.781600952148438 1.6064002513885498
    vertex -63.27429962158203 -13.775199890136719 1.6064002513885498
    vertex -63.05670166015625 -13.775199890136719 1.6064002513885498
  endloop
endfacet
facet normal 0.0 0.0 0.0
  outer loop
    vertex -62.499900817871094 -12.89840030670166 1.6064002513885498
    vertex -62.339900970458984 -12.892001152038574 1.6064002513885498
    vertex -62.499900817871094 -12.943201065063477 1.6064002513885498
  endloop
endfacet
facet normal 0.0 0.0 0.0
  outer loop
    vertex -61.80229949951172 -13.506401062011719 1.6064002513885498
    vertex -62.16709899902344 -13.551199913024902 1.6064002513885498
    vertex -61.96870040893555 -13.474400520324707 1.6064002513885498
  endloop
endfacet
facet normal 0.0 0.0 0.0
  outer loop
    vertex -62.499900817871094 -13.583200454711914 1.6064002513885498
    vertex -62.55110168457031 -13.570401191711426 1.6064002513885498
    vertex -62.499900817871094 -13.564001083374023 1.6064002513885498
  endloop
endfacet
facet normal 0.0 0.0 0.0
  outer loop
    vertex -61.35430145263672 -13.442400932312012 1.6064002513885498
    vertex -61.80229949951172 -13.506401062011719 1.6064002513885498
    vertex -61.58470153808594 -13.416800498962402 1.6064002513885498
  endloop
endfacet
facet normal 0.0 0.0 0.0
  outer loop
    vertex -62.499900817871094 -13.512802124023438 1.6064002513885498
    vertex -62.423099517822266 -13.5 1.6064002513885498
    vertex -62.499900817871094 -13.564001083374023 1.6064002513885498
  endloop
endfacet
facet normal 0.0 0.0 0.0
  outer loop
    vertex -62.499900817871094 -13.685600280761719 1.6064002513885498
    vertex -62.723899841308594 -13.71760082244873 1.6064002513885498
    vertex -62.59590148925781 -13.660001754760742 1.6064002513885498
  endloop
endfacet
facet normal 0.0 0.0 0.0
  outer loop
    vertex -62.499900817871094 -13.698400497436523 1.6064002513885498
    vertex -62.723899841308594 -13.71760082244873 1.6064002513885498
    vertex -62.499900817871094 -13.685600280761719 1.6064002513885498
  endloop
endfacet
facet normal 0.0 0.0 0.0
  outer loop
    vertex -63.96549987792969 -13.404000282287598 1.6064003705978394
    vertex -63.80550003051758 -13.493600845336914 1.6064003705978394
    vertex -63.8567008972168 -13.48080062866211 1.6064003705978394
  endloop
endfacet
facet normal 0.0 0.0 0.0
  outer loop
    vertex -63.96549987792969 -13.404000282287598 1.6064003705978394
    vertex -63.77989959716797 -13.397601127624512 1.6064003705978394
    vertex -63.80550003051758 -13.493600845336914 1.6064003705978394
  endloop
endfacet
facet normal 0.0 0.0 0.0
  outer loop
    vertex -63.27429962158203 -13.775199890136719 1.6064002513885498
    vertex -63.42150115966797 -13.71760082244873 1.6064003705978394
    vertex -63.29349899291992 -13.698400497436523 1.6064002513885498
  endloop
endfacet
facet normal 0.0 0.0 0.0
  outer loop
    vertex -62.384700775146484 -12.770401000976562 1.6064002513885498
    vertex -61.55270004272461 -12.796000480651855 1.6064002513885498
    vertex -62.07749938964844 -12.834400177001953 1.6064002513885498
  endloop
endfacet
facet normal 0.0 0.0 0.0
  outer loop
    vertex -63.53030014038086 -13.474400520324707 1.6064003705978394
    vertex -63.80550003051758 -13.493600845336914 1.6064003705978394
    vertex -63.77989959716797 -13.397601127624512 1.6064003705978394
  endloop
endfacet
facet normal 0.0 0.0 0.0
  outer loop
    vertex -63.68389892578125 -12.834400177001953 1.6064003705978394
    vertex -63.837501525878906 -12.834400177001953 1.6064003705978394
    vertex -63.81829833984375 -12.815200805664062 1.6064003705978394
  endloop
endfacet
facet normal 0.0 0.0 0.0
  outer loop
    vertex -64.1511001586914 -13.244000434875488 1.6064003705978394
    vertex -63.93989944458008 -13.301600456237793 1.6064003705978394
    vertex -64.08709716796875 -13.301600456237793 1.6064003705978394
  endloop
endfacet
facet normal 0.0 0.0 0.0
  outer loop
    vertex -61.77669906616211 -13.39120101928711 1.6064002513885498
    vertex -62.23109817504883 -13.43600082397461 1.6064002513885498
    vertex -61.91749954223633 -13.372000694274902 1.6064002513885498
  endloop
endfacet
facet normal 0.0 0.0 0.0
  outer loop
    vertex -62.723899841308594 -13.628000259399414 1.6064002513885498
    vertex -62.941497802734375 -13.653600692749023 1.6064002513885498
    vertex -62.77510070800781 -13.608800888061523 1.6064002513885498
  endloop
endfacet
facet normal 0.0 0.0 0.0
  outer loop
    vertex -63.29349899291992 -13.698400497436523 1.6064002513885498
    vertex -63.42150115966797 -13.71760082244873 1.6064003705978394
    vertex -63.30630111694336 -13.698400497436523 1.6064002513885498
  endloop
endfacet
facet normal 0.0 0.0 0.0
  outer loop
    vertex -64.08070373535156 -13.308000564575195 1.6064003705978394
    vertex -63.79909896850586 -13.39120101928711 1.6064003705978394
    vertex -63.96549987792969 -13.404000282287598 1.6064003705978394
  endloop
endfacet
facet normal 0.0 0.0 0.0
  outer loop
    vertex -62.499900817871094 -12.834400177001953 1.6064002513885498
    vertex -62.602298736572266 -12.834400177001953 1.6064002513885498
    vertex -62.499900817871094 -12.770401000976562 1.6064002513885498
  endloop
endfacet
facet normal 0.0 0.0 0.0
  outer loop
    vertex -63.36389923095703 -13.384800910949707 1.6064003705978394
    vertex -63.59429931640625 -13.39120101928711 1.6064003705978394
    vertex -63.42790222167969 -13.372000694274902 1.6064003705978394
  endloop
endfacet
facet normal 0.0 0.0 0.0
  outer loop
    vertex -63.6327018737793 -13.384800910949707 1.6064003705978394
    vertex -63.42790222167969 -13.372000694274902 1.6064003705978394
    vertex -63.59429931640625 -13.39120101928711 1.6064003705978394
  endloop
endfacet
facet normal 0.0 0.0 0.0
  outer loop
    vertex -62.80070114135742 -13.429601669311523 1.6064002513885498
    vertex -63.09510040283203 -13.448801040649414 1.6064002513885498
    vertex -63.0630989074707 -13.372000694274902 1.6064002513885498
  endloop
endfacet
facet normal 0.0 0.0 0.0
  outer loop
    vertex -62.93510055541992 -13.570401191711426 1.6064002513885498
    vertex -63.13349914550781 -13.596000671386719 1.6064002513885498
    vertex -63.11429977416992 -13.519201278686523 1.6064002513885498
  endloop
endfacet
facet normal 0.0 0.0 0.0
  outer loop
    vertex -62.698299407958984 -13.538400650024414 1.6064002513885498
    vertex -62.93510055541992 -13.570401191711426 1.6064002513885498
    vertex -62.877498626708984 -13.5 1.6064002513885498
  endloop
endfacet
facet normal 0.0 0.0 0.0
  outer loop
    vertex -62.80070114135742 -13.692000389099121 1.6064002513885498
    vertex -62.96070098876953 -13.71760082244873 1.6064002513885498
    vertex -62.941497802734375 -13.653600692749023 1.6064002513885498
  endloop
endfacet
facet normal 0.0 0.0 0.0
  outer loop
    vertex -62.96070098876953 -13.71760082244873 1.6064002513885498
    vertex -63.13349914550781 -13.749600410461426 1.6064002513885498
    vertex -63.12070083618164 -13.679200172424316 1.6064002513885498
  endloop
endfacet
facet normal 0.0 0.0 0.0
  outer loop
    vertex -62.499900817871094 -13.359201431274414 1.6064002513885498
    vertex -62.666297912597656 -13.359201431274414 1.6064002513885498
    vertex -62.499900817871094 -13.308000564575195 1.6064002513885498
  endloop
endfacet
facet normal 0.0 0.0 0.0
  outer loop
    vertex -60.919097900390625 -13.301600456237793 1.6064002513885498
    vertex -61.53350067138672 -13.327200889587402 1.6064002513885498
    vertex -61.29029846191406 -13.231201171875 1.6064002513885498
  endloop
endfacet
facet normal 0.0 0.0 0.0
  outer loop
    vertex -62.499900817871094 -13.199200630187988 1.6064002513885498
    vertex -63.23590087890625 -13.199200630187988 1.6064002513885498
    vertex -62.499900817871094 -13.141600608825684 1.6064002513885498
  endloop
endfacet
facet normal 0.0 0.0 0.0
  outer loop
    vertex -61.4822998046875 -13.199200630187988 1.6064002513885498
    vertex -62.173500061035156 -13.199200630187988 1.6064002513885498
    vertex -61.64870071411133 -13.167201042175293 1.6064002513885498
  endloop
endfacet
facet normal 0.0 0.0 0.0
  outer loop
    vertex -62.499900817871094 -13.026400566101074 1.6064002513885498
    vertex -62.544700622558594 -13.020001411437988 1.6064002513885498
    vertex -62.499900817871094 -12.943201065063477 1.6064002513885498
  endloop
endfacet
facet normal 0.0 0.0 0.0
  outer loop
    vertex -63.31269836425781 -13.538400650024414 1.6064002513885498
    vertex -63.54949951171875 -13.564001083374023 1.6064003705978394
    vertex -63.53030014038086 -13.474400520324707 1.6064003705978394
  endloop
endfacet
facet normal 0.0 0.0 0.0
  outer loop
    vertex -64.1958999633789 -13.192800521850586 1.6064003705978394
    vertex -64.15750122070312 -13.154400825500488 1.6064003705978394
    vertex -64.16390228271484 -13.199200630187988 1.6064003705978394
  endloop
endfacet
facet normal 0.0 0.0 0.0
  outer loop
    vertex -61.37350082397461 -13.218400955200195 1.6064002513885498
    vertex -61.98149871826172 -13.237600326538086 1.6064002513885498
    vertex -61.4822998046875 -13.199200630187988 1.6064002513885498
  endloop
endfacet
facet normal 0.0 0.0 0.0
  outer loop
    vertex -63.70949935913086 -13.576801300048828 1.6064003705978394
    vertex -63.837501525878906 -13.493600845336914 1.6064003705978394
    vertex -63.80550003051758 -13.493600845336914 1.6064003705978394
  endloop
endfacet
facet normal 0.0 0.0 0.0
  outer loop
    vertex -62.666297912597656 -13.359201431274414 1.6064002513885498
    vertex -63.0630989074707 -13.372000694274902 1.6064002513885498
    vertex -62.85190200805664 -13.333600044250488 1.6064002513885498
  endloop
endfacet
facet normal 0.0 0.0 0.0
  outer loop
    vertex -63.50469970703125 -12.930400848388672 1.6064003705978394
    vertex -63.97829818725586 -12.975200653076172 1.6064003705978394
    vertex -63.9463005065918 -12.943201065063477 1.6064003705978394
  endloop
endfacet
facet normal 0.0 0.0 0.0
  outer loop
    vertex -63.15270233154297 -13.000801086425781 1.6064002513885498
    vertex -63.97829818725586 -12.975200653076172 1.6064003705978394
    vertex -63.50469970703125 -12.930400848388672 1.6064003705978394
  endloop
endfacet
facet normal 0.0 0.0 0.0
  outer loop
    vertex -64.7655029296875 -12.29680061340332 1.6064003705978394
    vertex -64.13189697265625 -12.476000785827637 1.6064003705978394
    vertex -64.75270080566406 -12.328800201416016 1.6064003705978394
  endloop
endfacet
facet normal 0.0 0.0 0.0
  outer loop
    vertex -64.7655029296875 -12.29680061340332 1.6064003705978394
    vertex -63.61349868774414 -12.527200698852539 1.6064003705978394
    vertex -64.13189697265625 -12.476000785827637 1.6064003705978394
  endloop
endfacet
facet normal 0.0 0.0 0.0
  outer loop
    vertex -63.05670166015625 -12.834400177001953 1.6064002513885498
    vertex -63.68389892578125 -12.834400177001953 1.6064003705978394
    vertex -63.55590057373047 -12.732000350952148 1.6064003705978394
  endloop
endfacet
facet normal 0.0 0.0 0.0
  outer loop
    vertex -60.157501220703125 -11.9704008102417 1.6064002513885498
    vertex -60.16389846801758 -12.021600723266602 1.6064002513885498
    vertex -60.157501220703125 -11.964000701904297 1.6064002513885498
  endloop
endfacet
facet normal 0.0 0.0 0.0
  outer loop
    vertex -61.1239013671875 -13.218400955200195 1.6064002513885498
    vertex -61.29029846191406 -13.231201171875 1.6064002513885498
    vertex -61.168701171875 -13.212000846862793 1.6064002513885498
  endloop
endfacet
facet normal 0.0 0.0 0.0
  outer loop
    vertex -64.87429809570312 -11.842400550842285 1.6064003705978394
    vertex -63.49190139770508 -12.1496000289917 1.6064003705978394
    vertex -64.87429809570312 -11.874401092529297 1.6064003705978394
  endloop
endfacet
facet normal 0.0 0.0 0.0
  outer loop
    vertex -64.87429809570312 -11.842400550842285 1.6064003705978394
    vertex -63.19110107421875 -12.188000679016113 1.6064002513885498
    vertex -63.49190139770508 -12.1496000289917 1.6064003705978394
  endloop
endfacet
facet normal 0.0 0.0 0.0
  outer loop
    vertex -64.87429809570312 -11.842400550842285 1.6064003705978394
    vertex -63.13349914550781 -12.130400657653809 1.6064002513885498
    vertex -63.19110107421875 -12.188000679016113 1.6064002513885498
  endloop
endfacet
facet normal 0.0 0.0 0.0
  outer loop
    vertex -62.95429992675781 -12.36720085144043 1.6064002513885498
    vertex -63.31269836425781 -12.309600830078125 1.6064002513885498
    vertex -63.23590087890625 -12.232800483703613 1.6064002513885498
  endloop
endfacet
facet normal 0.0 0.0 0.0
  outer loop
    vertex -64.40709686279297 -12.962400436401367 1.6064003705978394
    vertex -63.97829818725586 -12.975200653076172 1.6064003705978394
    vertex -63.9911003112793 -12.988000869750977 1.6064003705978394
  endloop
endfacet
facet normal 0.0 0.0 0.0
  outer loop
    vertex -63.15270233154297 -13.000801086425781 1.6064002513885498
    vertex -63.9911003112793 -12.988000869750977 1.6064003705978394
    vertex -63.97829818725586 -12.975200653076172 1.6064003705978394
  endloop
endfacet
facet normal 0.0 0.0 0.0
  outer loop
    vertex -62.84550094604492 -13.064800262451172 1.6064002513885498
    vertex -63.9911003112793 -12.988000869750977 1.6064003705978394
    vertex -63.15270233154297 -13.000801086425781 1.6064002513885498
  endloop
endfacet
facet normal 0.0 0.0 0.0
  outer loop
    vertex -64.03590393066406 -13.090400695800781 1.6064003705978394
    vertex -64.09349822998047 -13.090400695800781 1.6064003705978394
    vertex -64.08709716796875 -13.084001541137695 1.6064003705978394
  endloop
endfacet
facet normal 0.0 0.0 0.0
  outer loop
    vertex -60.80390167236328 -13.199200630187988 1.6064002513885498
    vertex -61.13029861450195 -13.173600196838379 1.6064002513885498
    vertex -60.925498962402344 -13.077600479125977 1.6064002513885498
  endloop
endfacet
facet normal 0.0 0.0 0.0
  outer loop
    vertex -63.19110107421875 -13.2760009765625 1.6064002513885498
    vertex -63.66469955444336 -13.199200630187988 1.6064003705978394
    vertex -63.23590087890625 -13.199200630187988 1.6064002513885498
  endloop
endfacet
facet normal 0.0 0.0 0.0
  outer loop
    vertex -64.25350189208984 -13.135200500488281 1.6064003705978394
    vertex -64.1958999633789 -13.192800521850586 1.6064003705978394
    vertex -64.20870208740234 -13.1864013671875 1.6064003705978394
  endloop
endfacet
facet normal 0.0 0.0 0.0
  outer loop
    vertex -64.25350189208984 -13.135200500488281 1.6064003705978394
    vertex -64.15750122070312 -13.154400825500488 1.6064003705978394
    vertex -64.1958999633789 -13.192800521850586 1.6064003705978394
  endloop
endfacet
facet normal 0.0 0.0 0.0
  outer loop
    vertex -62.499900817871094 -12.770401000976562 1.6064002513885498
    vertex -62.384700775146484 -12.770401000976562 1.6064002513885498
    vertex -62.499900817871094 -12.834400177001953 1.6064002513885498
  endloop
endfacet
facet normal 0.0 0.0 0.0
  outer loop
    vertex -62.499900817871094 -12.853601455688477 1.6064002513885498
    vertex -62.339900970458984 -12.892001152038574 1.6064002513885498
    vertex -62.499900817871094 -12.89840030670166 1.6064002513885498
  endloop
endfacet
facet normal 0.0 0.0 0.0
  outer loop
    vertex -62.499900817871094 -13.026400566101074 1.6064002513885498
    vertex -62.84550094604492 -13.064800262451172 1.6064002513885498
    vertex -62.544700622558594 -13.020001411437988 1.6064002513885498
  endloop
endfacet
facet normal 0.0 0.0 0.0
  outer loop
    vertex -62.499900817871094 -13.084001541137695 1.6064002513885498
    vertex -62.84550094604492 -13.064800262451172 1.6064002513885498
    vertex -62.499900817871094 -13.026400566101074 1.6064002513885498
  endloop
endfacet
facet normal 0.0 0.0 0.0
  outer loop
    vertex -62.544700622558594 -13.020001411437988 1.6064002513885498
    vertex -63.15909957885742 -12.917600631713867 1.6064002513885498
    vertex -62.69190216064453 -12.904800415039062 1.6064002513885498
  endloop
endfacet
facet normal 0.0 0.0 0.0
  outer loop
    vertex -64.40709686279297 -12.962400436401367 1.6064003705978394
    vertex -64.08709716796875 -13.084001541137695 1.6064003705978394
    vertex -64.3302993774414 -13.052000999450684 1.6064003705978394
  endloop
endfacet
facet normal 0.0 0.0 0.0
  outer loop
    vertex -64.40709686279297 -12.962400436401367 1.6064003705978394
    vertex -63.9911003112793 -12.988000869750977 1.6064003705978394
    vertex -64.08709716796875 -13.084001541137695 1.6064003705978394
  endloop
endfacet
facet normal 0.0 0.0 0.0
  outer loop
    vertex -63.13349914550781 -12.130400657653809 1.6064002513885498
    vertex -64.87429809570312 -11.842400550842285 1.6064003705978394
    vertex -64.79109954833984 -11.829601287841797 1.6064003705978394
  endloop
endfacet
facet normal 0.0 0.0 0.0
  outer loop
    vertex -64.40709686279297 -12.962400436401367 1.6064003705978394
    vertex -63.9463005065918 -12.943201065063477 1.6064003705978394
    vertex -63.97829818725586 -12.975200653076172 1.6064003705978394
  endloop
endfacet
facet normal 0.0 0.0 0.0
  outer loop
    vertex -63.082298278808594 -11.637600898742676 1.6064002513885498
    vertex -63.65190124511719 -11.560800552368164 1.6064003705978394
    vertex -63.47909927368164 -11.503199577331543 1.6064003705978394
  endloop
endfacet
facet normal 0.0 0.0 0.0
  outer loop
    vertex -63.72869873046875 -12.725600242614746 1.6064003705978394
    vertex -64.47109985351562 -12.706400871276855 1.6064003705978394
    vertex -64.30470275878906 -12.584799766540527 1.6064003705978394
  endloop
endfacet
facet normal 0.0 0.0 0.0
  outer loop
    vertex -62.666297912597656 -11.688800811767578 1.6064002513885498
    vertex -62.7495002746582 -11.746400833129883 1.6064002513885498
    vertex -62.69190216064453 -11.688800811767578 1.6064002513885498
  endloop
endfacet
facet normal 0.0 0.0 0.0
  outer loop
    vertex -62.576698303222656 -11.804000854492188 1.6064002513885498
    vertex -62.7495002746582 -11.746400833129883 1.6064002513885498
    vertex -62.666297912597656 -11.688800811767578 1.6064002513885498
  endloop
endfacet
facet normal 0.0 0.0 0.0
  outer loop
    vertex -62.499900817871094 -13.141600608825684 1.6064002513885498
    vertex -62.442298889160156 -13.141600608825684 1.6064002513885498
    vertex -62.499900817871094 -13.199200630187988 1.6064002513885498
  endloop
endfacet
facet normal 0.0 0.0 0.0
  outer loop
    vertex -62.941497802734375 -12.751200675964355 1.6064002513885498
    vertex -63.55590057373047 -12.732000350952148 1.6064003705978394
    vertex -63.42150115966797 -12.642400741577148 1.6064003705978394
  endloop
endfacet
facet normal 0.0 0.0 0.0
  outer loop
    vertex -63.50469970703125 -12.930400848388672 1.6064003705978394
    vertex -63.9463005065918 -12.943201065063477 1.6064003705978394
    vertex -63.863101959228516 -12.860000610351562 1.6064003705978394
  endloop
endfacet
facet normal 0.0 0.0 0.0
  outer loop
    vertex -62.557498931884766 -12.124000549316406 1.6064002513885498
    vertex -63.03110122680664 -12.027999877929688 1.6064002513885498
    vertex -62.95429992675781 -11.951200485229492 1.6064002513885498
  endloop
endfacet
facet normal 0.0 0.0 0.0
  outer loop
    vertex -64.47109985351562 -12.706400871276855 1.6064003705978394
    vertex -63.72869873046875 -12.725600242614746 1.6064003705978394
    vertex -63.81829833984375 -12.815200805664062 1.6064003705978394
  endloop
endfacet
facet normal 0.0 0.0 0.0
  outer loop
    vertex -60.195899963378906 -11.624800682067871 1.6064002513885498
    vertex -60.522300720214844 -11.503199577331543 1.6064002513885498
    vertex -60.490299224853516 -11.503199577331543 1.6064002513885498
  endloop
endfacet
facet normal 0.0 0.0 0.0
  outer loop
    vertex -62.84550094604492 -12.680800437927246 1.6064002513885498
    vertex -63.5431022644043 -12.540000915527344 1.6064003705978394
    vertex -63.53670120239258 -12.533599853515625 1.6064003705978394
  endloop
endfacet
facet normal 0.0 0.0 0.0
  outer loop
    vertex -61.84709930419922 -10.844000816345215 1.6064002513885498
    vertex -62.499900817871094 -10.6264009475708 1.6064002513885498
    vertex -62.224700927734375 -10.613600730895996 1.6064002513885498
  endloop
endfacet
facet normal 0.0 0.0 0.0
  outer loop
    vertex -61.82789993286133 -11.375200271606445 1.6064002513885498
    vertex -62.314300537109375 -11.336800575256348 1.6064002513885498
    vertex -62.250301361083984 -11.247200012207031 1.6064002513885498
  endloop
endfacet
facet normal 0.0 0.0 0.0
  outer loop
    vertex -61.69350051879883 -11.503199577331543 1.6064002513885498
    vertex -62.314300537109375 -11.336800575256348 1.6064002513885498
    vertex -61.82789993286133 -11.375200271606445 1.6064002513885498
  endloop
endfacet
facet normal 0.0 0.0 0.0
  outer loop
    vertex -62.224700927734375 -10.613600730895996 1.6064002513885498
    vertex -61.75749969482422 -10.754400253295898 1.6064002513885498
    vertex -61.815101623535156 -10.812000274658203 1.6064002513885498
  endloop
endfacet
facet normal 0.0 0.0 0.0
  outer loop
    vertex -63.82469940185547 -10.178400993347168 1.6064003705978394
    vertex -64.38790130615234 -10.012001037597656 1.6064003705978394
    vertex -64.36869812011719 -9.992799758911133 1.6064003705978394
  endloop
endfacet
facet normal 0.0 0.0 0.0
  outer loop
    vertex -63.74789810180664 -10.255200386047363 1.6064003705978394
    vertex -64.38790130615234 -10.012001037597656 1.6064003705978394
    vertex -63.82469940185547 -10.178400993347168 1.6064003705978394
  endloop
endfacet
facet normal 0.0 0.0 0.0
  outer loop
    vertex -62.499900817871094 -11.234400749206543 1.6064002513885498
    vertex -62.768699645996094 -11.09360122680664 1.6064002513885498
    vertex -62.499900817871094 -11.170400619506836 1.6064002513885498
  endloop
endfacet
facet normal 0.0 0.0 0.0
  outer loop
    vertex -62.333499908447266 -11.503199577331543 1.6064002513885498
    vertex -62.14789962768555 -11.503199577331543 1.6064002513885498
    vertex -62.23749923706055 -11.554400444030762 1.6064002513885498
  endloop
endfacet
facet normal 0.0 0.0 0.0
  outer loop
    vertex -62.499900817871094 -12.424800872802734 1.6064002513885498
    vertex -62.95429992675781 -12.36720085144043 1.6064002513885498
    vertex -62.499900817871094 -12.354400634765625 1.6064002513885498
  endloop
endfacet
facet normal 0.0 0.0 0.0
  outer loop
    vertex -61.60390090942383 -12.399200439453125 1.6064002513885498
    vertex -61.25830078125 -12.444001197814941 1.6064002513885498
    vertex -61.47589874267578 -12.527200698852539 1.6064002513885498
  endloop
endfacet
facet normal 0.0 0.0 0.0
  outer loop
    vertex -62.499900817871094 -12.0600004196167 1.6064002513885498
    vertex -61.815101623535156 -12.220000267028809 1.6064002513885498
    vertex -62.499900817871094 -12.130400657653809 1.6064002513885498
  endloop
endfacet
facet normal 0.0 0.0 0.0
  outer loop
    vertex -60.75910186767578 -12.360800743103027 1.6064002513885498
    vertex -61.05350112915039 -12.213601112365723 1.6064002513885498
    vertex -60.970298767089844 -12.232800483703613 1.6064002513885498
  endloop
endfacet
facet normal 0.0 0.0 0.0
  outer loop
    vertex -64.87429809570312 -11.874401092529297 1.6064003705978394
    vertex -63.49190139770508 -12.1496000289917 1.6064003705978394
    vertex -64.8551025390625 -11.9704008102417 1.6064003705978394
  endloop
endfacet
facet normal 0.0 0.0 0.0
  outer loop
    vertex -60.14469909667969 -11.912799835205078 1.6064002513885498
    vertex -60.157501220703125 -11.9704008102417 1.6064002513885498
    vertex -60.151100158691406 -11.912799835205078 1.6064002513885498
  endloop
endfacet
facet normal 0.0 0.0 0.0
  outer loop
    vertex -61.35430145263672 -11.59280014038086 1.6064002513885498
    vertex -61.55270004272461 -11.503199577331543 1.6064002513885498
    vertex -61.44390106201172 -11.503199577331543 1.6064002513885498
  endloop
endfacet
facet normal 0.0 0.0 0.0
  outer loop
    vertex -61.770301818847656 -12.232800483703613 1.6064002513885498
    vertex -61.815101623535156 -12.220000267028809 1.6064002513885498
    vertex -61.77669906616211 -12.226400375366211 1.6064002513885498
  endloop
endfacet
facet normal 0.0 0.0 0.0
  outer loop
    vertex -62.499900817871094 -12.354400634765625 1.6064002513885498
    vertex -62.135101318359375 -12.418399810791016 1.6064002513885498
    vertex -62.499900817871094 -12.424800872802734 1.6064002513885498
  endloop
endfacet
facet normal 0.0 0.0 0.0
  outer loop
    vertex -63.85029983520508 -11.503199577331543 1.6064003705978394
    vertex -64.88069915771484 -11.189600944519043 1.6064003705978394
    vertex -64.8551025390625 -11.029600143432617 1.6064003705978394
  endloop
endfacet
facet normal 0.0 0.0 0.0
  outer loop
    vertex -63.23590087890625 -12.232800483703613 1.6064002513885498
    vertex -64.8551025390625 -11.9704008102417 1.6064003705978394
    vertex -63.49190139770508 -12.1496000289917 1.6064003705978394
  endloop
endfacet
facet normal 0.0 0.0 0.0
  outer loop
    vertex -64.8551025390625 -11.9704008102417 1.6064003705978394
    vertex -63.31269836425781 -12.309600830078125 1.6064002513885498
    vertex -64.83589935302734 -12.053600311279297 1.6064003705978394
  endloop
endfacet
facet normal 0.0 0.0 0.0
  outer loop
    vertex -64.8551025390625 -11.9704008102417 1.6064003705978394
    vertex -63.23590087890625 -12.232800483703613 1.6064002513885498
    vertex -63.31269836425781 -12.309600830078125 1.6064002513885498
  endloop
endfacet
facet normal 0.0 0.0 0.0
  outer loop
    vertex -60.16389846801758 -12.021600723266602 1.6064002513885498
    vertex -60.183101654052734 -12.124000549316406 1.6064002513885498
    vertex -60.1702995300293 -12.021600723266602 1.6064002513885498
  endloop
endfacet
facet normal 0.0 0.0 0.0
  outer loop
    vertex -60.81669998168945 -11.836000442504883 1.6064002513885498
    vertex -61.35430145263672 -11.59280014038086 1.6064002513885498
    vertex -61.149497985839844 -11.644000053405762 1.6064002513885498
  endloop
endfacet
facet normal 0.0 0.0 0.0
  outer loop
    vertex -60.477500915527344 -11.976800918579102 1.6064002513885498
    vertex -60.1702995300293 -12.021600723266602 1.6064002513885498
    vertex -60.183101654052734 -12.124000549316406 1.6064002513885498
  endloop
endfacet
facet normal 0.0 0.0 0.0
  outer loop
    vertex -61.4822998046875 -11.484000205993652 1.6064002513885498
    vertex -61.42469787597656 -11.503199577331543 1.6064002513885498
    vertex -61.44390106201172 -11.503199577331543 1.6064002513885498
  endloop
endfacet
facet normal 0.0 0.0 0.0
  outer loop
    vertex -62.499900817871094 -10.415200233459473 1.6064002513885498
    vertex -62.90950012207031 -10.27440071105957 1.6064002513885498
    vertex -62.499900817871094 -10.351200103759766 1.6064002513885498
  endloop
endfacet
facet normal 0.0 0.0 0.0
  outer loop
    vertex -60.509498596191406 -11.9704008102417 1.6064002513885498
    vertex -60.81669998168945 -11.836000442504883 1.6064002513885498
    vertex -60.72710037231445 -11.85520076751709 1.6064002513885498
  endloop
endfacet
facet normal 0.0 0.0 0.0
  outer loop
    vertex -61.85350036621094 -9.711200714111328 1.6064002513885498
    vertex -62.32709884643555 -9.551200866699219 1.6064002513885498
    vertex -62.05189895629883 -9.583200454711914 1.6064002513885498
  endloop
endfacet
facet normal 0.0 0.0 0.0
  outer loop
    vertex -62.499900817871094 -10.472800254821777 1.6064002513885498
    vertex -62.90950012207031 -10.27440071105957 1.6064002513885498
    vertex -62.499900817871094 -10.415200233459473 1.6064002513885498
  endloop
endfacet
facet normal 0.0 0.0 0.0
  outer loop
    vertex -62.84550094604492 -11.157600402832031 1.6064002513885498
    vertex -63.30630111694336 -10.927200317382812 1.6064002513885498
    vertex -62.9734992980957 -11.029600143432617 1.6064002513885498
  endloop
endfacet
facet normal 0.0 0.0 0.0
  outer loop
    vertex -63.19110107421875 -9.256799697875977 1.6064002513885498
    vertex -63.27429962158203 -9.224800109863281 1.6064002513885498
    vertex -63.24869918823242 -9.218400955200195 1.6064002513885498
  endloop
endfacet
facet normal 0.0 0.0 0.0
  outer loop
    vertex -60.77830123901367 -10.376800537109375 1.6064002513885498
    vertex -61.18149948120117 -10.210400581359863 1.6064002513885498
    vertex -60.89350128173828 -10.306400299072266 1.6064002513885498
  endloop
endfacet
facet normal 0.0 0.0 0.0
  outer loop
    vertex -63.64550018310547 -10.7608003616333 1.6064003705978394
    vertex -63.12710189819336 -10.901599884033203 1.6064002513885498
    vertex -63.30630111694336 -10.927200317382812 1.6064002513885498
  endloop
endfacet
facet normal 0.0 0.0 0.0
  outer loop
    vertex -61.20709991455078 -10.204000473022461 1.6064002513885498
    vertex -61.76390075683594 -9.96720027923584 1.6064002513885498
    vertex -61.45669937133789 -10.050399780273438 1.6064002513885498
  endloop
endfacet
facet normal 0.0 0.0 0.0
  outer loop
    vertex -61.680702209472656 -9.724000930786133 1.6064002513885498
    vertex -61.13029861450195 -9.935199737548828 1.6064002513885498
    vertex -61.50149917602539 -9.832799911499023 1.6064002513885498
  endloop
endfacet
facet normal 0.0 0.0 0.0
  outer loop
    vertex -61.149497985839844 -10.146400451660156 1.6064002513885498
    vertex -61.85350036621094 -9.711200714111328 1.6064002513885498
    vertex -61.50149917602539 -9.832799911499023 1.6064002513885498
  endloop
endfacet
facet normal 0.0 0.0 0.0
  outer loop
    vertex -62.499900817871094 -9.448800086975098 1.6064002513885498
    vertex -62.32709884643555 -9.551200866699219 1.6064002513885498
    vertex -62.499900817871094 -9.487199783325195 1.6064002513885498
  endloop
endfacet
facet normal 0.0 0.0 0.0
  outer loop
    vertex -63.28710174560547 -10.7160005569458 1.6064002513885498
    vertex -62.519100189208984 -11.061600685119629 1.6064002513885498
    vertex -63.09510040283203 -10.907999992370605 1.6064002513885498
  endloop
endfacet
facet normal 0.0 0.0 0.0
  outer loop
    vertex -63.07590103149414 -10.927200317382812 1.6064002513885498
    vertex -62.768699645996094 -11.09360122680664 1.6064002513885498
    vertex -62.9734992980957 -11.029600143432617 1.6064002513885498
  endloop
endfacet
facet normal 0.0 0.0 0.0
  outer loop
    vertex -62.80070114135742 -11.202401161193848 1.6064002513885498
    vertex -62.68550109863281 -11.234400749206543 1.6064002513885498
    vertex -62.69190216064453 -11.311200141906738 1.6064002513885498
  endloop
endfacet
facet normal 0.0 0.0 0.0
  outer loop
    vertex -62.499900817871094 -10.351200103759766 1.6064002513885498
    vertex -61.69350051879883 -10.690400123596191 1.6064002513885498
    vertex -62.499900817871094 -10.415200233459473 1.6064002513885498
  endloop
endfacet
facet normal 0.0 0.0 0.0
  outer loop
    vertex -63.28710174560547 -10.7160005569458 1.6064002513885498
    vertex -63.49829864501953 -10.504800796508789 1.6064003705978394
    vertex -63.39590072631836 -10.536800384521484 1.6064003705978394
  endloop
endfacet
facet normal 0.0 0.0 0.0
  outer loop
    vertex -60.106300354003906 -11.343199729919434 1.6064002513885498
    vertex -61.53350067138672 -10.952800750732422 1.6064002513885498
    vertex -60.89350128173828 -11.016799926757812 1.6064002513885498
  endloop
endfacet
facet normal 0.0 0.0 0.0
  outer loop
    vertex -60.106300354003906 -11.439200401306152 1.6064002513885498
    vertex -61.53350067138672 -10.952800750732422 1.6064002513885498
    vertex -60.106300354003906 -11.343199729919434 1.6064002513885498
  endloop
endfacet
facet normal 0.0 0.0 0.0
  outer loop
    vertex -61.41830062866211 -10.453600883483887 1.6064002513885498
    vertex -60.343101501464844 -10.940000534057617 1.6064002513885498
    vertex -60.79750061035156 -10.76720142364502 1.6064002513885498
  endloop
endfacet
facet normal 0.0 0.0 0.0
  outer loop
    vertex -62.499900817871094 -11.503199577331543 1.6064002513885498
    vertex -62.115901947021484 -11.759201049804688 1.6064002513885498
    vertex -62.3463020324707 -11.656800270080566 1.6064002513885498
  endloop
endfacet
facet normal 0.0 0.0 0.0
  outer loop
    vertex -62.499900817871094 -11.503199577331543 1.6064002513885498
    vertex -61.91749954223633 -11.78480052947998 1.6064002513885498
    vertex -62.115901947021484 -11.759201049804688 1.6064002513885498
  endloop
endfacet
facet normal 0.0 0.0 0.0
  outer loop
    vertex -62.84550094604492 -11.432801246643066 1.6064002513885498
    vertex -62.499900817871094 -11.503199577331543 1.6064002513885498
    vertex -62.69190216064453 -11.503199577331543 1.6064002513885498
  endloop
endfacet
facet normal 0.0 0.0 0.0
  outer loop
    vertex -64.22149658203125 -9.832799911499023 1.6064003705978394
    vertex -64.30470275878906 -9.916000366210938 1.6064003705978394
    vertex -64.22789764404297 -9.826399803161621 1.6064003705978394
  endloop
endfacet
facet normal 0.0 0.0 0.0
  outer loop
    vertex -60.381500244140625 -11.52239990234375 1.6064002513885498
    vertex -60.490299224853516 -11.503199577331543 1.6064002513885498
    vertex -60.4390983581543 -11.503199577331543 1.6064002513885498
  endloop
endfacet
facet normal 0.0 0.0 0.0
  outer loop
    vertex -60.151100158691406 -11.637600898742676 1.6064002513885498
    vertex -60.490299224853516 -11.503199577331543 1.6064002513885498
    vertex -60.381500244140625 -11.52239990234375 1.6064002513885498
  endloop
endfacet
facet normal 0.0 0.0 0.0
  outer loop
    vertex -63.74789810180664 -10.255200386047363 1.6064003705978394
    vertex -64.40709686279297 -10.03760051727295 1.6064003705978394
    vertex -64.38790130615234 -10.012001037597656 1.6064003705978394
  endloop
endfacet
facet normal 0.0 0.0 0.0
  outer loop
    vertex -63.69670104980469 -10.306400299072266 1.6064003705978394
    vertex -64.40709686279297 -10.03760051727295 1.6064003705978394
    vertex -63.74789810180664 -10.255200386047363 1.6064003705978394
  endloop
endfacet
facet normal 0.0 0.0 0.0
  outer loop
    vertex -63.53030014038086 -10.472800254821777 1.6064003705978394
    vertex -63.39590072631836 -10.536800384521484 1.6064003705978394
    vertex -63.49829864501953 -10.504800796508789 1.6064003705978394
  endloop
endfacet
facet normal 0.0 0.0 0.0
  outer loop
    vertex -63.09510040283203 -10.907999992370605 1.6064002513885498
    vertex -62.768699645996094 -11.09360122680664 1.6064002513885498
    vertex -63.07590103149414 -10.927200317382812 1.6064002513885498
  endloop
endfacet
facet normal 0.0 0.0 0.0
  outer loop
    vertex -63.09510040283203 -10.907999992370605 1.6064002513885498
    vertex -62.519100189208984 -11.061600685119629 1.6064002513885498
    vertex -62.768699645996094 -11.09360122680664 1.6064002513885498
  endloop
endfacet
facet normal 0.0 0.0 0.0
  outer loop
    vertex -62.499900817871094 -9.512800216674805 1.6064002513885498
    vertex -63.1078987121582 -9.301600456237793 1.6064002513885498
    vertex -62.576698303222656 -9.461600303649902 1.6064002513885498
  endloop
endfacet
facet normal 0.0 0.0 0.0
  outer loop
    vertex -62.499900817871094 -9.576800346374512 1.6064002513885498
    vertex -63.1078987121582 -9.301600456237793 1.6064002513885498
    vertex -62.499900817871094 -9.512800216674805 1.6064002513885498
  endloop
endfacet
facet normal 0.0 0.0 0.0
  outer loop
    vertex -61.82789993286133 -11.375200271606445 1.6064002513885498
    vertex -61.4822998046875 -11.484000205993652 1.6064002513885498
    vertex -61.55270004272461 -11.503199577331543 1.6064002513885498
  endloop
endfacet
facet normal 0.0 0.0 0.0
  outer loop
    vertex -62.499900817871094 -10.844000816345215 1.6064002513885498
    vertex -62.154300689697266 -11.151200294494629 1.6064002513885498
    vertex -62.499900817871094 -10.978400230407715 1.6064002513885498
  endloop
endfacet
facet normal 0.0 0.0 0.0
  outer loop
    vertex -62.499900817871094 -10.844000816345215 1.6064002513885498
    vertex -62.01350021362305 -11.010400772094727 1.6064002513885498
    vertex -62.154300689697266 -11.151200294494629 1.6064002513885498
  endloop
endfacet
facet normal 0.0 0.0 0.0
  outer loop
    vertex -61.00230026245117 -9.999200820922852 1.6064002513885498
    vertex -61.079097747802734 -10.076000213623047 1.6064002513885498
    vertex -61.00870132446289 -9.992799758911133 1.6064002513885498
  endloop
endfacet
facet normal 0.0 0.0 0.0
  outer loop
    vertex -62.576698303222656 -9.461600303649902 1.6064002513885498
    vertex -62.89030075073242 -9.269599914550781 1.6064002513885498
    vertex -62.6599006652832 -9.359200477600098 1.6064002513885498
  endloop
endfacet
facet normal 0.0 0.0 0.0
  outer loop
    vertex -62.499900817871094 -9.391200065612793 1.6064002513885498
    vertex -62.19269943237305 -9.5 1.6064002513885498
    vertex -62.499900817871094 -9.416799545288086 1.6064002513885498
  endloop
endfacet
facet normal 0.0 0.0 0.0
  outer loop
    vertex -62.499900817871094 -9.512800216674805 1.6064002513885498
    vertex -62.109500885009766 -9.756000518798828 1.6064002513885498
    vertex -62.499900817871094 -9.576800346374512 1.6064002513885498
  endloop
endfacet
facet normal 0.0 0.0 0.0
  outer loop
    vertex -62.499900817871094 -9.653600692749023 1.6064002513885498
    vertex -63.1078987121582 -9.301600456237793 1.6064002513885498
    vertex -62.499900817871094 -9.576800346374512 1.6064002513885498
  endloop
endfacet
facet normal 0.0 0.0 0.0
  outer loop
    vertex -64.14469909667969 -9.858400344848633 1.6064003705978394
    vertex -64.30470275878906 -9.916000366210938 1.6064003705978394
    vertex -64.22149658203125 -9.832799911499023 1.6064003705978394
  endloop
endfacet
facet normal 0.0 0.0 0.0
  outer loop
    vertex -63.927101135253906 -10.076000213623047 1.6064003705978394
    vertex -64.30470275878906 -9.916000366210938 1.6064003705978394
    vertex -64.14469909667969 -9.858400344848633 1.6064003705978394
  endloop
endfacet
facet normal 0.0 0.0 0.0
  outer loop
    vertex -63.89509963989258 -10.108000755310059 1.6064003705978394
    vertex -63.72869873046875 -10.159200668334961 1.6064003705978394
    vertex -63.82469940185547 -10.178400993347168 1.6064003705978394
  endloop
endfacet
facet normal 0.0 0.0 0.0
  outer loop
    vertex -62.499900817871094 -10.664800643920898 1.6064002513885498
    vertex -63.03110122680664 -10.447200775146484 1.6064002513885498
    vertex -62.499900817871094 -10.6264009475708 1.6064002513885498
  endloop
endfacet
facet normal 0.0 0.0 0.0
  outer loop
    vertex -62.499900817871094 -10.722400665283203 1.6064002513885498
    vertex -61.96229934692383 -10.959200859069824 1.6064002513885498
    vertex -62.499900817871094 -10.754400253295898 1.6064002513885498
  endloop
endfacet
facet normal 0.0 0.0 0.0
  outer loop
    vertex -62.499900817871094 -10.722400665283203 1.6064002513885498
    vertex -61.93669891357422 -10.933599472045898 1.6064002513885498
    vertex -61.96229934692383 -10.959200859069824 1.6064002513885498
  endloop
endfacet
facet normal 0.0 0.0 0.0
  outer loop
    vertex -63.927101135253906 -10.076000213623047 1.6064003705978394
    vertex -63.72869873046875 -10.159200668334961 1.6064003705978394
    vertex -63.89509963989258 -10.108000755310059 1.6064003705978394
  endloop
endfacet
facet normal 0.0 0.0 0.0
  outer loop
    vertex -60.106300354003906 -11.656800270080566 1.6064002513885498
    vertex -60.195899963378906 -11.624800682067871 1.6064002513885498
    vertex -60.151100158691406 -11.637600898742676 1.6064002513885498
  endloop
endfacet
facet normal 0.0 0.0 0.0
  outer loop
    vertex -61.53350067138672 -10.952800750732422 1.6064002513885498
    vertex -61.911102294921875 -10.907999992370605 1.6064002513885498
    vertex -61.84709930419922 -10.844000816345215 1.6064002513885498
  endloop
endfacet
facet normal 0.0 0.0 0.0
  outer loop
    vertex -60.95109939575195 -11.304800987243652 1.6064002513885498
    vertex -61.911102294921875 -10.907999992370605 1.6064002513885498
    vertex -61.53350067138672 -10.952800750732422 1.6064002513885498
  endloop
endfacet
facet normal 0.0 0.0 0.0
  outer loop
    vertex -60.95109939575195 -11.304800987243652 1.6064002513885498
    vertex -61.93669891357422 -10.933599472045898 1.6064002513885498
    vertex -61.911102294921875 -10.907999992370605 1.6064002513885498
  endloop
endfacet
facet normal 0.0 0.0 0.0
  outer loop
    vertex -64.08709716796875 -9.698400497436523 1.6064003705978394
    vertex -62.499900817871094 -10.351200103759766 1.6064002513885498
    vertex -62.90950012207031 -10.27440071105957 1.6064002513885498
  endloop
endfacet
facet normal 0.0 0.0 0.0
  outer loop
    vertex -60.138301849365234 -11.087200164794922 1.6064002513885498
    vertex -60.89350128173828 -10.780000686645508 1.6064002513885498
    vertex -60.48390197753906 -10.92080020904541 1.6064002513885498
  endloop
endfacet
facet normal 0.0 0.0 0.0
  outer loop
    vertex -60.131900787353516 -11.125600814819336 1.6064002513885498
    vertex -60.89350128173828 -10.780000686645508 1.6064002513885498
    vertex -60.138301849365234 -11.087200164794922 1.6064002513885498
  endloop
endfacet
facet normal 0.0 0.0 0.0
  outer loop
    vertex -64.14469909667969 -9.858400344848633 1.6064003705978394
    vertex -64.22149658203125 -9.832799911499023 1.6064003705978394
    vertex -64.1958999633789 -9.80720043182373 1.6064003705978394
  endloop
endfacet
facet normal 0.0 0.0 0.0
  outer loop
    vertex -60.221500396728516 -10.76720142364502 1.6064002513885498
    vertex -60.75270080566406 -10.600800514221191 1.6064002513885498
    vertex -60.477500915527344 -10.613600730895996 1.6064002513885498
  endloop
endfacet
facet normal 0.0 0.0 0.0
  outer loop
    vertex -60.183101654052734 -10.87600040435791 1.6064002513885498
    vertex -60.75270080566406 -10.600800514221191 1.6064002513885498
    vertex -60.221500396728516 -10.76720142364502 1.6064002513885498
  endloop
endfacet
facet normal 0.0 0.0 0.0
  outer loop
    vertex -62.499900817871094 -10.050399780273438 1.6064002513885498
    vertex -63.837501525878906 -9.506400108337402 1.6064003705978394
    vertex -63.77989959716797 -9.468000411987305 1.6064003705978394
  endloop
endfacet
facet normal 0.0 0.0 0.0
  outer loop
    vertex -62.499900817871094 -10.056800842285156 1.6064002513885498
    vertex -63.837501525878906 -9.506400108337402 1.6064003705978394
    vertex -62.499900817871094 -10.050399780273438 1.6064002513885498
  endloop
endfacet
facet normal 0.0 0.0 0.0
  outer loop
    vertex -62.499900817871094 -10.056800842285156 1.6064002513885498
    vertex -62.32709884643555 -10.127201080322266 1.6064002513885498
    vertex -62.499900817871094 -10.146400451660156 1.6064002513885498
  endloop
endfacet
facet normal 0.0 0.0 0.0
  outer loop
    vertex -61.18149948120117 -10.210400581359863 1.6064002513885498
    vertex -61.20709991455078 -10.204000473022461 1.6064002513885498
    vertex -61.20069885253906 -10.197599411010742 1.6064002513885498
  endloop
endfacet
facet normal 0.0 0.0 0.0
  outer loop
    vertex -60.89350128173828 -10.306400299072266 1.6064002513885498
    vertex -61.149497985839844 -10.146400451660156 1.6064002513885498
    vertex -61.079097747802734 -10.076000213623047 1.6064002513885498
  endloop
endfacet
facet normal 0.0 0.0 0.0
  outer loop
    vertex -60.227901458740234 -11.003999710083008 1.6064002513885498
    vertex -60.48390197753906 -10.92080020904541 1.6064002513885498
    vertex -60.247100830078125 -10.99120044708252 1.6064002513885498
  endloop
endfacet
facet normal 0.0 0.0 0.0
  outer loop
    vertex -62.91590118408203 -9.25040054321289 1.6064002513885498
    vertex -62.73030090332031 -9.314399719238281 1.6064002513885498
    vertex -62.89030075073242 -9.269599914550781 1.6064002513885498
  endloop
endfacet
facet normal 0.0 0.0 0.0
  outer loop
    vertex -61.52069854736328 -10.517601013183594 1.6064002513885498
    vertex -62.499900817871094 -10.146400451660156 1.6064002513885498
    vertex -62.32709884643555 -10.127201080322266 1.6064002513885498
  endloop
endfacet
facet normal 0.0 0.0 0.0
  outer loop
    vertex -62.32709884643555 -10.127201080322266 1.6064002513885498
    vertex -61.4822998046875 -10.47920036315918 1.6064002513885498
    vertex -61.50790023803711 -10.504800796508789 1.6064002513885498
  endloop
endfacet
facet normal 0.0 0.0 0.0
  outer loop
    vertex -60.247100830078125 -10.99120044708252 1.6064002513885498
    vertex -60.586299896240234 -10.869600296020508 1.6064002513885498
    vertex -60.27909851074219 -10.978400230407715 1.6064002513885498
  endloop
endfacet
facet normal 0.0 0.0 0.0
  outer loop
    vertex -62.499900817871094 -10.146400451660156 1.6064002513885498
    vertex -61.55910110473633 -10.556000709533691 1.6064002513885498
    vertex -62.499900817871094 -10.229599952697754 1.6064002513885498
  endloop
endfacet
facet normal 0.0 0.0 0.0
  outer loop
    vertex -62.499900817871094 -10.146400451660156 1.6064002513885498
    vertex -61.52069854736328 -10.517601013183594 1.6064002513885498
    vertex -61.55910110473633 -10.556000709533691 1.6064002513885498
  endloop
endfacet
facet normal 0.0 0.0 0.0
  outer loop
    vertex -62.499900817871094 -10.229599952697754 1.6064002513885498
    vertex -61.62310028076172 -10.620000839233398 1.6064002513885498
    vertex -62.499900817871094 -10.293601036071777 1.6064002513885498
  endloop
endfacet
facet normal 0.0 0.0 0.0
  outer loop
    vertex -62.499900817871094 -10.229599952697754 1.6064002513885498
    vertex -61.55910110473633 -10.556000709533691 1.6064002513885498
    vertex -61.62310028076172 -10.620000839233398 1.6064002513885498
  endloop
endfacet
facet normal 0.0 0.0 0.0
  outer loop
    vertex -61.25830078125 -10.613600730895996 1.6064002513885498
    vertex -61.52069854736328 -10.517601013183594 1.6064002513885498
    vertex -61.50790023803711 -10.504800796508789 1.6064002513885498
  endloop
endfacet
facet normal 0.0 0.0 0.0
  outer loop
    vertex -61.45669937133789 -10.050399780273438 1.6064002513885498
    vertex -61.18149948120117 -10.178400993347168 1.6064002513885498
    vertex -61.20069885253906 -10.197599411010742 1.6064002513885498
  endloop
endfacet
facet normal 0.0 0.0 0.0
  outer loop
    vertex -61.08549880981445 -10.472800254821777 1.6064002513885498
    vertex -61.38629913330078 -10.383200645446777 1.6064002513885498
    vertex -61.35430145263672 -10.351200103759766 1.6064002513885498
  endloop
endfacet
facet normal 0.0 0.0 0.0
  outer loop
    vertex -60.87430191040039 -10.594400405883789 1.6064002513885498
    vertex -61.38629913330078 -10.383200645446777 1.6064002513885498
    vertex -61.08549880981445 -10.472800254821777 1.6064002513885498
  endloop
endfacet
facet normal 0.0 0.0 0.0
  outer loop
    vertex -62.02629852294922 -10.044000625610352 1.6064002513885498
    vertex -61.38629913330078 -10.383200645446777 1.6064002513885498
    vertex -61.43109893798828 -10.36400032043457 1.6064002513885498
  endloop
endfacet
facet normal 0.0 0.0 0.0
  outer loop
    vertex -62.02629852294922 -10.044000625610352 1.6064002513885498
    vertex -61.35430145263672 -10.351200103759766 1.6064002513885498
    vertex -61.38629913330078 -10.383200645446777 1.6064002513885498
  endloop
endfacet
facet normal 0.0 0.0 0.0
  outer loop
    vertex -61.13029861450195 -9.935199737548828 1.6064002513885498
    vertex -61.680702209472656 -9.724000930786133 1.6064002513885498
    vertex -61.50790023803711 -9.730400085449219 1.6064002513885498
  endloop
endfacet
facet normal 0.0 0.0 0.0
  outer loop
    vertex -62.499900817871094 -9.416799545288086 1.6064002513885498
    vertex -62.32709884643555 -9.551200866699219 1.6064002513885498
    vertex -62.499900817871094 -9.448800086975098 1.6064002513885498
  endloop
endfacet
facet normal 0.0 0.0 0.0
  outer loop
    vertex -62.499900817871094 -9.416799545288086 1.6064002513885498
    vertex -62.05189895629883 -9.583200454711914 1.6064002513885498
    vertex -62.32709884643555 -9.551200866699219 1.6064002513885498
  endloop
endfacet
facet normal 0.0 0.0 0.0
  outer loop
    vertex -62.89030075073242 -9.269599914550781 1.6064002513885498
    vertex -63.19110107421875 -9.256799697875977 1.6064002513885498
    vertex -63.12710189819336 -9.180000305175781 1.6064002513885498
  endloop
endfacet
facet normal 0.0 0.0 0.0
  outer loop
    vertex -62.576698303222656 -9.461600303649902 1.6064002513885498
    vertex -63.19110107421875 -9.256799697875977 1.6064002513885498
    vertex -62.89030075073242 -9.269599914550781 1.6064002513885498
  endloop
endfacet
facet normal 0.0 0.0 0.0
  outer loop
    vertex -62.499900817871094 -9.416799545288086 1.6064002513885498
    vertex -62.6599006652832 -9.359200477600098 1.6064002513885498
    vertex -62.499900817871094 -9.391200065612793 1.6064002513885498
  endloop
endfacet
facet normal 0.0 0.0 0.0
  outer loop
    vertex -61.00230026245117 -9.883999824523926 1.6064002513885498
    vertex -60.919097900390625 -9.916000366210938 1.6064002513885498
    vertex -60.925498962402344 -9.922399520874023 1.6064002513885498
  endloop
endfacet
facet normal 0.0 0.0 0.0
  outer loop
    vertex -63.1078987121582 -9.301600456237793 1.6064002513885498
    vertex -63.27429962158203 -9.224800109863281 1.6064002513885498
    vertex -63.19110107421875 -9.256799697875977 1.6064002513885498
  endloop
endfacet
facet normal 0.0 0.0 0.0
  outer loop
    vertex -62.499900817871094 -9.308000564575195 1.6064002513885498
    vertex -62.429500579833984 -9.346400260925293 1.6064002513885498
    vertex -62.499900817871094 -9.320799827575684 1.6064002513885498
  endloop
endfacet
facet normal 0.0 0.0 0.0
  outer loop
    vertex -62.73030090332031 -9.314399719238281 1.6064002513885498
    vertex -62.499900817871094 -9.391200065612793 1.6064002513885498
    vertex -62.6599006652832 -9.359200477600098 1.6064002513885498
  endloop
endfacet
facet normal 0.0 0.0 0.0
  outer loop
    vertex -62.6599006652832 -9.359200477600098 1.6064002513885498
    vertex -62.89030075073242 -9.269599914550781 1.6064002513885498
    vertex -62.73030090332031 -9.314399719238281 1.6064002513885498
  endloop
endfacet
facet normal 0.0 0.0 0.0
  outer loop
    vertex -61.20069885253906 -9.788000106811523 1.6064002513885498
    vertex -62.07109832763672 -9.429600715637207 1.6064002513885498
    vertex -61.78310012817383 -9.5 1.6064002513885498
  endloop
endfacet
facet normal 0.0 0.0 0.0
  outer loop
    vertex -62.50629806518555 -9.25040054321289 1.6064002513885498
    vertex -62.768699645996094 -9.141600608825684 1.6064002513885498
    vertex -62.743099212646484 -9.116000175476074 1.6064002513885498
  endloop
endfacet
facet normal 0.0 0.0 0.0
  outer loop
    vertex -62.499900817871094 -9.916000366210938 1.6064002513885498
    vertex -62.544700622558594 -9.903200149536133 1.6064002513885498
    vertex -62.499900817871094 -9.826399803161621 1.6064002513885498
  endloop
endfacet
facet normal 0.0 0.0 0.0
  outer loop
    vertex -61.43109893798828 -10.36400032043457 1.6064002513885498
    vertex -62.499900817871094 -9.916000366210938 1.6064002513885498
    vertex -62.02629852294922 -10.044000625610352 1.6064002513885498
  endloop
endfacet
facet normal 0.0 0.0 0.0
  outer loop
    vertex -62.499900817871094 -9.826399803161621 1.6064002513885498
    vertex -62.02629852294922 -10.044000625610352 1.6064002513885498
    vertex -62.499900817871094 -9.916000366210938 1.6064002513885498
  endloop
endfacet
facet normal 0.0 0.0 0.0
  outer loop
    vertex -60.84230041503906 -9.839200973510742 1.6064002513885498
    vertex -61.09189987182617 -9.634400367736816 1.6064002513885498
    vertex -61.02790069580078 -9.660000801086426 1.6064002513885498
  endloop
endfacet
facet normal 0.0 0.0 0.0
  outer loop
    vertex -60.89350128173828 -9.826399803161621 1.6064002513885498
    vertex -61.25830078125 -9.564000129699707 1.6064002513885498
    vertex -61.16230010986328 -9.602400779724121 1.6064002513885498
  endloop
endfacet
facet normal 0.0 0.0 0.0
  outer loop
    vertex -60.87430191040039 -9.871200561523438 1.6064002513885498
    vertex -61.059898376464844 -9.749600410461426 1.6064002513885498
    vertex -60.96390151977539 -9.794400215148926 1.6064002513885498
  endloop
endfacet
facet normal 0.0 0.0 0.0
  outer loop
    vertex -60.59910202026367 -10.03760051727295 1.6064002513885498
    vertex -60.84870147705078 -9.85200023651123 1.6064002513885498
    vertex -60.810298919677734 -9.864800453186035 1.6064002513885498
  endloop
endfacet
facet normal 0.0 0.0 0.0
  outer loop
    vertex -60.784698486328125 -9.87760066986084 1.6064002513885498
    vertex -60.835899353027344 -9.832799911499023 1.6064002513885498
    vertex -60.82310104370117 -9.820000648498535 1.6064002513885498
  endloop
endfacet
facet normal 0.0 0.0 0.0
  outer loop
    vertex -61.3031005859375 -9.423200607299805 1.6064002513885498
    vertex -61.168701171875 -9.506400108337402 1.6064002513885498
    vertex -61.18149948120117 -9.5 1.6064002513885498
  endloop
endfacet
facet normal 0.0 0.0 0.0
  outer loop
    vertex -61.04069900512695 -9.595999717712402 1.6064002513885498
    vertex -60.919097900390625 -9.698400497436523 1.6064002513885498
    vertex -60.93830108642578 -9.698400497436523 1.6064002513885498
  endloop
endfacet
facet normal 0.0 0.0 0.0
  outer loop
    vertex -62.03269958496094 -9.148000717163086 1.6064002513885498
    vertex -61.87910079956055 -9.180000305175781 1.6064002513885498
    vertex -61.89189910888672 -9.231200218200684 1.6064002513885498
  endloop
endfacet
facet normal 0.0 0.0 0.0
  outer loop
    vertex -61.09189987182617 -9.634400367736816 1.6064002513885498
    vertex -61.31589889526367 -9.448800086975098 1.6064002513885498
    vertex -61.23270034790039 -9.48080062866211 1.6064002513885498
  endloop
endfacet
facet normal 0.0 0.0 0.0
  outer loop
    vertex -61.059898376464844 -9.749600410461426 1.6064002513885498
    vertex -61.55910110473633 -9.442399978637695 1.6064002513885498
    vertex -61.38629913330078 -9.512800216674805 1.6064002513885498
  endloop
endfacet
facet normal 0.0 0.0 0.0
  outer loop
    vertex -61.25830078125 -9.564000129699707 1.6064002513885498
    vertex -61.53350067138672 -9.372000694274902 1.6064002513885498
    vertex -61.41189956665039 -9.416799545288086 1.6064002513885498
  endloop
endfacet
facet normal 0.0 0.0 0.0
  outer loop
    vertex -61.38629913330078 -9.512800216674805 1.6064002513885498
    vertex -61.68709945678711 -9.308000564575195 1.6064002513885498
    vertex -61.53350067138672 -9.372000694274902 1.6064002513885498
  endloop
endfacet
facet normal 0.0 0.0 0.0
  outer loop
    vertex -60.96390151977539 -9.794400215148926 1.6064002513885498
    vertex -61.38629913330078 -9.512800216674805 1.6064002513885498
    vertex -61.25830078125 -9.564000129699707 1.6064002513885498
  endloop
endfacet
facet normal 0.0 0.0 0.0
  outer loop
    vertex -61.55270004272461 -9.52560043334961 1.6064002513885498
    vertex -62.25669860839844 -9.154399871826172 1.6064002513885498
    vertex -61.82149887084961 -9.333600997924805 1.6064002513885498
  endloop
endfacet
facet normal 0.0 0.0 0.0
  outer loop
    vertex -60.86149978637695 -9.858400344848633 1.6064002513885498
    vertex -60.96390151977539 -9.794400215148926 1.6064002513885498
    vertex -60.89350128173828 -9.826399803161621 1.6064002513885498
  endloop
endfacet
facet normal 0.0 0.0 0.0
  outer loop
    vertex -61.68709945678711 -9.308000564575195 1.6064002513885498
    vertex -61.87910079956055 -9.180000305175781 1.6064002513885498
    vertex -61.73189926147461 -9.224800109863281 1.6064002513885498
  endloop
endfacet
facet normal 0.0 0.0 0.0
  outer loop
    vertex -61.89189910888672 -9.231200218200684 1.6064002513885498
    vertex -62.179901123046875 -9.128800392150879 1.6064002513885498
    vertex -62.03269958496094 -9.148000717163086 1.6064002513885498
  endloop
endfacet
facet normal 0.0 0.0 0.0
  outer loop
    vertex -61.22629928588867 -9.679200172424316 1.6064002513885498
    vertex -61.82149887084961 -9.333600997924805 1.6064002513885498
    vertex -61.55910110473633 -9.442399978637695 1.6064002513885498
  endloop
endfacet
facet normal 0.0 0.0 0.0
  outer loop
    vertex -62.179901123046875 -9.128800392150879 1.6064002513885498
    vertex -62.199100494384766 -9.122400283813477 1.6064002513885498
    vertex -62.19269943237305 -9.122400283813477 1.6064002513885498
  endloop
endfacet
facet normal 0.0 0.0 0.0
  outer loop
    vertex -61.82149887084961 -9.333600997924805 1.6064002513885498
    vertex -62.179901123046875 -9.128800392150879 1.6064002513885498
    vertex -61.89189910888672 -9.231200218200684 1.6064002513885498
  endloop
endfacet
facet normal 0.0 0.0 0.0
  outer loop
    vertex -62.3463020324707 -9.10319995880127 1.6064002513885498
    vertex -62.199100494384766 -9.122400283813477 1.6064002513885498
    vertex -62.25669860839844 -9.154399871826172 1.6064002513885498
  endloop
endfacet
facet normal 0.0 0.0 0.0
  outer loop
    vertex -62.25669860839844 -9.154399871826172 1.6064002513885498
    vertex -62.37189865112305 -9.10319995880127 1.6064002513885498
    vertex -62.3463020324707 -9.10319995880127 1.6064002513885498
  endloop
endfacet
facet normal 0.0 0.0 0.0
  outer loop
    vertex -62.499900817871094 -9.173600196838379 1.6064002513885498
    vertex -62.07109832763672 -9.429600715637207 1.6064002513885498
    vertex -62.499900817871094 -9.199200630187988 1.6064002513885498
  endloop
endfacet
facet normal 0.0 0.0 0.0
  outer loop
    vertex -62.499900817871094 -9.173600196838379 1.6064002513885498
    vertex -61.78310012817383 -9.5 1.6064002513885498
    vertex -62.07109832763672 -9.429600715637207 1.6064002513885498
  endloop
endfacet
facet normal 0.0 0.0 0.0
  outer loop
    vertex -62.499900817871094 -9.25040054321289 1.6064002513885498
    vertex -62.768699645996094 -9.141600608825684 1.6064002513885498
    vertex -62.50629806518555 -9.25040054321289 1.6064002513885498
  endloop
endfacet
facet normal 0.0 0.0 0.0
  outer loop
    vertex -62.499900817871094 -9.308000564575195 1.6064002513885498
    vertex -62.768699645996094 -9.141600608825684 1.6064002513885498
    vertex -62.499900817871094 -9.25040054321289 1.6064002513885498
  endloop
endfacet
facet normal 0.0 0.0 0.0
  outer loop
    vertex -60.93190002441406 -9.928800582885742 1.6064002513885498
    vertex -61.50790023803711 -9.730400085449219 1.6064002513885498
    vertex -61.00230026245117 -9.883999824523926 1.6064002513885498
  endloop
endfacet
facet normal 0.0 0.0 0.0
  outer loop
    vertex -61.50790023803711 -9.730400085449219 1.6064002513885498
    vertex -61.904701232910156 -9.595999717712402 1.6064002513885498
    vertex -61.71910095214844 -9.61520004272461 1.6064002513885498
  endloop
endfacet
facet normal 0.0 0.0 0.0
  outer loop
    vertex -62.499900817871094 -9.199200630187988 1.6064002513885498
    vertex -62.07109832763672 -9.429600715637207 1.6064002513885498
    vertex -62.499900817871094 -9.25040054321289 1.6064002513885498
  endloop
endfacet
facet normal 0.0 0.0 0.0
  outer loop
    vertex -61.904701232910156 -9.595999717712402 1.6064002513885498
    vertex -62.19269943237305 -9.5 1.6064002513885498
    vertex -62.14789962768555 -9.4552001953125 1.6064002513885498
  endloop
endfacet
facet normal 0.0 0.0 0.0
  outer loop
    vertex -62.19269943237305 -9.5 1.6064002513885498
    vertex -62.499900817871094 -9.391200065612793 1.6064002513885498
    vertex -62.429500579833984 -9.346400260925293 1.6064002513885498
  endloop
endfacet
facet normal 0.0 0.0 0.0
  outer loop
    vertex -62.499900817871094 -9.391200065612793 1.6064002513885498
    vertex -62.73030090332031 -9.314399719238281 1.6064002513885498
    vertex -62.499900817871094 -9.320799827575684 1.6064002513885498
  endloop
endfacet
facet normal 0.0 0.0 0.0
  outer loop
    vertex -62.80070114135742 -9.116000175476074 1.6064002513885498
    vertex -62.743099212646484 -9.116000175476074 1.6064002513885498
    vertex -62.768699645996094 -9.141600608825684 1.6064002513885498
  endloop
endfacet
facet normal 0.0 0.0 0.0
  outer loop
    vertex -60.48390197753906 -10.92080020904541 1.6064002513885498
    vertex -60.89350128173828 -10.780000686645508 1.6064002513885498
    vertex -60.586299896240234 -10.869600296020508 1.6064002513885498
  endloop
endfacet
facet normal 0.0 0.0 0.0
  outer loop
    vertex -60.95109939575195 -11.304800987243652 1.6064002513885498
    vertex -60.4390983581543 -11.503199577331543 1.6064002513885498
    vertex -60.490299224853516 -11.503199577331543 1.6064002513885498
  endloop
endfacet
facet normal 0.0 0.0 0.0
  outer loop
    vertex -62.499900817871094 -10.6264009475708 1.6064002513885498
    vertex -61.911102294921875 -10.907999992370605 1.6064002513885498
    vertex -62.499900817871094 -10.664800643920898 1.6064002513885498
  endloop
endfacet
facet normal 0.0 0.0 0.0
  outer loop
    vertex -62.499900817871094 -10.6264009475708 1.6064002513885498
    vertex -61.84709930419922 -10.844000816345215 1.6064002513885498
    vertex -61.911102294921875 -10.907999992370605 1.6064002513885498
  endloop
endfacet
facet normal 0.0 0.0 0.0
  outer loop
    vertex -62.499900817871094 -10.6264009475708 1.6064002513885498
    vertex -63.03110122680664 -10.447200775146484 1.6064002513885498
    vertex -62.499900817871094 -10.530400276184082 1.6064002513885498
  endloop
endfacet
facet normal 0.0 0.0 0.0
  outer loop
    vertex -63.74789810180664 -10.255200386047363 1.6064003705978394
    vertex -62.499900817871094 -10.722400665283203 1.6064002513885498
    vertex -63.69670104980469 -10.306400299072266 1.6064003705978394
  endloop
endfacet
facet normal 0.0 0.0 0.0
  outer loop
    vertex -63.927101135253906 -10.076000213623047 1.6064003705978394
    vertex -64.34950256347656 -9.96720027923584 1.6064003705978394
    vertex -64.30470275878906 -9.916000366210938 1.6064003705978394
  endloop
endfacet
facet normal 0.0 0.0 0.0
  outer loop
    vertex -63.89509963989258 -10.108000755310059 1.6064003705978394
    vertex -64.34950256347656 -9.96720027923584 1.6064003705978394
    vertex -63.927101135253906 -10.076000213623047 1.6064003705978394
  endloop
endfacet
facet normal 0.0 0.0 0.0
  outer loop
    vertex -62.263099670410156 -11.74000072479248 1.6064002513885498
    vertex -62.359100341796875 -11.727200508117676 1.6064002513885498
    vertex -62.3463020324707 -11.656800270080566 1.6064002513885498
  endloop
endfacet
facet normal 0.0 0.0 0.0
  outer loop
    vertex -63.082298278808594 -11.637600898742676 1.6064002513885498
    vertex -63.47909927368164 -11.503199577331543 1.6064003705978394
    vertex -63.171897888183594 -11.503199577331543 1.6064002513885498
  endloop
endfacet
facet normal 0.0 0.0 0.0
  outer loop
    vertex -64.5094985961914 -11.445600509643555 1.6064003705978394
    vertex -64.89990234375 -11.343199729919434 1.6064003705978394
    vertex -64.88069915771484 -11.189600944519043 1.6064003705978394
  endloop
endfacet
facet normal 0.0 0.0 0.0
  outer loop
    vertex -60.95750045776367 -12.335201263427734 1.6064002513885498
    vertex -61.52069854736328 -12.124000549316406 1.6064002513885498
    vertex -61.31589889526367 -12.162400245666504 1.6064002513885498
  endloop
endfacet
facet normal 0.0 0.0 0.0
  outer loop
    vertex -62.499900817871094 -11.708001136779785 1.6064002513885498
    vertex -62.359100341796875 -11.727200508117676 1.6064002513885498
    vertex -62.499900817871094 -11.752799987792969 1.6064002513885498
  endloop
endfacet
facet normal 0.0 0.0 0.0
  outer loop
    vertex -62.68550109863281 -11.682400703430176 1.6064002513885498
    vertex -63.171897888183594 -11.503199577331543 1.6064002513885498
    vertex -62.91590118408203 -11.503199577331543 1.6064002513885498
  endloop
endfacet
facet normal 0.0 0.0 0.0
  outer loop
    vertex -62.21189880371094 -11.791200637817383 1.6064002513885498
    vertex -62.359100341796875 -11.727200508117676 1.6064002513885498
    vertex -62.263099670410156 -11.74000072479248 1.6064002513885498
  endloop
endfacet
facet normal 0.0 0.0 0.0
  outer loop
    vertex -63.47909927368164 -11.503199577331543 1.6064003705978394
    vertex -64.8551025390625 -11.029600143432617 1.6064003705978394
    vertex -63.92070007324219 -11.215200424194336 1.6064003705978394
  endloop
endfacet
facet normal 0.0 0.0 0.0
  outer loop
    vertex -62.499900817871094 -11.669600486755371 1.6064002513885498
    vertex -62.666297912597656 -11.688800811767578 1.6064002513885498
    vertex -62.62150192260742 -11.618400573730469 1.6064002513885498
  endloop
endfacet
facet normal 0.0 0.0 0.0
  outer loop
    vertex -62.499900817871094 -11.708001136779785 1.6064002513885498
    vertex -62.666297912597656 -11.688800811767578 1.6064002513885498
    vertex -62.499900817871094 -11.669600486755371 1.6064002513885498
  endloop
endfacet
facet normal 0.0 0.0 0.0
  outer loop
    vertex -62.499900817871094 -11.586400032043457 1.6064002513885498
    vertex -62.62150192260742 -11.618400573730469 1.6064002513885498
    vertex -62.563899993896484 -11.560800552368164 1.6064002513885498
  endloop
endfacet
facet normal 0.0 0.0 0.0
  outer loop
    vertex -62.499900817871094 -11.669600486755371 1.6064002513885498
    vertex -62.62150192260742 -11.618400573730469 1.6064002513885498
    vertex -62.499900817871094 -11.586400032043457 1.6064002513885498
  endloop
endfacet
facet normal 0.0 0.0 0.0
  outer loop
    vertex -62.499900817871094 -11.816800117492676 1.6064002513885498
    vertex -62.186302185058594 -11.868000984191895 1.6064002513885498
    vertex -62.499900817871094 -11.829601287841797 1.6064002513885498
  endloop
endfacet
facet normal 0.0 0.0 0.0
  outer loop
    vertex -61.815101623535156 -12.220000267028809 1.6064002513885498
    vertex -62.499900817871094 -12.0600004196167 1.6064002513885498
    vertex -61.840702056884766 -12.162400245666504 1.6064002513885498
  endloop
endfacet
facet normal 0.0 0.0 0.0
  outer loop
    vertex -60.14469909667969 -11.912799835205078 1.6064002513885498
    vertex -60.151100158691406 -11.912799835205078 1.6064002513885498
    vertex -60.14469909667969 -11.887200355529785 1.6064002513885498
  endloop
endfacet
facet normal 0.0 0.0 0.0
  outer loop
    vertex -62.666297912597656 -11.688800811767578 1.6064002513885498
    vertex -62.69190216064453 -11.688800811767578 1.6064002513885498
    vertex -62.68550109863281 -11.682400703430176 1.6064002513885498
  endloop
endfacet
facet normal 0.0 0.0 0.0
  outer loop
    vertex -62.499900817871094 -11.9256010055542 1.6064002513885498
    vertex -62.8838996887207 -11.880800247192383 1.6064002513885498
    vertex -62.858299255371094 -11.85520076751709 1.6064002513885498
  endloop
endfacet
facet normal 0.0 0.0 0.0
  outer loop
    vertex -62.499900817871094 -11.983200073242188 1.6064002513885498
    vertex -62.8838996887207 -11.880800247192383 1.6064002513885498
    vertex -62.499900817871094 -11.9256010055542 1.6064002513885498
  endloop
endfacet
facet normal 0.0 0.0 0.0
  outer loop
    vertex -63.92070007324219 -11.215200424194336 1.6064003705978394
    vertex -64.8230972290039 -10.87600040435791 1.6064003705978394
    vertex -64.7782974243164 -10.728800773620605 1.6064003705978394
  endloop
endfacet
facet normal 0.0 0.0 0.0
  outer loop
    vertex -63.082298278808594 -11.637600898742676 1.6064002513885498
    vertex -62.69190216064453 -11.688800811767578 1.6064002513885498
    vertex -62.7495002746582 -11.746400833129883 1.6064002513885498
  endloop
endfacet
facet normal 0.0 0.0 0.0
  outer loop
    vertex -62.77510070800781 -11.772000312805176 1.6064002513885498
    vertex -63.15909957885742 -11.708001136779785 1.6064002513885498
    vertex -63.082298278808594 -11.637600898742676 1.6064002513885498
  endloop
endfacet
facet normal 0.0 0.0 0.0
  outer loop
    vertex -63.85029983520508 -11.503199577331543 1.6064003705978394
    vertex -63.47909927368164 -11.503199577331543 1.6064003705978394
    vertex -63.65190124511719 -11.560800552368164 1.6064003705978394
  endloop
endfacet
facet normal 0.0 0.0 0.0
  outer loop
    vertex -63.65190124511719 -11.560800552368164 1.6064003705978394
    vertex -63.082298278808594 -11.637600898742676 1.6064002513885498
    vertex -63.15909957885742 -11.708001136779785 1.6064002513885498
  endloop
endfacet
facet normal 0.0 0.0 0.0
  outer loop
    vertex -63.15909957885742 -11.708001136779785 1.6064002513885498
    vertex -62.77510070800781 -11.772000312805176 1.6064002513885498
    vertex -62.813499450683594 -11.81040096282959 1.6064002513885498
  endloop
endfacet
facet normal 0.0 0.0 0.0
  outer loop
    vertex -62.576698303222656 -11.804000854492188 1.6064002513885498
    vertex -62.813499450683594 -11.81040096282959 1.6064002513885498
    vertex -62.77510070800781 -11.772000312805176 1.6064002513885498
  endloop
endfacet
facet normal 0.0 0.0 0.0
  outer loop
    vertex -62.499900817871094 -11.829601287841797 1.6064002513885498
    vertex -62.813499450683594 -11.81040096282959 1.6064002513885498
    vertex -62.576698303222656 -11.804000854492188 1.6064002513885498
  endloop
endfacet
facet normal 0.0 0.0 0.0
  outer loop
    vertex -62.499900817871094 -11.906400680541992 1.6064002513885498
    vertex -62.813499450683594 -11.81040096282959 1.6064002513885498
    vertex -62.499900817871094 -11.829601287841797 1.6064002513885498
  endloop
endfacet
facet normal 0.0 0.0 0.0
  outer loop
    vertex -62.499900817871094 -11.906400680541992 1.6064002513885498
    vertex -62.858299255371094 -11.85520076751709 1.6064002513885498
    vertex -62.813499450683594 -11.81040096282959 1.6064002513885498
  endloop
endfacet
facet normal 0.0 0.0 0.0
  outer loop
    vertex -62.499900817871094 -11.9256010055542 1.6064002513885498
    vertex -62.858299255371094 -11.85520076751709 1.6064002513885498
    vertex -62.499900817871094 -11.906400680541992 1.6064002513885498
  endloop
endfacet
facet normal 0.0 0.0 0.0
  outer loop
    vertex -61.840702056884766 -12.162400245666504 1.6064002513885498
    vertex -61.4375 -12.271201133728027 1.6064002513885498
    vertex -61.77669906616211 -12.226400375366211 1.6064002513885498
  endloop
endfacet
facet normal 0.0 0.0 0.0
  outer loop
    vertex -63.35750198364258 -11.759201049804688 1.6064003705978394
    vertex -62.858299255371094 -11.85520076751709 1.6064002513885498
    vertex -62.8838996887207 -11.880800247192383 1.6064002513885498
  endloop
endfacet
facet normal 0.0 0.0 0.0
  outer loop
    vertex -62.499900817871094 -11.983200073242188 1.6064002513885498
    vertex -62.95429992675781 -11.951200485229492 1.6064002513885498
    vertex -62.8838996887207 -11.880800247192383 1.6064002513885498
  endloop
endfacet
facet normal 0.0 0.0 0.0
  outer loop
    vertex -62.499900817871094 -12.0600004196167 1.6064002513885498
    vertex -62.95429992675781 -11.951200485229492 1.6064002513885498
    vertex -62.499900817871094 -11.983200073242188 1.6064002513885498
  endloop
endfacet
facet normal 0.0 0.0 0.0
  outer loop
    vertex -62.499900817871094 -12.130400657653809 1.6064002513885498
    vertex -61.71269989013672 -12.290400505065918 1.6064002513885498
    vertex -62.499900817871094 -12.20720100402832 1.6064002513885498
  endloop
endfacet
facet normal 0.0 0.0 0.0
  outer loop
    vertex -61.25830078125 -12.444001197814941 1.6064002513885498
    vertex -60.3494987487793 -12.559200286865234 1.6064002513885498
    vertex -60.36869812011719 -12.591200828552246 1.6064002513885498
  endloop
endfacet
facet normal 0.0 0.0 0.0
  outer loop
    vertex -64.89990234375 -11.656800270080566 1.6064003705978394
    vertex -64.79109954833984 -11.829601287841797 1.6064003705978394
    vertex -64.88069915771484 -11.81040096282959 1.6064003705978394
  endloop
endfacet
facet normal 0.0 0.0 0.0
  outer loop
    vertex -64.89990234375 -11.656800270080566 1.6064003705978394
    vertex -63.05670166015625 -12.053600311279297 1.6064002513885498
    vertex -64.79109954833984 -11.829601287841797 1.6064003705978394
  endloop
endfacet
facet normal 0.0 0.0 0.0
  outer loop
    vertex -64.89990234375 -11.656800270080566 1.6064003705978394
    vertex -63.03110122680664 -12.027999877929688 1.6064002513885498
    vertex -63.05670166015625 -12.053600311279297 1.6064002513885498
  endloop
endfacet
facet normal 0.0 0.0 0.0
  outer loop
    vertex -64.6438980102539 -11.503199577331543 1.6064003705978394
    vertex -64.89990234375 -11.445600509643555 1.6064003705978394
    vertex -64.89990234375 -11.420001029968262 1.6064003705978394
  endloop
endfacet
facet normal 0.0 0.0 0.0
  outer loop
    vertex -61.65509796142578 -12.348001480102539 1.6064002513885498
    vertex -62.499900817871094 -12.20720100402832 1.6064002513885498
    vertex -61.71269989013672 -12.290400505065918 1.6064002513885498
  endloop
endfacet
facet normal 0.0 0.0 0.0
  outer loop
    vertex -62.499900817871094 -12.20720100402832 1.6064002513885498
    vertex -63.13349914550781 -12.130400657653809 1.6064002513885498
    vertex -63.1078987121582 -12.104801177978516 1.6064002513885498
  endloop
endfacet
facet normal 0.0 0.0 0.0
  outer loop
    vertex -62.499900817871094 -12.239200592041016 1.6064002513885498
    vertex -63.13349914550781 -12.130400657653809 1.6064002513885498
    vertex -62.499900817871094 -12.20720100402832 1.6064002513885498
  endloop
endfacet
facet normal 0.0 0.0 0.0
  outer loop
    vertex -61.347900390625 -12.834400177001953 1.6064002513885498
    vertex -62.07749938964844 -12.834400177001953 1.6064002513885498
    vertex -61.55270004272461 -12.796000480651855 1.6064002513885498
  endloop
endfacet
facet normal 0.0 0.0 0.0
  outer loop
    vertex -62.499900817871094 -12.20720100402832 1.6064002513885498
    vertex -61.65509796142578 -12.348001480102539 1.6064002513885498
    vertex -62.499900817871094 -12.239200592041016 1.6064002513885498
  endloop
endfacet
facet normal 0.0 0.0 0.0
  outer loop
    vertex -60.84870147705078 -13.077600479125977 1.6064002513885498
    vertex -60.701499938964844 -13.084001541137695 1.6064002513885498
    vertex -60.720699310302734 -13.103200912475586 1.6064002513885498
  endloop
endfacet
facet normal 0.0 0.0 0.0
  outer loop
    vertex -62.941497802734375 -12.751200675964355 1.6064002513885498
    vertex -62.499900817871094 -12.770401000976562 1.6064002513885498
    vertex -62.602298736572266 -12.834400177001953 1.6064002513885498
  endloop
endfacet
facet normal 0.0 0.0 0.0
  outer loop
    vertex -61.55270004272461 -12.796000480651855 1.6064002513885498
    vertex -62.384700775146484 -12.770401000976562 1.6064002513885498
    vertex -61.89830017089844 -12.744800567626953 1.6064002513885498
  endloop
endfacet
facet normal 0.0 0.0 0.0
  outer loop
    vertex -64.65670013427734 -12.559200286865234 1.6064003705978394
    vertex -64.47109985351562 -12.706400871276855 1.6064003705978394
    vertex -64.59269714355469 -12.687200546264648 1.6064003705978394
  endloop
endfacet
facet normal 0.0 0.0 0.0
  outer loop
    vertex -64.65670013427734 -12.559200286865234 1.6064003705978394
    vertex -64.30470275878906 -12.584799766540527 1.6064003705978394
    vertex -64.47109985351562 -12.706400871276855 1.6064003705978394
  endloop
endfacet
facet normal 0.0 0.0 0.0
  outer loop
    vertex -64.30470275878906 -12.584799766540527 1.6064003705978394
    vertex -63.6327018737793 -12.629600524902344 1.6064003705978394
    vertex -63.70949935913086 -12.706400871276855 1.6064003705978394
  endloop
endfacet
facet normal 0.0 0.0 0.0
  outer loop
    vertex -62.602298736572266 -12.834400177001953 1.6064002513885498
    vertex -63.05670166015625 -12.834400177001953 1.6064002513885498
    vertex -62.941497802734375 -12.751200675964355 1.6064002513885498
  endloop
endfacet
facet normal 0.0 0.0 0.0
  outer loop
    vertex -64.57990264892578 -12.700000762939453 1.6064003705978394
    vertex -64.47109985351562 -12.706400871276855 1.6064003705978394
    vertex -64.56710052490234 -12.71920108795166 1.6064003705978394
  endloop
endfacet
facet normal 0.0 0.0 0.0
  outer loop
    vertex -64.6759033203125 -12.508000373840332 1.6064003705978394
    vertex -64.30470275878906 -12.584799766540527 1.6064003705978394
    vertex -64.65670013427734 -12.559200286865234 1.6064003705978394
  endloop
endfacet
facet normal 0.0 0.0 0.0
  outer loop
    vertex -64.00389862060547 -12.834400177001953 1.6064003705978394
    vertex -64.56710052490234 -12.71920108795166 1.6064003705978394
    vertex -64.47109985351562 -12.706400871276855 1.6064003705978394
  endloop
endfacet
facet normal 0.0 0.0 0.0
  outer loop
    vertex -61.85350036621094 -12.87920093536377 1.6064002513885498
    vertex -62.339900970458984 -12.892001152038574 1.6064002513885498
    vertex -62.07749938964844 -12.834400177001953 1.6064002513885498
  endloop
endfacet
facet normal 0.0 0.0 0.0
  outer loop
    vertex -64.4967041015625 -12.834400177001953 1.6064003705978394
    vertex -64.00389862060547 -12.834400177001953 1.6064003705978394
    vertex -64.40709686279297 -12.962400436401367 1.6064003705978394
  endloop
endfacet
facet normal 0.0 0.0 0.0
  outer loop
    vertex -64.59269714355469 -12.687200546264648 1.6064003705978394
    vertex -64.47109985351562 -12.706400871276855 1.6064003705978394
    vertex -64.57990264892578 -12.700000762939453 1.6064003705978394
  endloop
endfacet
facet normal 0.0 0.0 0.0
  outer loop
    vertex -62.499900817871094 -12.751200675964355 1.6064002513885498
    vertex -62.384700775146484 -12.770401000976562 1.6064002513885498
    vertex -62.499900817871094 -12.770401000976562 1.6064002513885498
  endloop
endfacet
facet normal 0.0 0.0 0.0
  outer loop
    vertex -62.499900817871094 -12.853601455688477 1.6064002513885498
    vertex -62.69190216064453 -12.904800415039062 1.6064002513885498
    vertex -62.602298736572266 -12.834400177001953 1.6064002513885498
  endloop
endfacet
facet normal 0.0 0.0 0.0
  outer loop
    vertex -62.499900817871094 -12.89840030670166 1.6064002513885498
    vertex -62.69190216064453 -12.904800415039062 1.6064002513885498
    vertex -62.499900817871094 -12.853601455688477 1.6064002513885498
  endloop
endfacet
facet normal 0.0 0.0 0.0
  outer loop
    vertex -62.69190216064453 -12.904800415039062 1.6064002513885498
    vertex -63.15909957885742 -12.917600631713867 1.6064002513885498
    vertex -63.05670166015625 -12.834400177001953 1.6064002513885498
  endloop
endfacet
facet normal 0.0 0.0 0.0
  outer loop
    vertex -63.9463005065918 -12.943201065063477 1.6064003705978394
    vertex -64.40709686279297 -12.962400436401367 1.6064003705978394
    vertex -64.00389862060547 -12.834400177001953 1.6064003705978394
  endloop
endfacet
facet normal 0.0 0.0 0.0
  outer loop
    vertex -64.56710052490234 -12.71920108795166 1.6064003705978394
    vertex -64.00389862060547 -12.834400177001953 1.6064003705978394
    vertex -64.4967041015625 -12.834400177001953 1.6064003705978394
  endloop
endfacet
facet normal 0.0 0.0 0.0
  outer loop
    vertex -62.173500061035156 -13.199200630187988 1.6064002513885498
    vertex -62.499900817871094 -13.199200630187988 1.6064002513885498
    vertex -62.442298889160156 -13.141600608825684 1.6064002513885498
  endloop
endfacet
facet normal 0.0 0.0 0.0
  outer loop
    vertex -64.16390228271484 -13.199200630187988 1.6064003705978394
    vertex -64.20230102539062 -13.199200630187988 1.6064003705978394
    vertex -64.1958999633789 -13.192800521850586 1.6064003705978394
  endloop
endfacet
facet normal 0.0 0.0 0.0
  outer loop
    vertex -62.499900817871094 -13.026400566101074 1.6064002513885498
    vertex -61.9302978515625 -13.122400283813477 1.6064002513885498
    vertex -62.499900817871094 -13.084001541137695 1.6064002513885498
  endloop
endfacet
facet normal 0.0 0.0 0.0
  outer loop
    vertex -62.499900817871094 -13.250401496887207 1.6064002513885498
    vertex -62.7495002746582 -13.263200759887695 1.6064002513885498
    vertex -62.499900817871094 -13.199200630187988 1.6064002513885498
  endloop
endfacet
facet normal 0.0 0.0 0.0
  outer loop
    vertex -64.03590393066406 -13.090400695800781 1.6064003705978394
    vertex -64.12550354003906 -13.122400283813477 1.6064003705978394
    vertex -64.09349822998047 -13.090400695800781 1.6064003705978394
  endloop
endfacet
facet normal 0.0 0.0 0.0
  outer loop
    vertex -63.66469955444336 -13.199200630187988 1.6064003705978394
    vertex -64.12550354003906 -13.122400283813477 1.6064003705978394
    vertex -64.03590393066406 -13.090400695800781 1.6064003705978394
  endloop
endfacet
facet normal 0.0 0.0 0.0
  outer loop
    vertex -64.1511001586914 -13.244000434875488 1.6064003705978394
    vertex -64.20230102539062 -13.199200630187988 1.6064003705978394
    vertex -64.16390228271484 -13.199200630187988 1.6064003705978394
  endloop
endfacet
facet normal 0.0 0.0 0.0
  outer loop
    vertex -64.08709716796875 -13.084001541137695 1.6064003705978394
    vertex -63.9911003112793 -12.988000869750977 1.6064003705978394
    vertex -64.03590393066406 -13.090400695800781 1.6064003705978394
  endloop
endfacet
facet normal 0.0 0.0 0.0
  outer loop
    vertex -64.08709716796875 -13.301600456237793 1.6064003705978394
    vertex -63.93989944458008 -13.301600456237793 1.6064003705978394
    vertex -64.08070373535156 -13.308000564575195 1.6064003705978394
  endloop
endfacet
facet normal 0.0 0.0 0.0
  outer loop
    vertex -63.15270233154297 -13.000801086425781 1.6064002513885498
    vertex -62.544700622558594 -13.020001411437988 1.6064002513885498
    vertex -62.84550094604492 -13.064800262451172 1.6064002513885498
  endloop
endfacet
facet normal 0.0 0.0 0.0
  outer loop
    vertex -62.499900817871094 -13.128800392150879 1.6064002513885498
    vertex -62.442298889160156 -13.141600608825684 1.6064002513885498
    vertex -62.499900817871094 -13.141600608825684 1.6064002513885498
  endloop
endfacet
facet normal 0.0 0.0 0.0
  outer loop
    vertex -61.83430099487305 -13.263200759887695 1.6064002513885498
    vertex -62.429500579833984 -13.301600456237793 1.6064002513885498
    vertex -61.98149871826172 -13.237600326538086 1.6064002513885498
  endloop
endfacet
facet normal 0.0 0.0 0.0
  outer loop
    vertex -63.95909881591797 -13.199200630187988 1.6064003705978394
    vertex -64.15750122070312 -13.154400825500488 1.6064003705978394
    vertex -64.12550354003906 -13.122400283813477 1.6064003705978394
  endloop
endfacet
facet normal 0.0 0.0 0.0
  outer loop
    vertex -62.499900817871094 -13.410400390625 1.6064002513885498
    vertex -62.423099517822266 -13.404000282287598 1.6064002513885498
    vertex -62.499900817871094 -13.461601257324219 1.6064002513885498
  endloop
endfacet
facet normal 0.0 0.0 0.0
  outer loop
    vertex -62.173500061035156 -13.775199890136719 1.6064002513885498
    vertex -61.87910079956055 -13.820000648498535 1.6064002513885498
    vertex -62.019901275634766 -13.81360149383545 1.6064002513885498
  endloop
endfacet
facet normal 0.0 0.0 0.0
  outer loop
    vertex -62.173500061035156 -13.775199890136719 1.6064002513885498
    vertex -61.73189926147461 -13.775199890136719 1.6064002513885498
    vertex -61.87910079956055 -13.820000648498535 1.6064002513885498
  endloop
endfacet
facet normal 0.0 0.0 0.0
  outer loop
    vertex -62.499900817871094 -13.295201301574707 1.6064002513885498
    vertex -62.85190200805664 -13.333600044250488 1.6064002513885498
    vertex -62.7495002746582 -13.263200759887695 1.6064002513885498
  endloop
endfacet
facet normal 0.0 0.0 0.0
  outer loop
    vertex -62.499900817871094 -13.308000564575195 1.6064002513885498
    vertex -62.85190200805664 -13.333600044250488 1.6064002513885498
    vertex -62.499900817871094 -13.295201301574707 1.6064002513885498
  endloop
endfacet
facet normal 0.0 0.0 0.0
  outer loop
    vertex -63.51110076904297 -13.288801193237305 1.6064003705978394
    vertex -63.95909881591797 -13.199200630187988 1.6064003705978394
    vertex -63.66469955444336 -13.199200630187988 1.6064003705978394
  endloop
endfacet
facet normal 0.0 0.0 0.0
  outer loop
    vertex -64.03590393066406 -13.090400695800781 1.6064003705978394
    vertex -62.499900817871094 -13.141600608825684 1.6064002513885498
    vertex -63.23590087890625 -13.199200630187988 1.6064002513885498
  endloop
endfacet
facet normal 0.0 0.0 0.0
  outer loop
    vertex -63.74789810180664 -13.295201301574707 1.6064003705978394
    vertex -64.16390228271484 -13.199200630187988 1.6064003705978394
    vertex -63.95909881591797 -13.199200630187988 1.6064003705978394
  endloop
endfacet
facet normal 0.0 0.0 0.0
  outer loop
    vertex -63.13349914550781 -13.596000671386719 1.6064002513885498
    vertex -63.32550048828125 -13.621600151062012 1.6064003705978394
    vertex -63.31269836425781 -13.538400650024414 1.6064002513885498
  endloop
endfacet
facet normal 0.0 0.0 0.0
  outer loop
    vertex -62.589500427246094 -13.468000411987305 1.6064002513885498
    vertex -62.877498626708984 -13.5 1.6064002513885498
    vertex -62.80070114135742 -13.429601669311523 1.6064002513885498
  endloop
endfacet
facet normal 0.0 0.0 0.0
  outer loop
    vertex -62.499900817871094 -13.884001731872559 1.6064002513885498
    vertex -62.736698150634766 -13.871200561523438 1.6064002513885498
    vertex -62.499900817871094 -13.871200561523438 1.6064002513885498
  endloop
endfacet
facet normal 0.0 0.0 0.0
  outer loop
    vertex -63.8567008972168 -13.48080062866211 1.6064003705978394
    vertex -63.80550003051758 -13.493600845336914 1.6064003705978394
    vertex -63.837501525878906 -13.493600845336914 1.6064003705978394
  endloop
endfacet
facet normal 0.0 0.0 0.0
  outer loop
    vertex -63.42790222167969 -13.372000694274902 1.6064003705978394
    vertex -63.17829895019531 -13.352800369262695 1.6064002513885498
    vertex -63.36389923095703 -13.384800910949707 1.6064003705978394
  endloop
endfacet
facet normal 0.0 0.0 0.0
  outer loop
    vertex -63.79909896850586 -13.39120101928711 1.6064003705978394
    vertex -63.6327018737793 -13.384800910949707 1.6064003705978394
    vertex -63.77989959716797 -13.397601127624512 1.6064003705978394
  endloop
endfacet
facet normal 0.0 0.0 0.0
  outer loop
    vertex -62.499900817871094 -13.487200736999512 1.6064002513885498
    vertex -62.698299407958984 -13.538400650024414 1.6064002513885498
    vertex -62.589500427246094 -13.468000411987305 1.6064002513885498
  endloop
endfacet
facet normal 0.0 0.0 0.0
  outer loop
    vertex -62.499900817871094 -13.512802124023438 1.6064002513885498
    vertex -62.698299407958984 -13.538400650024414 1.6064002513885498
    vertex -62.499900817871094 -13.487200736999512 1.6064002513885498
  endloop
endfacet
facet normal 0.0 0.0 0.0
  outer loop
    vertex -62.28229904174805 -13.532000541687012 1.6064002513885498
    vertex -62.499900817871094 -13.564001083374023 1.6064002513885498
    vertex -62.423099517822266 -13.5 1.6064002513885498
  endloop
endfacet
facet normal 0.0 0.0 0.0
  outer loop
    vertex -62.55110168457031 -13.570401191711426 1.6064002513885498
    vertex -62.77510070800781 -13.608800888061523 1.6064002513885498
    vertex -62.698299407958984 -13.538400650024414 1.6064002513885498
  endloop
endfacet
facet normal 0.0 0.0 0.0
  outer loop
    vertex -62.499900817871094 -13.39120101928711 1.6064002513885498
    vertex -62.423099517822266 -13.404000282287598 1.6064002513885498
    vertex -62.499900817871094 -13.410400390625 1.6064002513885498
  endloop
endfacet
facet normal 0.0 0.0 0.0
  outer loop
    vertex -61.347900390625 -13.359201431274414 1.6064002513885498
    vertex -61.66790008544922 -13.404000282287598 1.6064002513885498
    vertex -61.39910125732422 -13.352800369262695 1.6064002513885498
  endloop
endfacet
facet normal 0.0 0.0 0.0
  outer loop
    vertex -63.42150115966797 -13.71760082244873 1.6064003705978394
    vertex -63.56230163574219 -13.653600692749023 1.6064003705978394
    vertex -63.48550033569336 -13.640801429748535 1.6064003705978394
  endloop
endfacet
facet normal 0.0 0.0 0.0
  outer loop
    vertex -63.53030014038086 -13.474400520324707 1.6064003705978394
    vertex -63.77989959716797 -13.397601127624512 1.6064003705978394
    vertex -63.59429931640625 -13.39120101928711 1.6064003705978394
  endloop
endfacet
facet normal 0.0 0.0 0.0
  outer loop
    vertex -63.48550033569336 -13.640801429748535 1.6064003705978394
    vertex -63.69670104980469 -13.576801300048828 1.6064003705978394
    vertex -63.54949951171875 -13.564001083374023 1.6064003705978394
  endloop
endfacet
facet normal 0.0 0.0 0.0
  outer loop
    vertex -61.30950164794922 -13.365601539611816 1.6064002513885498
    vertex -61.58470153808594 -13.416800498962402 1.6064002513885498
    vertex -61.347900390625 -13.359201431274414 1.6064002513885498
  endloop
endfacet
facet normal 0.0 0.0 0.0
  outer loop
    vertex -62.499900817871094 -13.487200736999512 1.6064002513885498
    vertex -62.423099517822266 -13.5 1.6064002513885498
    vertex -62.499900817871094 -13.512802124023438 1.6064002513885498
  endloop
endfacet
facet normal 0.0 0.0 0.0
  outer loop
    vertex -61.58470153808594 -13.416800498962402 1.6064002513885498
    vertex -61.96870040893555 -13.474400520324707 1.6064002513885498
    vertex -61.66790008544922 -13.404000282287598 1.6064002513885498
  endloop
endfacet
facet normal 0.0 0.0 0.0
  outer loop
    vertex -61.96870040893555 -13.474400520324707 1.6064002513885498
    vertex -62.28229904174805 -13.532000541687012 1.6064002513885498
    vertex -62.083900451660156 -13.455201148986816 1.6064002513885498
  endloop
endfacet
facet normal 0.0 0.0 0.0
  outer loop
    vertex -62.499900817871094 -13.564001083374023 1.6064002513885498
    vertex -62.55110168457031 -13.570401191711426 1.6064002513885498
    vertex -62.499900817871094 -13.512802124023438 1.6064002513885498
  endloop
endfacet
facet normal 0.0 0.0 0.0
  outer loop
    vertex -62.80070114135742 -13.429601669311523 1.6064002513885498
    vertex -62.499900817871094 -13.410400390625 1.6064002513885498
    vertex -62.589500427246094 -13.468000411987305 1.6064002513885498
  endloop
endfacet
facet normal 0.0 0.0 0.0
  outer loop
    vertex -62.77510070800781 -13.608800888061523 1.6064002513885498
    vertex -62.9734992980957 -13.640801429748535 1.6064002513885498
    vertex -62.93510055541992 -13.570401191711426 1.6064002513885498
  endloop
endfacet
facet normal 0.0 0.0 0.0
  outer loop
    vertex -62.9734992980957 -13.640801429748535 1.6064002513885498
    vertex -63.13990020751953 -13.67280101776123 1.6064002513885498
    vertex -63.13349914550781 -13.596000671386719 1.6064002513885498
  endloop
endfacet
facet normal 0.0 0.0 0.0
  outer loop
    vertex -62.69190216064453 -13.884001731872559 1.6064002513885498
    vertex -62.813499450683594 -13.877601623535156 1.6064002513885498
    vertex -62.736698150634766 -13.871200561523438 1.6064002513885498
  endloop
endfacet
facet normal 0.0 0.0 0.0
  outer loop
    vertex -63.70949935913086 -13.576801300048828 1.6064003705978394
    vertex -63.80550003051758 -13.493600845336914 1.6064003705978394
    vertex -63.703102111816406 -13.576801300048828 1.6064003705978394
  endloop
endfacet
facet normal 0.0 0.0 0.0
  outer loop
    vertex -62.736698150634766 -13.871200561523438 1.6064002513885498
    vertex -62.499900817871094 -13.884001731872559 1.6064002513885498
    vertex -62.69190216064453 -13.884001731872559 1.6064002513885498
  endloop
endfacet
facet normal 0.0 0.0 0.0
  outer loop
    vertex -63.79909896850586 -13.39120101928711 1.6064003705978394
    vertex -64.08070373535156 -13.308000564575195 1.6064003705978394
    vertex -63.93989944458008 -13.301600456237793 1.6064003705978394
  endloop
endfacet
facet normal 0.0 0.0 0.0
  outer loop
    vertex -63.6327018737793 -13.384800910949707 1.6064003705978394
    vertex -63.93989944458008 -13.301600456237793 1.6064003705978394
    vertex -63.74789810180664 -13.295201301574707 1.6064003705978394
  endloop
endfacet
facet normal 0.0 0.0 0.0
  outer loop
    vertex -61.00870132446289 -13.20560073852539 1.6064002513885498
    vertex -60.80390167236328 -13.199200630187988 1.6064002513885498
    vertex -60.989501953125 -13.212000846862793 1.6064002513885498
  endloop
endfacet
facet normal 0.0 0.0 0.0
  outer loop
    vertex -60.880699157714844 -13.263200759887695 1.6064002513885498
    vertex -61.1239013671875 -13.218400955200195 1.6064002513885498
    vertex -60.989501953125 -13.212000846862793 1.6064002513885498
  endloop
endfacet
facet normal 0.0 0.0 0.0
  outer loop
    vertex -61.37350082397461 -13.218400955200195 1.6064002513885498
    vertex -61.168701171875 -13.212000846862793 1.6064002513885498
    vertex -61.29029846191406 -13.231201171875 1.6064002513885498
  endloop
endfacet
facet normal 0.0 0.0 0.0
  outer loop
    vertex -63.32550048828125 -13.621600151062012 1.6064003705978394
    vertex -63.13349914550781 -13.596000671386719 1.6064002513885498
    vertex -63.13990020751953 -13.67280101776123 1.6064002513885498
  endloop
endfacet
facet normal 0.0 0.0 0.0
  outer loop
    vertex -63.13990020751953 -13.67280101776123 1.6064002513885498
    vertex -62.9734992980957 -13.640801429748535 1.6064002513885498
    vertex -63.12070083618164 -13.679200172424316 1.6064002513885498
  endloop
endfacet
facet normal 0.0 0.0 0.0
  outer loop
    vertex -63.12070083618164 -13.679200172424316 1.6064002513885498
    vertex -62.941497802734375 -13.653600692749023 1.6064002513885498
    vertex -62.96070098876953 -13.71760082244873 1.6064002513885498
  endloop
endfacet
facet normal 0.0 0.0 0.0
  outer loop
    vertex -62.96070098876953 -13.71760082244873 1.6064002513885498
    vertex -62.80070114135742 -13.692000389099121 1.6064002513885498
    vertex -62.903099060058594 -13.736801147460938 1.6064002513885498
  endloop
endfacet
facet normal 0.0 0.0 0.0
  outer loop
    vertex -62.903099060058594 -13.736801147460938 1.6064002513885498
    vertex -62.723899841308594 -13.71760082244873 1.6064002513885498
    vertex -62.762298583984375 -13.775199890136719 1.6064002513885498
  endloop
endfacet
facet normal 0.0 0.0 0.0
  outer loop
    vertex -62.429500579833984 -13.301600456237793 1.6064002513885498
    vertex -61.83430099487305 -13.263200759887695 1.6064002513885498
    vertex -62.12229919433594 -13.34640121459961 1.6064002513885498
  endloop
endfacet
facet normal 0.0 0.0 0.0
  outer loop
    vertex -62.12229919433594 -13.34640121459961 1.6064002513885498
    vertex -61.53350067138672 -13.327200889587402 1.6064002513885498
    vertex -61.91749954223633 -13.372000694274902 1.6064002513885498
  endloop
endfacet
facet normal 0.0 0.0 0.0
  outer loop
    vertex -61.91749954223633 -13.372000694274902 1.6064002513885498
    vertex -61.45669937133789 -13.34000015258789 1.6064002513885498
    vertex -61.77669906616211 -13.39120101928711 1.6064002513885498
  endloop
endfacet
facet normal 0.0 0.0 0.0
  outer loop
    vertex -61.77669906616211 -13.39120101928711 1.6064002513885498
    vertex -61.39910125732422 -13.352800369262695 1.6064002513885498
    vertex -61.66790008544922 -13.404000282287598 1.6064002513885498
  endloop
endfacet
facet normal 0.0 0.0 0.0
  outer loop
    vertex -61.66790008544922 -13.404000282287598 1.6064002513885498
    vertex -61.347900390625 -13.359201431274414 1.6064002513885498
    vertex -61.58470153808594 -13.416800498962402 1.6064002513885498
  endloop
endfacet
facet normal 0.0 0.0 0.0
  outer loop
    vertex -61.58470153808594 -13.416800498962402 1.6064002513885498
    vertex -61.30950164794922 -13.365601539611816 1.6064002513885498
    vertex -61.35430145263672 -13.442400932312012 1.6064002513885498
  endloop
endfacet
facet normal 0.0 0.0 0.0
  outer loop
    vertex -60.989501953125 -13.212000846862793 1.6064002513885498
    vertex -60.80390167236328 -13.199200630187988 1.6064002513885498
    vertex -60.855098724365234 -13.244000434875488 1.6064002513885498
  endloop
endfacet
facet normal 0.0 0.0 0.0
  outer loop
    vertex -60.90629959106445 -13.295201301574707 1.6064002513885498
    vertex -61.29029846191406 -13.231201171875 1.6064002513885498
    vertex -61.1239013671875 -13.218400955200195 1.6064002513885498
  endloop
endfacet
facet normal 0.0 0.0 0.0
  outer loop
    vertex -61.14310073852539 -13.474400520324707 1.6064002513885498
    vertex -61.059898376464844 -13.416800498962402 1.6064002513885498
    vertex -61.13669967651367 -13.474400520324707 1.6064002513885498
  endloop
endfacet
facet normal 0.0 0.0 0.0
  outer loop
    vertex -61.51430130004883 -13.685600280761719 1.6064002513885498
    vertex -61.44390106201172 -13.653600692749023 1.6064002513885498
    vertex -61.50790023803711 -13.685600280761719 1.6064002513885498
  endloop
endfacet
facet normal 0.0 0.0 0.0
  outer loop
    vertex -61.71910095214844 -13.768800735473633 1.6064002513885498
    vertex -61.51430130004883 -13.685600280761719 1.6064002513885498
    vertex -61.58470153808594 -13.71760082244873 1.6064002513885498
  endloop
endfacet
facet normal 0.0 0.0 0.0
  outer loop
    vertex -63.15270233154297 -13.000801086425781 1.6064002513885498
    vertex -63.50469970703125 -12.930400848388672 1.6064003705978394
    vertex -63.15909957885742 -12.917600631713867 1.6064002513885498
  endloop
endfacet
facet normal 0.0 0.0 0.0
  outer loop
    vertex -63.68389892578125 -12.834400177001953 1.6064003705978394
    vertex -63.81829833984375 -12.815200805664062 1.6064003705978394
    vertex -63.72869873046875 -12.725600242614746 1.6064003705978394
  endloop
endfacet
facet normal 0.0 0.0 0.0
  outer loop
    vertex -61.9302978515625 -13.122400283813477 1.6064002513885498
    vertex -62.499900817871094 -13.026400566101074 1.6064002513885498
    vertex -62.019901275634766 -13.039200782775879 1.6064002513885498
  endloop
endfacet
facet normal 0.0 0.0 0.0
  outer loop
    vertex -61.9302978515625 -13.122400283813477 1.6064002513885498
    vertex -61.43109893798828 -13.154400825500488 1.6064002513885498
    vertex -61.64870071411133 -13.167201042175293 1.6064002513885498
  endloop
endfacet
facet normal 0.0 0.0 0.0
  outer loop
    vertex -61.64870071411133 -13.167201042175293 1.6064002513885498
    vertex -61.30950164794922 -13.180001258850098 1.6064002513885498
    vertex -61.4822998046875 -13.199200630187988 1.6064002513885498
  endloop
endfacet
facet normal 0.0 0.0 0.0
  outer loop
    vertex -61.43109893798828 -13.154400825500488 1.6064002513885498
    vertex -61.13029861450195 -13.173600196838379 1.6064002513885498
    vertex -61.30950164794922 -13.180001258850098 1.6064002513885498
  endloop
endfacet
facet normal 0.0 0.0 0.0
  outer loop
    vertex -61.43109893798828 -13.154400825500488 1.6064002513885498
    vertex -62.019901275634766 -13.039200782775879 1.6064002513885498
    vertex -61.66790008544922 -13.052000999450684 1.6064002513885498
  endloop
endfacet
facet normal 0.0 0.0 0.0
  outer loop
    vertex -61.66790008544922 -13.052000999450684 1.6064002513885498
    vertex -62.339900970458984 -12.892001152038574 1.6064002513885498
    vertex -61.85350036621094 -12.87920093536377 1.6064002513885498
  endloop
endfacet
facet normal 0.0 0.0 0.0
  outer loop
    vertex -63.55590057373047 -12.732000350952148 1.6064003705978394
    vertex -63.70949935913086 -12.706400871276855 1.6064003705978394
    vertex -63.6327018737793 -12.629600524902344 1.6064003705978394
  endloop
endfacet
facet normal 0.0 0.0 0.0
  outer loop
    vertex -61.37350082397461 -12.629600524902344 1.6064002513885498
    vertex -62.499900817871094 -12.540000915527344 1.6064002513885498
    vertex -61.69350051879883 -12.572000503540039 1.6064002513885498
  endloop
endfacet
facet normal 0.0 0.0 0.0
  outer loop
    vertex -61.30950164794922 -12.69360065460205 1.6064002513885498
    vertex -62.499900817871094 -12.540000915527344 1.6064002513885498
    vertex -61.37350082397461 -12.629600524902344 1.6064002513885498
  endloop
endfacet
facet normal 0.0 0.0 0.0
  outer loop
    vertex -60.266300201416016 -12.36720085144043 1.6064002513885498
    vertex -60.227901458740234 -12.271201133728027 1.6064002513885498
    vertex -60.266300201416016 -12.373600959777832 1.6064002513885498
  endloop
endfacet
facet normal 0.0 0.0 0.0
  outer loop
    vertex -60.266300201416016 -12.36720085144043 1.6064002513885498
    vertex -60.208702087402344 -12.194400787353516 1.6064002513885498
    vertex -60.227901458740234 -12.271201133728027 1.6064002513885498
  endloop
endfacet
facet normal 0.0 0.0 0.0
  outer loop
    vertex -62.499900817871094 -12.540000915527344 1.6064002513885498
    vertex -61.30950164794922 -12.69360065460205 1.6064002513885498
    vertex -62.499900817871094 -12.572000503540039 1.6064002513885498
  endloop
endfacet
facet normal 0.0 0.0 0.0
  outer loop
    vertex -61.28390121459961 -12.584799766540527 1.6064002513885498
    vertex -60.426300048828125 -12.700000762939453 1.6064002513885498
    vertex -61.00230026245117 -12.642400741577148 1.6064002513885498
  endloop
endfacet
facet normal 0.0 0.0 0.0
  outer loop
    vertex -61.27109909057617 -12.732000350952148 1.6064002513885498
    vertex -62.499900817871094 -12.572000503540039 1.6064002513885498
    vertex -61.30950164794922 -12.69360065460205 1.6064002513885498
  endloop
endfacet
facet normal 0.0 0.0 0.0
  outer loop
    vertex -60.471099853515625 -12.776801109313965 1.6064002513885498
    vertex -61.37350082397461 -12.629600524902344 1.6064002513885498
    vertex -61.00230026245117 -12.642400741577148 1.6064002513885498
  endloop
endfacet
facet normal 0.0 0.0 0.0
  outer loop
    vertex -63.61349868774414 -12.527200698852539 1.6064003705978394
    vertex -64.7655029296875 -12.29680061340332 1.6064003705978394
    vertex -64.65029907226562 -12.290400505065918 1.6064003705978394
  endloop
endfacet
facet normal 0.0 0.0 0.0
  outer loop
    vertex -61.37350082397461 -12.629600524902344 1.6064002513885498
    vertex -60.490299224853516 -12.802400588989258 1.6064002513885498
    vertex -61.30950164794922 -12.69360065460205 1.6064002513885498
  endloop
endfacet
facet normal 0.0 0.0 0.0
  outer loop
    vertex -61.37350082397461 -12.629600524902344 1.6064002513885498
    vertex -60.471099853515625 -12.776801109313965 1.6064002513885498
    vertex -60.490299224853516 -12.802400588989258 1.6064002513885498
  endloop
endfacet
facet normal 0.0 0.0 0.0
  outer loop
    vertex -61.04069900512695 -13.199200630187988 1.6064002513885498
    vertex -60.80390167236328 -13.199200630187988 1.6064002513885498
    vertex -61.00870132446289 -13.20560073852539 1.6064002513885498
  endloop
endfacet
facet normal 0.0 0.0 0.0
  outer loop
    vertex -61.079097747802734 -13.1864013671875 1.6064002513885498
    vertex -60.80390167236328 -13.199200630187988 1.6064002513885498
    vertex -61.04069900512695 -13.199200630187988 1.6064002513885498
  endloop
endfacet
facet normal 0.0 0.0 0.0
  outer loop
    vertex -61.13029861450195 -13.173600196838379 1.6064002513885498
    vertex -60.80390167236328 -13.199200630187988 1.6064002513885498
    vertex -61.079097747802734 -13.1864013671875 1.6064002513885498
  endloop
endfacet
facet normal 0.0 0.0 0.0
  outer loop
    vertex -61.66790008544922 -13.052000999450684 1.6064002513885498
    vertex -60.925498962402344 -13.077600479125977 1.6064002513885498
    vertex -61.13029861450195 -13.173600196838379 1.6064002513885498
  endloop
endfacet
facet normal 0.0 0.0 0.0
  outer loop
    vertex -63.42150115966797 -12.642400741577148 1.6064003705978394
    vertex -62.84550094604492 -12.680800437927246 1.6064002513885498
    vertex -62.941497802734375 -12.751200675964355 1.6064002513885498
  endloop
endfacet
facet normal 0.0 0.0 0.0
  outer loop
    vertex -63.42150115966797 -12.642400741577148 1.6064003705978394
    vertex -63.60070037841797 -12.597600936889648 1.6064003705978394
    vertex -63.5431022644043 -12.540000915527344 1.6064003705978394
  endloop
endfacet
facet normal 0.0 0.0 0.0
  outer loop
    vertex -63.61349868774414 -12.527200698852539 1.6064003705978394
    vertex -63.53670120239258 -12.533599853515625 1.6064003705978394
    vertex -63.5431022644043 -12.540000915527344 1.6064003705978394
  endloop
endfacet
facet normal 0.0 0.0 0.0
  outer loop
    vertex -61.30950164794922 -12.69360065460205 1.6064002513885498
    vertex -60.509498596191406 -12.834400177001953 1.6064002513885498
    vertex -61.27109909057617 -12.732000350952148 1.6064002513885498
  endloop
endfacet
facet normal 0.0 0.0 0.0
  outer loop
    vertex -61.30950164794922 -12.69360065460205 1.6064002513885498
    vertex -60.490299224853516 -12.802400588989258 1.6064002513885498
    vertex -60.509498596191406 -12.834400177001953 1.6064002513885498
  endloop
endfacet
facet normal 0.0 0.0 0.0
  outer loop
    vertex -61.00230026245117 -12.642400741577148 1.6064002513885498
    vertex -60.426300048828125 -12.700000762939453 1.6064002513885498
    vertex -60.45830154418945 -12.751200675964355 1.6064002513885498
  endloop
endfacet
facet normal 0.0 0.0 0.0
  outer loop
    vertex -60.157501220703125 -11.9704008102417 1.6064002513885498
    vertex -60.14469909667969 -11.912799835205078 1.6064002513885498
    vertex -60.151100158691406 -11.9704008102417 1.6064002513885498
  endloop
endfacet
facet normal 0.0 0.0 0.0
  outer loop
    vertex -61.2135009765625 -12.29680061340332 1.6064002513885498
    vertex -61.91749954223633 -12.085600852966309 1.6064002513885498
    vertex -61.82789993286133 -12.0600004196167 1.6064002513885498
  endloop
endfacet
facet normal 0.0 0.0 0.0
  outer loop
    vertex -61.91749954223633 -12.085600852966309 1.6064002513885498
    vertex -62.499900817871094 -11.983200073242188 1.6064002513885498
    vertex -62.339900970458984 -11.957600593566895 1.6064002513885498
  endloop
endfacet
facet normal 0.0 0.0 0.0
  outer loop
    vertex -61.840702056884766 -12.162400245666504 1.6064002513885498
    vertex -62.499900817871094 -11.983200073242188 1.6064002513885498
    vertex -61.91749954223633 -12.085600852966309 1.6064002513885498
  endloop
endfacet
facet normal 0.0 0.0 0.0
  outer loop
    vertex -60.509498596191406 -11.9704008102417 1.6064002513885498
    vertex -61.31589889526367 -11.868000984191895 1.6064002513885498
    vertex -60.81669998168945 -11.836000442504883 1.6064002513885498
  endloop
endfacet
facet normal 0.0 0.0 0.0
  outer loop
    vertex -60.3494987487793 -12.559200286865234 1.6064002513885498
    vertex -61.770301818847656 -12.232800483703613 1.6064002513885498
    vertex -61.4375 -12.271201133728027 1.6064002513885498
  endloop
endfacet
facet normal 0.0 0.0 0.0
  outer loop
    vertex -61.770301818847656 -12.232800483703613 1.6064002513885498
    vertex -62.499900817871094 -12.130400657653809 1.6064002513885498
    vertex -61.815101623535156 -12.220000267028809 1.6064002513885498
  endloop
endfacet
facet normal 0.0 0.0 0.0
  outer loop
    vertex -61.71269989013672 -12.290400505065918 1.6064002513885498
    vertex -62.499900817871094 -12.130400657653809 1.6064002513885498
    vertex -61.770301818847656 -12.232800483703613 1.6064002513885498
  endloop
endfacet
facet normal 0.0 0.0 0.0
  outer loop
    vertex -62.69190216064453 -11.503199577331543 1.6064002513885498
    vertex -62.91590118408203 -11.503199577331543 1.6064002513885498
    vertex -62.84550094604492 -11.432801246643066 1.6064002513885498
  endloop
endfacet
facet normal 0.0 0.0 0.0
  outer loop
    vertex -61.13669967651367 -12.866400718688965 1.6064002513885498
    vertex -61.85350036621094 -12.87920093536377 1.6064002513885498
    vertex -61.20709991455078 -12.853601455688477 1.6064002513885498
  endloop
endfacet
facet normal 0.0 0.0 0.0
  outer loop
    vertex -60.9447021484375 -13.05840015411377 1.6064002513885498
    vertex -61.85350036621094 -12.87920093536377 1.6064002513885498
    vertex -61.13669967651367 -12.866400718688965 1.6064002513885498
  endloop
endfacet
facet normal 0.0 0.0 0.0
  outer loop
    vertex -61.35430145263672 -11.59280014038086 1.6064002513885498
    vertex -61.69350051879883 -11.503199577331543 1.6064002513885498
    vertex -61.55270004272461 -11.503199577331543 1.6064002513885498
  endloop
endfacet
facet normal 0.0 0.0 0.0
  outer loop
    vertex -60.183101654052734 -12.124000549316406 1.6064002513885498
    vertex -60.509498596191406 -11.9704008102417 1.6064002513885498
    vertex -60.477500915527344 -11.976800918579102 1.6064002513885498
  endloop
endfacet
facet normal 0.0 0.0 0.0
  outer loop
    vertex -63.92070007324219 -11.215200424194336 1.6064003705978394
    vertex -64.8551025390625 -11.029600143432617 1.6064003705978394
    vertex -64.8230972290039 -10.87600040435791 1.6064003705978394
  endloop
endfacet
facet normal 0.0 0.0 0.0
  outer loop
    vertex -60.88710021972656 -11.503199577331543 1.6064002513885498
    vertex -62.10309982299805 -11.176799774169922 1.6064002513885498
    vertex -62.01350021362305 -11.010400772094727 1.6064002513885498
  endloop
endfacet
facet normal 0.0 0.0 0.0
  outer loop
    vertex -61.911102294921875 -11.912799835205078 1.6064002513885498
    vertex -62.21189880371094 -11.791200637817383 1.6064002513885498
    vertex -62.115901947021484 -11.759201049804688 1.6064002513885498
  endloop
endfacet
facet normal 0.0 0.0 0.0
  outer loop
    vertex -60.560699462890625 -11.503199577331543 1.6064002513885498
    vertex -62.01350021362305 -11.010400772094727 1.6064002513885498
    vertex -61.96229934692383 -10.959200859069824 1.6064002513885498
  endloop
endfacet
facet normal 0.0 0.0 0.0
  outer loop
    vertex -60.14469909667969 -11.912799835205078 1.6064002513885498
    vertex -60.138301849365234 -11.887200355529785 1.6064002513885498
    vertex -60.138301849365234 -11.91919994354248 1.6064002513885498
  endloop
endfacet
facet normal 0.0 0.0 0.0
  outer loop
    vertex -62.21189880371094 -11.791200637817383 1.6064002513885498
    vertex -62.499900817871094 -11.752799987792969 1.6064002513885498
    vertex -62.359100341796875 -11.727200508117676 1.6064002513885498
  endloop
endfacet
facet normal 0.0 0.0 0.0
  outer loop
    vertex -62.186302185058594 -11.868000984191895 1.6064002513885498
    vertex -62.499900817871094 -11.752799987792969 1.6064002513885498
    vertex -62.21189880371094 -11.791200637817383 1.6064002513885498
  endloop
endfacet
facet normal 0.0 0.0 0.0
  outer loop
    vertex -61.44390106201172 -11.503199577331543 1.6064002513885498
    vertex -61.55270004272461 -11.503199577331543 1.6064002513885498
    vertex -61.4822998046875 -11.484000205993652 1.6064002513885498
  endloop
endfacet
facet normal 0.0 0.0 0.0
  outer loop
    vertex -62.499900817871094 -11.324000358581543 1.6064002513885498
    vertex -62.69190216064453 -11.311200141906738 1.6064002513885498
    vertex -62.68550109863281 -11.234400749206543 1.6064002513885498
  endloop
endfacet
facet normal 0.0 0.0 0.0
  outer loop
    vertex -62.499900817871094 -11.413599967956543 1.6064002513885498
    vertex -62.69190216064453 -11.311200141906738 1.6064002513885498
    vertex -62.499900817871094 -11.324000358581543 1.6064002513885498
  endloop
endfacet
facet normal 0.0 0.0 0.0
  outer loop
    vertex -64.13829803466797 -10.844000816345215 1.6064003705978394
    vertex -64.75910186767578 -10.677600860595703 1.6064003705978394
    vertex -64.720703125 -10.581600189208984 1.6064003705978394
  endloop
endfacet
facet normal 0.0 0.0 0.0
  outer loop
    vertex -63.07590103149414 -10.927200317382812 1.6064002513885498
    vertex -63.30630111694336 -10.927200317382812 1.6064002513885498
    vertex -63.12710189819336 -10.901599884033203 1.6064002513885498
  endloop
endfacet
facet normal 0.0 0.0 0.0
  outer loop
    vertex -62.9734992980957 -11.029600143432617 1.6064002513885498
    vertex -63.30630111694336 -10.927200317382812 1.6064002513885498
    vertex -63.07590103149414 -10.927200317382812 1.6064002513885498
  endloop
endfacet
facet normal 0.0 0.0 0.0
  outer loop
    vertex -60.195899963378906 -11.624800682067871 1.6064002513885498
    vertex -60.560699462890625 -11.503199577331543 1.6064002513885498
    vertex -60.522300720214844 -11.503199577331543 1.6064002513885498
  endloop
endfacet
facet normal 0.0 0.0 0.0
  outer loop
    vertex -62.10309982299805 -11.176799774169922 1.6064002513885498
    vertex -62.16069793701172 -11.157600402832031 1.6064002513885498
    vertex -62.154300689697266 -11.151200294494629 1.6064002513885498
  endloop
endfacet
facet normal 0.0 0.0 0.0
  outer loop
    vertex -61.6614990234375 -10.69680118560791 1.6064002513885498
    vertex -61.75749969482422 -10.754400253295898 1.6064002513885498
    vertex -61.69350051879883 -10.690400123596191 1.6064002513885498
  endloop
endfacet
facet normal 0.0 0.0 0.0
  outer loop
    vertex -60.89350128173828 -11.016799926757812 1.6064002513885498
    vertex -61.75749969482422 -10.754400253295898 1.6064002513885498
    vertex -61.6614990234375 -10.69680118560791 1.6064002513885498
  endloop
endfacet
facet normal 0.0 0.0 0.0
  outer loop
    vertex -63.53670120239258 -10.856800079345703 1.6064003705978394
    vertex -64.22789764404297 -10.645600318908691 1.6064003705978394
    vertex -63.792701721191406 -10.722400665283203 1.6064003705978394
  endloop
endfacet
facet normal 0.0 0.0 0.0
  outer loop
    vertex -62.499900817871094 -10.754400253295898 1.6064002513885498
    vertex -63.69670104980469 -10.306400299072266 1.6064003705978394
    vertex -62.499900817871094 -10.722400665283203 1.6064002513885498
  endloop
endfacet
facet normal 0.0 0.0 0.0
  outer loop
    vertex -62.499900817871094 -10.530400276184082 1.6064002513885498
    vertex -62.224700927734375 -10.613600730895996 1.6064002513885498
    vertex -62.499900817871094 -10.6264009475708 1.6064002513885498
  endloop
endfacet
facet normal 0.0 0.0 0.0
  outer loop
    vertex -63.89509963989258 -10.108000755310059 1.6064003705978394
    vertex -64.36869812011719 -9.992799758911133 1.6064003705978394
    vertex -64.34950256347656 -9.96720027923584 1.6064003705978394
  endloop
endfacet
facet normal 0.0 0.0 0.0
  outer loop
    vertex -63.82469940185547 -10.178400993347168 1.6064003705978394
    vertex -64.36869812011719 -9.992799758911133 1.6064003705978394
    vertex -63.89509963989258 -10.108000755310059 1.6064003705978394
  endloop
endfacet
facet normal 0.0 0.0 0.0
  outer loop
    vertex -60.79750061035156 -10.76720142364502 1.6064002513885498
    vertex -60.27909851074219 -10.978400230407715 1.6064002513885498
    vertex -60.586299896240234 -10.869600296020508 1.6064002513885498
  endloop
endfacet
facet normal 0.0 0.0 0.0
  outer loop
    vertex -60.586299896240234 -10.869600296020508 1.6064002513885498
    vertex -60.247100830078125 -10.99120044708252 1.6064002513885498
    vertex -60.48390197753906 -10.92080020904541 1.6064002513885498
  endloop
endfacet
facet normal 0.0 0.0 0.0
  outer loop
    vertex -60.343101501464844 -10.940000534057617 1.6064002513885498
    vertex -61.38629913330078 -10.383200645446777 1.6064002513885498
    vertex -60.87430191040039 -10.594400405883789 1.6064002513885498
  endloop
endfacet
facet normal 0.0 0.0 0.0
  outer loop
    vertex -60.151100158691406 -11.029600143432617 1.6064002513885498
    vertex -60.247100830078125 -10.99120044708252 1.6064002513885498
    vertex -60.343101501464844 -10.940000534057617 1.6064002513885498
  endloop
endfacet
facet normal 0.0 0.0 0.0
  outer loop
    vertex -60.27909851074219 -10.978400230407715 1.6064002513885498
    vertex -60.343101501464844 -10.940000534057617 1.6064002513885498
    vertex -60.247100830078125 -10.99120044708252 1.6064002513885498
  endloop
endfacet
facet normal 0.0 0.0 0.0
  outer loop
    vertex -60.151100158691406 -11.029600143432617 1.6064002513885498
    vertex -60.343101501464844 -10.940000534057617 1.6064002513885498
    vertex -60.157501220703125 -11.010400772094727 1.6064002513885498
  endloop
endfacet
facet normal 0.0 0.0 0.0
  outer loop
    vertex -62.43589782714844 -9.692000389099121 1.6064002513885498
    vertex -61.76390075683594 -9.96720027923584 1.6064002513885498
    vertex -62.128700256347656 -9.864800453186035 1.6064002513885498
  endloop
endfacet
facet normal 0.0 0.0 0.0
  outer loop
    vertex -62.109500885009766 -9.756000518798828 1.6064002513885498
    vertex -62.499900817871094 -9.512800216674805 1.6064002513885498
    vertex -62.32709884643555 -9.551200866699219 1.6064002513885498
  endloop
endfacet
facet normal 0.0 0.0 0.0
  outer loop
    vertex -60.75270080566406 -10.600800514221191 1.6064002513885498
    vertex -61.27750015258789 -10.27440071105957 1.6064002513885498
    vertex -61.26470184326172 -10.26159954071045 1.6064002513885498
  endloop
endfacet
facet normal 0.0 0.0 0.0
  outer loop
    vertex -60.75270080566406 -10.600800514221191 1.6064002513885498
    vertex -60.183101654052734 -10.87600040435791 1.6064002513885498
    vertex -60.61830139160156 -10.684000968933105 1.6064002513885498
  endloop
endfacet
facet normal 0.0 0.0 0.0
  outer loop
    vertex -63.24869918823242 -9.218400955200195 1.6064002513885498
    vertex -63.12710189819336 -9.180000305175781 1.6064002513885498
    vertex -63.19110107421875 -9.256799697875977 1.6064002513885498
  endloop
endfacet
facet normal 0.0 0.0 0.0
  outer loop
    vertex -61.50790023803711 -9.730400085449219 1.6064002513885498
    vertex -60.989501953125 -9.986400604248047 1.6064002513885498
    vertex -61.13029861450195 -9.935199737548828 1.6064002513885498
  endloop
endfacet
facet normal 0.0 0.0 0.0
  outer loop
    vertex -61.50790023803711 -9.730400085449219 1.6064002513885498
    vertex -60.93190002441406 -9.928800582885742 1.6064002513885498
    vertex -60.989501953125 -9.986400604248047 1.6064002513885498
  endloop
endfacet
facet normal 0.0 0.0 0.0
  outer loop
    vertex -61.904701232910156 -9.595999717712402 1.6064002513885498
    vertex -61.50790023803711 -9.730400085449219 1.6064002513885498
    vertex -61.680702209472656 -9.724000930786133 1.6064002513885498
  endloop
endfacet
facet normal 0.0 0.0 0.0
  outer loop
    vertex -62.109500885009766 -9.756000518798828 1.6064002513885498
    vertex -61.45669937133789 -10.050399780273438 1.6064002513885498
    vertex -61.76390075683594 -9.96720027923584 1.6064002513885498
  endloop
endfacet
facet normal 0.0 0.0 0.0
  outer loop
    vertex -62.73030090332031 -9.314399719238281 1.6064002513885498
    vertex -63.01190185546875 -9.154399871826172 1.6064002513885498
    vertex -62.9734992980957 -9.148000717163086 1.6064002513885498
  endloop
endfacet
facet normal 0.0 0.0 0.0
  outer loop
    vertex -62.91590118408203 -9.25040054321289 1.6064002513885498
    vertex -63.05670166015625 -9.167200088500977 1.6064002513885498
    vertex -63.01190185546875 -9.154399871826172 1.6064002513885498
  endloop
endfacet
facet normal 0.0 0.0 0.0
  outer loop
    vertex -61.13029861450195 -9.935199737548828 1.6064002513885498
    vertex -61.00230026245117 -9.999200820922852 1.6064002513885498
    vertex -61.00870132446289 -9.992799758911133 1.6064002513885498
  endloop
endfacet
facet normal 0.0 0.0 0.0
  outer loop
    vertex -61.13029861450195 -9.935199737548828 1.6064002513885498
    vertex -60.989501953125 -9.986400604248047 1.6064002513885498
    vertex -61.00230026245117 -9.999200820922852 1.6064002513885498
  endloop
endfacet
facet normal 0.0 0.0 0.0
  outer loop
    vertex -62.50629806518555 -9.25040054321289 1.6064002513885498
    vertex -62.743099212646484 -9.116000175476074 1.6064002513885498
    vertex -62.672698974609375 -9.109600067138672 1.6064002513885498
  endloop
endfacet
facet normal 0.0 0.0 0.0
  outer loop
    vertex -62.499900817871094 -9.487199783325195 1.6064002513885498
    vertex -62.576698303222656 -9.461600303649902 1.6064002513885498
    vertex -62.499900817871094 -9.448800086975098 1.6064002513885498
  endloop
endfacet
facet normal 0.0 0.0 0.0
  outer loop
    vertex -60.810298919677734 -9.864800453186035 1.6064002513885498
    vertex -60.84870147705078 -9.85200023651123 1.6064002513885498
    vertex -60.84230041503906 -9.839200973510742 1.6064002513885498
  endloop
endfacet
facet normal 0.0 0.0 0.0
  outer loop
    vertex -61.23270034790039 -9.48080062866211 1.6064002513885498
    vertex -61.31589889526367 -9.448800086975098 1.6064002513885498
    vertex -61.3031005859375 -9.423200607299805 1.6064002513885498
  endloop
endfacet
facet normal 0.0 0.0 0.0
  outer loop
    vertex -60.810298919677734 -9.80720043182373 1.6064002513885498
    vertex -60.82310104370117 -9.820000648498535 1.6064002513885498
    vertex -60.899898529052734 -9.71760082244873 1.6064002513885498
  endloop
endfacet
facet normal 0.0 0.0 0.0
  outer loop
    vertex -61.16230010986328 -9.506400108337402 1.6064002513885498
    vertex -61.18149948120117 -9.5 1.6064002513885498
    vertex -61.168701171875 -9.506400108337402 1.6064002513885498
  endloop
endfacet
facet normal 0.0 0.0 0.0
  outer loop
    vertex -62.179901123046875 -9.128800392150879 1.6064002513885498
    vertex -62.25669860839844 -9.154399871826172 1.6064002513885498
    vertex -62.199100494384766 -9.122400283813477 1.6064002513885498
  endloop
endfacet
facet normal 0.0 0.0 0.0
  outer loop
    vertex -61.82149887084961 -9.333600997924805 1.6064002513885498
    vertex -62.25669860839844 -9.154399871826172 1.6064002513885498
    vertex -62.179901123046875 -9.128800392150879 1.6064002513885498
  endloop
endfacet
facet normal 0.0 0.0 0.0
  outer loop
    vertex -61.04069900512695 -9.595999717712402 1.6064002513885498
    vertex -61.18149948120117 -9.5 1.6064002513885498
    vertex -61.16230010986328 -9.506400108337402 1.6064002513885498
  endloop
endfacet
facet normal 0.0 0.0 0.0
  outer loop
    vertex -60.419898986816406 -10.312800407409668 1.6064002513885498
    vertex -60.432701110839844 -10.306400299072266 1.6064002513885498
    vertex -60.426300048828125 -10.300000190734863 1.6064002513885498
  endloop
endfacet
facet normal 0.0 0.0 0.0
  outer loop
    vertex -60.54790115356445 -10.114399909973145 1.6064002513885498
    vertex -60.90629959106445 -9.935199737548828 1.6064002513885498
    vertex -60.59910202026367 -10.03760051727295 1.6064002513885498
  endloop
endfacet
facet normal 0.0 0.0 0.0
  outer loop
    vertex -62.25669860839844 -9.154399871826172 1.6064002513885498
    vertex -62.499900817871094 -9.10319995880127 1.6064002513885498
    vertex -62.37189865112305 -9.10319995880127 1.6064002513885498
  endloop
endfacet
facet normal 0.0 0.0 0.0
  outer loop
    vertex -61.55270004272461 -9.52560043334961 1.6064002513885498
    vertex -62.499900817871094 -9.10319995880127 1.6064002513885498
    vertex -62.25669860839844 -9.154399871826172 1.6064002513885498
  endloop
endfacet
facet normal 0.0 0.0 0.0
  outer loop
    vertex -60.32390213012695 -10.511199951171875 1.6064002513885498
    vertex -60.419898986816406 -10.312800407409668 1.6064002513885498
    vertex -60.3494987487793 -10.440800666809082 1.6064002513885498
  endloop
endfacet
facet normal 0.0 0.0 0.0
  outer loop
    vertex -62.499900817871094 -9.25040054321289 1.6064002513885498
    vertex -62.50629806518555 -9.25040054321289 1.6064002513885498
    vertex -62.499900817871094 -9.199200630187988 1.6064002513885498
  endloop
endfacet
facet normal 0.0 0.0 0.0
  outer loop
    vertex -60.285499572753906 -10.581600189208984 1.6064002513885498
    vertex -60.32390213012695 -10.511199951171875 1.6064002513885498
    vertex -60.317501068115234 -10.511199951171875 1.6064002513885498
  endloop
endfacet
facet normal 0.0 0.0 0.0
  outer loop
    vertex -61.50149917602539 -9.832799911499023 1.6064002513885498
    vertex -61.00870132446289 -9.992799758911133 1.6064002513885498
    vertex -61.079097747802734 -10.076000213623047 1.6064002513885498
  endloop
endfacet
facet normal 0.0 0.0 0.0
  outer loop
    vertex -61.71910095214844 -9.61520004272461 1.6064002513885498
    vertex -61.00230026245117 -9.883999824523926 1.6064002513885498
    vertex -61.50790023803711 -9.730400085449219 1.6064002513885498
  endloop
endfacet
facet normal 0.0 0.0 0.0
  outer loop
    vertex -62.07109832763672 -9.429600715637207 1.6064002513885498
    vertex -61.20069885253906 -9.788000106811523 1.6064002513885498
    vertex -61.71910095214844 -9.61520004272461 1.6064002513885498
  endloop
endfacet
facet normal 0.0 0.0 0.0
  outer loop
    vertex -60.285499572753906 -10.581600189208984 1.6064002513885498
    vertex -60.89350128173828 -10.306400299072266 1.6064002513885498
    vertex -60.32390213012695 -10.511199951171875 1.6064002513885498
  endloop
endfacet
facet normal 0.0 0.0 0.0
  outer loop
    vertex -60.432701110839844 -10.306400299072266 1.6064002513885498
    vertex -61.079097747802734 -10.076000213623047 1.6064002513885498
    vertex -61.00230026245117 -9.999200820922852 1.6064002513885498
  endloop
endfacet
facet normal 0.0 0.0 0.0
  outer loop
    vertex -60.32390213012695 -10.511199951171875 1.6064002513885498
    vertex -61.079097747802734 -10.076000213623047 1.6064002513885498
    vertex -60.432701110839844 -10.306400299072266 1.6064002513885498
  endloop
endfacet
facet normal 0.0 0.0 0.0
  outer loop
    vertex -62.14789962768555 -9.4552001953125 1.6064002513885498
    vertex -61.71910095214844 -9.61520004272461 1.6064002513885498
    vertex -61.904701232910156 -9.595999717712402 1.6064002513885498
  endloop
endfacet
facet normal 0.0 0.0 0.0
  outer loop
    vertex -60.106300354003906 -11.503199577331543 1.6064002513885498
    vertex -60.426300048828125 -11.503199577331543 1.6064002513885498
    vertex -60.106300354003906 -11.439200401306152 1.6064002513885498
  endloop
endfacet
facet normal 0.0 0.0 0.0
  outer loop
    vertex -60.208702087402344 -12.194400787353516 1.6064002513885498
    vertex -60.919097900390625 -12.07919979095459 1.6064002513885498
    vertex -60.509498596191406 -11.9704008102417 1.6064002513885498
  endloop
endfacet
facet normal 0.0 0.0 0.0
  outer loop
    vertex -61.52069854736328 -12.124000549316406 1.6064002513885498
    vertex -62.10309982299805 -11.90000057220459 1.6064002513885498
    vertex -61.911102294921875 -11.912799835205078 1.6064002513885498
  endloop
endfacet
facet normal 0.0 0.0 0.0
  outer loop
    vertex -62.10309982299805 -11.90000057220459 1.6064002513885498
    vertex -62.499900817871094 -11.829601287841797 1.6064002513885498
    vertex -62.186302185058594 -11.868000984191895 1.6064002513885498
  endloop
endfacet
facet normal 0.0 0.0 0.0
  outer loop
    vertex -62.000701904296875 -12.002400398254395 1.6064002513885498
    vertex -62.499900817871094 -11.829601287841797 1.6064002513885498
    vertex -62.10309982299805 -11.90000057220459 1.6064002513885498
  endloop
endfacet
facet normal 0.0 0.0 0.0
  outer loop
    vertex -62.858299255371094 -11.85520076751709 1.6064002513885498
    vertex -63.35750198364258 -11.759201049804688 1.6064003705978394
    vertex -63.15909957885742 -11.708001136779785 1.6064002513885498
  endloop
endfacet
facet normal 0.0 0.0 0.0
  outer loop
    vertex -61.60390090942383 -12.399200439453125 1.6064002513885498
    vertex -62.499900817871094 -12.27760124206543 1.6064002513885498
    vertex -61.62310028076172 -12.380001068115234 1.6064002513885498
  endloop
endfacet
facet normal 0.0 0.0 0.0
  outer loop
    vertex -60.925498962402344 -13.077600479125977 1.6064002513885498
    vertex -61.66790008544922 -13.052000999450684 1.6064002513885498
    vertex -60.9447021484375 -13.05840015411377 1.6064002513885498
  endloop
endfacet
facet normal 0.0 0.0 0.0
  outer loop
    vertex -61.72549819946289 -13.519201278686523 1.6064002513885498
    vertex -61.31589889526367 -13.448801040649414 1.6064002513885498
    vertex -61.33510208129883 -13.583200454711914 1.6064002513885498
  endloop
endfacet
facet normal 0.0 0.0 0.0
  outer loop
    vertex -61.80229949951172 -13.506401062011719 1.6064002513885498
    vertex -61.35430145263672 -13.442400932312012 1.6064002513885498
    vertex -61.72549819946289 -13.519201278686523 1.6064002513885498
  endloop
endfacet
facet normal 0.0 0.0 0.0
  outer loop
    vertex -61.96870040893555 -13.474400520324707 1.6064002513885498
    vertex -61.58470153808594 -13.416800498962402 1.6064002513885498
    vertex -61.80229949951172 -13.506401062011719 1.6064002513885498
  endloop
endfacet
facet normal 0.0 0.0 0.0
  outer loop
    vertex -62.083900451660156 -13.455201148986816 1.6064002513885498
    vertex -61.66790008544922 -13.404000282287598 1.6064002513885498
    vertex -61.96870040893555 -13.474400520324707 1.6064002513885498
  endloop
endfacet
facet normal 0.0 0.0 0.0
  outer loop
    vertex -62.23109817504883 -13.43600082397461 1.6064002513885498
    vertex -61.77669906616211 -13.39120101928711 1.6064002513885498
    vertex -62.083900451660156 -13.455201148986816 1.6064002513885498
  endloop
endfacet
facet normal 0.0 0.0 0.0
  outer loop
    vertex -62.423099517822266 -13.404000282287598 1.6064002513885498
    vertex -61.91749954223633 -13.372000694274902 1.6064002513885498
    vertex -62.23109817504883 -13.43600082397461 1.6064002513885498
  endloop
endfacet
facet normal 0.0 0.0 0.0
  outer loop
    vertex -63.19110107421875 -13.2760009765625 1.6064002513885498
    vertex -62.7495002746582 -13.263200759887695 1.6064002513885498
    vertex -62.85190200805664 -13.333600044250488 1.6064002513885498
  endloop
endfacet
facet normal 0.0 0.0 0.0
  outer loop
    vertex -62.467899322509766 -13.692000389099121 1.6064002513885498
    vertex -62.16709899902344 -13.666400909423828 1.6064002513885498
    vertex -62.173500061035156 -13.775199890136719 1.6064002513885498
  endloop
endfacet
facet normal 0.0 0.0 0.0
  outer loop
    vertex -62.28229904174805 -13.532000541687012 1.6064002513885498
    vertex -61.96870040893555 -13.474400520324707 1.6064002513885498
    vertex -62.16709899902344 -13.551199913024902 1.6064002513885498
  endloop
endfacet
facet normal 0.0 0.0 0.0
  outer loop
    vertex -62.423099517822266 -13.5 1.6064002513885498
    vertex -62.083900451660156 -13.455201148986816 1.6064002513885498
    vertex -62.28229904174805 -13.532000541687012 1.6064002513885498
  endloop
endfacet
facet normal 0.0 0.0 0.0
  outer loop
    vertex -63.0630989074707 -13.372000694274902 1.6064002513885498
    vertex -62.666297912597656 -13.359201431274414 1.6064002513885498
    vertex -62.80070114135742 -13.429601669311523 1.6064002513885498
  endloop
endfacet
facet normal 0.0 0.0 0.0
  outer loop
    vertex -63.17829895019531 -13.352800369262695 1.6064002513885498
    vertex -62.85190200805664 -13.333600044250488 1.6064002513885498
    vertex -63.0630989074707 -13.372000694274902 1.6064002513885498
  endloop
endfacet
facet normal 0.0 0.0 0.0
  outer loop
    vertex -63.17829895019531 -13.352800369262695 1.6064002513885498
    vertex -63.51110076904297 -13.288801193237305 1.6064003705978394
    vertex -63.19110107421875 -13.2760009765625 1.6064002513885498
  endloop
endfacet
facet normal 0.0 0.0 0.0
  outer loop
    vertex -61.71910095214844 -13.768800735473633 1.6064002513885498
    vertex -62.16709899902344 -13.666400909423828 1.6064002513885498
    vertex -61.7958984375 -13.628000259399414 1.6064002513885498
  endloop
endfacet
facet normal 0.0 0.0 0.0
  outer loop
    vertex -62.877498626708984 -13.5 1.6064002513885498
    vertex -62.589500427246094 -13.468000411987305 1.6064002513885498
    vertex -62.698299407958984 -13.538400650024414 1.6064002513885498
  endloop
endfacet
facet normal 0.0 0.0 0.0
  outer loop
    vertex -63.09510040283203 -13.448801040649414 1.6064002513885498
    vertex -62.80070114135742 -13.429601669311523 1.6064002513885498
    vertex -62.877498626708984 -13.5 1.6064002513885498
  endloop
endfacet
facet normal 0.0 0.0 0.0
  outer loop
    vertex -63.36389923095703 -13.384800910949707 1.6064003705978394
    vertex -63.0630989074707 -13.372000694274902 1.6064002513885498
    vertex -63.09510040283203 -13.448801040649414 1.6064002513885498
  endloop
endfacet
facet normal 0.0 0.0 0.0
  outer loop
    vertex -63.42790222167969 -13.372000694274902 1.6064003705978394
    vertex -63.74789810180664 -13.295201301574707 1.6064003705978394
    vertex -63.51110076904297 -13.288801193237305 1.6064003705978394
  endloop
endfacet
facet normal 0.0 0.0 0.0
  outer loop
    vertex -62.77510070800781 -13.608800888061523 1.6064002513885498
    vertex -62.55110168457031 -13.570401191711426 1.6064002513885498
    vertex -62.723899841308594 -13.628000259399414 1.6064002513885498
  endloop
endfacet
facet normal 0.0 0.0 0.0
  outer loop
    vertex -62.93510055541992 -13.570401191711426 1.6064002513885498
    vertex -62.698299407958984 -13.538400650024414 1.6064002513885498
    vertex -62.77510070800781 -13.608800888061523 1.6064002513885498
  endloop
endfacet
facet normal 0.0 0.0 0.0
  outer loop
    vertex -63.11429977416992 -13.519201278686523 1.6064002513885498
    vertex -62.877498626708984 -13.5 1.6064002513885498
    vertex -62.93510055541992 -13.570401191711426 1.6064002513885498
  endloop
endfacet
facet normal 0.0 0.0 0.0
  outer loop
    vertex -63.33190155029297 -13.461601257324219 1.6064003705978394
    vertex -63.09510040283203 -13.448801040649414 1.6064002513885498
    vertex -63.11429977416992 -13.519201278686523 1.6064002513885498
  endloop
endfacet
facet normal 0.0 0.0 0.0
  outer loop
    vertex -59.29990005493164 -11.503199577331543 1.6064001321792603
    vertex -56.09989929199219 -11.503199577331543 1.6064000129699707
    vertex -59.29990005493164 -14.703201293945312 1.6064001321792603
  endloop
endfacet
facet normal 0.0 0.0 0.0
  outer loop
    vertex -65.706298828125 -8.296799659729004 1.6064003705978394
    vertex -65.69349670410156 -11.292000770568848 1.6064003705978394
    vertex -65.706298828125 -11.503199577331543 1.6064003705978394
  endloop
endfacet
facet normal 0.0 0.0 0.0
  outer loop
    vertex -65.706298828125 -8.296799659729004 1.6064003705978394
    vertex -65.67430114746094 -11.08080005645752 1.6064003705978394
    vertex -65.69349670410156 -11.292000770568848 1.6064003705978394
  endloop
endfacet
facet normal 0.0 0.0 0.0
  outer loop
    vertex -65.706298828125 -8.296799659729004 1.6064003705978394
    vertex -65.64230346679688 -10.87600040435791 1.6064003705978394
    vertex -65.67430114746094 -11.08080005645752 1.6064003705978394
  endloop
endfacet
facet normal 0.0 0.0 0.0
  outer loop
    vertex -65.706298828125 -8.296799659729004 1.6064003705978394
    vertex -65.59110260009766 -10.671199798583984 1.6064003705978394
    vertex -65.64230346679688 -10.87600040435791 1.6064003705978394
  endloop
endfacet
facet normal 0.0 0.0 0.0
  outer loop
    vertex -65.706298828125 -8.296799659729004 1.6064003705978394
    vertex -65.53350067138672 -10.472800254821777 1.6064003705978394
    vertex -65.59110260009766 -10.671199798583984 1.6064003705978394
  endloop
endfacet
facet normal 0.0 0.0 0.0
  outer loop
    vertex -65.706298828125 -8.296799659729004 1.6064003705978394
    vertex -65.45670318603516 -10.27440071105957 1.6064003705978394
    vertex -65.53350067138672 -10.472800254821777 1.6064003705978394
  endloop
endfacet
facet normal 0.0 0.0 0.0
  outer loop
    vertex -65.706298828125 -8.296799659729004 1.6064003705978394
    vertex -65.37349700927734 -10.08240032196045 1.6064003705978394
    vertex -65.45670318603516 -10.27440071105957 1.6064003705978394
  endloop
endfacet
facet normal 0.0 0.0 0.0
  outer loop
    vertex -65.706298828125 -8.296799659729004 1.6064003705978394
    vertex -65.27749633789062 -9.903200149536133 1.6064003705978394
    vertex -65.37349700927734 -10.08240032196045 1.6064003705978394
  endloop
endfacet
facet normal 0.0 0.0 0.0
  outer loop
    vertex -65.706298828125 -8.296799659729004 1.6064003705978394
    vertex -65.16230010986328 -9.724000930786133 1.6064003705978394
    vertex -65.27749633789062 -9.903200149536133 1.6064003705978394
  endloop
endfacet
facet normal 0.0 0.0 0.0
  outer loop
    vertex -65.706298828125 -8.296799659729004 1.6064003705978394
    vertex -65.04070281982422 -9.551200866699219 1.6064003705978394
    vertex -65.16230010986328 -9.724000930786133 1.6064003705978394
  endloop
endfacet
facet normal 0.0 0.0 0.0
  outer loop
    vertex -65.706298828125 -8.296799659729004 1.6064003705978394
    vertex -64.90630340576172 -9.391200065612793 1.6064003705978394
    vertex -65.04070281982422 -9.551200866699219 1.6064003705978394
  endloop
endfacet
facet normal 0.0 0.0 0.0
  outer loop
    vertex -65.706298828125 -8.296799659729004 1.6064003705978394
    vertex -64.7655029296875 -9.237600326538086 1.6064003705978394
    vertex -64.90630340576172 -9.391200065612793 1.6064003705978394
  endloop
endfacet
facet normal 0.0 0.0 0.0
  outer loop
    vertex -61.31589889526367 -11.868000984191895 1.6064002513885498
    vertex -60.919097900390625 -12.07919979095459 1.6064002513885498
    vertex -61.00230026245117 -12.066400527954102 1.6064002513885498
  endloop
endfacet
facet normal 0.0 0.0 0.0
  outer loop
    vertex -65.706298828125 -11.503199577331543 1.6064003705978394
    vertex -65.69349670410156 -11.708001136779785 1.6064003705978394
    vertex -65.706298828125 -14.703201293945312 1.6064003705978394
  endloop
endfacet
facet normal 0.0 0.0 0.0
  outer loop
    vertex -61.42469787597656 -11.503199577331543 1.6064002513885498
    vertex -60.151100158691406 -11.912799835205078 1.6064002513885498
    vertex -61.149497985839844 -11.644000053405762 1.6064002513885498
  endloop
endfacet
facet normal 0.0 0.0 0.0
  outer loop
    vertex -61.42469787597656 -11.503199577331543 1.6064002513885498
    vertex -60.14469909667969 -11.887200355529785 1.6064002513885498
    vertex -60.151100158691406 -11.912799835205078 1.6064002513885498
  endloop
endfacet
facet normal 0.0 0.0 0.0
  outer loop
    vertex -61.4822998046875 -10.47920036315918 1.6064002513885498
    vertex -60.79750061035156 -10.76720142364502 1.6064002513885498
    vertex -61.25830078125 -10.613600730895996 1.6064002513885498
  endloop
endfacet
facet normal 0.0 0.0 0.0
  outer loop
    vertex -61.079097747802734 -10.076000213623047 1.6064002513885498
    vertex -60.32390213012695 -10.511199951171875 1.6064002513885498
    vertex -60.89350128173828 -10.306400299072266 1.6064002513885498
  endloop
endfacet
facet normal 0.0 0.0 0.0
  outer loop
    vertex -61.50149917602539 -9.832799911499023 1.6064002513885498
    vertex -61.079097747802734 -10.076000213623047 1.6064002513885498
    vertex -61.149497985839844 -10.146400451660156 1.6064002513885498
  endloop
endfacet
facet normal 0.0 0.0 0.0
  outer loop
    vertex -60.80390167236328 -9.800800323486328 1.6064002513885498
    vertex -60.714298248291016 -9.909600257873535 1.6064002513885498
    vertex -60.72710037231445 -9.903200149536133 1.6064002513885498
  endloop
endfacet
facet normal 0.0 0.0 0.0
  outer loop
    vertex -61.51430130004883 -10.223200798034668 1.6064002513885498
    vertex -61.32870101928711 -10.325600624084473 1.6064002513885498
    vertex -61.35430145263672 -10.351200103759766 1.6064002513885498
  endloop
endfacet
facet normal 0.0 0.0 0.0
  outer loop
    vertex -60.835899353027344 -9.832799911499023 1.6064002513885498
    vertex -60.784698486328125 -9.87760066986084 1.6064002513885498
    vertex -60.810298919677734 -9.864800453186035 1.6064002513885498
  endloop
endfacet
facet normal 0.0 0.0 0.0
  outer loop
    vertex -61.22629928588867 -9.679200172424316 1.6064002513885498
    vertex -60.880699157714844 -9.87760066986084 1.6064002513885498
    vertex -60.88710021972656 -9.883999824523926 1.6064002513885498
  endloop
endfacet
facet normal 0.0 0.0 0.0
  outer loop
    vertex -61.55270004272461 -9.52560043334961 1.6064002513885498
    vertex -60.88710021972656 -9.883999824523926 1.6064002513885498
    vertex -60.89350128173828 -9.890399932861328 1.6064002513885498
  endloop
endfacet
facet normal 0.0 0.0 0.0
  outer loop
    vertex -60.970298767089844 -12.232800483703613 1.6064002513885498
    vertex -60.720699310302734 -12.36720085144043 1.6064002513885498
    vertex -60.75910186767578 -12.360800743103027 1.6064002513885498
  endloop
endfacet
facet normal 0.0 0.0 0.0
  outer loop
    vertex -61.05350112915039 -12.213601112365723 1.6064002513885498
    vertex -60.75910186767578 -12.360800743103027 1.6064002513885498
    vertex -60.810298919677734 -12.354400634765625 1.6064002513885498
  endloop
endfacet
facet normal 0.0 0.0 0.0
  outer loop
    vertex -61.168701171875 -12.194400787353516 1.6064002513885498
    vertex -60.810298919677734 -12.354400634765625 1.6064002513885498
    vertex -60.87430191040039 -12.34160041809082 1.6064002513885498
  endloop
endfacet
facet normal 0.0 0.0 0.0
  outer loop
    vertex -61.66790008544922 -13.052000999450684 1.6064002513885498
    vertex -61.13029861450195 -13.173600196838379 1.6064002513885498
    vertex -61.43109893798828 -13.154400825500488 1.6064002513885498
  endloop
endfacet
facet normal 0.0 0.0 0.0
  outer loop
    vertex -64.16390228271484 -13.199200630187988 1.6064003705978394
    vertex -63.93989944458008 -13.301600456237793 1.6064003705978394
    vertex -64.1511001586914 -13.244000434875488 1.6064003705978394
  endloop
endfacet
facet normal 0.0 0.0 0.0
  outer loop
    vertex -64.16390228271484 -13.199200630187988 1.6064003705978394
    vertex -63.74789810180664 -13.295201301574707 1.6064003705978394
    vertex -63.93989944458008 -13.301600456237793 1.6064003705978394
  endloop
endfacet
facet normal 0.0 0.0 0.0
  outer loop
    vertex -62.16709899902344 -13.666400909423828 1.6064002513885498
    vertex -61.71910095214844 -13.768800735473633 1.6064002513885498
    vertex -61.73189926147461 -13.775199890136719 1.6064002513885498
  endloop
endfacet
facet normal 0.0 0.0 0.0
  outer loop
    vertex -63.30630111694336 -10.927200317382812 1.6064002513885498
    vertex -62.84550094604492 -11.157600402832031 1.6064002513885498
    vertex -62.97990036010742 -11.157600402832031 1.6064002513885498
  endloop
endfacet
facet normal 0.0 0.0 0.0
  outer loop
    vertex -60.195899963378906 -11.624800682067871 1.6064002513885498
    vertex -60.106300354003906 -11.656800270080566 1.6064002513885498
    vertex -60.11909866333008 -11.708001136779785 1.6064002513885498
  endloop
endfacet
facet normal 0.0 0.0 0.0
  outer loop
    vertex -63.48550033569336 -13.640801429748535 1.6064003705978394
    vertex -63.30630111694336 -13.698400497436523 1.6064002513885498
    vertex -63.42150115966797 -13.71760082244873 1.6064003705978394
  endloop
endfacet
facet normal 0.0 0.0 0.0
  outer loop
    vertex -62.3463020324707 -13.83280086517334 1.6064002513885498
    vertex -62.205501556396484 -13.877601623535156 1.6064002513885498
    vertex -62.320701599121094 -13.890400886535645 1.6064002513885498
  endloop
endfacet
facet normal 0.0 0.0 0.0
  outer loop
    vertex -61.1239013671875 -13.218400955200195 1.6064002513885498
    vertex -60.880699157714844 -13.263200759887695 1.6064002513885498
    vertex -60.90629959106445 -13.295201301574707 1.6064002513885498
  endloop
endfacet
facet normal 0.0 0.0 0.0
  outer loop
    vertex -61.911102294921875 -11.618400573730469 1.6064002513885498
    vertex -61.4375 -11.848799705505371 1.6064002513885498
    vertex -61.75749969482422 -11.81040096282959 1.6064002513885498
  endloop
endfacet
facet normal 0.0 0.0 0.0
  outer loop
    vertex -61.75749969482422 -10.754400253295898 1.6064002513885498
    vertex -60.89350128173828 -11.016799926757812 1.6064002513885498
    vertex -61.53350067138672 -10.952800750732422 1.6064002513885498
  endloop
endfacet
facet normal 0.0 0.0 0.0
  outer loop
    vertex -61.706298828125 -11.656800270080566 1.6064002513885498
    vertex -61.31589889526367 -11.868000984191895 1.6064002513885498
    vertex -61.4375 -11.848799705505371 1.6064002513885498
  endloop
endfacet
facet normal 0.0 0.0 0.0
  outer loop
    vertex -61.04069900512695 -9.595999717712402 1.6064002513885498
    vertex -60.93830108642578 -9.698400497436523 1.6064002513885498
    vertex -61.02790069580078 -9.660000801086426 1.6064002513885498
  endloop
endfacet
facet normal 0.0 0.0 0.0
  outer loop
    vertex -59.29990005493164 -8.296799659729004 1.6064001321792603
    vertex -56.09989929199219 -11.503199577331543 1.6064000129699707
    vertex -59.29990005493164 -11.503199577331543 1.6064001321792603
  endloop
endfacet
facet normal 0.0 0.0 0.0
  outer loop
    vertex -60.3494987487793 -10.440800666809082 1.6064002513885498
    vertex -60.317501068115234 -10.511199951171875 1.6064002513885498
    vertex -60.32390213012695 -10.511199951171875 1.6064002513885498
  endloop
endfacet
facet normal 0.0 0.0 0.0
  outer loop
    vertex -60.88710021972656 -11.503199577331543 1.6064002513885498
    vertex -60.11909866333008 -11.708001136779785 1.6064002513885498
    vertex -60.14469909667969 -11.887200355529785 1.6064002513885498
  endloop
endfacet
facet normal 0.0 0.0 0.0
  outer loop
    vertex -60.14469909667969 -11.887200355529785 1.6064002513885498
    vertex -60.138301849365234 -11.887200355529785 1.6064002513885498
    vertex -60.14469909667969 -11.912799835205078 1.6064002513885498
  endloop
endfacet
facet normal 0.0 0.0 0.0
  outer loop
    vertex -61.31589889526367 -13.448801040649414 1.6064002513885498
    vertex -61.14310073852539 -13.474400520324707 1.6064002513885498
    vertex -61.3031005859375 -13.576801300048828 1.6064002513885498
  endloop
endfacet
facet normal 0.0 0.0 0.0
  outer loop
    vertex -61.911102294921875 -11.912799835205078 1.6064002513885498
    vertex -61.31589889526367 -12.162400245666504 1.6064002513885498
    vertex -61.52069854736328 -12.124000549316406 1.6064002513885498
  endloop
endfacet
facet normal 0.0 0.0 0.0
  outer loop
    vertex -61.09189987182617 -9.634400367736816 1.6064002513885498
    vertex -60.84230041503906 -9.839200973510742 1.6064002513885498
    vertex -60.84870147705078 -9.845600128173828 1.6064002513885498
  endloop
endfacet
facet normal 0.0 0.0 0.0
  outer loop
    vertex -64.57990264892578 -10.300000190734863 1.6064003705978394
    vertex -63.792701721191406 -10.722400665283203 1.6064003705978394
    vertex -64.42630004882812 -10.556000709533691 1.6064003705978394
  endloop
endfacet
facet normal 0.0 0.0 0.0
  outer loop
    vertex -61.44390106201172 -11.503199577331543 1.6064002513885498
    vertex -61.149497985839844 -11.644000053405762 1.6064002513885498
    vertex -61.35430145263672 -11.59280014038086 1.6064002513885498
  endloop
endfacet
facet normal 0.0 0.0 0.0
  outer loop
    vertex -60.77830123901367 -10.376800537109375 1.6064002513885498
    vertex -60.23429870605469 -10.7160005569458 1.6064002513885498
    vertex -60.477500915527344 -10.613600730895996 1.6064002513885498
  endloop
endfacet
facet normal 0.0 0.0 0.0
  outer loop
    vertex -64.4967041015625 -10.165599822998047 1.6064003705978394
    vertex -63.12710189819336 -10.901599884033203 1.6064002513885498
    vertex -63.64550018310547 -10.7608003616333 1.6064003705978394
  endloop
endfacet
facet normal 0.0 0.0 0.0
  outer loop
    vertex -60.87430191040039 -10.594400405883789 1.6064002513885498
    vertex -60.157501220703125 -11.010400772094727 1.6064002513885498
    vertex -60.343101501464844 -10.940000534057617 1.6064002513885498
  endloop
endfacet
facet normal 0.0 0.0 0.0
  outer loop
    vertex -62.314300537109375 -11.336800575256348 1.6064002513885498
    vertex -62.00709915161133 -11.503199577331543 1.6064002513885498
    vertex -62.14789962768555 -11.503199577331543 1.6064002513885498
  endloop
endfacet
facet normal 0.0 0.0 0.0
  outer loop
    vertex -61.00230026245117 -9.883999824523926 1.6064002513885498
    vertex -60.925498962402344 -9.922399520874023 1.6064002513885498
    vertex -60.93190002441406 -9.928800582885742 1.6064002513885498
  endloop
endfacet
facet normal 0.0 0.0 0.0
  outer loop
    vertex -63.39590072631836 -10.536800384521484 1.6064003705978394
    vertex -62.519100189208984 -11.061600685119629 1.6064002513885498
    vertex -63.28710174560547 -10.7160005569458 1.6064002513885498
  endloop
endfacet
facet normal 0.0 0.0 0.0
  outer loop
    vertex -63.39590072631836 -10.536800384521484 1.6064003705978394
    vertex -62.499900817871094 -10.978400230407715 1.6064002513885498
    vertex -62.519100189208984 -11.061600685119629 1.6064002513885498
  endloop
endfacet
facet normal 0.0 0.0 0.0
  outer loop
    vertex -60.919097900390625 -12.07919979095459 1.6064002513885498
    vertex -60.4390983581543 -12.335201263427734 1.6064002513885498
    vertex -60.45830154418945 -12.335201263427734 1.6064002513885498
  endloop
endfacet
facet normal 0.0 0.0 0.0
  outer loop
    vertex -61.39910125732422 -12.002400398254395 1.6064002513885498
    vertex -60.970298767089844 -12.232800483703613 1.6064002513885498
    vertex -61.05350112915039 -12.213601112365723 1.6064002513885498
  endloop
endfacet
facet normal 0.0 0.0 0.0
  outer loop
    vertex -61.4375 -11.848799705505371 1.6064002513885498
    vertex -61.00230026245117 -12.066400527954102 1.6064002513885498
    vertex -61.39910125732422 -12.002400398254395 1.6064002513885498
  endloop
endfacet
facet normal 0.0 0.0 0.0
  outer loop
    vertex -62.00709915161133 -11.503199577331543 1.6064002513885498
    vertex -61.706298828125 -11.656800270080566 1.6064002513885498
    vertex -61.911102294921875 -11.618400573730469 1.6064002513885498
  endloop
endfacet
facet normal 0.0 0.0 0.0
  outer loop
    vertex -60.72710037231445 -11.85520076751709 1.6064002513885498
    vertex -60.477500915527344 -11.976800918579102 1.6064002513885498
    vertex -60.509498596191406 -11.9704008102417 1.6064002513885498
  endloop
endfacet
facet normal 0.0 0.0 0.0
  outer loop
    vertex -61.00230026245117 -12.066400527954102 1.6064002513885498
    vertex -60.45830154418945 -12.335201263427734 1.6064002513885498
    vertex -60.970298767089844 -12.232800483703613 1.6064002513885498
  endloop
endfacet
facet normal 0.0 0.0 0.0
  outer loop
    vertex -63.773502349853516 -12.36720085144043 1.6064003705978394
    vertex -63.42150115966797 -12.418399810791016 1.6064003705978394
    vertex -63.44710159301758 -12.444001197814941 1.6064003705978394
  endloop
endfacet
facet normal 0.0 0.0 0.0
  outer loop
    vertex -62.69190216064453 -13.884001731872559 1.6064002513885498
    vertex -62.653499603271484 -13.896800994873047 1.6064002513885498
    vertex -62.6599006652832 -13.896800994873047 1.6064002513885498
  endloop
endfacet
facet normal 0.0 0.0 0.0
  outer loop
    vertex -64.30470275878906 -12.584799766540527 1.6064003705978394
    vertex -63.70949935913086 -12.706400871276855 1.6064003705978394
    vertex -63.72869873046875 -12.725600242614746 1.6064003705978394
  endloop
endfacet
facet normal 0.0 0.0 0.0
  outer loop
    vertex -60.490299224853516 -11.503199577331543 1.6064002513885498
    vertex -60.151100158691406 -11.637600898742676 1.6064002513885498
    vertex -60.195899963378906 -11.624800682067871 1.6064002513885498
  endloop
endfacet
facet normal 0.0 0.0 0.0
  outer loop
    vertex -63.29349899291992 -11.343199729919434 1.6064002513885498
    vertex -62.91590118408203 -11.503199577331543 1.6064002513885498
    vertex -63.171897888183594 -11.503199577331543 1.6064002513885498
  endloop
endfacet
facet normal 0.0 0.0 0.0
  outer loop
    vertex -63.53670120239258 -10.856800079345703 1.6064003705978394
    vertex -62.97990036010742 -11.157600402832031 1.6064002513885498
    vertex -63.46630096435547 -11.023200988769531 1.6064003705978394
  endloop
endfacet
facet normal 0.0 0.0 0.0
  outer loop
    vertex -63.46630096435547 -11.023200988769531 1.6064003705978394
    vertex -62.499900817871094 -11.503199577331543 1.6064002513885498
    vertex -62.84550094604492 -11.432801246643066 1.6064002513885498
  endloop
endfacet
facet normal 0.0 0.0 0.0
  outer loop
    vertex -62.115901947021484 -11.759201049804688 1.6064002513885498
    vertex -61.69990158081055 -11.951200485229492 1.6064002513885498
    vertex -61.911102294921875 -11.912799835205078 1.6064002513885498
  endloop
endfacet
facet normal 0.0 0.0 0.0
  outer loop
    vertex -60.810298919677734 -9.80720043182373 1.6064002513885498
    vertex -60.72710037231445 -9.903200149536133 1.6064002513885498
    vertex -60.739898681640625 -9.89680004119873 1.6064002513885498
  endloop
endfacet
facet normal 0.0 0.0 0.0
  outer loop
    vertex -60.90629959106445 -9.711200714111328 1.6064002513885498
    vertex -60.899898529052734 -9.71760082244873 1.6064002513885498
    vertex -60.82310104370117 -9.820000648498535 1.6064002513885498
  endloop
endfacet
facet normal 0.0 0.0 0.0
  outer loop
    vertex -61.44390106201172 -9.346400260925293 1.6064002513885498
    vertex -61.31589889526367 -9.448800086975098 1.6064002513885498
    vertex -61.41189956665039 -9.416799545288086 1.6064002513885498
  endloop
endfacet
facet normal 0.0 0.0 0.0
  outer loop
    vertex -61.02790069580078 -9.660000801086426 1.6064002513885498
    vertex -60.835899353027344 -9.832799911499023 1.6064002513885498
    vertex -60.84230041503906 -9.839200973510742 1.6064002513885498
  endloop
endfacet
facet normal 0.0 0.0 0.0
  outer loop
    vertex -62.32709884643555 -9.551200866699219 1.6064002513885498
    vertex -61.45669937133789 -10.050399780273438 1.6064002513885498
    vertex -62.109500885009766 -9.756000518798828 1.6064002513885498
  endloop
endfacet
facet normal 0.0 0.0 0.0
  outer loop
    vertex -61.23270034790039 -9.48080062866211 1.6064002513885498
    vertex -61.02790069580078 -9.660000801086426 1.6064002513885498
    vertex -61.09189987182617 -9.634400367736816 1.6064002513885498
  endloop
endfacet
facet normal 0.0 0.0 0.0
  outer loop
    vertex -61.38629913330078 -10.204000473022461 1.6064002513885498
    vertex -61.27750015258789 -10.27440071105957 1.6064002513885498
    vertex -61.32229995727539 -10.31920051574707 1.6064002513885498
  endloop
endfacet
facet normal 0.0 0.0 0.0
  outer loop
    vertex -61.52069854736328 -12.124000549316406 1.6064002513885498
    vertex -60.95750045776367 -12.335201263427734 1.6064002513885498
    vertex -61.06629943847656 -12.316000938415527 1.6064002513885498
  endloop
endfacet
facet normal 0.0 0.0 0.0
  outer loop
    vertex -63.64550018310547 -10.7608003616333 1.6064003705978394
    vertex -63.30630111694336 -10.927200317382812 1.6064002513885498
    vertex -63.53670120239258 -10.856800079345703 1.6064003705978394
  endloop
endfacet
facet normal 0.0 0.0 0.0
  outer loop
    vertex -62.384700775146484 -11.381600379943848 1.6064002513885498
    vertex -62.14789962768555 -11.503199577331543 1.6064002513885498
    vertex -62.333499908447266 -11.503199577331543 1.6064002513885498
  endloop
endfacet
facet normal 0.0 0.0 0.0
  outer loop
    vertex -61.31589889526367 -12.162400245666504 1.6064002513885498
    vertex -60.87430191040039 -12.34160041809082 1.6064002513885498
    vertex -60.95750045776367 -12.335201263427734 1.6064002513885498
  endloop
endfacet
facet normal 0.0 0.0 0.0
  outer loop
    vertex -61.53350067138672 -11.976800918579102 1.6064002513885498
    vertex -61.05350112915039 -12.213601112365723 1.6064002513885498
    vertex -61.168701171875 -12.194400787353516 1.6064002513885498
  endloop
endfacet
facet normal 0.0 0.0 0.0
  outer loop
    vertex -63.49190139770508 -12.1496000289917 1.6064003705978394
    vertex -63.21030044555664 -12.20720100402832 1.6064002513885498
    vertex -63.23590087890625 -12.232800483703613 1.6064002513885498
  endloop
endfacet
facet normal 0.0 0.0 0.0
  outer loop
    vertex -62.95429992675781 -11.951200485229492 1.6064002513885498
    vertex -62.499900817871094 -12.0600004196167 1.6064002513885498
    vertex -62.557498931884766 -12.124000549316406 1.6064002513885498
  endloop
endfacet
facet normal 0.0 0.0 0.0
  outer loop
    vertex -63.61349868774414 -12.527200698852539 1.6064003705978394
    vertex -63.5431022644043 -12.540000915527344 1.6064003705978394
    vertex -63.60070037841797 -12.597600936889648 1.6064003705978394
  endloop
endfacet
facet normal 0.0 0.0 0.0
  outer loop
    vertex -63.68389892578125 -12.834400177001953 1.6064003705978394
    vertex -63.15909957885742 -12.917600631713867 1.6064002513885498
    vertex -63.50469970703125 -12.930400848388672 1.6064003705978394
  endloop
endfacet
facet normal 0.0 0.0 0.0
  outer loop
    vertex -63.23590087890625 -12.232800483703613 1.6064002513885498
    vertex -62.499900817871094 -12.354400634765625 1.6064002513885498
    vertex -62.95429992675781 -12.36720085144043 1.6064002513885498
  endloop
endfacet
facet normal 0.0 0.0 0.0
  outer loop
    vertex -62.339900970458984 -12.892001152038574 1.6064002513885498
    vertex -61.66790008544922 -13.052000999450684 1.6064002513885498
    vertex -62.019901275634766 -13.039200782775879 1.6064002513885498
  endloop
endfacet
facet normal 0.0 0.0 0.0
  outer loop
    vertex -63.29349899291992 -13.698400497436523 1.6064002513885498
    vertex -63.13349914550781 -13.749600410461426 1.6064002513885498
    vertex -63.27429962158203 -13.775199890136719 1.6064002513885498
  endloop
endfacet
facet normal 0.0 0.0 0.0
  outer loop
    vertex -63.93989944458008 -13.301600456237793 1.6064003705978394
    vertex -63.6327018737793 -13.384800910949707 1.6064003705978394
    vertex -63.79909896850586 -13.39120101928711 1.6064003705978394
  endloop
endfacet
facet normal 0.0 0.0 0.0
  outer loop
    vertex -63.59429931640625 -13.39120101928711 1.6064003705978394
    vertex -63.33190155029297 -13.461601257324219 1.6064003705978394
    vertex -63.53030014038086 -13.474400520324707 1.6064003705978394
  endloop
endfacet
facet normal 0.0 0.0 0.0
  outer loop
    vertex -63.32550048828125 -13.621600151062012 1.6064003705978394
    vertex -63.13990020751953 -13.67280101776123 1.6064002513885498
    vertex -63.30630111694336 -13.698400497436523 1.6064002513885498
  endloop
endfacet
facet normal 0.0 0.0 0.0
  outer loop
    vertex -64.12550354003906 -13.122400283813477 1.6064003705978394
    vertex -63.66469955444336 -13.199200630187988 1.6064003705978394
    vertex -63.95909881591797 -13.199200630187988 1.6064003705978394
  endloop
endfacet
facet normal 0.0 0.0 0.0
  outer loop
    vertex -63.15909957885742 -12.917600631713867 1.6064002513885498
    vertex -62.544700622558594 -13.020001411437988 1.6064002513885498
    vertex -63.15270233154297 -13.000801086425781 1.6064002513885498
  endloop
endfacet
facet normal 0.0 0.0 0.0
  outer loop
    vertex -61.149497985839844 -11.644000053405762 1.6064002513885498
    vertex -60.72710037231445 -11.85520076751709 1.6064002513885498
    vertex -60.81669998168945 -11.836000442504883 1.6064002513885498
  endloop
endfacet
facet normal 0.0 0.0 0.0
  outer loop
    vertex -62.768699645996094 -11.09360122680664 1.6064002513885498
    vertex -62.499900817871094 -11.234400749206543 1.6064002513885498
    vertex -62.68550109863281 -11.234400749206543 1.6064002513885498
  endloop
endfacet
facet normal 0.0 0.0 0.0
  outer loop
    vertex -64.47109985351562 -12.706400871276855 1.6064003705978394
    vertex -63.837501525878906 -12.834400177001953 1.6064003705978394
    vertex -64.00389862060547 -12.834400177001953 1.6064003705978394
  endloop
endfacet
facet normal 0.0 0.0 0.0
  outer loop
    vertex -64.47109985351562 -12.706400871276855 1.6064003705978394
    vertex -63.81829833984375 -12.815200805664062 1.6064003705978394
    vertex -63.837501525878906 -12.834400177001953 1.6064003705978394
  endloop
endfacet
facet normal 0.0 0.0 0.0
  outer loop
    vertex -61.75749969482422 -11.81040096282959 1.6064002513885498
    vertex -61.39910125732422 -12.002400398254395 1.6064002513885498
    vertex -61.53350067138672 -11.976800918579102 1.6064002513885498
  endloop
endfacet
facet normal 0.0 0.0 0.0
  outer loop
    vertex -63.28710174560547 -10.7160005569458 1.6064002513885498
    vertex -63.09510040283203 -10.907999992370605 1.6064002513885498
    vertex -63.12710189819336 -10.901599884033203 1.6064002513885498
  endloop
endfacet
facet normal 0.0 0.0 0.0
  outer loop
    vertex -62.6599006652832 -9.359200477600098 1.6064002513885498
    vertex -62.499900817871094 -9.448800086975098 1.6064002513885498
    vertex -62.576698303222656 -9.461600303649902 1.6064002513885498
  endloop
endfacet
facet normal 0.0 0.0 0.0
  outer loop
    vertex -62.10309982299805 -11.176799774169922 1.6064002513885498
    vertex -61.4822998046875 -11.484000205993652 1.6064002513885498
    vertex -61.82789993286133 -11.375200271606445 1.6064002513885498
  endloop
endfacet
facet normal 0.0 0.0 0.0
  outer loop
    vertex -60.95109939575195 -11.304800987243652 1.6064002513885498
    vertex -60.490299224853516 -11.503199577331543 1.6064002513885498
    vertex -60.522300720214844 -11.503199577331543 1.6064002513885498
  endloop
endfacet
facet normal 0.0 0.0 0.0
  outer loop
    vertex -61.45669937133789 -10.050399780273438 1.6064002513885498
    vertex -61.20069885253906 -10.197599411010742 1.6064002513885498
    vertex -61.20709991455078 -10.204000473022461 1.6064002513885498
  endloop
endfacet
facet normal 0.0 0.0 0.0
  outer loop
    vertex -63.01190185546875 -9.154399871826172 1.6064002513885498
    vertex -62.73030090332031 -9.314399719238281 1.6064002513885498
    vertex -62.91590118408203 -9.25040054321289 1.6064002513885498
  endloop
endfacet
facet normal 0.0 0.0 0.0
  outer loop
    vertex -60.899898529052734 -9.71760082244873 1.6064002513885498
    vertex -60.80390167236328 -9.800800323486328 1.6064002513885498
    vertex -60.810298919677734 -9.80720043182373 1.6064002513885498
  endloop
endfacet
facet normal 0.0 0.0 0.0
  outer loop
    vertex -60.93830108642578 -9.698400497436523 1.6064002513885498
    vertex -60.82310104370117 -9.820000648498535 1.6064002513885498
    vertex -60.835899353027344 -9.832799911499023 1.6064002513885498
  endloop
endfacet
facet normal 0.0 0.0 0.0
  outer loop
    vertex -60.82310104370117 -9.820000648498535 1.6064002513885498
    vertex -60.739898681640625 -9.89680004119873 1.6064002513885498
    vertex -60.784698486328125 -9.87760066986084 1.6064002513885498
  endloop
endfacet
facet normal 0.0 0.0 0.0
  outer loop
    vertex -61.31589889526367 -9.448800086975098 1.6064002513885498
    vertex -61.09189987182617 -9.634400367736816 1.6064002513885498
    vertex -61.16230010986328 -9.602400779724121 1.6064002513885498
  endloop
endfacet
facet normal 0.0 0.0 0.0
  outer loop
    vertex -61.16230010986328 -9.602400779724121 1.6064002513885498
    vertex -60.84870147705078 -9.845600128173828 1.6064002513885498
    vertex -60.89350128173828 -9.826399803161621 1.6064002513885498
  endloop
endfacet
facet normal 0.0 0.0 0.0
  outer loop
    vertex -61.25830078125 -9.564000129699707 1.6064002513885498
    vertex -60.89350128173828 -9.826399803161621 1.6064002513885498
    vertex -60.96390151977539 -9.794400215148926 1.6064002513885498
  endloop
endfacet
facet normal 0.0 0.0 0.0
  outer loop
    vertex -61.73189926147461 -9.224800109863281 1.6064002513885498
    vertex -61.53350067138672 -9.372000694274902 1.6064002513885498
    vertex -61.68709945678711 -9.308000564575195 1.6064002513885498
  endloop
endfacet
facet normal 0.0 0.0 0.0
  outer loop
    vertex -61.41189956665039 -9.416799545288086 1.6064002513885498
    vertex -61.16230010986328 -9.602400779724121 1.6064002513885498
    vertex -61.25830078125 -9.564000129699707 1.6064002513885498
  endloop
endfacet
facet normal 0.0 0.0 0.0
  outer loop
    vertex -61.58470153808594 -9.282400131225586 1.6064002513885498
    vertex -61.41189956665039 -9.416799545288086 1.6064002513885498
    vertex -61.53350067138672 -9.372000694274902 1.6064002513885498
  endloop
endfacet
facet normal 0.0 0.0 0.0
  outer loop
    vertex -60.89350128173828 -9.826399803161621 1.6064002513885498
    vertex -60.855098724365234 -9.85200023651123 1.6064002513885498
    vertex -60.86149978637695 -9.858400344848633 1.6064002513885498
  endloop
endfacet
facet normal 0.0 0.0 0.0
  outer loop
    vertex -61.53350067138672 -9.372000694274902 1.6064002513885498
    vertex -61.25830078125 -9.564000129699707 1.6064002513885498
    vertex -61.38629913330078 -9.512800216674805 1.6064002513885498
  endloop
endfacet
facet normal 0.0 0.0 0.0
  outer loop
    vertex -60.96390151977539 -9.794400215148926 1.6064002513885498
    vertex -60.86149978637695 -9.858400344848633 1.6064002513885498
    vertex -60.87430191040039 -9.871200561523438 1.6064002513885498
  endloop
endfacet
facet normal 0.0 0.0 0.0
  outer loop
    vertex -61.38629913330078 -9.512800216674805 1.6064002513885498
    vertex -60.96390151977539 -9.794400215148926 1.6064002513885498
    vertex -61.059898376464844 -9.749600410461426 1.6064002513885498
  endloop
endfacet
facet normal 0.0 0.0 0.0
  outer loop
    vertex -61.68709945678711 -9.308000564575195 1.6064002513885498
    vertex -61.38629913330078 -9.512800216674805 1.6064002513885498
    vertex -61.55910110473633 -9.442399978637695 1.6064002513885498
  endloop
endfacet
facet normal 0.0 0.0 0.0
  outer loop
    vertex -61.059898376464844 -9.749600410461426 1.6064002513885498
    vertex -60.87430191040039 -9.871200561523438 1.6064002513885498
    vertex -60.880699157714844 -9.87760066986084 1.6064002513885498
  endloop
endfacet
facet normal 0.0 0.0 0.0
  outer loop
    vertex -61.55910110473633 -9.442399978637695 1.6064002513885498
    vertex -61.059898376464844 -9.749600410461426 1.6064002513885498
    vertex -61.22629928588867 -9.679200172424316 1.6064002513885498
  endloop
endfacet
facet normal 0.0 0.0 0.0
  outer loop
    vertex -61.89189910888672 -9.231200218200684 1.6064002513885498
    vertex -61.55910110473633 -9.442399978637695 1.6064002513885498
    vertex -61.82149887084961 -9.333600997924805 1.6064002513885498
  endloop
endfacet
facet normal 0.0 0.0 0.0
  outer loop
    vertex -61.82149887084961 -9.333600997924805 1.6064002513885498
    vertex -61.22629928588867 -9.679200172424316 1.6064002513885498
    vertex -61.55270004272461 -9.52560043334961 1.6064002513885498
  endloop
endfacet
facet normal 0.0 0.0 0.0
  outer loop
    vertex -62.32709884643555 -10.127201080322266 1.6064002513885498
    vertex -61.50790023803711 -10.504800796508789 1.6064002513885498
    vertex -61.52069854736328 -10.517601013183594 1.6064002513885498
  endloop
endfacet
facet normal 0.0 0.0 0.0
  outer loop
    vertex -60.381500244140625 -11.52239990234375 1.6064002513885498
    vertex -60.131900787353516 -11.644000053405762 1.6064002513885498
    vertex -60.151100158691406 -11.637600898742676 1.6064002513885498
  endloop
endfacet
facet normal 0.0 0.0 0.0
  outer loop
    vertex -62.01350021362305 -11.010400772094727 1.6064002513885498
    vertex -60.560699462890625 -11.503199577331543 1.6064002513885498
    vertex -60.88710021972656 -11.503199577331543 1.6064002513885498
  endloop
endfacet
facet normal 0.0 0.0 0.0
  outer loop
    vertex -61.53350067138672 -10.952800750732422 1.6064002513885498
    vertex -60.4390983581543 -11.503199577331543 1.6064002513885498
    vertex -60.95109939575195 -11.304800987243652 1.6064002513885498
  endloop
endfacet
facet normal 0.0 0.0 0.0
  outer loop
    vertex -61.53350067138672 -10.952800750732422 1.6064002513885498
    vertex -60.426300048828125 -11.503199577331543 1.6064002513885498
    vertex -60.4390983581543 -11.503199577331543 1.6064002513885498
  endloop
endfacet
facet normal 0.0 0.0 0.0
  outer loop
    vertex -64.7782974243164 -10.728800773620605 1.6064003705978394
    vertex -63.29349899291992 -11.343199729919434 1.6064002513885498
    vertex -63.92070007324219 -11.215200424194336 1.6064003705978394
  endloop
endfacet
facet normal 0.0 0.0 0.0
  outer loop
    vertex -62.23749923706055 -11.554400444030762 1.6064002513885498
    vertex -61.75749969482422 -11.81040096282959 1.6064002513885498
    vertex -61.91749954223633 -11.78480052947998 1.6064002513885498
  endloop
endfacet
facet normal 0.0 0.0 0.0
  outer loop
    vertex -64.13829803466797 -10.844000816345215 1.6064003705978394
    vertex -62.84550094604492 -11.432801246643066 1.6064002513885498
    vertex -63.29349899291992 -11.343199729919434 1.6064002513885498
  endloop
endfacet
facet normal 0.0 0.0 0.0
  outer loop
    vertex -61.69990158081055 -11.951200485229492 1.6064002513885498
    vertex -61.168701171875 -12.194400787353516 1.6064002513885498
    vertex -61.31589889526367 -12.162400245666504 1.6064002513885498
  endloop
endfacet
facet normal 0.0 0.0 0.0
  outer loop
    vertex -61.91749954223633 -11.78480052947998 1.6064002513885498
    vertex -61.53350067138672 -11.976800918579102 1.6064002513885498
    vertex -61.69990158081055 -11.951200485229492 1.6064002513885498
  endloop
endfacet
facet normal 0.0 0.0 0.0
  outer loop
    vertex -62.69190216064453 -11.503199577331543 1.6064002513885498
    vertex -62.563899993896484 -11.560800552368164 1.6064002513885498
    vertex -62.62150192260742 -11.618400573730469 1.6064002513885498
  endloop
endfacet
facet normal 0.0 0.0 0.0
  outer loop
    vertex -61.82789993286133 -12.0600004196167 1.6064002513885498
    vertex -61.06629943847656 -12.316000938415527 1.6064002513885498
    vertex -61.2135009765625 -12.29680061340332 1.6064002513885498
  endloop
endfacet
facet normal 0.0 0.0 0.0
  outer loop
    vertex -64.22789764404297 -10.645600318908691 1.6064003705978394
    vertex -63.46630096435547 -11.023200988769531 1.6064003705978394
    vertex -64.13829803466797 -10.844000816345215 1.6064003705978394
  endloop
endfacet
facet normal 0.0 0.0 0.0
  outer loop
    vertex -63.171897888183594 -11.503199577331543 1.6064002513885498
    vertex -62.69190216064453 -11.688800811767578 1.6064002513885498
    vertex -63.082298278808594 -11.637600898742676 1.6064002513885498
  endloop
endfacet
facet normal 0.0 0.0 0.0
  outer loop
    vertex -63.171897888183594 -11.503199577331543 1.6064002513885498
    vertex -62.68550109863281 -11.682400703430176 1.6064002513885498
    vertex -62.69190216064453 -11.688800811767578 1.6064002513885498
  endloop
endfacet
facet normal 0.0 0.0 0.0
  outer loop
    vertex -62.91590118408203 -11.503199577331543 1.6064002513885498
    vertex -62.62150192260742 -11.618400573730469 1.6064002513885498
    vertex -62.68550109863281 -11.682400703430176 1.6064002513885498
  endloop
endfacet
facet normal 0.0 0.0 0.0
  outer loop
    vertex -64.8551025390625 -11.029600143432617 1.6064003705978394
    vertex -63.47909927368164 -11.503199577331543 1.6064003705978394
    vertex -63.85029983520508 -11.503199577331543 1.6064003705978394
  endloop
endfacet
facet normal 0.0 0.0 0.0
  outer loop
    vertex -64.88069915771484 -11.189600944519043 1.6064003705978394
    vertex -64.1063003540039 -11.503199577331543 1.6064003705978394
    vertex -64.5094985961914 -11.445600509643555 1.6064003705978394
  endloop
endfacet
facet normal 0.0 0.0 0.0
  outer loop
    vertex -64.88069915771484 -11.189600944519043 1.6064003705978394
    vertex -63.85029983520508 -11.503199577331543 1.6064003705978394
    vertex -64.1063003540039 -11.503199577331543 1.6064003705978394
  endloop
endfacet
facet normal 0.0 0.0 0.0
  outer loop
    vertex -62.666297912597656 -11.688800811767578 1.6064002513885498
    vertex -62.499900817871094 -11.752799987792969 1.6064002513885498
    vertex -62.576698303222656 -11.804000854492188 1.6064002513885498
  endloop
endfacet
facet normal 0.0 0.0 0.0
  outer loop
    vertex -62.21189880371094 -11.791200637817383 1.6064002513885498
    vertex -62.12229919433594 -11.880800247192383 1.6064002513885498
    vertex -62.186302185058594 -11.868000984191895 1.6064002513885498
  endloop
endfacet
facet normal 0.0 0.0 0.0
  outer loop
    vertex -63.92070007324219 -11.215200424194336 1.6064003705978394
    vertex -63.171897888183594 -11.503199577331543 1.6064002513885498
    vertex -63.47909927368164 -11.503199577331543 1.6064003705978394
  endloop
endfacet
facet normal 0.0 0.0 0.0
  outer loop
    vertex -63.15909957885742 -11.708001136779785 1.6064002513885498
    vertex -62.813499450683594 -11.81040096282959 1.6064002513885498
    vertex -62.858299255371094 -11.85520076751709 1.6064002513885498
  endloop
endfacet
facet normal 0.0 0.0 0.0
  outer loop
    vertex -61.840702056884766 -12.162400245666504 1.6064002513885498
    vertex -61.77669906616211 -12.226400375366211 1.6064002513885498
    vertex -61.815101623535156 -12.220000267028809 1.6064002513885498
  endloop
endfacet
facet normal 0.0 0.0 0.0
  outer loop
    vertex -63.35750198364258 -11.759201049804688 1.6064003705978394
    vertex -62.8838996887207 -11.880800247192383 1.6064002513885498
    vertex -62.95429992675781 -11.951200485229492 1.6064002513885498
  endloop
endfacet
facet normal 0.0 0.0 0.0
  outer loop
    vertex -64.00389862060547 -12.834400177001953 1.6064003705978394
    vertex -63.863101959228516 -12.860000610351562 1.6064003705978394
    vertex -63.9463005065918 -12.943201065063477 1.6064003705978394
  endloop
endfacet
facet normal 0.0 0.0 0.0
  outer loop
    vertex -64.13189697265625 -12.476000785827637 1.6064003705978394
    vertex -63.60070037841797 -12.597600936889648 1.6064003705978394
    vertex -63.6327018737793 -12.629600524902344 1.6064003705978394
  endloop
endfacet
facet normal 0.0 0.0 0.0
  outer loop
    vertex -60.989501953125 -13.212000846862793 1.6064002513885498
    vertex -60.855098724365234 -13.244000434875488 1.6064002513885498
    vertex -60.880699157714844 -13.263200759887695 1.6064002513885498
  endloop
endfacet
facet normal 0.0 0.0 0.0
  outer loop
    vertex -63.5431022644043 -12.540000915527344 1.6064003705978394
    vertex -62.84550094604492 -12.680800437927246 1.6064002513885498
    vertex -63.42150115966797 -12.642400741577148 1.6064003705978394
  endloop
endfacet
facet normal 0.0 0.0 0.0
  outer loop
    vertex -63.69670104980469 -13.576801300048828 1.6064003705978394
    vertex -63.48550033569336 -13.640801429748535 1.6064003705978394
    vertex -63.56230163574219 -13.653600692749023 1.6064003705978394
  endloop
endfacet
facet normal 0.0 0.0 0.0
  outer loop
    vertex -63.69670104980469 -13.576801300048828 1.6064003705978394
    vertex -63.703102111816406 -13.576801300048828 1.6064003705978394
    vertex -63.80550003051758 -13.493600845336914 1.6064003705978394
  endloop
endfacet
facet normal 0.0 0.0 0.0
  outer loop
    vertex -63.80550003051758 -13.493600845336914 1.6064003705978394
    vertex -63.54949951171875 -13.564001083374023 1.6064003705978394
    vertex -63.69670104980469 -13.576801300048828 1.6064003705978394
  endloop
endfacet
facet normal 0.0 0.0 0.0
  outer loop
    vertex -63.33190155029297 -13.461601257324219 1.6064003705978394
    vertex -63.11429977416992 -13.519201278686523 1.6064002513885498
    vertex -63.31269836425781 -13.538400650024414 1.6064002513885498
  endloop
endfacet
facet normal 0.0 0.0 0.0
  outer loop
    vertex -63.54949951171875 -13.564001083374023 1.6064003705978394
    vertex -63.32550048828125 -13.621600151062012 1.6064003705978394
    vertex -63.48550033569336 -13.640801429748535 1.6064003705978394
  endloop
endfacet
facet normal 0.0 0.0 0.0
  outer loop
    vertex -61.29029846191406 -13.231201171875 1.6064002513885498
    vertex -60.90629959106445 -13.295201301574707 1.6064002513885498
    vertex -60.919097900390625 -13.301600456237793 1.6064002513885498
  endloop
endfacet
facet normal 0.0 0.0 0.0
  outer loop
    vertex -63.72869873046875 -12.725600242614746 1.6064003705978394
    vertex -63.55590057373047 -12.732000350952148 1.6064003705978394
    vertex -63.68389892578125 -12.834400177001953 1.6064003705978394
  endloop
endfacet
facet normal 0.0 0.0 0.0
  outer loop
    vertex -62.69190216064453 -12.904800415039062 1.6064002513885498
    vertex -62.499900817871094 -12.943201065063477 1.6064002513885498
    vertex -62.544700622558594 -13.020001411437988 1.6064002513885498
  endloop
endfacet
facet normal 0.0 0.0 0.0
  outer loop
    vertex -62.019901275634766 -13.039200782775879 1.6064002513885498
    vertex -61.43109893798828 -13.154400825500488 1.6064002513885498
    vertex -61.9302978515625 -13.122400283813477 1.6064002513885498
  endloop
endfacet
facet normal 0.0 0.0 0.0
  outer loop
    vertex -63.6327018737793 -12.629600524902344 1.6064003705978394
    vertex -63.42150115966797 -12.642400741577148 1.6064003705978394
    vertex -63.55590057373047 -12.732000350952148 1.6064003705978394
  endloop
endfacet
facet normal 0.0 0.0 0.0
  outer loop
    vertex -61.00230026245117 -12.642400741577148 1.6064002513885498
    vertex -60.45830154418945 -12.751200675964355 1.6064002513885498
    vertex -60.471099853515625 -12.776801109313965 1.6064002513885498
  endloop
endfacet
facet normal 0.0 0.0 0.0
  outer loop
    vertex -60.84870147705078 -13.077600479125977 1.6064002513885498
    vertex -60.720699310302734 -13.103200912475586 1.6064002513885498
    vertex -60.80390167236328 -13.199200630187988 1.6064002513885498
  endloop
endfacet
facet normal 0.0 0.0 0.0
  outer loop
    vertex -64.89990234375 -11.420001029968262 1.6064003705978394
    vertex -64.42630004882812 -11.503199577331543 1.6064003705978394
    vertex -64.6438980102539 -11.503199577331543 1.6064003705978394
  endloop
endfacet
facet normal 0.0 0.0 0.0
  outer loop
    vertex -61.25830078125 -12.444001197814941 1.6064002513885498
    vertex -60.36869812011719 -12.591200828552246 1.6064002513885498
    vertex -60.426300048828125 -12.700000762939453 1.6064002513885498
  endloop
endfacet
facet normal 0.0 0.0 0.0
  outer loop
    vertex -61.82789993286133 -11.375200271606445 1.6064002513885498
    vertex -61.55270004272461 -11.503199577331543 1.6064002513885498
    vertex -61.69350051879883 -11.503199577331543 1.6064002513885498
  endloop
endfacet
facet normal 0.0 0.0 0.0
  outer loop
    vertex -61.96229934692383 -10.959200859069824 1.6064002513885498
    vertex -60.522300720214844 -11.503199577331543 1.6064002513885498
    vertex -60.560699462890625 -11.503199577331543 1.6064002513885498
  endloop
endfacet
facet normal 0.0 0.0 0.0
  outer loop
    vertex -63.56230163574219 -9.346400260925293 1.6064003705978394
    vertex -62.499900817871094 -9.826399803161621 1.6064002513885498
    vertex -62.544700622558594 -9.903200149536133 1.6064002513885498
  endloop
endfacet
facet normal 0.0 0.0 0.0
  outer loop
    vertex -61.32229995727539 -10.31920051574707 1.6064002513885498
    vertex -60.75270080566406 -10.600800514221191 1.6064002513885498
    vertex -61.08549880981445 -10.472800254821777 1.6064002513885498
  endloop
endfacet
facet normal 0.0 0.0 0.0
  outer loop
    vertex -61.26470184326172 -10.26159954071045 1.6064002513885498
    vertex -60.477500915527344 -10.613600730895996 1.6064002513885498
    vertex -60.75270080566406 -10.600800514221191 1.6064002513885498
  endloop
endfacet
facet normal 0.0 0.0 0.0
  outer loop
    vertex -61.18149948120117 -10.178400993347168 1.6064002513885498
    vertex -60.89350128173828 -10.306400299072266 1.6064002513885498
    vertex -61.18149948120117 -10.210400581359863 1.6064002513885498
  endloop
endfacet
facet normal 0.0 0.0 0.0
  outer loop
    vertex -61.85350036621094 -9.711200714111328 1.6064002513885498
    vertex -61.18149948120117 -10.178400993347168 1.6064002513885498
    vertex -61.45669937133789 -10.050399780273438 1.6064002513885498
  endloop
endfacet
facet normal 0.0 0.0 0.0
  outer loop
    vertex -61.85350036621094 -9.711200714111328 1.6064002513885498
    vertex -61.149497985839844 -10.146400451660156 1.6064002513885498
    vertex -61.18149948120117 -10.178400993347168 1.6064002513885498
  endloop
endfacet
facet normal 0.0 0.0 0.0
  outer loop
    vertex -62.9734992980957 -9.148000717163086 1.6064002513885498
    vertex -62.499900817871094 -9.320799827575684 1.6064002513885498
    vertex -62.73030090332031 -9.314399719238281 1.6064002513885498
  endloop
endfacet
facet normal 0.0 0.0 0.0
  outer loop
    vertex -60.919097900390625 -9.916000366210938 1.6064002513885498
    vertex -60.59910202026367 -10.03760051727295 1.6064002513885498
    vertex -60.90629959106445 -9.935199737548828 1.6064002513885498
  endloop
endfacet
facet normal 0.0 0.0 0.0
  outer loop
    vertex -62.672698974609375 -9.109600067138672 1.6064002513885498
    vertex -62.499900817871094 -9.199200630187988 1.6064002513885498
    vertex -62.50629806518555 -9.25040054321289 1.6064002513885498
  endloop
endfacet
facet normal 0.0 0.0 0.0
  outer loop
    vertex -62.224700927734375 -10.613600730895996 1.6064002513885498
    vertex -61.815101623535156 -10.812000274658203 1.6064002513885498
    vertex -61.84709930419922 -10.844000816345215 1.6064002513885498
  endloop
endfacet
facet normal 0.0 0.0 0.0
  outer loop
    vertex -60.509498596191406 -11.9704008102417 1.6064002513885498
    vertex -60.183101654052734 -12.124000549316406 1.6064002513885498
    vertex -60.208702087402344 -12.194400787353516 1.6064002513885498
  endloop
endfacet
facet normal 0.0 0.0 0.0
  outer loop
    vertex -63.082298278808594 -11.637600898742676 1.6064002513885498
    vertex -62.7495002746582 -11.746400833129883 1.6064002513885498
    vertex -62.77510070800781 -11.772000312805176 1.6064002513885498
  endloop
endfacet
facet normal 0.0 0.0 0.0
  outer loop
    vertex -64.5094985961914 -11.445600509643555 1.6064003705978394
    vertex -64.31109619140625 -11.503199577331543 1.6064003705978394
    vertex -64.42630004882812 -11.503199577331543 1.6064003705978394
  endloop
endfacet
facet normal 0.0 0.0 0.0
  outer loop
    vertex -64.79109954833984 -11.829601287841797 1.6064003705978394
    vertex -63.1078987121582 -12.104801177978516 1.6064002513885498
    vertex -63.13349914550781 -12.130400657653809 1.6064002513885498
  endloop
endfacet
facet normal 0.0 0.0 0.0
  outer loop
    vertex -61.85350036621094 -12.87920093536377 1.6064002513885498
    vertex -60.9447021484375 -13.05840015411377 1.6064002513885498
    vertex -61.66790008544922 -13.052000999450684 1.6064002513885498
  endloop
endfacet
facet normal 0.0 0.0 0.0
  outer loop
    vertex -63.44710159301758 -12.444001197814941 1.6064003705978394
    vertex -62.499900817871094 -12.572000503540039 1.6064002513885498
    vertex -62.589500427246094 -12.629600524902344 1.6064002513885498
  endloop
endfacet
facet normal 0.0 0.0 0.0
  outer loop
    vertex -63.53670120239258 -12.533599853515625 1.6064003705978394
    vertex -62.589500427246094 -12.629600524902344 1.6064002513885498
    vertex -62.84550094604492 -12.680800437927246 1.6064002513885498
  endloop
endfacet
facet normal 0.0 0.0 0.0
  outer loop
    vertex -64.65029907226562 -12.290400505065918 1.6064003705978394
    vertex -63.53670120239258 -12.533599853515625 1.6064003705978394
    vertex -63.61349868774414 -12.527200698852539 1.6064003705978394
  endloop
endfacet
facet normal 0.0 0.0 0.0
  outer loop
    vertex -64.65029907226562 -12.290400505065918 1.6064003705978394
    vertex -63.48550033569336 -12.482400894165039 1.6064003705978394
    vertex -63.53670120239258 -12.533599853515625 1.6064003705978394
  endloop
endfacet
facet normal 0.0 0.0 0.0
  outer loop
    vertex -63.23590087890625 -13.199200630187988 1.6064002513885498
    vertex -62.7495002746582 -13.263200759887695 1.6064002513885498
    vertex -63.19110107421875 -13.2760009765625 1.6064002513885498
  endloop
endfacet
facet normal 0.0 0.0 0.0
  outer loop
    vertex -64.03590393066406 -13.090400695800781 1.6064003705978394
    vertex -63.23590087890625 -13.199200630187988 1.6064002513885498
    vertex -63.66469955444336 -13.199200630187988 1.6064003705978394
  endloop
endfacet
facet normal 0.0 0.0 0.0
  outer loop
    vertex -63.19110107421875 -13.2760009765625 1.6064002513885498
    vertex -62.85190200805664 -13.333600044250488 1.6064002513885498
    vertex -63.17829895019531 -13.352800369262695 1.6064002513885498
  endloop
endfacet
facet normal 0.0 0.0 0.0
  outer loop
    vertex -63.66469955444336 -13.199200630187988 1.6064003705978394
    vertex -63.19110107421875 -13.2760009765625 1.6064002513885498
    vertex -63.51110076904297 -13.288801193237305 1.6064003705978394
  endloop
endfacet
facet normal 0.0 0.0 0.0
  outer loop
    vertex -61.7958984375 -13.628000259399414 1.6064002513885498
    vertex -61.527099609375 -13.679200172424316 1.6064002513885498
    vertex -61.71910095214844 -13.768800735473633 1.6064002513885498
  endloop
endfacet
facet normal 0.0 0.0 0.0
  outer loop
    vertex -63.51110076904297 -13.288801193237305 1.6064003705978394
    vertex -63.17829895019531 -13.352800369262695 1.6064002513885498
    vertex -63.42790222167969 -13.372000694274902 1.6064003705978394
  endloop
endfacet
facet normal 0.0 0.0 0.0
  outer loop
    vertex -63.95909881591797 -13.199200630187988 1.6064003705978394
    vertex -63.51110076904297 -13.288801193237305 1.6064003705978394
    vertex -63.74789810180664 -13.295201301574707 1.6064003705978394
  endloop
endfacet
facet normal 0.0 0.0 0.0
  outer loop
    vertex -63.36389923095703 -13.384800910949707 1.6064003705978394
    vertex -63.09510040283203 -13.448801040649414 1.6064002513885498
    vertex -63.33190155029297 -13.461601257324219 1.6064003705978394
  endloop
endfacet
facet normal 0.0 0.0 0.0
  outer loop
    vertex -63.74789810180664 -13.295201301574707 1.6064003705978394
    vertex -63.42790222167969 -13.372000694274902 1.6064003705978394
    vertex -63.6327018737793 -13.384800910949707 1.6064003705978394
  endloop
endfacet
facet normal 0.0 0.0 0.0
  outer loop
    vertex -56.09989929199219 -5.096799850463867 1.6064000129699707
    vertex -56.09989929199219 -5.096799850463867 2.384185791015625e-07
    vertex -56.09989929199219 -11.503199577331543 0.8064000606536865
  endloop
endfacet
facet normal 0.0 0.0 0.0
  outer loop
    vertex -56.09989929199219 -11.503199577331543 2.384185791015625e-07
    vertex -56.09989929199219 -11.503199577331543 0.8064000606536865
    vertex -56.09989929199219 -5.096799850463867 2.384185791015625e-07
  endloop
endfacet
facet normal 0.0 0.0 0.0
  outer loop
    vertex -56.09989929199219 -11.503199577331543 1.6064000129699707
    vertex -56.09989929199219 -11.503199577331543 0.8064000606536865
    vertex -56.09989929199219 -17.903200149536133 1.6064000129699707
  endloop
endfacet
facet normal 0.0 0.0 0.0
  outer loop
    vertex -56.09989929199219 -11.503199577331543 0.8064000606536865
    vertex -56.09989929199219 -11.503199577331543 2.384185791015625e-07
    vertex -56.09989929199219 -17.903200149536133 2.384185791015625e-07
  endloop
endfacet
facet normal 0.0 0.0 0.0
  outer loop
    vertex -56.09989929199219 -17.903200149536133 2.384185791015625e-07
    vertex -56.09989929199219 -17.903200149536133 1.6064000129699707
    vertex -56.09989929199219 -11.503199577331543 0.8064000606536865
  endloop
endfacet
facet normal 0.0 0.0 0.0
  outer loop
    vertex -56.09989929199219 -11.503199577331543 0.8064000606536865
    vertex -56.09989929199219 -11.503199577331543 1.6064000129699707
    vertex -56.09989929199219 -5.096799850463867 1.6064000129699707
  endloop
endfacet
facet normal 0.0 0.0 0.0
  outer loop
    vertex -68.90630340576172 -5.096799850463867 1.606400489807129
    vertex -62.499900817871094 -5.096799850463867 0.8064002990722656
    vertex -62.499900817871094 -5.096799850463867 1.6064002513885498
  endloop
endfacet
facet normal 0.0 0.0 0.0
  outer loop
    vertex -62.499900817871094 -5.096799850463867 4.76837158203125e-07
    vertex -62.499900817871094 -5.096799850463867 0.8064002990722656
    vertex -68.90630340576172 -5.096799850463867 7.152557373046875e-07
  endloop
endfacet
facet normal 0.0 0.0 0.0
  outer loop
    vertex -56.09989929199219 -5.096799850463867 2.384185791015625e-07
    vertex -56.09989929199219 -5.096799850463867 1.6064000129699707
    vertex -62.499900817871094 -5.096799850463867 0.8064002990722656
  endloop
endfacet
facet normal 0.0 0.0 0.0
  outer loop
    vertex -62.499900817871094 -5.096799850463867 1.6064002513885498
    vertex -62.499900817871094 -5.096799850463867 0.8064002990722656
    vertex -56.09989929199219 -5.096799850463867 1.6064000129699707
  endloop
endfacet
facet normal 0.0 0.0 0.0
  outer loop
    vertex -68.90630340576172 -5.096799850463867 1.606400489807129
    vertex -68.90630340576172 -5.096799850463867 7.152557373046875e-07
    vertex -62.499900817871094 -5.096799850463867 0.8064002990722656
  endloop
endfacet
facet normal 0.0 0.0 0.0
  outer loop
    vertex -56.09989929199219 -5.096799850463867 2.384185791015625e-07
    vertex -62.499900817871094 -5.096799850463867 0.8064002990722656
    vertex -62.499900817871094 -5.096799850463867 4.76837158203125e-07
  endloop
endfacet
facet normal 0.0 0.0 0.0
  outer loop
    vertex -68.90630340576172 -11.503199577331543 0.8064005374908447
    vertex -68.90630340576172 -5.096799850463867 1.606400489807129
    vertex -68.90630340576172 -11.503199577331543 1.606400489807129
  endloop
endfacet
facet normal 0.0 0.0 0.0
  outer loop
    vertex -68.90630340576172 -11.503199577331543 0.8064005374908447
    vertex -68.90630340576172 -17.903200149536133 7.152557373046875e-07
    vertex -68.90630340576172 -11.503199577331543 7.152557373046875e-07
  endloop
endfacet
facet normal 0.0 0.0 0.0
  outer loop
    vertex -68.90630340576172 -11.503199577331543 7.152557373046875e-07
    vertex -68.90630340576172 -5.096799850463867 7.152557373046875e-07
    vertex -68.90630340576172 -11.503199577331543 0.8064005374908447
  endloop
endfacet
facet normal 0.0 0.0 0.0
  outer loop
    vertex -68.90630340576172 -17.903200149536133 7.152557373046875e-07
    vertex -68.90630340576172 -11.503199577331543 0.8064005374908447
    vertex -68.90630340576172 -17.903200149536133 1.606400489807129
  endloop
endfacet
facet normal 0.0 0.0 0.0
  outer loop
    vertex -68.90630340576172 -11.503199577331543 1.606400489807129
    vertex -68.90630340576172 -17.903200149536133 1.606400489807129
    vertex -68.90630340576172 -11.503199577331543 0.8064005374908447
  endloop
endfacet
facet normal 0.0 0.0 0.0
  outer loop
    vertex -68.90630340576172 -5.096799850463867 1.606400489807129
    vertex -68.90630340576172 -11.503199577331543 0.8064005374908447
    vertex -68.90630340576172 -5.096799850463867 7.152557373046875e-07
  endloop
endfacet
facet normal 0.0 0.0 0.0
  outer loop
    vertex -68.90630340576172 -17.903200149536133 1.606400489807129
    vertex -62.499900817871094 -17.903200149536133 1.6064002513885498
    vertex -62.499900817871094 -17.903200149536133 0.8064002990722656
  endloop
endfacet
facet normal 0.0 0.0 0.0
  outer loop
    vertex -56.09989929199219 -17.903200149536133 2.384185791015625e-07
    vertex -62.499900817871094 -17.903200149536133 0.8064002990722656
    vertex -56.09989929199219 -17.903200149536133 1.6064000129699707
  endloop
endfacet
facet normal 0.0 0.0 0.0
  outer loop
    vertex -62.499900817871094 -17.903200149536133 4.76837158203125e-07
    vertex -68.90630340576172 -17.903200149536133 7.152557373046875e-07
    vertex -62.499900817871094 -17.903200149536133 0.8064002990722656
  endloop
endfacet
facet normal 0.0 0.0 0.0
  outer loop
    vertex -56.09989929199219 -17.903200149536133 2.384185791015625e-07
    vertex -62.499900817871094 -17.903200149536133 4.76837158203125e-07
    vertex -62.499900817871094 -17.903200149536133 0.8064002990722656
  endloop
endfacet
facet normal 0.0 0.0 0.0
  outer loop
    vertex -62.499900817871094 -17.903200149536133 1.6064002513885498
    vertex -56.09989929199219 -17.903200149536133 1.6064000129699707
    vertex -62.499900817871094 -17.903200149536133 0.8064002990722656
  endloop
endfacet
facet normal 0.0 0.0 0.0
  outer loop
    vertex -68.90630340576172 -17.903200149536133 1.606400489807129
    vertex -62.499900817871094 -17.903200149536133 0.8064002990722656
    vertex -68.90630340576172 -17.903200149536133 7.152557373046875e-07
  endloop
endfacet
facet normal 0.0 0.0 0.0
  outer loop
    vertex -62.499900817871094 -19.100000381469727 4.76837158203125e-07
    vertex -66.30149841308594 -19.100000381469727 0.10240042209625244
    vertex -66.30149841308594 -19.100000381469727 5.960464477539062e-07
  endloop
endfacet
facet normal 0.0 0.0 0.0
  outer loop
    vertex -66.30149841308594 -19.100000381469727 5.960464477539062e-07
    vertex -66.30149841308594 -19.100000381469727 0.10240042209625244
    vertex -70.10310363769531 -19.100000381469727 7.152557373046875e-07
  endloop
endfacet
facet normal 0.0 0.0 0.0
  outer loop
    vertex -58.7047004699707 -19.100000381469727 0.4032003879547119
    vertex -58.7047004699707 -19.100000381469727 0.3008002042770386
    vertex -54.903099060058594 -19.100000381469727 0.40320026874542236
  endloop
endfacet
facet normal 0.0 0.0 0.0
  outer loop
    vertex -58.7047004699707 -19.100000381469727 3.5762786865234375e-07
    vertex -58.7047004699707 -19.100000381469727 0.10240018367767334
    vertex -62.499900817871094 -19.100000381469727 4.76837158203125e-07
  endloop
endfacet
facet normal 0.0 0.0 0.0
  outer loop
    vertex -66.30149841308594 -19.100000381469727 0.403200626373291
    vertex -66.30149841308594 -19.100000381469727 0.3008004426956177
    vertex -62.499900817871094 -19.100000381469727 0.40320050716400146
  endloop
endfacet
facet normal 0.0 0.0 0.0
  outer loop
    vertex -70.10310363769531 -19.100000381469727 0.40320074558258057
    vertex -66.30149841308594 -19.100000381469727 0.3008004426956177
    vertex -66.30149841308594 -19.100000381469727 0.403200626373291
  endloop
endfacet
facet normal 0.0 0.0 0.0
  outer loop
    vertex -62.499900817871094 -19.100000381469727 0.40320050716400146
    vertex -62.499900817871094 -19.100000381469727 0.20480012893676758
    vertex -58.7047004699707 -19.100000381469727 0.3008002042770386
  endloop
endfacet
facet normal 0.0 0.0 0.0
  outer loop
    vertex -62.499900817871094 -19.100000381469727 0.40320050716400146
    vertex -58.7047004699707 -19.100000381469727 0.3008002042770386
    vertex -58.7047004699707 -19.100000381469727 0.4032003879547119
  endloop
endfacet
facet normal 0.0 0.0 0.0
  outer loop
    vertex -62.499900817871094 -19.100000381469727 0.20480012893676758
    vertex -62.499900817871094 -19.100000381469727 0.40320050716400146
    vertex -66.30149841308594 -19.100000381469727 0.3008004426956177
  endloop
endfacet
facet normal 0.0 0.0 0.0
  outer loop
    vertex -70.10310363769531 -19.100000381469727 0.40320074558258057
    vertex -70.10310363769531 -19.100000381469727 7.152557373046875e-07
    vertex -66.30149841308594 -19.100000381469727 0.3008004426956177
  endloop
endfacet
facet normal 0.0 0.0 0.0
  outer loop
    vertex -58.7047004699707 -19.100000381469727 0.10240018367767334
    vertex -58.7047004699707 -19.100000381469727 0.3008002042770386
    vertex -62.499900817871094 -19.100000381469727 0.20480012893676758
  endloop
endfacet
facet normal 0.0 0.0 0.0
  outer loop
    vertex -66.30149841308594 -19.100000381469727 0.3008004426956177
    vertex -70.10310363769531 -19.100000381469727 7.152557373046875e-07
    vertex -66.30149841308594 -19.100000381469727 0.10240042209625244
  endloop
endfacet
facet normal 0.0 0.0 0.0
  outer loop
    vertex -58.7047004699707 -19.100000381469727 0.10240018367767334
    vertex -54.903099060058594 -19.100000381469727 0.40320026874542236
    vertex -58.7047004699707 -19.100000381469727 0.3008002042770386
  endloop
endfacet
facet normal 0.0 0.0 0.0
  outer loop
    vertex -66.30149841308594 -19.100000381469727 0.3008004426956177
    vertex -66.30149841308594 -19.100000381469727 0.10240042209625244
    vertex -62.499900817871094 -19.100000381469727 0.20480012893676758
  endloop
endfacet
facet normal 0.0 0.0 0.0
  outer loop
    vertex -62.499900817871094 -19.100000381469727 4.76837158203125e-07
    vertex -62.499900817871094 -19.100000381469727 0.20480012893676758
    vertex -66.30149841308594 -19.100000381469727 0.10240042209625244
  endloop
endfacet
facet normal 0.0 0.0 0.0
  outer loop
    vertex -62.499900817871094 -19.100000381469727 0.20480012893676758
    vertex -62.499900817871094 -19.100000381469727 4.76837158203125e-07
    vertex -58.7047004699707 -19.100000381469727 0.10240018367767334
  endloop
endfacet
facet normal 0.0 0.0 0.0
  outer loop
    vertex -54.903099060058594 -19.100000381469727 2.384185791015625e-07
    vertex -58.7047004699707 -19.100000381469727 0.10240018367767334
    vertex -58.7047004699707 -19.100000381469727 3.5762786865234375e-07
  endloop
endfacet
facet normal 0.0 0.0 0.0
  outer loop
    vertex -54.903099060058594 -19.100000381469727 2.384185791015625e-07
    vertex -54.903099060058594 -19.100000381469727 0.40320026874542236
    vertex -58.7047004699707 -19.100000381469727 0.10240018367767334
  endloop
endfacet
facet normal 0.0 0.0 0.0
  outer loop
    vertex -70.10310363769531 -15.29840087890625 7.152557373046875e-07
    vertex -70.10310363769531 -15.29840087890625 0.10240054130554199
    vertex -70.10310363769531 -11.503199577331543 7.152557373046875e-07
  endloop
endfacet
facet normal 0.0 0.0 0.0
  outer loop
    vertex -70.10310363769531 -15.29840087890625 0.40320074558258057
    vertex -70.10310363769531 -15.29840087890625 0.3008005619049072
    vertex -70.10310363769531 -19.100000381469727 0.40320074558258057
  endloop
endfacet
facet normal 0.0 0.0 0.0
  outer loop
    vertex -70.10310363769531 -15.29840087890625 0.10240054130554199
    vertex -70.10310363769531 -15.29840087890625 7.152557373046875e-07
    vertex -70.10310363769531 -19.100000381469727 7.152557373046875e-07
  endloop
endfacet
facet normal 0.0 0.0 0.0
  outer loop
    vertex -70.10310363769531 -7.701600074768066 0.40320074558258057
    vertex -70.10310363769531 -7.701600074768066 0.3008005619049072
    vertex -70.10310363769531 -11.503199577331543 0.40320074558258057
  endloop
endfacet
facet normal 0.0 0.0 0.0
  outer loop
    vertex -70.10310363769531 -7.701600074768066 0.10240054130554199
    vertex -70.10310363769531 -7.701600074768066 0.3008005619049072
    vertex -70.10310363769531 -3.8999991416931152 7.152557373046875e-07
  endloop
endfacet
facet normal 0.0 0.0 0.0
  outer loop
    vertex -70.10310363769531 -7.701600074768066 0.3008005619049072
    vertex -70.10310363769531 -7.701600074768066 0.40320074558258057
    vertex -70.10310363769531 -3.8999991416931152 0.40320074558258057
  endloop
endfacet
facet normal 0.0 0.0 0.0
  outer loop
    vertex -70.10310363769531 -7.701600074768066 7.152557373046875e-07
    vertex -70.10310363769531 -7.701600074768066 0.10240054130554199
    vertex -70.10310363769531 -3.8999991416931152 7.152557373046875e-07
  endloop
endfacet
facet normal 0.0 0.0 0.0
  outer loop
    vertex -70.10310363769531 -11.503199577331543 0.20480036735534668
    vertex -70.10310363769531 -11.503199577331543 7.152557373046875e-07
    vertex -70.10310363769531 -15.29840087890625 0.10240054130554199
  endloop
endfacet
facet normal 0.0 0.0 0.0
  outer loop
    vertex -70.10310363769531 -15.29840087890625 0.10240054130554199
    vertex -70.10310363769531 -15.29840087890625 0.3008005619049072
    vertex -70.10310363769531 -11.503199577331543 0.20480036735534668
  endloop
endfacet
facet normal 0.0 0.0 0.0
  outer loop
    vertex -70.10310363769531 -7.701600074768066 0.10240054130554199
    vertex -70.10310363769531 -7.701600074768066 7.152557373046875e-07
    vertex -70.10310363769531 -11.503199577331543 7.152557373046875e-07
  endloop
endfacet
facet normal 0.0 0.0 0.0
  outer loop
    vertex -70.10310363769531 -11.503199577331543 0.40320074558258057
    vertex -70.10310363769531 -11.503199577331543 0.20480036735534668
    vertex -70.10310363769531 -15.29840087890625 0.3008005619049072
  endloop
endfacet
facet normal 0.0 0.0 0.0
  outer loop
    vertex -70.10310363769531 -15.29840087890625 0.3008005619049072
    vertex -70.10310363769531 -15.29840087890625 0.10240054130554199
    vertex -70.10310363769531 -19.100000381469727 0.40320074558258057
  endloop
endfacet
facet normal 0.0 0.0 0.0
  outer loop
    vertex -70.10310363769531 -15.29840087890625 0.3008005619049072
    vertex -70.10310363769531 -15.29840087890625 0.40320074558258057
    vertex -70.10310363769531 -11.503199577331543 0.40320074558258057
  endloop
endfacet
facet normal 0.0 0.0 0.0
  outer loop
    vertex -70.10310363769531 -19.100000381469727 7.152557373046875e-07
    vertex -70.10310363769531 -19.100000381469727 0.40320074558258057
    vertex -70.10310363769531 -15.29840087890625 0.10240054130554199
  endloop
endfacet
facet normal 0.0 0.0 0.0
  outer loop
    vertex -70.10310363769531 -11.503199577331543 7.152557373046875e-07
    vertex -70.10310363769531 -11.503199577331543 0.20480036735534668
    vertex -70.10310363769531 -7.701600074768066 0.10240054130554199
  endloop
endfacet
facet normal 0.0 0.0 0.0
  outer loop
    vertex -70.10310363769531 -7.701600074768066 0.3008005619049072
    vertex -70.10310363769531 -7.701600074768066 0.10240054130554199
    vertex -70.10310363769531 -11.503199577331543 0.20480036735534668
  endloop
endfacet
facet normal 0.0 0.0 0.0
  outer loop
    vertex -70.10310363769531 -11.503199577331543 0.20480036735534668
    vertex -70.10310363769531 -11.503199577331543 0.40320074558258057
    vertex -70.10310363769531 -7.701600074768066 0.3008005619049072
  endloop
endfacet
facet normal 0.0 0.0 0.0
  outer loop
    vertex -70.10310363769531 -3.8999991416931152 0.40320074558258057
    vertex -70.10310363769531 -3.8999991416931152 7.152557373046875e-07
    vertex -70.10310363769531 -7.701600074768066 0.3008005619049072
  endloop
endfacet
facet normal 0.0 0.0 0.0
  outer loop
    vertex -62.499900817871094 -3.8999991416931152 0.40320050716400146
    vertex -58.7047004699707 -3.8999991416931152 0.3008002042770386
    vertex -62.499900817871094 -3.8999991416931152 0.20480012893676758
  endloop
endfacet
facet normal 0.0 0.0 0.0
  outer loop
    vertex -70.10310363769531 -3.8999991416931152 0.40320074558258057
    vertex -66.30149841308594 -3.8999991416931152 0.403200626373291
    vertex -66.30149841308594 -3.8999991416931152 0.3008004426956177
  endloop
endfacet
facet normal 0.0 0.0 0.0
  outer loop
    vertex -62.499900817871094 -3.8999991416931152 0.20480012893676758
    vertex -58.7047004699707 -3.8999991416931152 0.10240018367767334
    vertex -62.499900817871094 -3.8999991416931152 4.76837158203125e-07
  endloop
endfacet
facet normal 0.0 0.0 0.0
  outer loop
    vertex -54.903099060058594 -3.8999991416931152 2.384185791015625e-07
    vertex -58.7047004699707 -3.8999991416931152 3.5762786865234375e-07
    vertex -58.7047004699707 -3.8999991416931152 0.10240018367767334
  endloop
endfacet
facet normal 0.0 0.0 0.0
  outer loop
    vertex -62.499900817871094 -3.8999991416931152 0.40320050716400146
    vertex -58.7047004699707 -3.8999991416931152 0.4032003879547119
    vertex -58.7047004699707 -3.8999991416931152 0.3008002042770386
  endloop
endfacet
facet normal 0.0 0.0 0.0
  outer loop
    vertex -66.30149841308594 -3.8999991416931152 5.960464477539062e-07
    vertex -70.10310363769531 -3.8999991416931152 7.152557373046875e-07
    vertex -66.30149841308594 -3.8999991416931152 0.10240042209625244
  endloop
endfacet
facet normal 0.0 0.0 0.0
  outer loop
    vertex -62.499900817871094 -3.8999991416931152 4.76837158203125e-07
    vertex -66.30149841308594 -3.8999991416931152 5.960464477539062e-07
    vertex -66.30149841308594 -3.8999991416931152 0.10240042209625244
  endloop
endfacet
facet normal 0.0 0.0 0.0
  outer loop
    vertex -54.903099060058594 -3.8999991416931152 2.384185791015625e-07
    vertex -58.7047004699707 -3.8999991416931152 0.3008002042770386
    vertex -54.903099060058594 -3.8999991416931152 0.40320026874542236
  endloop
endfacet
facet normal 0.0 0.0 0.0
  outer loop
    vertex -58.7047004699707 -3.8999991416931152 0.4032003879547119
    vertex -54.903099060058594 -3.8999991416931152 0.40320026874542236
    vertex -58.7047004699707 -3.8999991416931152 0.3008002042770386
  endloop
endfacet
facet normal 0.0 0.0 0.0
  outer loop
    vertex -58.7047004699707 -3.8999991416931152 3.5762786865234375e-07
    vertex -62.499900817871094 -3.8999991416931152 4.76837158203125e-07
    vertex -58.7047004699707 -3.8999991416931152 0.10240018367767334
  endloop
endfacet
facet normal 0.0 0.0 0.0
  outer loop
    vertex -70.10310363769531 -3.8999991416931152 0.40320074558258057
    vertex -66.30149841308594 -3.8999991416931152 0.10240042209625244
    vertex -70.10310363769531 -3.8999991416931152 7.152557373046875e-07
  endloop
endfacet
facet normal 0.0 0.0 0.0
  outer loop
    vertex -62.499900817871094 -3.8999991416931152 0.20480012893676758
    vertex -66.30149841308594 -3.8999991416931152 0.3008004426956177
    vertex -62.499900817871094 -3.8999991416931152 0.40320050716400146
  endloop
endfacet
facet normal 0.0 0.0 0.0
  outer loop
    vertex -66.30149841308594 -3.8999991416931152 0.3008004426956177
    vertex -62.499900817871094 -3.8999991416931152 0.20480012893676758
    vertex -66.30149841308594 -3.8999991416931152 0.10240042209625244
  endloop
endfacet
facet normal 0.0 0.0 0.0
  outer loop
    vertex -54.903099060058594 -3.8999991416931152 2.384185791015625e-07
    vertex -58.7047004699707 -3.8999991416931152 0.10240018367767334
    vertex -58.7047004699707 -3.8999991416931152 0.3008002042770386
  endloop
endfacet
facet normal 0.0 0.0 0.0
  outer loop
    vertex -70.10310363769531 -3.8999991416931152 0.40320074558258057
    vertex -66.30149841308594 -3.8999991416931152 0.3008004426956177
    vertex -66.30149841308594 -3.8999991416931152 0.10240042209625244
  endloop
endfacet
facet normal 0.0 0.0 0.0
  outer loop
    vertex -62.499900817871094 -3.8999991416931152 4.76837158203125e-07
    vertex -66.30149841308594 -3.8999991416931152 0.10240042209625244
    vertex -62.499900817871094 -3.8999991416931152 0.20480012893676758
  endloop
endfacet
facet normal 0.0 0.0 0.0
  outer loop
    vertex -58.7047004699707 -3.8999991416931152 0.10240018367767334
    vertex -62.499900817871094 -3.8999991416931152 0.20480012893676758
    vertex -58.7047004699707 -3.8999991416931152 0.3008002042770386
  endloop
endfacet
facet normal 0.0 0.0 0.0
  outer loop
    vertex -66.30149841308594 -3.8999991416931152 0.403200626373291
    vertex -62.499900817871094 -3.8999991416931152 0.40320050716400146
    vertex -66.30149841308594 -3.8999991416931152 0.3008004426956177
  endloop
endfacet
facet normal 0.0 0.0 0.0
  outer loop
    vertex -54.903099060058594 -7.701600074768066 0.300800085067749
    vertex -54.903099060058594 -3.8999991416931152 0.40320026874542236
    vertex -54.903099060058594 -7.701600074768066 0.40320026874542236
  endloop
endfacet
facet normal 0.0 0.0 0.0
  outer loop
    vertex -54.903099060058594 -15.29840087890625 2.384185791015625e-07
    vertex -54.903099060058594 -11.503199577331543 2.384185791015625e-07
    vertex -54.903099060058594 -15.29840087890625 0.10240006446838379
  endloop
endfacet
facet normal 0.0 0.0 0.0
  outer loop
    vertex -54.903099060058594 -15.29840087890625 0.10240006446838379
    vertex -54.903099060058594 -19.100000381469727 2.384185791015625e-07
    vertex -54.903099060058594 -15.29840087890625 2.384185791015625e-07
  endloop
endfacet
facet normal 0.0 0.0 0.0
  outer loop
    vertex -54.903099060058594 -7.701600074768066 0.10240006446838379
    vertex -54.903099060058594 -11.503199577331543 2.384185791015625e-07
    vertex -54.903099060058594 -7.701600074768066 2.384185791015625e-07
  endloop
endfacet
facet normal 0.0 0.0 0.0
  outer loop
    vertex -54.903099060058594 -15.29840087890625 0.40320026874542236
    vertex -54.903099060058594 -19.100000381469727 0.40320026874542236
    vertex -54.903099060058594 -15.29840087890625 0.300800085067749
  endloop
endfacet
facet normal 0.0 0.0 0.0
  outer loop
    vertex -54.903099060058594 -7.701600074768066 2.384185791015625e-07
    vertex -54.903099060058594 -3.8999991416931152 2.384185791015625e-07
    vertex -54.903099060058594 -7.701600074768066 0.10240006446838379
  endloop
endfacet
facet normal 0.0 0.0 0.0
  outer loop
    vertex -54.903099060058594 -11.503199577331543 0.40320026874542236
    vertex -54.903099060058594 -15.29840087890625 0.300800085067749
    vertex -54.903099060058594 -11.503199577331543 0.20479989051818848
  endloop
endfacet
facet normal 0.0 0.0 0.0
  outer loop
    vertex -54.903099060058594 -15.29840087890625 0.300800085067749
    vertex -54.903099060058594 -11.503199577331543 0.40320026874542236
    vertex -54.903099060058594 -15.29840087890625 0.40320026874542236
  endloop
endfacet
facet normal 0.0 0.0 0.0
  outer loop
    vertex -54.903099060058594 -7.701600074768066 0.10240006446838379
    vertex -54.903099060058594 -3.8999991416931152 0.40320026874542236
    vertex -54.903099060058594 -7.701600074768066 0.300800085067749
  endloop
endfacet
facet normal 0.0 0.0 0.0
  outer loop
    vertex -54.903099060058594 -3.8999991416931152 0.40320026874542236
    vertex -54.903099060058594 -7.701600074768066 0.10240006446838379
    vertex -54.903099060058594 -3.8999991416931152 2.384185791015625e-07
  endloop
endfacet
facet normal 0.0 0.0 0.0
  outer loop
    vertex -54.903099060058594 -19.100000381469727 2.384185791015625e-07
    vertex -54.903099060058594 -15.29840087890625 0.300800085067749
    vertex -54.903099060058594 -19.100000381469727 0.40320026874542236
  endloop
endfacet
facet normal 0.0 0.0 0.0
  outer loop
    vertex -54.903099060058594 -7.701600074768066 0.300800085067749
    vertex -54.903099060058594 -11.503199577331543 0.20479989051818848
    vertex -54.903099060058594 -7.701600074768066 0.10240006446838379
  endloop
endfacet
facet normal 0.0 0.0 0.0
  outer loop
    vertex -54.903099060058594 -11.503199577331543 0.20479989051818848
    vertex -54.903099060058594 -15.29840087890625 0.10240006446838379
    vertex -54.903099060058594 -11.503199577331543 2.384185791015625e-07
  endloop
endfacet
facet normal 0.0 0.0 0.0
  outer loop
    vertex -54.903099060058594 -11.503199577331543 0.20479989051818848
    vertex -54.903099060058594 -7.701600074768066 0.300800085067749
    vertex -54.903099060058594 -11.503199577331543 0.40320026874542236
  endloop
endfacet
facet normal 0.0 0.0 0.0
  outer loop
    vertex -54.903099060058594 -11.503199577331543 2.384185791015625e-07
    vertex -54.903099060058594 -7.701600074768066 0.10240006446838379
    vertex -54.903099060058594 -11.503199577331543 0.20479989051818848
  endloop
endfacet
facet normal 0.0 0.0 0.0
  outer loop
    vertex -54.903099060058594 -15.29840087890625 0.300800085067749
    vertex -54.903099060058594 -19.100000381469727 2.384185791015625e-07
    vertex -54.903099060058594 -15.29840087890625 0.10240006446838379
  endloop
endfacet
facet normal 0.0 0.0 0.0
  outer loop
    vertex -54.903099060058594 -15.29840087890625 0.10240006446838379
    vertex -54.903099060058594 -11.503199577331543 0.20479989051818848
    vertex -54.903099060058594 -15.29840087890625 0.300800085067749
  endloop
endfacet
facet normal 0.0 0.0 0.0
  outer loop
    vertex -54.903099060058594 -7.701600074768066 0.40320026874542236
    vertex -54.903099060058594 -11.503199577331543 0.40320026874542236
    vertex -54.903099060058594 -7.701600074768066 0.300800085067749
  endloop
endfacet
facet normal 0.0 0.0 0.0
  outer loop
    vertex -70.4999008178711 -19.50320053100586 3.200000524520874
    vertex -66.4999008178711 -19.50320053100586 2.5024003982543945
    vertex -66.4999008178711 -19.50320053100586 3.200000286102295
  endloop
endfacet
facet normal 0.0 0.0 0.0
  outer loop
    vertex -66.4999008178711 -19.50320053100586 0.403200626373291
    vertex -66.4999008178711 -19.50320053100586 1.1008005142211914
    vertex -70.4999008178711 -19.50320053100586 0.40320074558258057
  endloop
endfacet
facet normal 0.0 0.0 0.0
  outer loop
    vertex -66.4999008178711 -19.50320053100586 3.200000286102295
    vertex -66.4999008178711 -19.50320053100586 2.5024003982543945
    vertex -62.499900817871094 -19.50320053100586 3.200000286102295
  endloop
endfacet
facet normal 0.0 0.0 0.0
  outer loop
    vertex -62.499900817871094 -19.50320053100586 0.40320050716400146
    vertex -66.4999008178711 -19.50320053100586 1.1008005142211914
    vertex -66.4999008178711 -19.50320053100586 0.403200626373291
  endloop
endfacet
facet normal 0.0 0.0 0.0
  outer loop
    vertex -58.499900817871094 -19.50320053100586 0.4032003879547119
    vertex -58.499900817871094 -19.50320053100586 1.1008001565933228
    vertex -62.499900817871094 -19.50320053100586 0.40320050716400146
  endloop
endfacet
facet normal 0.0 0.0 0.0
  outer loop
    vertex -62.499900817871094 -19.50320053100586 1.804800271987915
    vertex -62.499900817871094 -19.50320053100586 3.200000286102295
    vertex -66.4999008178711 -19.50320053100586 2.5024003982543945
  endloop
endfacet
facet normal 0.0 0.0 0.0
  outer loop
    vertex -62.499900817871094 -19.50320053100586 3.200000286102295
    vertex -62.499900817871094 -19.50320053100586 1.804800271987915
    vertex -58.499900817871094 -19.50320053100586 2.5024001598358154
  endloop
endfacet
facet normal 0.0 0.0 0.0
  outer loop
    vertex -62.499900817871094 -19.50320053100586 3.200000286102295
    vertex -58.499900817871094 -19.50320053100586 2.5024001598358154
    vertex -58.499900817871094 -19.50320053100586 3.200000286102295
  endloop
endfacet
facet normal 0.0 0.0 0.0
  outer loop
    vertex -58.499900817871094 -19.50320053100586 3.200000286102295
    vertex -58.499900817871094 -19.50320053100586 2.5024001598358154
    vertex -54.499900817871094 -19.50320053100586 3.200000047683716
  endloop
endfacet
facet normal 0.0 0.0 0.0
  outer loop
    vertex -70.4999008178711 -19.50320053100586 3.200000524520874
    vertex -70.4999008178711 -19.50320053100586 0.40320074558258057
    vertex -66.4999008178711 -19.50320053100586 2.5024003982543945
  endloop
endfacet
facet normal 0.0 0.0 0.0
  outer loop
    vertex -58.499900817871094 -19.50320053100586 1.1008001565933228
    vertex -58.499900817871094 -19.50320053100586 2.5024001598358154
    vertex -62.499900817871094 -19.50320053100586 1.804800271987915
  endloop
endfacet
facet normal 0.0 0.0 0.0
  outer loop
    vertex -66.4999008178711 -19.50320053100586 2.5024003982543945
    vertex -70.4999008178711 -19.50320053100586 0.40320074558258057
    vertex -66.4999008178711 -19.50320053100586 1.1008005142211914
  endloop
endfacet
facet normal 0.0 0.0 0.0
  outer loop
    vertex -58.499900817871094 -19.50320053100586 1.1008001565933228
    vertex -54.499900817871094 -19.50320053100586 3.200000047683716
    vertex -58.499900817871094 -19.50320053100586 2.5024001598358154
  endloop
endfacet
facet normal 0.0 0.0 0.0
  outer loop
    vertex -66.4999008178711 -19.50320053100586 2.5024003982543945
    vertex -66.4999008178711 -19.50320053100586 1.1008005142211914
    vertex -62.499900817871094 -19.50320053100586 1.804800271987915
  endloop
endfacet
facet normal 0.0 0.0 0.0
  outer loop
    vertex -62.499900817871094 -19.50320053100586 0.40320050716400146
    vertex -62.499900817871094 -19.50320053100586 1.804800271987915
    vertex -66.4999008178711 -19.50320053100586 1.1008005142211914
  endloop
endfacet
facet normal 0.0 0.0 0.0
  outer loop
    vertex -62.499900817871094 -19.50320053100586 1.804800271987915
    vertex -62.499900817871094 -19.50320053100586 0.40320050716400146
    vertex -58.499900817871094 -19.50320053100586 1.1008001565933228
  endloop
endfacet
facet normal 0.0 0.0 0.0
  outer loop
    vertex -54.499900817871094 -19.50320053100586 0.40320026874542236
    vertex -58.499900817871094 -19.50320053100586 1.1008001565933228
    vertex -58.499900817871094 -19.50320053100586 0.4032003879547119
  endloop
endfacet
facet normal 0.0 0.0 0.0
  outer loop
    vertex -54.499900817871094 -19.50320053100586 0.40320026874542236
    vertex -54.499900817871094 -19.50320053100586 3.200000047683716
    vertex -58.499900817871094 -19.50320053100586 1.1008001565933228
  endloop
endfacet
facet normal 0.0 0.0 0.0
  outer loop
    vertex -70.4999008178711 -7.503199577331543 0.40320074558258057
    vertex -70.4999008178711 -7.503199577331543 1.100800633430481
    vertex -70.4999008178711 -3.5031991004943848 0.40320074558258057
  endloop
endfacet
facet normal 0.0 0.0 0.0
  outer loop
    vertex -70.4999008178711 -11.503199577331543 1.8048006296157837
    vertex -70.4999008178711 -11.503199577331543 0.40320074558258057
    vertex -70.4999008178711 -15.50320053100586 1.100800633430481
  endloop
endfacet
facet normal 0.0 0.0 0.0
  outer loop
    vertex -70.4999008178711 -7.503199577331543 3.200000524520874
    vertex -70.4999008178711 -7.503199577331543 2.5024006366729736
    vertex -70.4999008178711 -11.503199577331543 3.200000524520874
  endloop
endfacet
facet normal 0.0 0.0 0.0
  outer loop
    vertex -70.4999008178711 -15.50320053100586 0.40320074558258057
    vertex -70.4999008178711 -15.50320053100586 1.100800633430481
    vertex -70.4999008178711 -11.503199577331543 0.40320074558258057
  endloop
endfacet
facet normal 0.0 0.0 0.0
  outer loop
    vertex -70.4999008178711 -15.50320053100586 1.100800633430481
    vertex -70.4999008178711 -15.50320053100586 2.5024006366729736
    vertex -70.4999008178711 -11.503199577331543 1.8048006296157837
  endloop
endfacet
facet normal 0.0 0.0 0.0
  outer loop
    vertex -70.4999008178711 -7.503199577331543 2.5024006366729736
    vertex -70.4999008178711 -7.503199577331543 3.200000524520874
    vertex -70.4999008178711 -3.5031991004943848 3.200000524520874
  endloop
endfacet
facet normal 0.0 0.0 0.0
  outer loop
    vertex -70.4999008178711 -7.503199577331543 1.100800633430481
    vertex -70.4999008178711 -7.503199577331543 2.5024006366729736
    vertex -70.4999008178711 -3.5031991004943848 0.40320074558258057
  endloop
endfacet
facet normal 0.0 0.0 0.0
  outer loop
    vertex -70.4999008178711 -15.50320053100586 3.200000524520874
    vertex -70.4999008178711 -15.50320053100586 2.5024006366729736
    vertex -70.4999008178711 -19.50320053100586 3.200000524520874
  endloop
endfacet
facet normal 0.0 0.0 0.0
  outer loop
    vertex -70.4999008178711 -15.50320053100586 1.100800633430481
    vertex -70.4999008178711 -15.50320053100586 0.40320074558258057
    vertex -70.4999008178711 -19.50320053100586 0.40320074558258057
  endloop
endfacet
facet normal 0.0 0.0 0.0
  outer loop
    vertex -70.4999008178711 -7.503199577331543 1.100800633430481
    vertex -70.4999008178711 -7.503199577331543 0.40320074558258057
    vertex -70.4999008178711 -11.503199577331543 0.40320074558258057
  endloop
endfacet
facet normal 0.0 0.0 0.0
  outer loop
    vertex -70.4999008178711 -11.503199577331543 3.200000524520874
    vertex -70.4999008178711 -11.503199577331543 1.8048006296157837
    vertex -70.4999008178711 -15.50320053100586 2.5024006366729736
  endloop
endfacet
facet normal 0.0 0.0 0.0
  outer loop
    vertex -70.4999008178711 -15.50320053100586 2.5024006366729736
    vertex -70.4999008178711 -15.50320053100586 1.100800633430481
    vertex -70.4999008178711 -19.50320053100586 3.200000524520874
  endloop
endfacet
facet normal 0.0 0.0 0.0
  outer loop
    vertex -70.4999008178711 -15.50320053100586 2.5024006366729736
    vertex -70.4999008178711 -15.50320053100586 3.200000524520874
    vertex -70.4999008178711 -11.503199577331543 3.200000524520874
  endloop
endfacet
facet normal 0.0 0.0 0.0
  outer loop
    vertex -70.4999008178711 -19.50320053100586 0.40320074558258057
    vertex -70.4999008178711 -19.50320053100586 3.200000524520874
    vertex -70.4999008178711 -15.50320053100586 1.100800633430481
  endloop
endfacet
facet normal 0.0 0.0 0.0
  outer loop
    vertex -70.4999008178711 -11.503199577331543 0.40320074558258057
    vertex -70.4999008178711 -11.503199577331543 1.8048006296157837
    vertex -70.4999008178711 -7.503199577331543 1.100800633430481
  endloop
endfacet
facet normal 0.0 0.0 0.0
  outer loop
    vertex -70.4999008178711 -7.503199577331543 2.5024006366729736
    vertex -70.4999008178711 -7.503199577331543 1.100800633430481
    vertex -70.4999008178711 -11.503199577331543 1.8048006296157837
  endloop
endfacet
facet normal 0.0 0.0 0.0
  outer loop
    vertex -70.4999008178711 -11.503199577331543 1.8048006296157837
    vertex -70.4999008178711 -11.503199577331543 3.200000524520874
    vertex -70.4999008178711 -7.503199577331543 2.5024006366729736
  endloop
endfacet
facet normal 0.0 0.0 0.0
  outer loop
    vertex -70.4999008178711 -3.5031991004943848 3.200000524520874
    vertex -70.4999008178711 -3.5031991004943848 0.40320074558258057
    vertex -70.4999008178711 -7.503199577331543 2.5024006366729736
  endloop
endfacet
facet normal 0.0 0.0 0.0
  outer loop
    vertex -62.499900817871094 -3.5031991004943848 3.200000286102295
    vertex -58.499900817871094 -3.5031991004943848 3.200000286102295
    vertex -58.499900817871094 -3.5031991004943848 2.5024001598358154
  endloop
endfacet
facet normal 0.0 0.0 0.0
  outer loop
    vertex -62.499900817871094 -3.5031991004943848 1.804800271987915
    vertex -58.499900817871094 -3.5031991004943848 1.1008001565933228
    vertex -62.499900817871094 -3.496800422668457 0.40320050716400146
  endloop
endfacet
facet normal 0.0 0.0 0.0
  outer loop
    vertex -62.499900817871094 -3.496800422668457 0.40320050716400146
    vertex -66.4999008178711 -3.5031991004943848 0.403200626373291
    vertex -66.4999008178711 -3.5031991004943848 1.1008005142211914
  endloop
endfacet
facet normal 0.0 0.0 0.0
  outer loop
    vertex -54.499900817871094 -3.5031991004943848 0.40320026874542236
    vertex -58.499900817871094 -3.496800422668457 0.4032003879547119
    vertex -58.499900817871094 -3.5031991004943848 1.1008001565933228
  endloop
endfacet
facet normal 0.0 0.0 0.0
  outer loop
    vertex -70.4999008178711 -3.5031991004943848 3.200000524520874
    vertex -66.4999008178711 -3.5031991004943848 3.200000286102295
    vertex -66.4999008178711 -3.5031991004943848 2.5024003982543945
  endloop
endfacet
facet normal 0.0 0.0 0.0
  outer loop
    vertex -62.499900817871094 -3.5031991004943848 3.200000286102295
    vertex -58.499900817871094 -3.5031991004943848 2.5024001598358154
    vertex -62.499900817871094 -3.5031991004943848 1.804800271987915
  endloop
endfacet
facet normal 0.0 0.0 0.0
  outer loop
    vertex -54.499900817871094 -3.5031991004943848 0.40320026874542236
    vertex -58.499900817871094 -3.5031991004943848 2.5024001598358154
    vertex -54.499900817871094 -3.5031991004943848 3.200000047683716
  endloop
endfacet
facet normal 0.0 0.0 0.0
  outer loop
    vertex -66.4999008178711 -3.5031991004943848 0.403200626373291
    vertex -70.4999008178711 -3.5031991004943848 0.40320074558258057
    vertex -66.4999008178711 -3.5031991004943848 1.1008005142211914
  endloop
endfacet
facet normal 0.0 0.0 0.0
  outer loop
    vertex -58.499900817871094 -3.5031991004943848 3.200000286102295
    vertex -54.499900817871094 -3.5031991004943848 3.200000047683716
    vertex -58.499900817871094 -3.5031991004943848 2.5024001598358154
  endloop
endfacet
facet normal 0.0 0.0 0.0
  outer loop
    vertex -58.499900817871094 -3.496800422668457 0.4032003879547119
    vertex -62.499900817871094 -3.496800422668457 0.40320050716400146
    vertex -58.499900817871094 -3.5031991004943848 1.1008001565933228
  endloop
endfacet
facet normal 0.0 0.0 0.0
  outer loop
    vertex -70.4999008178711 -3.5031991004943848 3.200000524520874
    vertex -66.4999008178711 -3.5031991004943848 1.1008005142211914
    vertex -70.4999008178711 -3.5031991004943848 0.40320074558258057
  endloop
endfacet
facet normal 0.0 0.0 0.0
  outer loop
    vertex -62.499900817871094 -3.5031991004943848 1.804800271987915
    vertex -66.4999008178711 -3.5031991004943848 2.5024003982543945
    vertex -62.499900817871094 -3.5031991004943848 3.200000286102295
  endloop
endfacet
facet normal 0.0 0.0 0.0
  outer loop
    vertex -66.4999008178711 -3.5031991004943848 2.5024003982543945
    vertex -62.499900817871094 -3.5031991004943848 1.804800271987915
    vertex -66.4999008178711 -3.5031991004943848 1.1008005142211914
  endloop
endfacet
facet normal 0.0 0.0 0.0
  outer loop
    vertex -54.499900817871094 -3.5031991004943848 0.40320026874542236
    vertex -58.499900817871094 -3.5031991004943848 1.1008001565933228
    vertex -58.499900817871094 -3.5031991004943848 2.5024001598358154
  endloop
endfacet
facet normal 0.0 0.0 0.0
  outer loop
    vertex -70.4999008178711 -3.5031991004943848 3.200000524520874
    vertex -66.4999008178711 -3.5031991004943848 2.5024003982543945
    vertex -66.4999008178711 -3.5031991004943848 1.1008005142211914
  endloop
endfacet
facet normal 0.0 0.0 0.0
  outer loop
    vertex -62.499900817871094 -3.496800422668457 0.40320050716400146
    vertex -66.4999008178711 -3.5031991004943848 1.1008005142211914
    vertex -62.499900817871094 -3.5031991004943848 1.804800271987915
  endloop
endfacet
facet normal 0.0 0.0 0.0
  outer loop
    vertex -58.499900817871094 -3.5031991004943848 1.1008001565933228
    vertex -62.499900817871094 -3.5031991004943848 1.804800271987915
    vertex -58.499900817871094 -3.5031991004943848 2.5024001598358154
  endloop
endfacet
facet normal 0.0 0.0 0.0
  outer loop
    vertex -66.4999008178711 -3.5031991004943848 3.200000286102295
    vertex -62.499900817871094 -3.5031991004943848 3.200000286102295
    vertex -66.4999008178711 -3.5031991004943848 2.5024003982543945
  endloop
endfacet
facet normal 0.0 0.0 0.0
  outer loop
    vertex -54.499900817871094 -15.50320053100586 2.5023999214172363
    vertex -54.499900817871094 -11.503199577331543 3.200000047683716
    vertex -54.499900817871094 -15.50320053100586 3.200000047683716
  endloop
endfacet
facet normal 0.0 0.0 0.0
  outer loop
    vertex -54.499900817871094 -15.50320053100586 1.1008000373840332
    vertex -54.499900817871094 -19.50320053100586 0.40320026874542236
    vertex -54.499900817871094 -15.50320053100586 0.40320026874542236
  endloop
endfacet
facet normal 0.0 0.0 0.0
  outer loop
    vertex -54.499900817871094 -7.503199577331543 1.1008000373840332
    vertex -54.499900817871094 -11.503199577331543 0.40320026874542236
    vertex -54.499900817871094 -7.503199577331543 0.40320026874542236
  endloop
endfacet
facet normal 0.0 0.0 0.0
  outer loop
    vertex -54.499900817871094 -15.50320053100586 3.200000047683716
    vertex -54.499900817871094 -19.50320053100586 3.200000047683716
    vertex -54.499900817871094 -15.50320053100586 2.5023999214172363
  endloop
endfacet
facet normal 0.0 0.0 0.0
  outer loop
    vertex -54.499900817871094 -7.503199577331543 0.40320026874542236
    vertex -54.499900817871094 -3.5031991004943848 0.40320026874542236
    vertex -54.499900817871094 -7.503199577331543 1.1008000373840332
  endloop
endfacet
facet normal 0.0 0.0 0.0
  outer loop
    vertex -54.499900817871094 -15.50320053100586 0.40320026874542236
    vertex -54.499900817871094 -11.503199577331543 0.40320026874542236
    vertex -54.499900817871094 -15.50320053100586 1.1008000373840332
  endloop
endfacet
facet normal 0.0 0.0 0.0
  outer loop
    vertex -54.499900817871094 -3.5031991004943848 3.200000047683716
    vertex -54.499900817871094 -7.503199577331543 1.1008000373840332
    vertex -54.499900817871094 -3.5031991004943848 0.40320026874542236
  endloop
endfacet
facet normal 0.0 0.0 0.0
  outer loop
    vertex -54.499900817871094 -7.503199577331543 2.5023999214172363
    vertex -54.499900817871094 -3.5031991004943848 3.200000047683716
    vertex -54.499900817871094 -7.503199577331543 3.200000047683716
  endloop
endfacet
facet normal 0.0 0.0 0.0
  outer loop
    vertex -54.499900817871094 -19.50320053100586 0.40320026874542236
    vertex -54.499900817871094 -15.50320053100586 2.5023999214172363
    vertex -54.499900817871094 -19.50320053100586 3.200000047683716
  endloop
endfacet
facet normal 0.0 0.0 0.0
  outer loop
    vertex -54.499900817871094 -11.503199577331543 3.200000047683716
    vertex -54.499900817871094 -15.50320053100586 2.5023999214172363
    vertex -54.499900817871094 -11.503199577331543 1.804800033569336
  endloop
endfacet
facet normal 0.0 0.0 0.0
  outer loop
    vertex -54.499900817871094 -7.503199577331543 1.1008000373840332
    vertex -54.499900817871094 -3.5031991004943848 3.200000047683716
    vertex -54.499900817871094 -7.503199577331543 2.5023999214172363
  endloop
endfacet
facet normal 0.0 0.0 0.0
  outer loop
    vertex -54.499900817871094 -7.503199577331543 2.5023999214172363
    vertex -54.499900817871094 -11.503199577331543 1.804800033569336
    vertex -54.499900817871094 -7.503199577331543 1.1008000373840332
  endloop
endfacet
facet normal 0.0 0.0 0.0
  outer loop
    vertex -54.499900817871094 -11.503199577331543 1.804800033569336
    vertex -54.499900817871094 -15.50320053100586 1.1008000373840332
    vertex -54.499900817871094 -11.503199577331543 0.40320026874542236
  endloop
endfacet
facet normal 0.0 0.0 0.0
  outer loop
    vertex -54.499900817871094 -11.503199577331543 1.804800033569336
    vertex -54.499900817871094 -7.503199577331543 2.5023999214172363
    vertex -54.499900817871094 -11.503199577331543 3.200000047683716
  endloop
endfacet
facet normal 0.0 0.0 0.0
  outer loop
    vertex -54.499900817871094 -11.503199577331543 0.40320026874542236
    vertex -54.499900817871094 -7.503199577331543 1.1008000373840332
    vertex -54.499900817871094 -11.503199577331543 1.804800033569336
  endloop
endfacet
facet normal 0.0 0.0 0.0
  outer loop
    vertex -54.499900817871094 -15.50320053100586 2.5023999214172363
    vertex -54.499900817871094 -19.50320053100586 0.40320026874542236
    vertex -54.499900817871094 -15.50320053100586 1.1008000373840332
  endloop
endfacet
facet normal 0.0 0.0 0.0
  outer loop
    vertex -54.499900817871094 -15.50320053100586 1.1008000373840332
    vertex -54.499900817871094 -11.503199577331543 1.804800033569336
    vertex -54.499900817871094 -15.50320053100586 2.5023999214172363
  endloop
endfacet
facet normal 0.0 0.0 0.0
  outer loop
    vertex -54.499900817871094 -7.503199577331543 3.200000047683716
    vertex -54.499900817871094 -11.503199577331543 3.200000047683716
    vertex -54.499900817871094 -7.503199577331543 2.5023999214172363
  endloop
endfacet
facet normal 0.0 0.0 0.0
  outer loop
    vertex -54.499900817871094 -19.50320053100586 3.200000047683716
    vertex -54.499900817871094 -15.50320053100586 3.200000047683716
    vertex -58.499900817871094 -15.50320053100586 3.200000286102295
  endloop
endfacet
facet normal 0.0 0.0 0.0
  outer loop
    vertex -70.4999008178711 -11.503199577331543 3.200000524520874
    vertex -70.4999008178711 -15.50320053100586 3.200000524520874
    vertex -66.4999008178711 -15.50320053100586 3.200000286102295
  endloop
endfacet
facet normal 0.0 0.0 0.0
  outer loop
    vertex -54.499900817871094 -15.50320053100586 3.200000047683716
    vertex -54.499900817871094 -11.503199577331543 3.200000047683716
    vertex -58.499900817871094 -15.50320053100586 3.200000286102295
  endloop
endfacet
facet normal 0.0 0.0 0.0
  outer loop
    vertex -58.499900817871094 -11.503199577331543 3.200000286102295
    vertex -58.499900817871094 -15.50320053100586 3.200000286102295
    vertex -54.499900817871094 -11.503199577331543 3.200000047683716
  endloop
endfacet
facet normal 0.0 0.0 0.0
  outer loop
    vertex -58.499900817871094 -3.5031991004943848 3.200000286102295
    vertex -58.499900817871094 -7.503199577331543 3.200000286102295
    vertex -54.499900817871094 -3.5031991004943848 3.200000047683716
  endloop
endfacet
facet normal 0.0 0.0 0.0
  outer loop
    vertex -54.499900817871094 -7.503199577331543 3.200000047683716
    vertex -54.499900817871094 -3.5031991004943848 3.200000047683716
    vertex -58.499900817871094 -7.503199577331543 3.200000286102295
  endloop
endfacet
facet normal 0.0 0.0 0.0
  outer loop
    vertex -62.499900817871094 -7.503199577331543 3.200000286102295
    vertex -62.499900817871094 -11.503199577331543 3.200000286102295
    vertex -58.499900817871094 -7.503199577331543 3.200000286102295
  endloop
endfacet
facet normal 0.0 0.0 0.0
  outer loop
    vertex -58.499900817871094 -11.503199577331543 3.200000286102295
    vertex -58.499900817871094 -7.503199577331543 3.200000286102295
    vertex -62.499900817871094 -11.503199577331543 3.200000286102295
  endloop
endfacet
facet normal 0.0 0.0 0.0
  outer loop
    vertex -58.499900817871094 -7.503199577331543 3.200000286102295
    vertex -58.499900817871094 -3.5031991004943848 3.200000286102295
    vertex -62.499900817871094 -3.5031991004943848 3.200000286102295
  endloop
endfacet
facet normal 0.0 0.0 0.0
  outer loop
    vertex -62.499900817871094 -3.5031991004943848 3.200000286102295
    vertex -62.499900817871094 -7.503199577331543 3.200000286102295
    vertex -58.499900817871094 -7.503199577331543 3.200000286102295
  endloop
endfacet
facet normal 0.0 0.0 0.0
  outer loop
    vertex -62.499900817871094 -11.503199577331543 3.200000286102295
    vertex -62.499900817871094 -7.503199577331543 3.200000286102295
    vertex -66.4999008178711 -7.503199577331543 3.200000286102295
  endloop
endfacet
facet normal 0.0 0.0 0.0
  outer loop
    vertex -66.4999008178711 -3.5031991004943848 3.200000286102295
    vertex -66.4999008178711 -7.503199577331543 3.200000286102295
    vertex -62.499900817871094 -3.5031991004943848 3.200000286102295
  endloop
endfacet
facet normal 0.0 0.0 0.0
  outer loop
    vertex -66.4999008178711 -19.50320053100586 3.200000286102295
    vertex -66.4999008178711 -15.50320053100586 3.200000286102295
    vertex -70.4999008178711 -19.50320053100586 3.200000524520874
  endloop
endfacet
facet normal 0.0 0.0 0.0
  outer loop
    vertex -66.4999008178711 -7.503199577331543 3.200000286102295
    vertex -66.4999008178711 -11.503199577331543 3.200000286102295
    vertex -62.499900817871094 -11.503199577331543 3.200000286102295
  endloop
endfacet
facet normal 0.0 0.0 0.0
  outer loop
    vertex -54.499900817871094 -11.503199577331543 3.200000047683716
    vertex -54.499900817871094 -7.503199577331543 3.200000047683716
    vertex -58.499900817871094 -7.503199577331543 3.200000286102295
  endloop
endfacet
facet normal 0.0 0.0 0.0
  outer loop
    vertex -58.499900817871094 -7.503199577331543 3.200000286102295
    vertex -58.499900817871094 -11.503199577331543 3.200000286102295
    vertex -54.499900817871094 -11.503199577331543 3.200000047683716
  endloop
endfacet
facet normal 0.0 0.0 0.0
  outer loop
    vertex -62.499900817871094 -19.50320053100586 3.200000286102295
    vertex -62.499900817871094 -15.50320053100586 3.200000286102295
    vertex -66.4999008178711 -15.50320053100586 3.200000286102295
  endloop
endfacet
facet normal 0.0 0.0 0.0
  outer loop
    vertex -62.499900817871094 -7.503199577331543 3.200000286102295
    vertex -62.499900817871094 -3.5031991004943848 3.200000286102295
    vertex -66.4999008178711 -7.503199577331543 3.200000286102295
  endloop
endfacet
facet normal 0.0 0.0 0.0
  outer loop
    vertex -66.4999008178711 -11.503199577331543 3.200000286102295
    vertex -66.4999008178711 -7.503199577331543 3.200000286102295
    vertex -70.4999008178711 -11.503199577331543 3.200000524520874
  endloop
endfacet
facet normal 0.0 0.0 0.0
  outer loop
    vertex -66.4999008178711 -11.503199577331543 3.200000286102295
    vertex -66.4999008178711 -15.50320053100586 3.200000286102295
    vertex -62.499900817871094 -11.503199577331543 3.200000286102295
  endloop
endfacet
facet normal 0.0 0.0 0.0
  outer loop
    vertex -70.4999008178711 -3.5031991004943848 3.200000524520874
    vertex -70.4999008178711 -7.503199577331543 3.200000524520874
    vertex -66.4999008178711 -7.503199577331543 3.200000286102295
  endloop
endfacet
facet normal 0.0 0.0 0.0
  outer loop
    vertex -62.499900817871094 -15.50320053100586 3.200000286102295
    vertex -62.499900817871094 -11.503199577331543 3.200000286102295
    vertex -66.4999008178711 -15.50320053100586 3.200000286102295
  endloop
endfacet
facet normal 0.0 0.0 0.0
  outer loop
    vertex -66.4999008178711 -15.50320053100586 3.200000286102295
    vertex -66.4999008178711 -19.50320053100586 3.200000286102295
    vertex -62.499900817871094 -19.50320053100586 3.200000286102295
  endloop
endfacet
facet normal 0.0 0.0 0.0
  outer loop
    vertex -62.499900817871094 -15.50320053100586 3.200000286102295
    vertex -62.499900817871094 -19.50320053100586 3.200000286102295
    vertex -58.499900817871094 -15.50320053100586 3.200000286102295
  endloop
endfacet
facet normal 0.0 0.0 0.0
  outer loop
    vertex -58.499900817871094 -15.50320053100586 3.200000286102295
    vertex -58.499900817871094 -11.503199577331543 3.200000286102295
    vertex -62.499900817871094 -11.503199577331543 3.200000286102295
  endloop
endfacet
facet normal 0.0 0.0 0.0
  outer loop
    vertex -62.499900817871094 -11.503199577331543 3.200000286102295
    vertex -62.499900817871094 -15.50320053100586 3.200000286102295
    vertex -58.499900817871094 -15.50320053100586 3.200000286102295
  endloop
endfacet
facet normal 0.0 0.0 0.0
  outer loop
    vertex -66.4999008178711 -15.50320053100586 3.200000286102295
    vertex -66.4999008178711 -11.503199577331543 3.200000286102295
    vertex -70.4999008178711 -11.503199577331543 3.200000524520874
  endloop
endfacet
facet normal 0.0 0.0 0.0
  outer loop
    vertex -66.4999008178711 -7.503199577331543 3.200000286102295
    vertex -66.4999008178711 -3.5031991004943848 3.200000286102295
    vertex -70.4999008178711 -3.5031991004943848 3.200000524520874
  endloop
endfacet
facet normal 0.0 0.0 0.0
  outer loop
    vertex -58.499900817871094 -15.50320053100586 3.200000286102295
    vertex -58.499900817871094 -19.50320053100586 3.200000286102295
    vertex -54.499900817871094 -19.50320053100586 3.200000047683716
  endloop
endfacet
facet normal 0.0 0.0 0.0
  outer loop
    vertex -58.499900817871094 -19.50320053100586 3.200000286102295
    vertex -58.499900817871094 -15.50320053100586 3.200000286102295
    vertex -62.499900817871094 -19.50320053100586 3.200000286102295
  endloop
endfacet
facet normal 0.0 0.0 0.0
  outer loop
    vertex -70.4999008178711 -15.50320053100586 3.200000524520874
    vertex -70.4999008178711 -19.50320053100586 3.200000524520874
    vertex -66.4999008178711 -15.50320053100586 3.200000286102295
  endloop
endfacet
facet normal 0.0 0.0 0.0
  outer loop
    vertex -70.4999008178711 -7.503199577331543 3.200000524520874
    vertex -70.4999008178711 -11.503199577331543 3.200000524520874
    vertex -66.4999008178711 -7.503199577331543 3.200000286102295
  endloop
endfacet
endsolid Uranium STLWriter Sat 29 Jan 2022 09:45:45
