solid Uranium STLWriter Mon 31 Jan 2022 12:13:47
facet normal 0.0 0.0 0.0
  outer loop
    vertex 5.136002063751221 2.3999998569488525 13.632001876831055
    vertex 6.115201473236084 2.3999998569488525 13.305602073669434
    vertex 16.003206253051758 2.3999998569488525 14.400002479553223
  endloop
endfacet
facet normal 0.0 0.0 0.0
  outer loop
    vertex 16.003206253051758 2.3999998569488525 14.400002479553223
    vertex 16.003206253051758 2.3999996185302734 17.606403350830078
    vertex 7.9968037605285645 2.3999996185302734 16.012802124023438
  endloop
endfacet
facet normal 0.0 0.0 0.0
  outer loop
    vertex -16.003204345703125 2.3999996185302734 17.606403350830078
    vertex -7.996801376342773 2.3999996185302734 16.012802124023438
    vertex -0.39360055327415466 2.3999996185302734 17.606403350830078
  endloop
endfacet
facet normal 0.0 0.0 0.0
  outer loop
    vertex -22.396806716918945 2.3999996185302734 17.606403350830078
    vertex -19.996807098388672 2.3999998569488525 8.812801361083984
    vertex -17.596805572509766 2.3999996185302734 17.606403350830078
  endloop
endfacet
facet normal 0.0 0.0 0.0
  outer loop
    vertex 0.009598733857274055 2.3999998569488525 14.400002479553223
    vertex -7.996801376342773 2.3999996185302734 16.012802124023438
    vertex -16.003204345703125 2.3999998569488525 14.400002479553223
  endloop
endfacet
facet normal 0.0 0.0 0.0
  outer loop
    vertex 22.396806716918945 2.3999998569488525 8.812801361083984
    vertex 22.396806716918945 2.3999996185302734 17.606403350830078
    vertex 19.996803283691406 2.3999998569488525 8.812801361083984
  endloop
endfacet
facet normal 0.0 0.0 0.0
  outer loop
    vertex -17.596805572509766 2.4000000953674316 0.0
    vertex -17.596805572509766 2.3999998569488525 8.812801361083984
    vertex -19.996807098388672 2.3999998569488525 8.812801361083984
  endloop
endfacet
facet normal 0.0 0.0 0.0
  outer loop
    vertex -22.396806716918945 2.3999996185302734 17.606403350830078
    vertex -22.396806716918945 2.3999998569488525 8.812801361083984
    vertex -19.996807098388672 2.3999998569488525 8.812801361083984
  endloop
endfacet
facet normal 0.0 0.0 0.0
  outer loop
    vertex 17.596805572509766 2.3999996185302734 17.606403350830078
    vertex 19.996803283691406 2.3999998569488525 8.812801361083984
    vertex 22.396806716918945 2.3999996185302734 17.606403350830078
  endloop
endfacet
facet normal 0.0 0.0 0.0
  outer loop
    vertex -17.596805572509766 2.3999998569488525 8.812801361083984
    vertex -17.596805572509766 2.3999996185302734 17.606403350830078
    vertex -19.996807098388672 2.3999998569488525 8.812801361083984
  endloop
endfacet
facet normal 0.0 0.0 0.0
  outer loop
    vertex 22.396806716918945 2.4000000953674316 0.0
    vertex 22.396806716918945 2.3999998569488525 8.812801361083984
    vertex 19.996803283691406 2.3999998569488525 8.812801361083984
  endloop
endfacet
facet normal 0.0 0.0 0.0
  outer loop
    vertex 17.596805572509766 2.3999996185302734 17.606403350830078
    vertex 17.596805572509766 2.3999998569488525 8.812801361083984
    vertex 19.996803283691406 2.3999998569488525 8.812801361083984
  endloop
endfacet
facet normal 0.0 0.0 0.0
  outer loop
    vertex -17.596805572509766 2.4000000953674316 0.0
    vertex -19.996807098388672 2.3999998569488525 8.812801361083984
    vertex -22.396806716918945 2.4000000953674316 0.0
  endloop
endfacet
facet normal 0.0 0.0 0.0
  outer loop
    vertex -0.39360055327415466 2.3999996185302734 17.52960205078125
    vertex -0.39360055327415466 2.3999996185302734 17.606403350830078
    vertex -7.996801376342773 2.3999996185302734 16.012802124023438
  endloop
endfacet
facet normal 0.0 0.0 0.0
  outer loop
    vertex 22.396806716918945 2.4000000953674316 0.0
    vertex 19.996803283691406 2.3999998569488525 8.812801361083984
    vertex 17.596805572509766 2.4000000953674316 0.0
  endloop
endfacet
facet normal 0.0 0.0 0.0
  outer loop
    vertex -22.396806716918945 2.3999998569488525 8.812801361083984
    vertex -22.396806716918945 2.4000000953674316 0.0
    vertex -19.996807098388672 2.3999998569488525 8.812801361083984
  endloop
endfacet
facet normal 0.0 0.0 0.0
  outer loop
    vertex 17.596805572509766 2.3999998569488525 8.812801361083984
    vertex 17.596805572509766 2.4000000953674316 0.0
    vertex 19.996803283691406 2.3999998569488525 8.812801361083984
  endloop
endfacet
facet normal 0.0 0.0 0.0
  outer loop
    vertex -0.39360055327415466 2.3999998569488525 14.803201675415039
    vertex -0.39360055327415466 2.3999996185302734 17.52960205078125
    vertex -7.996801376342773 2.3999996185302734 16.012802124023438
  endloop
endfacet
facet normal 0.0 0.0 0.0
  outer loop
    vertex 0.009598733857274055 2.3999998569488525 14.400002479553223
    vertex 0.009598733857274055 2.3999998569488525 14.803201675415039
    vertex -0.39360055327415466 2.3999998569488525 14.803201675415039
  endloop
endfacet
facet normal 0.0 0.0 0.0
  outer loop
    vertex 0.009598733857274055 2.3999998569488525 14.400002479553223
    vertex -0.39360055327415466 2.3999998569488525 14.803201675415039
    vertex -7.996801376342773 2.3999996185302734 16.012802124023438
  endloop
endfacet
facet normal 0.0 0.0 0.0
  outer loop
    vertex 0.009598733857274055 2.3999998569488525 14.803201675415039
    vertex 0.009598733857274055 2.3999998569488525 14.400002479553223
    vertex 0.39360055327415466 2.3999998569488525 14.803201675415039
  endloop
endfacet
facet normal 0.0 0.0 0.0
  outer loop
    vertex 7.9968037605285645 2.3999996185302734 16.012802124023438
    vertex 0.39360055327415466 2.3999998569488525 14.803201675415039
    vertex 0.009598733857274055 2.3999998569488525 14.400002479553223
  endloop
endfacet
facet normal 0.0 0.0 0.0
  outer loop
    vertex -16.003204345703125 2.3999996185302734 17.606403350830078
    vertex -16.003204345703125 2.3999998569488525 14.400002479553223
    vertex -7.996801376342773 2.3999996185302734 16.012802124023438
  endloop
endfacet
facet normal 0.0 0.0 0.0
  outer loop
    vertex -16.003204345703125 2.3999998569488525 14.400002479553223
    vertex -1.0464003086090088 2.3999998569488525 14.380802154541016
    vertex 0.009598733857274055 2.3999998569488525 14.400002479553223
  endloop
endfacet
facet normal 0.0 0.0 0.0
  outer loop
    vertex -16.003204345703125 2.3999998569488525 14.400002479553223
    vertex -2.0832018852233887 2.3999998569488525 14.284802436828613
    vertex -1.0464003086090088 2.3999998569488525 14.380802154541016
  endloop
endfacet
facet normal 0.0 0.0 0.0
  outer loop
    vertex -16.003204345703125 2.3999998569488525 14.400002479553223
    vertex -3.1200008392333984 2.3999998569488525 14.131202697753906
    vertex -2.0832018852233887 2.3999998569488525 14.284802436828613
  endloop
endfacet
facet normal 0.0 0.0 0.0
  outer loop
    vertex -16.003204345703125 2.3999998569488525 14.400002479553223
    vertex -4.137601375579834 2.3999998569488525 13.920001983642578
    vertex -3.1200008392333984 2.3999998569488525 14.131202697753906
  endloop
endfacet
facet normal 0.0 0.0 0.0
  outer loop
    vertex -16.003204345703125 2.3999998569488525 14.400002479553223
    vertex -5.136001110076904 2.3999998569488525 13.632001876831055
    vertex -4.137601375579834 2.3999998569488525 13.920001983642578
  endloop
endfacet
facet normal 0.0 0.0 0.0
  outer loop
    vertex -16.003204345703125 2.3999998569488525 14.400002479553223
    vertex -6.115201473236084 2.3999998569488525 13.305602073669434
    vertex -5.136001110076904 2.3999998569488525 13.632001876831055
  endloop
endfacet
facet normal 0.0 0.0 0.0
  outer loop
    vertex -16.003204345703125 2.3999998569488525 14.400002479553223
    vertex -7.075202465057373 2.3999998569488525 12.921601295471191
    vertex -6.115201473236084 2.3999998569488525 13.305602073669434
  endloop
endfacet
facet normal 0.0 0.0 0.0
  outer loop
    vertex -16.003204345703125 2.3999998569488525 14.400002479553223
    vertex -7.996801376342773 2.3999998569488525 12.480001449584961
    vertex -7.075202465057373 2.3999998569488525 12.921601295471191
  endloop
endfacet
facet normal 0.0 0.0 0.0
  outer loop
    vertex -16.003204345703125 2.3999998569488525 14.400002479553223
    vertex -8.88000202178955 2.3999998569488525 11.980801582336426
    vertex -7.996801376342773 2.3999998569488525 12.480001449584961
  endloop
endfacet
facet normal 0.0 0.0 0.0
  outer loop
    vertex -16.003204345703125 2.3999998569488525 14.400002479553223
    vertex -9.744002342224121 2.3999998569488525 11.424001693725586
    vertex -8.88000202178955 2.3999998569488525 11.980801582336426
  endloop
endfacet
facet normal 0.0 0.0 0.0
  outer loop
    vertex -16.003204345703125 2.3999998569488525 14.400002479553223
    vertex -10.550403594970703 2.3999998569488525 10.828801155090332
    vertex -9.744002342224121 2.3999998569488525 11.424001693725586
  endloop
endfacet
facet normal 0.0 0.0 0.0
  outer loop
    vertex -16.003204345703125 2.3999998569488525 14.400002479553223
    vertex -11.318403244018555 2.3999998569488525 10.195201873779297
    vertex -10.550403594970703 2.3999998569488525 10.828801155090332
  endloop
endfacet
facet normal 0.0 0.0 0.0
  outer loop
    vertex -16.003204345703125 2.3999998569488525 14.400002479553223
    vertex -12.028803825378418 2.3999998569488525 9.504002571105957
    vertex -11.318403244018555 2.3999998569488525 10.195201873779297
  endloop
endfacet
facet normal 0.0 0.0 0.0
  outer loop
    vertex -16.003204345703125 2.3999998569488525 14.400002479553223
    vertex -12.700804710388184 2.3999998569488525 8.77440071105957
    vertex -12.028803825378418 2.3999998569488525 9.504002571105957
  endloop
endfacet
facet normal 0.0 0.0 0.0
  outer loop
    vertex -16.003204345703125 2.3999998569488525 14.400002479553223
    vertex -13.296003341674805 2.3999998569488525 8.006402015686035
    vertex -12.700804710388184 2.3999998569488525 8.77440071105957
  endloop
endfacet
facet normal 0.0 0.0 0.0
  outer loop
    vertex -16.003204345703125 2.3999998569488525 14.400002479553223
    vertex -13.852804183959961 2.3999998569488525 7.200001239776611
    vertex -13.296003341674805 2.3999998569488525 8.006402015686035
  endloop
endfacet
facet normal 0.0 0.0 0.0
  outer loop
    vertex -16.003204345703125 2.3999998569488525 14.400002479553223
    vertex -14.352004051208496 2.3999998569488525 6.374400615692139
    vertex -13.852804183959961 2.3999998569488525 7.200001239776611
  endloop
endfacet
facet normal 0.0 0.0 0.0
  outer loop
    vertex -16.003204345703125 2.3999998569488525 14.400002479553223
    vertex -14.77440357208252 2.3999998569488525 5.510400295257568
    vertex -14.352004051208496 2.3999998569488525 6.374400615692139
  endloop
endfacet
facet normal 0.0 0.0 0.0
  outer loop
    vertex -16.003204345703125 2.3999998569488525 14.400002479553223
    vertex -15.158404350280762 2.4000000953674316 4.627200126647949
    vertex -14.77440357208252 2.3999998569488525 5.510400295257568
  endloop
endfacet
facet normal 0.0 0.0 0.0
  outer loop
    vertex -16.003204345703125 2.3999998569488525 14.400002479553223
    vertex -15.446403503417969 2.4000000953674316 3.7248001098632812
    vertex -15.158404350280762 2.4000000953674316 4.627200126647949
  endloop
endfacet
facet normal 0.0 0.0 0.0
  outer loop
    vertex -16.003204345703125 2.3999998569488525 14.400002479553223
    vertex -15.696003913879395 2.4000000953674316 2.8032002449035645
    vertex -15.446403503417969 2.4000000953674316 3.7248001098632812
  endloop
endfacet
facet normal 0.0 0.0 0.0
  outer loop
    vertex -16.003204345703125 2.3999998569488525 14.400002479553223
    vertex -15.868804931640625 2.4000000953674316 1.8816003799438477
    vertex -15.696003913879395 2.4000000953674316 2.8032002449035645
  endloop
endfacet
facet normal 0.0 0.0 0.0
  outer loop
    vertex -16.003204345703125 2.3999998569488525 14.400002479553223
    vertex -15.964804649353027 2.4000000953674316 0.940800666809082
    vertex -15.868804931640625 2.4000000953674316 1.8816003799438477
  endloop
endfacet
facet normal 0.0 0.0 0.0
  outer loop
    vertex -16.003204345703125 2.3999998569488525 14.400002479553223
    vertex -16.003204345703125 2.4000000953674316 0.0
    vertex -15.964804649353027 2.4000000953674316 0.940800666809082
  endloop
endfacet
facet normal 0.0 0.0 0.0
  outer loop
    vertex 15.868807792663574 2.4000000953674316 1.8816003799438477
    vertex 15.964804649353027 2.4000000953674316 0.940800666809082
    vertex 16.003206253051758 2.3999998569488525 14.400002479553223
  endloop
endfacet
facet normal 0.0 0.0 0.0
  outer loop
    vertex 16.003206253051758 2.4000000953674316 0.0
    vertex 16.003206253051758 2.3999998569488525 14.400002479553223
    vertex 15.964804649353027 2.4000000953674316 0.940800666809082
  endloop
endfacet
facet normal 0.0 0.0 0.0
  outer loop
    vertex 15.696006774902344 2.4000000953674316 2.8032002449035645
    vertex 15.868807792663574 2.4000000953674316 1.8816003799438477
    vertex 16.003206253051758 2.3999998569488525 14.400002479553223
  endloop
endfacet
facet normal 0.0 0.0 0.0
  outer loop
    vertex 15.446406364440918 2.4000000953674316 3.7248001098632812
    vertex 15.696006774902344 2.4000000953674316 2.8032002449035645
    vertex 16.003206253051758 2.3999998569488525 14.400002479553223
  endloop
endfacet
facet normal 0.0 0.0 0.0
  outer loop
    vertex 15.158403396606445 2.4000000953674316 4.627200126647949
    vertex 15.446406364440918 2.4000000953674316 3.7248001098632812
    vertex 16.003206253051758 2.3999998569488525 14.400002479553223
  endloop
endfacet
facet normal 0.0 0.0 0.0
  outer loop
    vertex 14.77440357208252 2.3999998569488525 5.510400295257568
    vertex 15.158403396606445 2.4000000953674316 4.627200126647949
    vertex 16.003206253051758 2.3999998569488525 14.400002479553223
  endloop
endfacet
facet normal 0.0 0.0 0.0
  outer loop
    vertex 14.352005004882812 2.3999998569488525 6.374400615692139
    vertex 14.77440357208252 2.3999998569488525 5.510400295257568
    vertex 16.003206253051758 2.3999998569488525 14.400002479553223
  endloop
endfacet
facet normal 0.0 0.0 0.0
  outer loop
    vertex 13.852804183959961 2.3999998569488525 7.200001239776611
    vertex 14.352005004882812 2.3999998569488525 6.374400615692139
    vertex 16.003206253051758 2.3999998569488525 14.400002479553223
  endloop
endfacet
facet normal 0.0 0.0 0.0
  outer loop
    vertex 13.296006202697754 2.3999998569488525 8.006402015686035
    vertex 13.852804183959961 2.3999998569488525 7.200001239776611
    vertex 16.003206253051758 2.3999998569488525 14.400002479553223
  endloop
endfacet
facet normal 0.0 0.0 0.0
  outer loop
    vertex 12.700803756713867 2.3999998569488525 8.77440071105957
    vertex 13.296006202697754 2.3999998569488525 8.006402015686035
    vertex 16.003206253051758 2.3999998569488525 14.400002479553223
  endloop
endfacet
facet normal 0.0 0.0 0.0
  outer loop
    vertex 12.028800964355469 2.3999998569488525 9.504002571105957
    vertex 12.700803756713867 2.3999998569488525 8.77440071105957
    vertex 16.003206253051758 2.3999998569488525 14.400002479553223
  endloop
endfacet
facet normal 0.0 0.0 0.0
  outer loop
    vertex 11.318404197692871 2.3999998569488525 10.195201873779297
    vertex 12.028800964355469 2.3999998569488525 9.504002571105957
    vertex 16.003206253051758 2.3999998569488525 14.400002479553223
  endloop
endfacet
facet normal 0.0 0.0 0.0
  outer loop
    vertex 10.550403594970703 2.3999998569488525 10.828801155090332
    vertex 11.318404197692871 2.3999998569488525 10.195201873779297
    vertex 16.003206253051758 2.3999998569488525 14.400002479553223
  endloop
endfacet
facet normal 0.0 0.0 0.0
  outer loop
    vertex 9.744002342224121 2.3999998569488525 11.424001693725586
    vertex 10.550403594970703 2.3999998569488525 10.828801155090332
    vertex 16.003206253051758 2.3999998569488525 14.400002479553223
  endloop
endfacet
facet normal 0.0 0.0 0.0
  outer loop
    vertex 8.880003929138184 2.3999998569488525 11.980801582336426
    vertex 9.744002342224121 2.3999998569488525 11.424001693725586
    vertex 16.003206253051758 2.3999998569488525 14.400002479553223
  endloop
endfacet
facet normal 0.0 0.0 0.0
  outer loop
    vertex 7.9968037605285645 2.3999998569488525 12.480001449584961
    vertex 8.880003929138184 2.3999998569488525 11.980801582336426
    vertex 16.003206253051758 2.3999998569488525 14.400002479553223
  endloop
endfacet
facet normal 0.0 0.0 0.0
  outer loop
    vertex 7.075201511383057 2.3999998569488525 12.921601295471191
    vertex 7.9968037605285645 2.3999998569488525 12.480001449584961
    vertex 16.003206253051758 2.3999998569488525 14.400002479553223
  endloop
endfacet
facet normal 0.0 0.0 0.0
  outer loop
    vertex 6.115201473236084 2.3999998569488525 13.305602073669434
    vertex 7.075201511383057 2.3999998569488525 12.921601295471191
    vertex 16.003206253051758 2.3999998569488525 14.400002479553223
  endloop
endfacet
facet normal 0.0 0.0 0.0
  outer loop
    vertex 4.137600421905518 2.3999998569488525 13.920001983642578
    vertex 5.136002063751221 2.3999998569488525 13.632001876831055
    vertex 16.003206253051758 2.3999998569488525 14.400002479553223
  endloop
endfacet
facet normal 0.0 0.0 0.0
  outer loop
    vertex 3.1200008392333984 2.3999998569488525 14.131202697753906
    vertex 4.137600421905518 2.3999998569488525 13.920001983642578
    vertex 16.003206253051758 2.3999998569488525 14.400002479553223
  endloop
endfacet
facet normal 0.0 0.0 0.0
  outer loop
    vertex 2.0831995010375977 2.3999998569488525 14.284802436828613
    vertex 3.1200008392333984 2.3999998569488525 14.131202697753906
    vertex 16.003206253051758 2.3999998569488525 14.400002479553223
  endloop
endfacet
facet normal 0.0 0.0 0.0
  outer loop
    vertex 1.0464003086090088 2.3999998569488525 14.380802154541016
    vertex 2.0831995010375977 2.3999998569488525 14.284802436828613
    vertex 16.003206253051758 2.3999998569488525 14.400002479553223
  endloop
endfacet
facet normal 0.0 0.0 0.0
  outer loop
    vertex 0.009598733857274055 2.3999998569488525 14.400002479553223
    vertex 1.0464003086090088 2.3999998569488525 14.380802154541016
    vertex 16.003206253051758 2.3999998569488525 14.400002479553223
  endloop
endfacet
facet normal 0.0 0.0 0.0
  outer loop
    vertex 16.003206253051758 2.3999998569488525 14.400002479553223
    vertex 7.9968037605285645 2.3999996185302734 16.012802124023438
    vertex 0.009598733857274055 2.3999998569488525 14.400002479553223
  endloop
endfacet
facet normal 0.0 0.0 0.0
  outer loop
    vertex 0.39360055327415466 2.3999996185302734 17.52960205078125
    vertex 0.39360055327415466 2.3999998569488525 14.803201675415039
    vertex 7.9968037605285645 2.3999996185302734 16.012802124023438
  endloop
endfacet
facet normal 0.0 0.0 0.0
  outer loop
    vertex 0.39360055327415466 2.3999996185302734 17.606403350830078
    vertex 0.39360055327415466 2.3999996185302734 17.52960205078125
    vertex 7.9968037605285645 2.3999996185302734 16.012802124023438
  endloop
endfacet
facet normal 0.0 0.0 0.0
  outer loop
    vertex 0.39360055327415466 2.3999996185302734 17.606403350830078
    vertex 7.9968037605285645 2.3999996185302734 16.012802124023438
    vertex 16.003206253051758 2.3999996185302734 17.606403350830078
  endloop
endfacet
facet normal 0.0 0.0 0.0
  outer loop
    vertex 16.003206253051758 -2.4000000953674316 14.400002479553223
    vertex 0.009598733857274055 -2.4000000953674316 14.400002479553223
    vertex 7.9968037605285645 -2.4000003337860107 16.012802124023438
  endloop
endfacet
facet normal 0.0 0.0 0.0
  outer loop
    vertex 16.003206253051758 -2.4000000953674316 14.400002479553223
    vertex 7.9968037605285645 -2.4000003337860107 16.012802124023438
    vertex 16.003206253051758 -2.4000003337860107 17.606403350830078
  endloop
endfacet
facet normal 0.0 0.0 0.0
  outer loop
    vertex 22.396806716918945 -2.4000000953674316 8.812801361083984
    vertex 19.996803283691406 -2.4000000953674316 8.812801361083984
    vertex 22.396806716918945 -2.4000003337860107 17.606403350830078
  endloop
endfacet
facet normal 0.0 0.0 0.0
  outer loop
    vertex -16.003204345703125 -2.4000003337860107 17.606403350830078
    vertex -7.996801376342773 -2.4000003337860107 16.012802124023438
    vertex -16.003204345703125 -2.4000000953674316 14.400002479553223
  endloop
endfacet
facet normal 0.0 0.0 0.0
  outer loop
    vertex -16.003204345703125 -2.4000000953674316 14.400002479553223
    vertex -7.996801376342773 -2.4000000953674316 12.480001449584961
    vertex -8.88000202178955 -2.4000000953674316 11.980801582336426
  endloop
endfacet
facet normal 0.0 0.0 0.0
  outer loop
    vertex -17.596805572509766 -2.3999998569488525 0.0
    vertex -22.396806716918945 -2.3999998569488525 0.0
    vertex -19.996807098388672 -2.4000000953674316 8.812801361083984
  endloop
endfacet
facet normal 0.0 0.0 0.0
  outer loop
    vertex -0.39360055327415466 -2.4000000953674316 14.803201675415039
    vertex -7.996801376342773 -2.4000003337860107 16.012802124023438
    vertex -0.39360055327415466 -2.4000003337860107 17.52960205078125
  endloop
endfacet
facet normal 0.0 0.0 0.0
  outer loop
    vertex 0.009598733857274055 -2.4000000953674316 14.400002479553223
    vertex -0.39360055327415466 -2.4000000953674316 14.803201675415039
    vertex 0.009598733857274055 -2.4000000953674316 14.803201675415039
  endloop
endfacet
facet normal 0.0 0.0 0.0
  outer loop
    vertex 0.009598733857274055 -2.4000000953674316 14.400002479553223
    vertex -7.996801376342773 -2.4000003337860107 16.012802124023438
    vertex -0.39360055327415466 -2.4000000953674316 14.803201675415039
  endloop
endfacet
facet normal 0.0 0.0 0.0
  outer loop
    vertex 0.009598733857274055 -2.4000000953674316 14.803201675415039
    vertex 0.39360055327415466 -2.4000000953674316 14.803201675415039
    vertex 0.009598733857274055 -2.4000000953674316 14.400002479553223
  endloop
endfacet
facet normal 0.0 0.0 0.0
  outer loop
    vertex -17.596805572509766 -2.4000000953674316 8.812801361083984
    vertex -19.996807098388672 -2.4000000953674316 8.812801361083984
    vertex -17.596805572509766 -2.4000003337860107 17.606403350830078
  endloop
endfacet
facet normal 0.0 0.0 0.0
  outer loop
    vertex 22.396806716918945 -2.3999998569488525 0.0
    vertex 19.996803283691406 -2.4000000953674316 8.812801361083984
    vertex 22.396806716918945 -2.4000000953674316 8.812801361083984
  endloop
endfacet
facet normal 0.0 0.0 0.0
  outer loop
    vertex -22.396806716918945 -2.4000003337860107 17.606403350830078
    vertex -17.596805572509766 -2.4000003337860107 17.606403350830078
    vertex -19.996807098388672 -2.4000000953674316 8.812801361083984
  endloop
endfacet
facet normal 0.0 0.0 0.0
  outer loop
    vertex 22.396806716918945 -2.3999998569488525 0.0
    vertex 17.596805572509766 -2.3999998569488525 0.0
    vertex 19.996803283691406 -2.4000000953674316 8.812801361083984
  endloop
endfacet
facet normal 0.0 0.0 0.0
  outer loop
    vertex -22.396806716918945 -2.4000000953674316 8.812801361083984
    vertex -19.996807098388672 -2.4000000953674316 8.812801361083984
    vertex -22.396806716918945 -2.3999998569488525 0.0
  endloop
endfacet
facet normal 0.0 0.0 0.0
  outer loop
    vertex -16.003204345703125 -2.4000003337860107 17.606403350830078
    vertex -0.39360055327415466 -2.4000003337860107 17.606403350830078
    vertex -7.996801376342773 -2.4000003337860107 16.012802124023438
  endloop
endfacet
facet normal 0.0 0.0 0.0
  outer loop
    vertex 17.596805572509766 -2.4000003337860107 17.606403350830078
    vertex 22.396806716918945 -2.4000003337860107 17.606403350830078
    vertex 19.996803283691406 -2.4000000953674316 8.812801361083984
  endloop
endfacet
facet normal 0.0 0.0 0.0
  outer loop
    vertex 17.596805572509766 -2.4000000953674316 8.812801361083984
    vertex 19.996803283691406 -2.4000000953674316 8.812801361083984
    vertex 17.596805572509766 -2.3999998569488525 0.0
  endloop
endfacet
facet normal 0.0 0.0 0.0
  outer loop
    vertex -17.596805572509766 -2.3999998569488525 0.0
    vertex -19.996807098388672 -2.4000000953674316 8.812801361083984
    vertex -17.596805572509766 -2.4000000953674316 8.812801361083984
  endloop
endfacet
facet normal 0.0 0.0 0.0
  outer loop
    vertex -22.396806716918945 -2.4000003337860107 17.606403350830078
    vertex -19.996807098388672 -2.4000000953674316 8.812801361083984
    vertex -22.396806716918945 -2.4000000953674316 8.812801361083984
  endloop
endfacet
facet normal 0.0 0.0 0.0
  outer loop
    vertex 17.596805572509766 -2.4000003337860107 17.606403350830078
    vertex 19.996803283691406 -2.4000000953674316 8.812801361083984
    vertex 17.596805572509766 -2.4000000953674316 8.812801361083984
  endloop
endfacet
facet normal 0.0 0.0 0.0
  outer loop
    vertex 0.009598733857274055 -2.4000000953674316 14.400002479553223
    vertex 16.003206253051758 -2.4000000953674316 14.400002479553223
    vertex 1.0464003086090088 -2.4000000953674316 14.380802154541016
  endloop
endfacet
facet normal 0.0 0.0 0.0
  outer loop
    vertex 1.0464003086090088 -2.4000000953674316 14.380802154541016
    vertex 16.003206253051758 -2.4000000953674316 14.400002479553223
    vertex 2.0831995010375977 -2.4000000953674316 14.284802436828613
  endloop
endfacet
facet normal 0.0 0.0 0.0
  outer loop
    vertex 2.0831995010375977 -2.4000000953674316 14.284802436828613
    vertex 16.003206253051758 -2.4000000953674316 14.400002479553223
    vertex 3.1200008392333984 -2.4000000953674316 14.131202697753906
  endloop
endfacet
facet normal 0.0 0.0 0.0
  outer loop
    vertex 3.1200008392333984 -2.4000000953674316 14.131202697753906
    vertex 16.003206253051758 -2.4000000953674316 14.400002479553223
    vertex 4.137600421905518 -2.4000000953674316 13.920001983642578
  endloop
endfacet
facet normal 0.0 0.0 0.0
  outer loop
    vertex 4.137600421905518 -2.4000000953674316 13.920001983642578
    vertex 16.003206253051758 -2.4000000953674316 14.400002479553223
    vertex 5.136002063751221 -2.4000000953674316 13.632001876831055
  endloop
endfacet
facet normal 0.0 0.0 0.0
  outer loop
    vertex 5.136002063751221 -2.4000000953674316 13.632001876831055
    vertex 16.003206253051758 -2.4000000953674316 14.400002479553223
    vertex 6.115201473236084 -2.4000000953674316 13.305602073669434
  endloop
endfacet
facet normal 0.0 0.0 0.0
  outer loop
    vertex 6.115201473236084 -2.4000000953674316 13.305602073669434
    vertex 16.003206253051758 -2.4000000953674316 14.400002479553223
    vertex 7.075201511383057 -2.4000000953674316 12.921601295471191
  endloop
endfacet
facet normal 0.0 0.0 0.0
  outer loop
    vertex 7.075201511383057 -2.4000000953674316 12.921601295471191
    vertex 16.003206253051758 -2.4000000953674316 14.400002479553223
    vertex 7.9968037605285645 -2.4000000953674316 12.480001449584961
  endloop
endfacet
facet normal 0.0 0.0 0.0
  outer loop
    vertex 7.9968037605285645 -2.4000000953674316 12.480001449584961
    vertex 16.003206253051758 -2.4000000953674316 14.400002479553223
    vertex 8.880003929138184 -2.4000000953674316 11.980801582336426
  endloop
endfacet
facet normal 0.0 0.0 0.0
  outer loop
    vertex 8.880003929138184 -2.4000000953674316 11.980801582336426
    vertex 16.003206253051758 -2.4000000953674316 14.400002479553223
    vertex 9.744002342224121 -2.4000000953674316 11.424001693725586
  endloop
endfacet
facet normal 0.0 0.0 0.0
  outer loop
    vertex 9.744002342224121 -2.4000000953674316 11.424001693725586
    vertex 16.003206253051758 -2.4000000953674316 14.400002479553223
    vertex 10.550403594970703 -2.4000000953674316 10.828801155090332
  endloop
endfacet
facet normal 0.0 0.0 0.0
  outer loop
    vertex 10.550403594970703 -2.4000000953674316 10.828801155090332
    vertex 16.003206253051758 -2.4000000953674316 14.400002479553223
    vertex 11.318404197692871 -2.4000000953674316 10.19520092010498
  endloop
endfacet
facet normal 0.0 0.0 0.0
  outer loop
    vertex 11.318404197692871 -2.4000000953674316 10.19520092010498
    vertex 16.003206253051758 -2.4000000953674316 14.400002479553223
    vertex 12.028800964355469 -2.4000000953674316 9.50400161743164
  endloop
endfacet
facet normal 0.0 0.0 0.0
  outer loop
    vertex 12.028800964355469 -2.4000000953674316 9.50400161743164
    vertex 16.003206253051758 -2.4000000953674316 14.400002479553223
    vertex 12.700803756713867 -2.4000000953674316 8.77440071105957
  endloop
endfacet
facet normal 0.0 0.0 0.0
  outer loop
    vertex 12.700803756713867 -2.4000000953674316 8.77440071105957
    vertex 16.003206253051758 -2.4000000953674316 14.400002479553223
    vertex 13.296006202697754 -2.4000000953674316 8.006402015686035
  endloop
endfacet
facet normal 0.0 0.0 0.0
  outer loop
    vertex 13.296006202697754 -2.4000000953674316 8.006402015686035
    vertex 16.003206253051758 -2.4000000953674316 14.400002479553223
    vertex 13.852804183959961 -2.4000000953674316 7.200001239776611
  endloop
endfacet
facet normal 0.0 0.0 0.0
  outer loop
    vertex 13.852804183959961 -2.4000000953674316 7.200001239776611
    vertex 16.003206253051758 -2.4000000953674316 14.400002479553223
    vertex 14.352005004882812 -2.4000000953674316 6.374400615692139
  endloop
endfacet
facet normal 0.0 0.0 0.0
  outer loop
    vertex 14.352005004882812 -2.4000000953674316 6.374400615692139
    vertex 16.003206253051758 -2.4000000953674316 14.400002479553223
    vertex 14.77440357208252 -2.4000000953674316 5.510400295257568
  endloop
endfacet
facet normal 0.0 0.0 0.0
  outer loop
    vertex 14.77440357208252 -2.4000000953674316 5.510400295257568
    vertex 16.003206253051758 -2.4000000953674316 14.400002479553223
    vertex 15.158403396606445 -2.3999998569488525 4.627200126647949
  endloop
endfacet
facet normal 0.0 0.0 0.0
  outer loop
    vertex 15.158403396606445 -2.3999998569488525 4.627200126647949
    vertex 16.003206253051758 -2.4000000953674316 14.400002479553223
    vertex 15.446406364440918 -2.3999998569488525 3.7248001098632812
  endloop
endfacet
facet normal 0.0 0.0 0.0
  outer loop
    vertex 15.446406364440918 -2.3999998569488525 3.7248001098632812
    vertex 16.003206253051758 -2.4000000953674316 14.400002479553223
    vertex 15.696006774902344 -2.3999998569488525 2.8032002449035645
  endloop
endfacet
facet normal 0.0 0.0 0.0
  outer loop
    vertex 15.696006774902344 -2.3999998569488525 2.8032002449035645
    vertex 16.003206253051758 -2.4000000953674316 14.400002479553223
    vertex 15.868807792663574 -2.3999998569488525 1.8816003799438477
  endloop
endfacet
facet normal 0.0 0.0 0.0
  outer loop
    vertex 15.868807792663574 -2.3999998569488525 1.8816003799438477
    vertex 16.003206253051758 -2.4000000953674316 14.400002479553223
    vertex 15.964804649353027 -2.3999998569488525 0.940800666809082
  endloop
endfacet
facet normal 0.0 0.0 0.0
  outer loop
    vertex 16.003206253051758 -2.3999998569488525 0.0
    vertex 15.964804649353027 -2.3999998569488525 0.940800666809082
    vertex 16.003206253051758 -2.4000000953674316 14.400002479553223
  endloop
endfacet
facet normal 0.0 0.0 0.0
  outer loop
    vertex -16.003204345703125 -2.4000000953674316 14.400002479553223
    vertex -15.964804649353027 -2.3999998569488525 0.940800666809082
    vertex -16.003204345703125 -2.3999998569488525 0.0
  endloop
endfacet
facet normal 0.0 0.0 0.0
  outer loop
    vertex -16.003204345703125 -2.4000000953674316 14.400002479553223
    vertex -15.868804931640625 -2.3999998569488525 1.8816003799438477
    vertex -15.964804649353027 -2.3999998569488525 0.940800666809082
  endloop
endfacet
facet normal 0.0 0.0 0.0
  outer loop
    vertex -16.003204345703125 -2.4000000953674316 14.400002479553223
    vertex -15.696003913879395 -2.3999998569488525 2.8032002449035645
    vertex -15.868804931640625 -2.3999998569488525 1.8816003799438477
  endloop
endfacet
facet normal 0.0 0.0 0.0
  outer loop
    vertex -16.003204345703125 -2.4000000953674316 14.400002479553223
    vertex -15.446403503417969 -2.3999998569488525 3.7248001098632812
    vertex -15.696003913879395 -2.3999998569488525 2.8032002449035645
  endloop
endfacet
facet normal 0.0 0.0 0.0
  outer loop
    vertex -16.003204345703125 -2.4000000953674316 14.400002479553223
    vertex -15.158404350280762 -2.3999998569488525 4.627200126647949
    vertex -15.446403503417969 -2.3999998569488525 3.7248001098632812
  endloop
endfacet
facet normal 0.0 0.0 0.0
  outer loop
    vertex -16.003204345703125 -2.4000000953674316 14.400002479553223
    vertex -14.77440357208252 -2.4000000953674316 5.510400295257568
    vertex -15.158404350280762 -2.3999998569488525 4.627200126647949
  endloop
endfacet
facet normal 0.0 0.0 0.0
  outer loop
    vertex -16.003204345703125 -2.4000000953674316 14.400002479553223
    vertex -14.352004051208496 -2.4000000953674316 6.374400615692139
    vertex -14.77440357208252 -2.4000000953674316 5.510400295257568
  endloop
endfacet
facet normal 0.0 0.0 0.0
  outer loop
    vertex -16.003204345703125 -2.4000000953674316 14.400002479553223
    vertex -13.852804183959961 -2.4000000953674316 7.200001239776611
    vertex -14.352004051208496 -2.4000000953674316 6.374400615692139
  endloop
endfacet
facet normal 0.0 0.0 0.0
  outer loop
    vertex -16.003204345703125 -2.4000000953674316 14.400002479553223
    vertex -13.296003341674805 -2.4000000953674316 8.006402015686035
    vertex -13.852804183959961 -2.4000000953674316 7.200001239776611
  endloop
endfacet
facet normal 0.0 0.0 0.0
  outer loop
    vertex -16.003204345703125 -2.4000000953674316 14.400002479553223
    vertex -12.700804710388184 -2.4000000953674316 8.77440071105957
    vertex -13.296003341674805 -2.4000000953674316 8.006402015686035
  endloop
endfacet
facet normal 0.0 0.0 0.0
  outer loop
    vertex -16.003204345703125 -2.4000000953674316 14.400002479553223
    vertex -12.028803825378418 -2.4000000953674316 9.50400161743164
    vertex -12.700804710388184 -2.4000000953674316 8.77440071105957
  endloop
endfacet
facet normal 0.0 0.0 0.0
  outer loop
    vertex -16.003204345703125 -2.4000000953674316 14.400002479553223
    vertex -11.318403244018555 -2.4000000953674316 10.19520092010498
    vertex -12.028803825378418 -2.4000000953674316 9.50400161743164
  endloop
endfacet
facet normal 0.0 0.0 0.0
  outer loop
    vertex -16.003204345703125 -2.4000000953674316 14.400002479553223
    vertex -10.550403594970703 -2.4000000953674316 10.828801155090332
    vertex -11.318403244018555 -2.4000000953674316 10.19520092010498
  endloop
endfacet
facet normal 0.0 0.0 0.0
  outer loop
    vertex -16.003204345703125 -2.4000000953674316 14.400002479553223
    vertex -9.744002342224121 -2.4000000953674316 11.424001693725586
    vertex -10.550403594970703 -2.4000000953674316 10.828801155090332
  endloop
endfacet
facet normal 0.0 0.0 0.0
  outer loop
    vertex -16.003204345703125 -2.4000000953674316 14.400002479553223
    vertex -8.88000202178955 -2.4000000953674316 11.980801582336426
    vertex -9.744002342224121 -2.4000000953674316 11.424001693725586
  endloop
endfacet
facet normal 0.0 0.0 0.0
  outer loop
    vertex -16.003204345703125 -2.4000000953674316 14.400002479553223
    vertex -5.136001110076904 -2.4000000953674316 13.632001876831055
    vertex -6.115201473236084 -2.4000000953674316 13.305602073669434
  endloop
endfacet
facet normal 0.0 0.0 0.0
  outer loop
    vertex -16.003204345703125 -2.4000000953674316 14.400002479553223
    vertex -6.115201473236084 -2.4000000953674316 13.305602073669434
    vertex -7.075202465057373 -2.4000000953674316 12.921601295471191
  endloop
endfacet
facet normal 0.0 0.0 0.0
  outer loop
    vertex -16.003204345703125 -2.4000000953674316 14.400002479553223
    vertex -7.075202465057373 -2.4000000953674316 12.921601295471191
    vertex -7.996801376342773 -2.4000000953674316 12.480001449584961
  endloop
endfacet
facet normal 0.0 0.0 0.0
  outer loop
    vertex -16.003204345703125 -2.4000000953674316 14.400002479553223
    vertex -4.137601375579834 -2.4000000953674316 13.920001983642578
    vertex -5.136001110076904 -2.4000000953674316 13.632001876831055
  endloop
endfacet
facet normal 0.0 0.0 0.0
  outer loop
    vertex -16.003204345703125 -2.4000000953674316 14.400002479553223
    vertex -3.1200008392333984 -2.4000000953674316 14.131202697753906
    vertex -4.137601375579834 -2.4000000953674316 13.920001983642578
  endloop
endfacet
facet normal 0.0 0.0 0.0
  outer loop
    vertex -16.003204345703125 -2.4000000953674316 14.400002479553223
    vertex -2.0832018852233887 -2.4000000953674316 14.284802436828613
    vertex -3.1200008392333984 -2.4000000953674316 14.131202697753906
  endloop
endfacet
facet normal 0.0 0.0 0.0
  outer loop
    vertex -16.003204345703125 -2.4000000953674316 14.400002479553223
    vertex -1.0464003086090088 -2.4000000953674316 14.380802154541016
    vertex -2.0832018852233887 -2.4000000953674316 14.284802436828613
  endloop
endfacet
facet normal 0.0 0.0 0.0
  outer loop
    vertex -16.003204345703125 -2.4000000953674316 14.400002479553223
    vertex 0.009598733857274055 -2.4000000953674316 14.400002479553223
    vertex -1.0464003086090088 -2.4000000953674316 14.380802154541016
  endloop
endfacet
facet normal 0.0 0.0 0.0
  outer loop
    vertex 0.009598733857274055 -2.4000000953674316 14.400002479553223
    vertex -16.003204345703125 -2.4000000953674316 14.400002479553223
    vertex -7.996801376342773 -2.4000003337860107 16.012802124023438
  endloop
endfacet
facet normal 0.0 0.0 0.0
  outer loop
    vertex 0.39360055327415466 -2.4000003337860107 17.52960205078125
    vertex 7.9968037605285645 -2.4000003337860107 16.012802124023438
    vertex 0.39360055327415466 -2.4000000953674316 14.803201675415039
  endloop
endfacet
facet normal 0.0 0.0 0.0
  outer loop
    vertex 0.39360055327415466 -2.4000003337860107 17.606403350830078
    vertex 7.9968037605285645 -2.4000003337860107 16.012802124023438
    vertex 0.39360055327415466 -2.4000003337860107 17.52960205078125
  endloop
endfacet
facet normal 0.0 0.0 0.0
  outer loop
    vertex 0.39360055327415466 -2.4000003337860107 17.606403350830078
    vertex 16.003206253051758 -2.4000003337860107 17.606403350830078
    vertex 7.9968037605285645 -2.4000003337860107 16.012802124023438
  endloop
endfacet
facet normal 0.0 0.0 0.0
  outer loop
    vertex 7.9968037605285645 -2.4000003337860107 16.012802124023438
    vertex 0.009598733857274055 -2.4000000953674316 14.400002479553223
    vertex 0.39360055327415466 -2.4000000953674316 14.803201675415039
  endloop
endfacet
facet normal 0.0 0.0 0.0
  outer loop
    vertex -0.39360055327415466 -2.4000003337860107 17.52960205078125
    vertex -7.996801376342773 -2.4000003337860107 16.012802124023438
    vertex -0.39360055327415466 -2.4000003337860107 17.606403350830078
  endloop
endfacet
facet normal 0.0 0.0 0.0
  outer loop
    vertex -16.003204345703125 3.993600606918335 0.0
    vertex -23.990406036376953 3.993600606918335 0.0
    vertex -19.996807098388672 3.993600368499756 7.200001239776611
  endloop
endfacet
facet normal 0.0 0.0 0.0
  outer loop
    vertex 23.990406036376953 3.993600368499756 9.600001335144043
    vertex 16.003206253051758 3.993600368499756 14.400002479553223
    vertex 23.990406036376953 3.9936001300811768 19.200002670288086
  endloop
endfacet
facet normal 0.0 0.0 0.0
  outer loop
    vertex -16.003204345703125 3.993600368499756 14.400002479553223
    vertex -15.964804649353027 3.993600606918335 0.940800666809082
    vertex -16.003204345703125 3.993600606918335 0.0
  endloop
endfacet
facet normal 0.0 0.0 0.0
  outer loop
    vertex 23.990406036376953 3.993600606918335 0.0
    vertex 19.996803283691406 3.993600368499756 7.200001239776611
    vertex 23.990406036376953 3.993600368499756 9.600001335144043
  endloop
endfacet
facet normal 0.0 0.0 0.0
  outer loop
    vertex 16.003206253051758 3.993600368499756 14.400002479553223
    vertex 19.996803283691406 3.993600368499756 7.200001239776611
    vertex 16.003206253051758 3.993600606918335 0.0
  endloop
endfacet
facet normal 0.0 0.0 0.0
  outer loop
    vertex -16.003204345703125 3.993600606918335 0.0
    vertex -19.996807098388672 3.993600368499756 7.200001239776611
    vertex -16.003204345703125 3.993600368499756 14.400002479553223
  endloop
endfacet
facet normal 0.0 0.0 0.0
  outer loop
    vertex 12.009603500366211 3.9936001300811768 16.800003051757812
    vertex 23.990406036376953 3.9936001300811768 19.200002670288086
    vertex 16.003206253051758 3.993600368499756 14.400002479553223
  endloop
endfacet
facet normal 0.0 0.0 0.0
  outer loop
    vertex -23.990406036376953 3.993600368499756 9.600001335144043
    vertex -16.003204345703125 3.993600368499756 14.400002479553223
    vertex -19.996807098388672 3.993600368499756 7.200001239776611
  endloop
endfacet
facet normal 0.0 0.0 0.0
  outer loop
    vertex -12.009603500366211 3.9936001300811768 19.200002670288086
    vertex 0.009598733857274055 3.9936001300811768 19.200002670288086
    vertex -7.996801376342773 3.9936001300811768 16.800003051757812
  endloop
endfacet
facet normal 0.0 0.0 0.0
  outer loop
    vertex -23.990406036376953 3.9936001300811768 19.200002670288086
    vertex -12.009603500366211 3.9936001300811768 19.200002670288086
    vertex -16.003204345703125 3.993600368499756 14.400002479553223
  endloop
endfacet
facet normal 0.0 0.0 0.0
  outer loop
    vertex -6.000001430511475 3.9936001300811768 15.609602928161621
    vertex -16.003204345703125 3.993600368499756 14.400002479553223
    vertex -7.996801376342773 3.9936001300811768 16.800003051757812
  endloop
endfacet
facet normal 0.0 0.0 0.0
  outer loop
    vertex 12.009603500366211 3.9936001300811768 19.200002670288086
    vertex 23.990406036376953 3.9936001300811768 19.200002670288086
    vertex 14.006402969360352 3.9936001300811768 18.009601593017578
  endloop
endfacet
facet normal 0.0 0.0 0.0
  outer loop
    vertex -7.996801376342773 3.9936001300811768 16.800003051757812
    vertex 0.009598733857274055 3.9936001300811768 19.200002670288086
    vertex -6.000001430511475 3.9936001300811768 15.609602928161621
  endloop
endfacet
facet normal 0.0 0.0 0.0
  outer loop
    vertex 14.006402969360352 3.9936001300811768 18.009601593017578
    vertex 4.003201484680176 3.9936001300811768 16.800003051757812
    vertex 12.009603500366211 3.9936001300811768 19.200002670288086
  endloop
endfacet
facet normal 0.0 0.0 0.0
  outer loop
    vertex -7.996801376342773 3.9936001300811768 16.800003051757812
    vertex -16.003204345703125 3.993600368499756 14.400002479553223
    vertex -12.009603500366211 3.9936001300811768 19.200002670288086
  endloop
endfacet
facet normal 0.0 0.0 0.0
  outer loop
    vertex 16.003206253051758 3.993600368499756 14.400002479553223
    vertex 23.990406036376953 3.993600368499756 9.600001335144043
    vertex 19.996803283691406 3.993600368499756 7.200001239776611
  endloop
endfacet
facet normal 0.0 0.0 0.0
  outer loop
    vertex -23.990406036376953 3.993600368499756 9.600001335144043
    vertex -19.996807098388672 3.993600368499756 7.200001239776611
    vertex -23.990406036376953 3.993600606918335 0.0
  endloop
endfacet
facet normal 0.0 0.0 0.0
  outer loop
    vertex 16.003206253051758 3.993600368499756 14.400002479553223
    vertex 0.009598733857274055 3.993600368499756 14.400002479553223
    vertex 12.009603500366211 3.9936001300811768 16.800003051757812
  endloop
endfacet
facet normal 0.0 0.0 0.0
  outer loop
    vertex 0.009598733857274055 3.9936001300811768 19.200002670288086
    vertex 12.009603500366211 3.9936001300811768 19.200002670288086
    vertex 4.003201484680176 3.9936001300811768 16.800003051757812
  endloop
endfacet
facet normal 0.0 0.0 0.0
  outer loop
    vertex -6.000001430511475 3.9936001300811768 15.609602928161621
    vertex 4.003201484680176 3.9936001300811768 16.800003051757812
    vertex 0.009598733857274055 3.993600368499756 14.400002479553223
  endloop
endfacet
facet normal 0.0 0.0 0.0
  outer loop
    vertex 4.003201484680176 3.9936001300811768 16.800003051757812
    vertex 14.006402969360352 3.9936001300811768 18.009601593017578
    vertex 12.009603500366211 3.9936001300811768 16.800003051757812
  endloop
endfacet
facet normal 0.0 0.0 0.0
  outer loop
    vertex 4.003201484680176 3.9936001300811768 16.800003051757812
    vertex -6.000001430511475 3.9936001300811768 15.609602928161621
    vertex 0.009598733857274055 3.9936001300811768 19.200002670288086
  endloop
endfacet
facet normal 0.0 0.0 0.0
  outer loop
    vertex 0.009598733857274055 3.993600368499756 14.400002479553223
    vertex -16.003204345703125 3.993600368499756 14.400002479553223
    vertex -6.000001430511475 3.9936001300811768 15.609602928161621
  endloop
endfacet
facet normal 0.0 0.0 0.0
  outer loop
    vertex 23.990406036376953 3.9936001300811768 19.200002670288086
    vertex 12.009603500366211 3.9936001300811768 16.800003051757812
    vertex 14.006402969360352 3.9936001300811768 18.009601593017578
  endloop
endfacet
facet normal 0.0 0.0 0.0
  outer loop
    vertex 12.009603500366211 3.9936001300811768 16.800003051757812
    vertex 0.009598733857274055 3.993600368499756 14.400002479553223
    vertex 4.003201484680176 3.9936001300811768 16.800003051757812
  endloop
endfacet
facet normal 0.0 0.0 0.0
  outer loop
    vertex 23.990406036376953 3.993600606918335 0.0
    vertex 16.003206253051758 3.993600606918335 0.0
    vertex 19.996803283691406 3.993600368499756 7.200001239776611
  endloop
endfacet
facet normal 0.0 0.0 0.0
  outer loop
    vertex -23.990406036376953 3.9936001300811768 19.200002670288086
    vertex -16.003204345703125 3.993600368499756 14.400002479553223
    vertex -23.990406036376953 3.993600368499756 9.600001335144043
  endloop
endfacet
facet normal 0.0 0.0 0.0
  outer loop
    vertex 0.009598733857274055 3.993600368499756 14.400002479553223
    vertex 16.003206253051758 3.993600368499756 14.400002479553223
    vertex 1.0464003086090088 3.993600368499756 14.380802154541016
  endloop
endfacet
facet normal 0.0 0.0 0.0
  outer loop
    vertex 1.0464003086090088 3.993600368499756 14.380802154541016
    vertex 16.003206253051758 3.993600368499756 14.400002479553223
    vertex 2.0831995010375977 3.993600368499756 14.284802436828613
  endloop
endfacet
facet normal 0.0 0.0 0.0
  outer loop
    vertex 2.0831995010375977 3.993600368499756 14.284802436828613
    vertex 16.003206253051758 3.993600368499756 14.400002479553223
    vertex 3.1200008392333984 3.993600368499756 14.131202697753906
  endloop
endfacet
facet normal 0.0 0.0 0.0
  outer loop
    vertex 3.1200008392333984 3.993600368499756 14.131202697753906
    vertex 16.003206253051758 3.993600368499756 14.400002479553223
    vertex 4.137600421905518 3.993600368499756 13.920001983642578
  endloop
endfacet
facet normal 0.0 0.0 0.0
  outer loop
    vertex 4.137600421905518 3.993600368499756 13.920001983642578
    vertex 16.003206253051758 3.993600368499756 14.400002479553223
    vertex 5.136002063751221 3.993600368499756 13.632001876831055
  endloop
endfacet
facet normal 0.0 0.0 0.0
  outer loop
    vertex 5.136002063751221 3.993600368499756 13.632001876831055
    vertex 16.003206253051758 3.993600368499756 14.400002479553223
    vertex 6.115201473236084 3.993600368499756 13.305602073669434
  endloop
endfacet
facet normal 0.0 0.0 0.0
  outer loop
    vertex 6.115201473236084 3.993600368499756 13.305602073669434
    vertex 16.003206253051758 3.993600368499756 14.400002479553223
    vertex 7.075201511383057 3.993600368499756 12.921601295471191
  endloop
endfacet
facet normal 0.0 0.0 0.0
  outer loop
    vertex 7.075201511383057 3.993600368499756 12.921601295471191
    vertex 16.003206253051758 3.993600368499756 14.400002479553223
    vertex 7.9968037605285645 3.993600368499756 12.480001449584961
  endloop
endfacet
facet normal 0.0 0.0 0.0
  outer loop
    vertex 7.9968037605285645 3.993600368499756 12.480001449584961
    vertex 16.003206253051758 3.993600368499756 14.400002479553223
    vertex 8.880003929138184 3.993600368499756 11.980801582336426
  endloop
endfacet
facet normal 0.0 0.0 0.0
  outer loop
    vertex 8.880003929138184 3.993600368499756 11.980801582336426
    vertex 16.003206253051758 3.993600368499756 14.400002479553223
    vertex 9.744002342224121 3.993600368499756 11.424001693725586
  endloop
endfacet
facet normal 0.0 0.0 0.0
  outer loop
    vertex 9.744002342224121 3.993600368499756 11.424001693725586
    vertex 16.003206253051758 3.993600368499756 14.400002479553223
    vertex 10.550403594970703 3.993600368499756 10.828801155090332
  endloop
endfacet
facet normal 0.0 0.0 0.0
  outer loop
    vertex 10.550403594970703 3.993600368499756 10.828801155090332
    vertex 16.003206253051758 3.993600368499756 14.400002479553223
    vertex 11.318404197692871 3.993600368499756 10.195201873779297
  endloop
endfacet
facet normal 0.0 0.0 0.0
  outer loop
    vertex 11.318404197692871 3.993600368499756 10.195201873779297
    vertex 16.003206253051758 3.993600368499756 14.400002479553223
    vertex 12.028800964355469 3.993600368499756 9.504002571105957
  endloop
endfacet
facet normal 0.0 0.0 0.0
  outer loop
    vertex 12.028800964355469 3.993600368499756 9.504002571105957
    vertex 16.003206253051758 3.993600368499756 14.400002479553223
    vertex 12.700803756713867 3.993600368499756 8.77440071105957
  endloop
endfacet
facet normal 0.0 0.0 0.0
  outer loop
    vertex 12.700803756713867 3.993600368499756 8.77440071105957
    vertex 16.003206253051758 3.993600368499756 14.400002479553223
    vertex 13.296006202697754 3.993600368499756 8.006402015686035
  endloop
endfacet
facet normal 0.0 0.0 0.0
  outer loop
    vertex 13.296006202697754 3.993600368499756 8.006402015686035
    vertex 16.003206253051758 3.993600368499756 14.400002479553223
    vertex 13.852804183959961 3.993600368499756 7.200001239776611
  endloop
endfacet
facet normal 0.0 0.0 0.0
  outer loop
    vertex 13.852804183959961 3.993600368499756 7.200001239776611
    vertex 16.003206253051758 3.993600368499756 14.400002479553223
    vertex 14.352005004882812 3.993600368499756 6.374400615692139
  endloop
endfacet
facet normal 0.0 0.0 0.0
  outer loop
    vertex 14.352005004882812 3.993600368499756 6.374400615692139
    vertex 16.003206253051758 3.993600368499756 14.400002479553223
    vertex 14.77440357208252 3.993600368499756 5.510400295257568
  endloop
endfacet
facet normal 0.0 0.0 0.0
  outer loop
    vertex 14.77440357208252 3.993600368499756 5.510400295257568
    vertex 16.003206253051758 3.993600368499756 14.400002479553223
    vertex 15.158403396606445 3.993600606918335 4.627200126647949
  endloop
endfacet
facet normal 0.0 0.0 0.0
  outer loop
    vertex 15.158403396606445 3.993600606918335 4.627200126647949
    vertex 16.003206253051758 3.993600368499756 14.400002479553223
    vertex 15.446406364440918 3.993600606918335 3.7248001098632812
  endloop
endfacet
facet normal 0.0 0.0 0.0
  outer loop
    vertex 15.446406364440918 3.993600606918335 3.7248001098632812
    vertex 16.003206253051758 3.993600368499756 14.400002479553223
    vertex 15.696006774902344 3.993600606918335 2.8032002449035645
  endloop
endfacet
facet normal 0.0 0.0 0.0
  outer loop
    vertex 15.696006774902344 3.993600606918335 2.8032002449035645
    vertex 16.003206253051758 3.993600368499756 14.400002479553223
    vertex 15.868807792663574 3.993600606918335 1.8816003799438477
  endloop
endfacet
facet normal 0.0 0.0 0.0
  outer loop
    vertex 15.868807792663574 3.993600606918335 1.8816003799438477
    vertex 16.003206253051758 3.993600368499756 14.400002479553223
    vertex 15.964804649353027 3.993600606918335 0.940800666809082
  endloop
endfacet
facet normal 0.0 0.0 0.0
  outer loop
    vertex 16.003206253051758 3.993600606918335 0.0
    vertex 15.964804649353027 3.993600606918335 0.940800666809082
    vertex 16.003206253051758 3.993600368499756 14.400002479553223
  endloop
endfacet
facet normal 0.0 0.0 0.0
  outer loop
    vertex -16.003204345703125 3.993600368499756 14.400002479553223
    vertex -15.868804931640625 3.993600606918335 1.8816003799438477
    vertex -15.964804649353027 3.993600606918335 0.940800666809082
  endloop
endfacet
facet normal 0.0 0.0 0.0
  outer loop
    vertex -16.003204345703125 3.993600368499756 14.400002479553223
    vertex -15.696003913879395 3.993600606918335 2.8032002449035645
    vertex -15.868804931640625 3.993600606918335 1.8816003799438477
  endloop
endfacet
facet normal 0.0 0.0 0.0
  outer loop
    vertex -16.003204345703125 3.993600368499756 14.400002479553223
    vertex -15.446403503417969 3.993600606918335 3.7248001098632812
    vertex -15.696003913879395 3.993600606918335 2.8032002449035645
  endloop
endfacet
facet normal 0.0 0.0 0.0
  outer loop
    vertex -16.003204345703125 3.993600368499756 14.400002479553223
    vertex -15.158404350280762 3.993600606918335 4.627200126647949
    vertex -15.446403503417969 3.993600606918335 3.7248001098632812
  endloop
endfacet
facet normal 0.0 0.0 0.0
  outer loop
    vertex -16.003204345703125 3.993600368499756 14.400002479553223
    vertex -14.77440357208252 3.993600368499756 5.510400295257568
    vertex -15.158404350280762 3.993600606918335 4.627200126647949
  endloop
endfacet
facet normal 0.0 0.0 0.0
  outer loop
    vertex -16.003204345703125 3.993600368499756 14.400002479553223
    vertex -14.352004051208496 3.993600368499756 6.374400615692139
    vertex -14.77440357208252 3.993600368499756 5.510400295257568
  endloop
endfacet
facet normal 0.0 0.0 0.0
  outer loop
    vertex -16.003204345703125 3.993600368499756 14.400002479553223
    vertex -13.852804183959961 3.993600368499756 7.200001239776611
    vertex -14.352004051208496 3.993600368499756 6.374400615692139
  endloop
endfacet
facet normal 0.0 0.0 0.0
  outer loop
    vertex -16.003204345703125 3.993600368499756 14.400002479553223
    vertex -13.296003341674805 3.993600368499756 8.006402015686035
    vertex -13.852804183959961 3.993600368499756 7.200001239776611
  endloop
endfacet
facet normal 0.0 0.0 0.0
  outer loop
    vertex -16.003204345703125 3.993600368499756 14.400002479553223
    vertex -12.700804710388184 3.993600368499756 8.77440071105957
    vertex -13.296003341674805 3.993600368499756 8.006402015686035
  endloop
endfacet
facet normal 0.0 0.0 0.0
  outer loop
    vertex -16.003204345703125 3.993600368499756 14.400002479553223
    vertex -12.028803825378418 3.993600368499756 9.504002571105957
    vertex -12.700804710388184 3.993600368499756 8.77440071105957
  endloop
endfacet
facet normal 0.0 0.0 0.0
  outer loop
    vertex -16.003204345703125 3.993600368499756 14.400002479553223
    vertex -11.318403244018555 3.993600368499756 10.195201873779297
    vertex -12.028803825378418 3.993600368499756 9.504002571105957
  endloop
endfacet
facet normal 0.0 0.0 0.0
  outer loop
    vertex -16.003204345703125 3.993600368499756 14.400002479553223
    vertex -10.550403594970703 3.993600368499756 10.828801155090332
    vertex -11.318403244018555 3.993600368499756 10.195201873779297
  endloop
endfacet
facet normal 0.0 0.0 0.0
  outer loop
    vertex -16.003204345703125 3.993600368499756 14.400002479553223
    vertex -9.744002342224121 3.993600368499756 11.424001693725586
    vertex -10.550403594970703 3.993600368499756 10.828801155090332
  endloop
endfacet
facet normal 0.0 0.0 0.0
  outer loop
    vertex -16.003204345703125 3.993600368499756 14.400002479553223
    vertex -8.88000202178955 3.993600368499756 11.980801582336426
    vertex -9.744002342224121 3.993600368499756 11.424001693725586
  endloop
endfacet
facet normal 0.0 0.0 0.0
  outer loop
    vertex -16.003204345703125 3.993600368499756 14.400002479553223
    vertex -7.996801376342773 3.993600368499756 12.480001449584961
    vertex -8.88000202178955 3.993600368499756 11.980801582336426
  endloop
endfacet
facet normal 0.0 0.0 0.0
  outer loop
    vertex -16.003204345703125 3.993600368499756 14.400002479553223
    vertex -7.075202465057373 3.993600368499756 12.921601295471191
    vertex -7.996801376342773 3.993600368499756 12.480001449584961
  endloop
endfacet
facet normal 0.0 0.0 0.0
  outer loop
    vertex -16.003204345703125 3.993600368499756 14.400002479553223
    vertex -6.115201473236084 3.993600368499756 13.305602073669434
    vertex -7.075202465057373 3.993600368499756 12.921601295471191
  endloop
endfacet
facet normal 0.0 0.0 0.0
  outer loop
    vertex -16.003204345703125 3.993600368499756 14.400002479553223
    vertex -5.136001110076904 3.993600368499756 13.632001876831055
    vertex -6.115201473236084 3.993600368499756 13.305602073669434
  endloop
endfacet
facet normal 0.0 0.0 0.0
  outer loop
    vertex -16.003204345703125 3.993600368499756 14.400002479553223
    vertex -4.137601375579834 3.993600368499756 13.920001983642578
    vertex -5.136001110076904 3.993600368499756 13.632001876831055
  endloop
endfacet
facet normal 0.0 0.0 0.0
  outer loop
    vertex -16.003204345703125 3.993600368499756 14.400002479553223
    vertex -3.1200008392333984 3.993600368499756 14.131202697753906
    vertex -4.137601375579834 3.993600368499756 13.920001983642578
  endloop
endfacet
facet normal 0.0 0.0 0.0
  outer loop
    vertex -16.003204345703125 3.993600368499756 14.400002479553223
    vertex -2.0832018852233887 3.993600368499756 14.284802436828613
    vertex -3.1200008392333984 3.993600368499756 14.131202697753906
  endloop
endfacet
facet normal 0.0 0.0 0.0
  outer loop
    vertex -16.003204345703125 3.993600368499756 14.400002479553223
    vertex -1.0464003086090088 3.993600368499756 14.380802154541016
    vertex -2.0832018852233887 3.993600368499756 14.284802436828613
  endloop
endfacet
facet normal 0.0 0.0 0.0
  outer loop
    vertex -16.003204345703125 3.993600368499756 14.400002479553223
    vertex 0.009598733857274055 3.993600368499756 14.400002479553223
    vertex -1.0464003086090088 3.993600368499756 14.380802154541016
  endloop
endfacet
facet normal 0.0 0.0 0.0
  outer loop
    vertex 0.009598733857274055 -3.993600368499756 14.400002479553223
    vertex -12.009603500366211 -3.993600606918335 16.800003051757812
    vertex -16.003204345703125 -3.993600368499756 14.400002479553223
  endloop
endfacet
facet normal 0.0 0.0 0.0
  outer loop
    vertex 16.003206253051758 -3.993600368499756 14.400002479553223
    vertex 19.996803283691406 -3.993600368499756 7.200001239776611
    vertex 23.990406036376953 -3.993600368499756 9.600001335144043
  endloop
endfacet
facet normal 0.0 0.0 0.0
  outer loop
    vertex 23.990406036376953 -3.9936001300811768 0.0
    vertex 19.996803283691406 -3.993600368499756 7.200001239776611
    vertex 16.003206253051758 -3.9936001300811768 0.0
  endloop
endfacet
facet normal 0.0 0.0 0.0
  outer loop
    vertex 23.990406036376953 -3.9936001300811768 0.0
    vertex 23.990406036376953 -3.993600368499756 9.600001335144043
    vertex 19.996803283691406 -3.993600368499756 7.200001239776611
  endloop
endfacet
facet normal 0.0 0.0 0.0
  outer loop
    vertex -23.990406036376953 -3.993600368499756 9.600001335144043
    vertex -19.996807098388672 -3.993600368499756 7.200001239776611
    vertex -16.003204345703125 -3.993600368499756 14.400002479553223
  endloop
endfacet
facet normal 0.0 0.0 0.0
  outer loop
    vertex 12.009603500366211 -3.993600606918335 19.200002670288086
    vertex 12.009603500366211 -3.993600606918335 16.800003051757812
    vertex 23.990406036376953 -3.993600606918335 19.200002670288086
  endloop
endfacet
facet normal 0.0 0.0 0.0
  outer loop
    vertex -16.003204345703125 -3.993600368499756 14.400002479553223
    vertex -1.0464003086090088 -3.993600368499756 14.380802154541016
    vertex 0.009598733857274055 -3.993600368499756 14.400002479553223
  endloop
endfacet
facet normal 0.0 0.0 0.0
  outer loop
    vertex -23.990406036376953 -3.993600606918335 19.200002670288086
    vertex -23.990406036376953 -3.993600368499756 9.600001335144043
    vertex -16.003204345703125 -3.993600368499756 14.400002479553223
  endloop
endfacet
facet normal 0.0 0.0 0.0
  outer loop
    vertex -23.990406036376953 -3.993600368499756 9.600001335144043
    vertex -23.990406036376953 -3.9936001300811768 0.0
    vertex -19.996807098388672 -3.993600368499756 7.200001239776611
  endloop
endfacet
facet normal 0.0 0.0 0.0
  outer loop
    vertex -16.003204345703125 -3.9936001300811768 0.0
    vertex -16.003204345703125 -3.993600368499756 14.400002479553223
    vertex -19.996807098388672 -3.993600368499756 7.200001239776611
  endloop
endfacet
facet normal 0.0 0.0 0.0
  outer loop
    vertex 0.009598733857274055 -3.993600368499756 14.400002479553223
    vertex 0.009598733857274055 -3.993600606918335 19.200002670288086
    vertex -12.009603500366211 -3.993600606918335 16.800003051757812
  endloop
endfacet
facet normal 0.0 0.0 0.0
  outer loop
    vertex -12.009603500366211 -3.993600606918335 16.800003051757812
    vertex -12.009603500366211 -3.993600606918335 19.200002670288086
    vertex -23.990406036376953 -3.993600606918335 19.200002670288086
  endloop
endfacet
facet normal 0.0 0.0 0.0
  outer loop
    vertex -23.990406036376953 -3.993600606918335 19.200002670288086
    vertex -16.003204345703125 -3.993600368499756 14.400002479553223
    vertex -12.009603500366211 -3.993600606918335 16.800003051757812
  endloop
endfacet
facet normal 0.0 0.0 0.0
  outer loop
    vertex -12.009603500366211 -3.993600606918335 19.200002670288086
    vertex -12.009603500366211 -3.993600606918335 16.800003051757812
    vertex 0.009598733857274055 -3.993600606918335 19.200002670288086
  endloop
endfacet
facet normal 0.0 0.0 0.0
  outer loop
    vertex 23.990406036376953 -3.993600368499756 9.600001335144043
    vertex 23.990406036376953 -3.993600606918335 19.200002670288086
    vertex 16.003206253051758 -3.993600368499756 14.400002479553223
  endloop
endfacet
facet normal 0.0 0.0 0.0
  outer loop
    vertex 12.009603500366211 -3.993600606918335 16.800003051757812
    vertex 12.009603500366211 -3.993600606918335 19.200002670288086
    vertex 0.009598733857274055 -3.993600606918335 19.200002670288086
  endloop
endfacet
facet normal 0.0 0.0 0.0
  outer loop
    vertex 9.744002342224121 -3.993600368499756 11.42400074005127
    vertex 10.550403594970703 -3.993600368499756 10.828801155090332
    vertex 16.003206253051758 -3.993600368499756 14.400002479553223
  endloop
endfacet
facet normal 0.0 0.0 0.0
  outer loop
    vertex 0.009598733857274055 -3.993600606918335 19.200002670288086
    vertex 0.009598733857274055 -3.993600368499756 14.400002479553223
    vertex 12.009603500366211 -3.993600606918335 16.800003051757812
  endloop
endfacet
facet normal 0.0 0.0 0.0
  outer loop
    vertex 12.009603500366211 -3.993600606918335 16.800003051757812
    vertex 16.003206253051758 -3.993600368499756 14.400002479553223
    vertex 23.990406036376953 -3.993600606918335 19.200002670288086
  endloop
endfacet
facet normal 0.0 0.0 0.0
  outer loop
    vertex 16.003206253051758 -3.993600368499756 14.400002479553223
    vertex 16.003206253051758 -3.9936001300811768 0.0
    vertex 19.996803283691406 -3.993600368499756 7.200001239776611
  endloop
endfacet
facet normal 0.0 0.0 0.0
  outer loop
    vertex -16.003204345703125 -3.9936001300811768 0.0
    vertex -19.996807098388672 -3.993600368499756 7.200001239776611
    vertex -23.990406036376953 -3.9936001300811768 0.0
  endloop
endfacet
facet normal 0.0 0.0 0.0
  outer loop
    vertex -16.003204345703125 -3.993600368499756 14.400002479553223
    vertex -2.0832018852233887 -3.993600368499756 14.284802436828613
    vertex -1.0464003086090088 -3.993600368499756 14.380802154541016
  endloop
endfacet
facet normal 0.0 0.0 0.0
  outer loop
    vertex -16.003204345703125 -3.993600368499756 14.400002479553223
    vertex -3.1200008392333984 -3.993600368499756 14.131202697753906
    vertex -2.0832018852233887 -3.993600368499756 14.284802436828613
  endloop
endfacet
facet normal 0.0 0.0 0.0
  outer loop
    vertex -16.003204345703125 -3.993600368499756 14.400002479553223
    vertex -4.137601375579834 -3.993600368499756 13.920001983642578
    vertex -3.1200008392333984 -3.993600368499756 14.131202697753906
  endloop
endfacet
facet normal 0.0 0.0 0.0
  outer loop
    vertex -16.003204345703125 -3.993600368499756 14.400002479553223
    vertex -5.136001110076904 -3.993600368499756 13.632001876831055
    vertex -4.137601375579834 -3.993600368499756 13.920001983642578
  endloop
endfacet
facet normal 0.0 0.0 0.0
  outer loop
    vertex -16.003204345703125 -3.993600368499756 14.400002479553223
    vertex -6.115201473236084 -3.993600368499756 13.305602073669434
    vertex -5.136001110076904 -3.993600368499756 13.632001876831055
  endloop
endfacet
facet normal 0.0 0.0 0.0
  outer loop
    vertex -16.003204345703125 -3.993600368499756 14.400002479553223
    vertex -7.075202465057373 -3.993600368499756 12.921601295471191
    vertex -6.115201473236084 -3.993600368499756 13.305602073669434
  endloop
endfacet
facet normal 0.0 0.0 0.0
  outer loop
    vertex -16.003204345703125 -3.993600368499756 14.400002479553223
    vertex -7.996801376342773 -3.993600368499756 12.480001449584961
    vertex -7.075202465057373 -3.993600368499756 12.921601295471191
  endloop
endfacet
facet normal 0.0 0.0 0.0
  outer loop
    vertex -16.003204345703125 -3.993600368499756 14.400002479553223
    vertex -8.88000202178955 -3.993600368499756 11.980801582336426
    vertex -7.996801376342773 -3.993600368499756 12.480001449584961
  endloop
endfacet
facet normal 0.0 0.0 0.0
  outer loop
    vertex -16.003204345703125 -3.993600368499756 14.400002479553223
    vertex -9.744002342224121 -3.993600368499756 11.42400074005127
    vertex -8.88000202178955 -3.993600368499756 11.980801582336426
  endloop
endfacet
facet normal 0.0 0.0 0.0
  outer loop
    vertex -16.003204345703125 -3.993600368499756 14.400002479553223
    vertex -10.550403594970703 -3.993600368499756 10.828801155090332
    vertex -9.744002342224121 -3.993600368499756 11.42400074005127
  endloop
endfacet
facet normal 0.0 0.0 0.0
  outer loop
    vertex -16.003204345703125 -3.993600368499756 14.400002479553223
    vertex -11.318403244018555 -3.993600368499756 10.19520092010498
    vertex -10.550403594970703 -3.993600368499756 10.828801155090332
  endloop
endfacet
facet normal 0.0 0.0 0.0
  outer loop
    vertex -16.003204345703125 -3.993600368499756 14.400002479553223
    vertex -12.028803825378418 -3.993600368499756 9.50400161743164
    vertex -11.318403244018555 -3.993600368499756 10.19520092010498
  endloop
endfacet
facet normal 0.0 0.0 0.0
  outer loop
    vertex -16.003204345703125 -3.993600368499756 14.400002479553223
    vertex -12.700804710388184 -3.993600368499756 8.77440071105957
    vertex -12.028803825378418 -3.993600368499756 9.50400161743164
  endloop
endfacet
facet normal 0.0 0.0 0.0
  outer loop
    vertex -16.003204345703125 -3.993600368499756 14.400002479553223
    vertex -13.296003341674805 -3.993600368499756 8.006402015686035
    vertex -12.700804710388184 -3.993600368499756 8.77440071105957
  endloop
endfacet
facet normal 0.0 0.0 0.0
  outer loop
    vertex -16.003204345703125 -3.993600368499756 14.400002479553223
    vertex -13.852804183959961 -3.993600368499756 7.200001239776611
    vertex -13.296003341674805 -3.993600368499756 8.006402015686035
  endloop
endfacet
facet normal 0.0 0.0 0.0
  outer loop
    vertex -16.003204345703125 -3.993600368499756 14.400002479553223
    vertex -14.352004051208496 -3.993600368499756 6.374400615692139
    vertex -13.852804183959961 -3.993600368499756 7.200001239776611
  endloop
endfacet
facet normal 0.0 0.0 0.0
  outer loop
    vertex -16.003204345703125 -3.993600368499756 14.400002479553223
    vertex -14.77440357208252 -3.993600368499756 5.510400295257568
    vertex -14.352004051208496 -3.993600368499756 6.374400615692139
  endloop
endfacet
facet normal 0.0 0.0 0.0
  outer loop
    vertex -16.003204345703125 -3.993600368499756 14.400002479553223
    vertex -15.158404350280762 -3.9936001300811768 4.627200126647949
    vertex -14.77440357208252 -3.993600368499756 5.510400295257568
  endloop
endfacet
facet normal 0.0 0.0 0.0
  outer loop
    vertex -16.003204345703125 -3.993600368499756 14.400002479553223
    vertex -15.446403503417969 -3.9936001300811768 3.7248001098632812
    vertex -15.158404350280762 -3.9936001300811768 4.627200126647949
  endloop
endfacet
facet normal 0.0 0.0 0.0
  outer loop
    vertex -16.003204345703125 -3.993600368499756 14.400002479553223
    vertex -15.696003913879395 -3.9936001300811768 2.8032002449035645
    vertex -15.446403503417969 -3.9936001300811768 3.7248001098632812
  endloop
endfacet
facet normal 0.0 0.0 0.0
  outer loop
    vertex -16.003204345703125 -3.993600368499756 14.400002479553223
    vertex -15.868804931640625 -3.9936001300811768 1.8816003799438477
    vertex -15.696003913879395 -3.9936001300811768 2.8032002449035645
  endloop
endfacet
facet normal 0.0 0.0 0.0
  outer loop
    vertex -16.003204345703125 -3.993600368499756 14.400002479553223
    vertex -16.003204345703125 -3.9936001300811768 0.0
    vertex -15.964804649353027 -3.9936001300811768 0.940800666809082
  endloop
endfacet
facet normal 0.0 0.0 0.0
  outer loop
    vertex -16.003204345703125 -3.993600368499756 14.400002479553223
    vertex -15.964804649353027 -3.9936001300811768 0.940800666809082
    vertex -15.868804931640625 -3.9936001300811768 1.8816003799438477
  endloop
endfacet
facet normal 0.0 0.0 0.0
  outer loop
    vertex 15.868807792663574 -3.9936001300811768 1.8816003799438477
    vertex 15.964804649353027 -3.9936001300811768 0.940800666809082
    vertex 16.003206253051758 -3.993600368499756 14.400002479553223
  endloop
endfacet
facet normal 0.0 0.0 0.0
  outer loop
    vertex 16.003206253051758 -3.9936001300811768 0.0
    vertex 16.003206253051758 -3.993600368499756 14.400002479553223
    vertex 15.964804649353027 -3.9936001300811768 0.940800666809082
  endloop
endfacet
facet normal 0.0 0.0 0.0
  outer loop
    vertex 15.696006774902344 -3.9936001300811768 2.8032002449035645
    vertex 15.868807792663574 -3.9936001300811768 1.8816003799438477
    vertex 16.003206253051758 -3.993600368499756 14.400002479553223
  endloop
endfacet
facet normal 0.0 0.0 0.0
  outer loop
    vertex 15.446406364440918 -3.9936001300811768 3.7248001098632812
    vertex 15.696006774902344 -3.9936001300811768 2.8032002449035645
    vertex 16.003206253051758 -3.993600368499756 14.400002479553223
  endloop
endfacet
facet normal 0.0 0.0 0.0
  outer loop
    vertex 15.158403396606445 -3.9936001300811768 4.627200126647949
    vertex 15.446406364440918 -3.9936001300811768 3.7248001098632812
    vertex 16.003206253051758 -3.993600368499756 14.400002479553223
  endloop
endfacet
facet normal 0.0 0.0 0.0
  outer loop
    vertex 14.77440357208252 -3.993600368499756 5.510400295257568
    vertex 15.158403396606445 -3.9936001300811768 4.627200126647949
    vertex 16.003206253051758 -3.993600368499756 14.400002479553223
  endloop
endfacet
facet normal 0.0 0.0 0.0
  outer loop
    vertex 14.352005004882812 -3.993600368499756 6.374400615692139
    vertex 14.77440357208252 -3.993600368499756 5.510400295257568
    vertex 16.003206253051758 -3.993600368499756 14.400002479553223
  endloop
endfacet
facet normal 0.0 0.0 0.0
  outer loop
    vertex 13.852804183959961 -3.993600368499756 7.200001239776611
    vertex 14.352005004882812 -3.993600368499756 6.374400615692139
    vertex 16.003206253051758 -3.993600368499756 14.400002479553223
  endloop
endfacet
facet normal 0.0 0.0 0.0
  outer loop
    vertex 13.296006202697754 -3.993600368499756 8.006402015686035
    vertex 13.852804183959961 -3.993600368499756 7.200001239776611
    vertex 16.003206253051758 -3.993600368499756 14.400002479553223
  endloop
endfacet
facet normal 0.0 0.0 0.0
  outer loop
    vertex 12.700803756713867 -3.993600368499756 8.77440071105957
    vertex 13.296006202697754 -3.993600368499756 8.006402015686035
    vertex 16.003206253051758 -3.993600368499756 14.400002479553223
  endloop
endfacet
facet normal 0.0 0.0 0.0
  outer loop
    vertex 12.028800964355469 -3.993600368499756 9.50400161743164
    vertex 12.700803756713867 -3.993600368499756 8.77440071105957
    vertex 16.003206253051758 -3.993600368499756 14.400002479553223
  endloop
endfacet
facet normal 0.0 0.0 0.0
  outer loop
    vertex 11.318404197692871 -3.993600368499756 10.19520092010498
    vertex 12.028800964355469 -3.993600368499756 9.50400161743164
    vertex 16.003206253051758 -3.993600368499756 14.400002479553223
  endloop
endfacet
facet normal 0.0 0.0 0.0
  outer loop
    vertex 10.550403594970703 -3.993600368499756 10.828801155090332
    vertex 11.318404197692871 -3.993600368499756 10.19520092010498
    vertex 16.003206253051758 -3.993600368499756 14.400002479553223
  endloop
endfacet
facet normal 0.0 0.0 0.0
  outer loop
    vertex 8.880003929138184 -3.993600368499756 11.980801582336426
    vertex 9.744002342224121 -3.993600368499756 11.42400074005127
    vertex 16.003206253051758 -3.993600368499756 14.400002479553223
  endloop
endfacet
facet normal 0.0 0.0 0.0
  outer loop
    vertex 7.9968037605285645 -3.993600368499756 12.480001449584961
    vertex 8.880003929138184 -3.993600368499756 11.980801582336426
    vertex 16.003206253051758 -3.993600368499756 14.400002479553223
  endloop
endfacet
facet normal 0.0 0.0 0.0
  outer loop
    vertex 7.075201511383057 -3.993600368499756 12.921601295471191
    vertex 7.9968037605285645 -3.993600368499756 12.480001449584961
    vertex 16.003206253051758 -3.993600368499756 14.400002479553223
  endloop
endfacet
facet normal 0.0 0.0 0.0
  outer loop
    vertex 6.115201473236084 -3.993600368499756 13.305602073669434
    vertex 7.075201511383057 -3.993600368499756 12.921601295471191
    vertex 16.003206253051758 -3.993600368499756 14.400002479553223
  endloop
endfacet
facet normal 0.0 0.0 0.0
  outer loop
    vertex 5.136002063751221 -3.993600368499756 13.632001876831055
    vertex 6.115201473236084 -3.993600368499756 13.305602073669434
    vertex 16.003206253051758 -3.993600368499756 14.400002479553223
  endloop
endfacet
facet normal 0.0 0.0 0.0
  outer loop
    vertex 4.137600421905518 -3.993600368499756 13.920001983642578
    vertex 5.136002063751221 -3.993600368499756 13.632001876831055
    vertex 16.003206253051758 -3.993600368499756 14.400002479553223
  endloop
endfacet
facet normal 0.0 0.0 0.0
  outer loop
    vertex 3.1200008392333984 -3.993600368499756 14.131202697753906
    vertex 4.137600421905518 -3.993600368499756 13.920001983642578
    vertex 16.003206253051758 -3.993600368499756 14.400002479553223
  endloop
endfacet
facet normal 0.0 0.0 0.0
  outer loop
    vertex 2.0831995010375977 -3.993600368499756 14.284802436828613
    vertex 3.1200008392333984 -3.993600368499756 14.131202697753906
    vertex 16.003206253051758 -3.993600368499756 14.400002479553223
  endloop
endfacet
facet normal 0.0 0.0 0.0
  outer loop
    vertex 1.0464003086090088 -3.993600368499756 14.380802154541016
    vertex 2.0831995010375977 -3.993600368499756 14.284802436828613
    vertex 16.003206253051758 -3.993600368499756 14.400002479553223
  endloop
endfacet
facet normal 0.0 0.0 0.0
  outer loop
    vertex 0.009598733857274055 -3.993600368499756 14.400002479553223
    vertex 1.0464003086090088 -3.993600368499756 14.380802154541016
    vertex 16.003206253051758 -3.993600368499756 14.400002479553223
  endloop
endfacet
facet normal 0.0 0.0 0.0
  outer loop
    vertex 16.003206253051758 -3.993600368499756 14.400002479553223
    vertex 12.009603500366211 -3.993600606918335 16.800003051757812
    vertex 0.009598733857274055 -3.993600368499756 14.400002479553223
  endloop
endfacet
facet normal 0.0 0.0 0.0
  outer loop
    vertex -17.596805572509766 2.4000000953674316 0.0
    vertex -16.003204345703125 3.993600606918335 0.0
    vertex -16.003204345703125 2.4000000953674316 0.0
  endloop
endfacet
facet normal 0.0 0.0 0.0
  outer loop
    vertex 17.596805572509766 -2.3999998569488525 0.0
    vertex 16.003206253051758 -3.9936001300811768 0.0
    vertex 16.003206253051758 -2.3999998569488525 0.0
  endloop
endfacet
facet normal 0.0 0.0 0.0
  outer loop
    vertex -16.003204345703125 2.4000000953674316 0.0
    vertex -16.003204345703125 -2.3999998569488525 0.0
    vertex -17.596805572509766 2.4000000953674316 0.0
  endloop
endfacet
facet normal 0.0 0.0 0.0
  outer loop
    vertex 16.003206253051758 -2.3999998569488525 0.0
    vertex 16.003206253051758 2.4000000953674316 0.0
    vertex 17.596805572509766 -2.3999998569488525 0.0
  endloop
endfacet
facet normal 0.0 0.0 0.0
  outer loop
    vertex 22.396806716918945 2.4000000953674316 0.0
    vertex 23.990406036376953 -3.9936001300811768 0.0
    vertex 22.396806716918945 -2.3999998569488525 0.0
  endloop
endfacet
facet normal 0.0 0.0 0.0
  outer loop
    vertex -17.596805572509766 -2.3999998569488525 0.0
    vertex -23.990406036376953 -3.9936001300811768 0.0
    vertex -22.396806716918945 -2.3999998569488525 0.0
  endloop
endfacet
facet normal 0.0 0.0 0.0
  outer loop
    vertex -23.990406036376953 -3.9936001300811768 0.0
    vertex -23.990406036376953 3.993600606918335 0.0
    vertex -22.396806716918945 -2.3999998569488525 0.0
  endloop
endfacet
facet normal 0.0 0.0 0.0
  outer loop
    vertex -22.396806716918945 -2.3999998569488525 0.0
    vertex -23.990406036376953 3.993600606918335 0.0
    vertex -22.396806716918945 2.4000000953674316 0.0
  endloop
endfacet
facet normal 0.0 0.0 0.0
  outer loop
    vertex -23.990406036376953 -3.9936001300811768 0.0
    vertex -17.596805572509766 -2.3999998569488525 0.0
    vertex -16.003204345703125 -3.9936001300811768 0.0
  endloop
endfacet
facet normal 0.0 0.0 0.0
  outer loop
    vertex -16.003204345703125 -3.9936001300811768 0.0
    vertex -17.596805572509766 2.4000000953674316 0.0
    vertex -16.003204345703125 -2.3999998569488525 0.0
  endloop
endfacet
facet normal 0.0 0.0 0.0
  outer loop
    vertex -22.396806716918945 2.4000000953674316 0.0
    vertex -16.003204345703125 3.993600606918335 0.0
    vertex -17.596805572509766 2.4000000953674316 0.0
  endloop
endfacet
facet normal 0.0 0.0 0.0
  outer loop
    vertex -17.596805572509766 2.4000000953674316 0.0
    vertex -16.003204345703125 -3.9936001300811768 0.0
    vertex -17.596805572509766 -2.3999998569488525 0.0
  endloop
endfacet
facet normal 0.0 0.0 0.0
  outer loop
    vertex -16.003204345703125 3.993600606918335 0.0
    vertex -22.396806716918945 2.4000000953674316 0.0
    vertex -23.990406036376953 3.993600606918335 0.0
  endloop
endfacet
facet normal 0.0 0.0 0.0
  outer loop
    vertex 16.003206253051758 -3.9936001300811768 0.0
    vertex 22.396806716918945 -2.3999998569488525 0.0
    vertex 23.990406036376953 -3.9936001300811768 0.0
  endloop
endfacet
facet normal 0.0 0.0 0.0
  outer loop
    vertex 23.990406036376953 3.993600606918335 0.0
    vertex 23.990406036376953 -3.9936001300811768 0.0
    vertex 22.396806716918945 2.4000000953674316 0.0
  endloop
endfacet
facet normal 0.0 0.0 0.0
  outer loop
    vertex 22.396806716918945 -2.3999998569488525 0.0
    vertex 16.003206253051758 -3.9936001300811768 0.0
    vertex 17.596805572509766 -2.3999998569488525 0.0
  endloop
endfacet
facet normal 0.0 0.0 0.0
  outer loop
    vertex 23.990406036376953 3.993600606918335 0.0
    vertex 17.596805572509766 2.4000000953674316 0.0
    vertex 16.003206253051758 3.993600606918335 0.0
  endloop
endfacet
facet normal 0.0 0.0 0.0
  outer loop
    vertex 16.003206253051758 3.993600606918335 0.0
    vertex 17.596805572509766 -2.3999998569488525 0.0
    vertex 16.003206253051758 2.4000000953674316 0.0
  endloop
endfacet
facet normal 0.0 0.0 0.0
  outer loop
    vertex 17.596805572509766 -2.3999998569488525 0.0
    vertex 16.003206253051758 3.993600606918335 0.0
    vertex 17.596805572509766 2.4000000953674316 0.0
  endloop
endfacet
facet normal 0.0 0.0 0.0
  outer loop
    vertex 17.596805572509766 2.4000000953674316 0.0
    vertex 23.990406036376953 3.993600606918335 0.0
    vertex 22.396806716918945 2.4000000953674316 0.0
  endloop
endfacet
facet normal 0.0 0.0 0.0
  outer loop
    vertex -16.003204345703125 -2.4000003337860107 17.606403350830078
    vertex -16.003204345703125 2.3999996185302734 17.606403350830078
    vertex -7.996801376342773 1.1903997659683228 17.606403350830078
  endloop
endfacet
facet normal 0.0 0.0 0.0
  outer loop
    vertex 16.003206253051758 2.3999996185302734 17.606403350830078
    vertex 16.003206253051758 -2.4000003337860107 17.606403350830078
    vertex 7.9968037605285645 -1.2096000909805298 17.606403350830078
  endloop
endfacet
facet normal 0.0 0.0 0.0
  outer loop
    vertex 16.003206253051758 2.3999996185302734 17.606403350830078
    vertex 7.9968037605285645 -1.2096000909805298 17.606403350830078
    vertex 7.9968037605285645 1.1903997659683228 17.606403350830078
  endloop
endfacet
facet normal 0.0 0.0 0.0
  outer loop
    vertex -0.39360055327415466 2.342400074005127 17.606403350830078
    vertex -0.39360055327415466 0.05760001391172409 17.606403350830078
    vertex -7.996801376342773 1.1903997659683228 17.606403350830078
  endloop
endfacet
facet normal 0.0 0.0 0.0
  outer loop
    vertex 0.39360055327415466 2.3999996185302734 17.606403350830078
    vertex 7.9968037605285645 1.1903997659683228 17.606403350830078
    vertex 0.39360055327415466 2.342400074005127 17.606403350830078
  endloop
endfacet
facet normal 0.0 0.0 0.0
  outer loop
    vertex 16.003206253051758 2.3999996185302734 17.606403350830078
    vertex 7.9968037605285645 1.1903997659683228 17.606403350830078
    vertex 0.39360055327415466 2.3999996185302734 17.606403350830078
  endloop
endfacet
facet normal 0.0 0.0 0.0
  outer loop
    vertex 17.596805572509766 -2.4000003337860107 17.606403350830078
    vertex 17.596805572509766 2.3999996185302734 17.606403350830078
    vertex 22.396806716918945 -2.4000003337860107 17.606403350830078
  endloop
endfacet
facet normal 0.0 0.0 0.0
  outer loop
    vertex -16.003204345703125 -2.4000003337860107 17.606403350830078
    vertex -0.39360055327415466 -2.342400550842285 17.606403350830078
    vertex -0.39360055327415466 -2.4000003337860107 17.606403350830078
  endloop
endfacet
facet normal 0.0 0.0 0.0
  outer loop
    vertex -16.003204345703125 -2.4000003337860107 17.606403350830078
    vertex -7.996801376342773 -1.2096000909805298 17.606403350830078
    vertex -0.39360055327415466 -2.342400550842285 17.606403350830078
  endloop
endfacet
facet normal 0.0 0.0 0.0
  outer loop
    vertex 0.39360055327415466 -2.4000003337860107 17.606403350830078
    vertex 0.39360055327415466 -2.342400550842285 17.606403350830078
    vertex 16.003206253051758 -2.4000003337860107 17.606403350830078
  endloop
endfacet
facet normal 0.0 0.0 0.0
  outer loop
    vertex -0.39360055327415466 2.3999996185302734 17.606403350830078
    vertex -0.39360055327415466 2.342400074005127 17.606403350830078
    vertex -16.003204345703125 2.3999996185302734 17.606403350830078
  endloop
endfacet
facet normal 0.0 0.0 0.0
  outer loop
    vertex 0.39360055327415466 0.05760001391172409 17.606403350830078
    vertex 0.39360055327415466 2.342400074005127 17.606403350830078
    vertex 7.9968037605285645 1.1903997659683228 17.606403350830078
  endloop
endfacet
facet normal 0.0 0.0 0.0
  outer loop
    vertex -16.003204345703125 -2.4000003337860107 17.606403350830078
    vertex -7.996801376342773 1.1903997659683228 17.606403350830078
    vertex -7.996801376342773 -1.2096000909805298 17.606403350830078
  endloop
endfacet
facet normal 0.0 0.0 0.0
  outer loop
    vertex -7.996801376342773 -1.2096000909805298 17.606403350830078
    vertex -0.39360055327415466 0.05760001391172409 17.606403350830078
    vertex -0.39360055327415466 -0.05759996920824051 17.606403350830078
  endloop
endfacet
facet normal 0.0 0.0 0.0
  outer loop
    vertex -7.996801376342773 -1.2096000909805298 17.606403350830078
    vertex -7.996801376342773 1.1903997659683228 17.606403350830078
    vertex -0.39360055327415466 0.05760001391172409 17.606403350830078
  endloop
endfacet
facet normal 0.0 0.0 0.0
  outer loop
    vertex -0.39360055327415466 -0.05759996920824051 17.606403350830078
    vertex -0.39360055327415466 -2.342400550842285 17.606403350830078
    vertex -7.996801376342773 -1.2096000909805298 17.606403350830078
  endloop
endfacet
facet normal 0.0 0.0 0.0
  outer loop
    vertex -22.396806716918945 -2.4000003337860107 17.606403350830078
    vertex -22.396806716918945 2.3999996185302734 17.606403350830078
    vertex -17.596805572509766 -2.4000003337860107 17.606403350830078
  endloop
endfacet
facet normal 0.0 0.0 0.0
  outer loop
    vertex -17.596805572509766 2.3999996185302734 17.606403350830078
    vertex -17.596805572509766 -2.4000003337860107 17.606403350830078
    vertex -22.396806716918945 2.3999996185302734 17.606403350830078
  endloop
endfacet
facet normal 0.0 0.0 0.0
  outer loop
    vertex 7.9968037605285645 -1.2096000909805298 17.606403350830078
    vertex 16.003206253051758 -2.4000003337860107 17.606403350830078
    vertex 0.39360055327415466 -2.342400550842285 17.606403350830078
  endloop
endfacet
facet normal 0.0 0.0 0.0
  outer loop
    vertex 22.396806716918945 2.3999996185302734 17.606403350830078
    vertex 22.396806716918945 -2.4000003337860107 17.606403350830078
    vertex 17.596805572509766 2.3999996185302734 17.606403350830078
  endloop
endfacet
facet normal 0.0 0.0 0.0
  outer loop
    vertex 0.39360055327415466 -2.342400550842285 17.606403350830078
    vertex 0.39360055327415466 -0.05759996920824051 17.606403350830078
    vertex 7.9968037605285645 -1.2096000909805298 17.606403350830078
  endloop
endfacet
facet normal 0.0 0.0 0.0
  outer loop
    vertex 0.39360055327415466 0.05760001391172409 17.606403350830078
    vertex 7.9968037605285645 -1.2096000909805298 17.606403350830078
    vertex 0.39360055327415466 -0.05759996920824051 17.606403350830078
  endloop
endfacet
facet normal 0.0 0.0 0.0
  outer loop
    vertex 7.9968037605285645 1.1903997659683228 17.606403350830078
    vertex 7.9968037605285645 -1.2096000909805298 17.606403350830078
    vertex 0.39360055327415466 0.05760001391172409 17.606403350830078
  endloop
endfacet
facet normal 0.0 0.0 0.0
  outer loop
    vertex -7.996801376342773 1.1903997659683228 17.606403350830078
    vertex -16.003204345703125 2.3999996185302734 17.606403350830078
    vertex -0.39360055327415466 2.342400074005127 17.606403350830078
  endloop
endfacet
facet normal 0.0 0.0 0.0
  outer loop
    vertex 17.596805572509766 7.92601326793374e-08 8.812801361083984
    vertex 17.596805572509766 -2.4000003337860107 17.606403350830078
    vertex 17.596805572509766 -2.4000000953674316 8.812801361083984
  endloop
endfacet
facet normal 0.0 0.0 0.0
  outer loop
    vertex 17.596805572509766 7.92601326793374e-08 8.812801361083984
    vertex 17.596805572509766 2.4000000953674316 0.0
    vertex 17.596805572509766 2.3999998569488525 8.812801361083984
  endloop
endfacet
facet normal 0.0 0.0 0.0
  outer loop
    vertex 17.596805572509766 -2.4000000953674316 8.812801361083984
    vertex 17.596805572509766 -2.3999998569488525 0.0
    vertex 17.596805572509766 7.92601326793374e-08 8.812801361083984
  endloop
endfacet
facet normal 0.0 0.0 0.0
  outer loop
    vertex 17.596805572509766 2.4000000953674316 0.0
    vertex 17.596805572509766 7.92601326793374e-08 8.812801361083984
    vertex 17.596805572509766 -2.3999998569488525 0.0
  endloop
endfacet
facet normal 0.0 0.0 0.0
  outer loop
    vertex 17.596805572509766 -2.4000003337860107 17.606403350830078
    vertex 17.596805572509766 7.92601326793374e-08 8.812801361083984
    vertex 17.596805572509766 2.3999996185302734 17.606403350830078
  endloop
endfacet
facet normal 0.0 0.0 0.0
  outer loop
    vertex 17.596805572509766 2.3999998569488525 8.812801361083984
    vertex 17.596805572509766 2.3999996185302734 17.606403350830078
    vertex 17.596805572509766 7.92601326793374e-08 8.812801361083984
  endloop
endfacet
facet normal 0.0 0.0 0.0
  outer loop
    vertex 22.396806716918945 2.3999998569488525 8.812801361083984
    vertex 22.396806716918945 7.92601326793374e-08 8.812801361083984
    vertex 22.396806716918945 2.3999996185302734 17.606403350830078
  endloop
endfacet
facet normal 0.0 0.0 0.0
  outer loop
    vertex 22.396806716918945 -2.4000000953674316 8.812801361083984
    vertex 22.396806716918945 7.92601326793374e-08 8.812801361083984
    vertex 22.396806716918945 -2.3999998569488525 0.0
  endloop
endfacet
facet normal 0.0 0.0 0.0
  outer loop
    vertex 22.396806716918945 7.92601326793374e-08 8.812801361083984
    vertex 22.396806716918945 2.3999998569488525 8.812801361083984
    vertex 22.396806716918945 2.4000000953674316 0.0
  endloop
endfacet
facet normal 0.0 0.0 0.0
  outer loop
    vertex 22.396806716918945 -2.4000003337860107 17.606403350830078
    vertex 22.396806716918945 2.3999996185302734 17.606403350830078
    vertex 22.396806716918945 7.92601326793374e-08 8.812801361083984
  endloop
endfacet
facet normal 0.0 0.0 0.0
  outer loop
    vertex 22.396806716918945 2.4000000953674316 0.0
    vertex 22.396806716918945 -2.3999998569488525 0.0
    vertex 22.396806716918945 7.92601326793374e-08 8.812801361083984
  endloop
endfacet
facet normal 0.0 0.0 0.0
  outer loop
    vertex 22.396806716918945 7.92601326793374e-08 8.812801361083984
    vertex 22.396806716918945 -2.4000000953674316 8.812801361083984
    vertex 22.396806716918945 -2.4000003337860107 17.606403350830078
  endloop
endfacet
facet normal 0.0 0.0 0.0
  outer loop
    vertex -16.003204345703125 -2.4000003337860107 17.606403350830078
    vertex -16.003204345703125 7.92601326793374e-08 8.812801361083984
    vertex -16.003204345703125 2.3999998569488525 14.400002479553223
  endloop
endfacet
facet normal 0.0 0.0 0.0
  outer loop
    vertex -16.003204345703125 7.92601326793374e-08 8.812801361083984
    vertex -16.003204345703125 -2.4000003337860107 17.606403350830078
    vertex -16.003204345703125 -2.4000000953674316 14.400002479553223
  endloop
endfacet
facet normal 0.0 0.0 0.0
  outer loop
    vertex -16.003204345703125 -2.4000000953674316 14.400002479553223
    vertex -16.003204345703125 2.4000000953674316 0.0
    vertex -16.003204345703125 7.92601326793374e-08 8.812801361083984
  endloop
endfacet
facet normal 0.0 0.0 0.0
  outer loop
    vertex -16.003204345703125 2.4000000953674316 0.0
    vertex -16.003204345703125 -2.4000000953674316 14.400002479553223
    vertex -16.003204345703125 -2.3999998569488525 0.0
  endloop
endfacet
facet normal 0.0 0.0 0.0
  outer loop
    vertex -16.003204345703125 2.4000000953674316 0.0
    vertex -16.003204345703125 2.3999998569488525 14.400002479553223
    vertex -16.003204345703125 7.92601326793374e-08 8.812801361083984
  endloop
endfacet
facet normal 0.0 0.0 0.0
  outer loop
    vertex -16.003204345703125 -2.4000003337860107 17.606403350830078
    vertex -16.003204345703125 2.3999998569488525 14.400002479553223
    vertex -16.003204345703125 2.3999996185302734 17.606403350830078
  endloop
endfacet
facet normal 0.0 0.0 0.0
  outer loop
    vertex 16.003206253051758 2.3999996185302734 17.606403350830078
    vertex 16.003206253051758 2.3999998569488525 14.400002479553223
    vertex 16.003206253051758 7.92601326793374e-08 8.812801361083984
  endloop
endfacet
facet normal 0.0 0.0 0.0
  outer loop
    vertex 16.003206253051758 -2.4000003337860107 17.606403350830078
    vertex 16.003206253051758 2.3999996185302734 17.606403350830078
    vertex 16.003206253051758 -2.4000000953674316 14.400002479553223
  endloop
endfacet
facet normal 0.0 0.0 0.0
  outer loop
    vertex 16.003206253051758 7.92601326793374e-08 8.812801361083984
    vertex 16.003206253051758 -2.4000000953674316 14.400002479553223
    vertex 16.003206253051758 2.3999996185302734 17.606403350830078
  endloop
endfacet
facet normal 0.0 0.0 0.0
  outer loop
    vertex 16.003206253051758 -2.3999998569488525 0.0
    vertex 16.003206253051758 7.92601326793374e-08 8.812801361083984
    vertex 16.003206253051758 2.3999998569488525 14.400002479553223
  endloop
endfacet
facet normal 0.0 0.0 0.0
  outer loop
    vertex 16.003206253051758 -2.4000000953674316 14.400002479553223
    vertex 16.003206253051758 7.92601326793374e-08 8.812801361083984
    vertex 16.003206253051758 -2.3999998569488525 0.0
  endloop
endfacet
facet normal 0.0 0.0 0.0
  outer loop
    vertex 16.003206253051758 2.4000000953674316 0.0
    vertex 16.003206253051758 -2.3999998569488525 0.0
    vertex 16.003206253051758 2.3999998569488525 14.400002479553223
  endloop
endfacet
facet normal 0.0 0.0 0.0
  outer loop
    vertex -22.396806716918945 7.92601326793374e-08 8.812801361083984
    vertex -22.396806716918945 -2.4000003337860107 17.606403350830078
    vertex -22.396806716918945 -2.4000000953674316 8.812801361083984
  endloop
endfacet
facet normal 0.0 0.0 0.0
  outer loop
    vertex -22.396806716918945 7.92601326793374e-08 8.812801361083984
    vertex -22.396806716918945 2.4000000953674316 0.0
    vertex -22.396806716918945 2.3999998569488525 8.812801361083984
  endloop
endfacet
facet normal 0.0 0.0 0.0
  outer loop
    vertex -22.396806716918945 -2.4000000953674316 8.812801361083984
    vertex -22.396806716918945 -2.3999998569488525 0.0
    vertex -22.396806716918945 7.92601326793374e-08 8.812801361083984
  endloop
endfacet
facet normal 0.0 0.0 0.0
  outer loop
    vertex -22.396806716918945 2.4000000953674316 0.0
    vertex -22.396806716918945 7.92601326793374e-08 8.812801361083984
    vertex -22.396806716918945 -2.3999998569488525 0.0
  endloop
endfacet
facet normal 0.0 0.0 0.0
  outer loop
    vertex -22.396806716918945 -2.4000003337860107 17.606403350830078
    vertex -22.396806716918945 7.92601326793374e-08 8.812801361083984
    vertex -22.396806716918945 2.3999996185302734 17.606403350830078
  endloop
endfacet
facet normal 0.0 0.0 0.0
  outer loop
    vertex -22.396806716918945 2.3999998569488525 8.812801361083984
    vertex -22.396806716918945 2.3999996185302734 17.606403350830078
    vertex -22.396806716918945 7.92601326793374e-08 8.812801361083984
  endloop
endfacet
facet normal 0.0 0.0 0.0
  outer loop
    vertex -17.596805572509766 2.3999998569488525 8.812801361083984
    vertex -17.596805572509766 7.92601326793374e-08 8.812801361083984
    vertex -17.596805572509766 2.3999996185302734 17.606403350830078
  endloop
endfacet
facet normal 0.0 0.0 0.0
  outer loop
    vertex -17.596805572509766 -2.4000000953674316 8.812801361083984
    vertex -17.596805572509766 7.92601326793374e-08 8.812801361083984
    vertex -17.596805572509766 -2.3999998569488525 0.0
  endloop
endfacet
facet normal 0.0 0.0 0.0
  outer loop
    vertex -17.596805572509766 7.92601326793374e-08 8.812801361083984
    vertex -17.596805572509766 2.3999998569488525 8.812801361083984
    vertex -17.596805572509766 2.4000000953674316 0.0
  endloop
endfacet
facet normal 0.0 0.0 0.0
  outer loop
    vertex -17.596805572509766 -2.4000003337860107 17.606403350830078
    vertex -17.596805572509766 2.3999996185302734 17.606403350830078
    vertex -17.596805572509766 7.92601326793374e-08 8.812801361083984
  endloop
endfacet
facet normal 0.0 0.0 0.0
  outer loop
    vertex -17.596805572509766 2.4000000953674316 0.0
    vertex -17.596805572509766 -2.3999998569488525 0.0
    vertex -17.596805572509766 7.92601326793374e-08 8.812801361083984
  endloop
endfacet
facet normal 0.0 0.0 0.0
  outer loop
    vertex -17.596805572509766 7.92601326793374e-08 8.812801361083984
    vertex -17.596805572509766 -2.4000000953674316 8.812801361083984
    vertex -17.596805572509766 -2.4000003337860107 17.606403350830078
  endloop
endfacet
facet normal 0.0 0.0 0.0
  outer loop
    vertex -0.39360055327415466 2.342400074005127 17.606403350830078
    vertex -0.39360055327415466 2.3999996185302734 17.606403350830078
    vertex -0.39360055327415466 -2.4000003337860107 17.52960205078125
  endloop
endfacet
facet normal 0.0 0.0 0.0
  outer loop
    vertex -0.39360055327415466 0.05760001391172409 17.606403350830078
    vertex -0.39360055327415466 2.342400074005127 17.606403350830078
    vertex -0.39360055327415466 -2.4000003337860107 17.52960205078125
  endloop
endfacet
facet normal 0.0 0.0 0.0
  outer loop
    vertex -0.39360055327415466 -0.05759996920824051 17.606403350830078
    vertex -0.39360055327415466 0.05760001391172409 17.606403350830078
    vertex -0.39360055327415466 -2.4000003337860107 17.52960205078125
  endloop
endfacet
facet normal 0.0 0.0 0.0
  outer loop
    vertex -0.39360055327415466 -2.342400550842285 17.606403350830078
    vertex -0.39360055327415466 -0.05759996920824051 17.606403350830078
    vertex -0.39360055327415466 -2.4000003337860107 17.52960205078125
  endloop
endfacet
facet normal 0.0 0.0 0.0
  outer loop
    vertex -0.39360055327415466 -2.4000003337860107 17.606403350830078
    vertex -0.39360055327415466 -2.342400550842285 17.606403350830078
    vertex -0.39360055327415466 -2.4000003337860107 17.52960205078125
  endloop
endfacet
facet normal 0.0 0.0 0.0
  outer loop
    vertex -0.39360055327415466 2.3999996185302734 17.606403350830078
    vertex -0.39360055327415466 2.3999996185302734 17.52960205078125
    vertex -0.39360055327415466 -2.4000000953674316 14.803201675415039
  endloop
endfacet
facet normal 0.0 0.0 0.0
  outer loop
    vertex -0.39360055327415466 2.3999998569488525 14.803201675415039
    vertex -0.39360055327415466 -2.4000000953674316 14.803201675415039
    vertex -0.39360055327415466 2.3999996185302734 17.52960205078125
  endloop
endfacet
facet normal 0.0 0.0 0.0
  outer loop
    vertex -0.39360055327415466 -2.4000000953674316 14.803201675415039
    vertex -0.39360055327415466 -2.4000003337860107 17.52960205078125
    vertex -0.39360055327415466 2.3999996185302734 17.606403350830078
  endloop
endfacet
facet normal 0.0 0.0 0.0
  outer loop
    vertex 0.39360055327415466 2.3999998569488525 14.803201675415039
    vertex 0.39360055327415466 -2.4000003337860107 17.52960205078125
    vertex 0.39360055327415466 -2.4000000953674316 14.803201675415039
  endloop
endfacet
facet normal 0.0 0.0 0.0
  outer loop
    vertex 0.39360055327415466 2.3999998569488525 14.803201675415039
    vertex 0.39360055327415466 -2.4000003337860107 17.606403350830078
    vertex 0.39360055327415466 -2.4000003337860107 17.52960205078125
  endloop
endfacet
facet normal 0.0 0.0 0.0
  outer loop
    vertex 0.39360055327415466 2.342400074005127 17.606403350830078
    vertex 0.39360055327415466 2.3999996185302734 17.52960205078125
    vertex 0.39360055327415466 2.3999996185302734 17.606403350830078
  endloop
endfacet
facet normal 0.0 0.0 0.0
  outer loop
    vertex 0.39360055327415466 0.05760001391172409 17.606403350830078
    vertex 0.39360055327415466 2.3999996185302734 17.52960205078125
    vertex 0.39360055327415466 2.342400074005127 17.606403350830078
  endloop
endfacet
facet normal 0.0 0.0 0.0
  outer loop
    vertex 0.39360055327415466 -0.05759996920824051 17.606403350830078
    vertex 0.39360055327415466 2.3999996185302734 17.52960205078125
    vertex 0.39360055327415466 0.05760001391172409 17.606403350830078
  endloop
endfacet
facet normal 0.0 0.0 0.0
  outer loop
    vertex 0.39360055327415466 -2.342400550842285 17.606403350830078
    vertex 0.39360055327415466 2.3999996185302734 17.52960205078125
    vertex 0.39360055327415466 -0.05759996920824051 17.606403350830078
  endloop
endfacet
facet normal 0.0 0.0 0.0
  outer loop
    vertex 0.39360055327415466 -2.4000003337860107 17.606403350830078
    vertex 0.39360055327415466 2.3999996185302734 17.52960205078125
    vertex 0.39360055327415466 -2.342400550842285 17.606403350830078
  endloop
endfacet
facet normal 0.0 0.0 0.0
  outer loop
    vertex 0.39360055327415466 -2.4000003337860107 17.606403350830078
    vertex 0.39360055327415466 2.3999998569488525 14.803201675415039
    vertex 0.39360055327415466 2.3999996185302734 17.52960205078125
  endloop
endfacet
facet normal 0.0 0.0 0.0
  outer loop
    vertex 0.009598733857274055 2.3999998569488525 14.803201675415039
    vertex 0.39360055327415466 -2.4000000953674316 14.803201675415039
    vertex -0.39360055327415466 2.3999998569488525 14.803201675415039
  endloop
endfacet
facet normal 0.0 0.0 0.0
  outer loop
    vertex 0.39360055327415466 2.3999998569488525 14.803201675415039
    vertex 0.39360055327415466 -2.4000000953674316 14.803201675415039
    vertex 0.009598733857274055 2.3999998569488525 14.803201675415039
  endloop
endfacet
facet normal 0.0 0.0 0.0
  outer loop
    vertex 0.009598733857274055 -2.4000000953674316 14.803201675415039
    vertex -0.39360055327415466 2.3999998569488525 14.803201675415039
    vertex 0.39360055327415466 -2.4000000953674316 14.803201675415039
  endloop
endfacet
facet normal 0.0 0.0 0.0
  outer loop
    vertex -0.39360055327415466 -2.4000000953674316 14.803201675415039
    vertex -0.39360055327415466 2.3999998569488525 14.803201675415039
    vertex 0.009598733857274055 -2.4000000953674316 14.803201675415039
  endloop
endfacet
facet normal 0.0 0.0 0.0
  outer loop
    vertex 15.964804649353027 2.4000000953674316 0.940800666809082
    vertex 15.964804649353027 3.993600606918335 0.940800666809082
    vertex 16.003206253051758 3.993600606918335 0.0
  endloop
endfacet
facet normal 0.0 0.0 0.0
  outer loop
    vertex 16.003206253051758 -2.3999998569488525 0.0
    vertex 16.003206253051758 -3.9936001300811768 0.0
    vertex 15.964804649353027 -3.9936001300811768 0.940800666809082
  endloop
endfacet
facet normal 0.0 0.0 0.0
  outer loop
    vertex 15.964804649353027 -3.9936001300811768 0.940800666809082
    vertex 15.964804649353027 -2.3999998569488525 0.940800666809082
    vertex 16.003206253051758 -2.3999998569488525 0.0
  endloop
endfacet
facet normal 0.0 0.0 0.0
  outer loop
    vertex 16.003206253051758 3.993600606918335 0.0
    vertex 16.003206253051758 2.4000000953674316 0.0
    vertex 15.964804649353027 2.4000000953674316 0.940800666809082
  endloop
endfacet
facet normal 0.0 0.0 0.0
  outer loop
    vertex 15.868807792663574 2.4000000953674316 1.8816003799438477
    vertex 15.868807792663574 3.993600606918335 1.8816003799438477
    vertex 15.964804649353027 3.993600606918335 0.940800666809082
  endloop
endfacet
facet normal 0.0 0.0 0.0
  outer loop
    vertex 15.964804649353027 -2.3999998569488525 0.940800666809082
    vertex 15.964804649353027 -3.9936001300811768 0.940800666809082
    vertex 15.868807792663574 -3.9936001300811768 1.8816003799438477
  endloop
endfacet
facet normal 0.0 0.0 0.0
  outer loop
    vertex 15.868807792663574 -3.9936001300811768 1.8816003799438477
    vertex 15.868807792663574 -2.3999998569488525 1.8816003799438477
    vertex 15.964804649353027 -2.3999998569488525 0.940800666809082
  endloop
endfacet
facet normal 0.0 0.0 0.0
  outer loop
    vertex 15.964804649353027 3.993600606918335 0.940800666809082
    vertex 15.964804649353027 2.4000000953674316 0.940800666809082
    vertex 15.868807792663574 2.4000000953674316 1.8816003799438477
  endloop
endfacet
facet normal 0.0 0.0 0.0
  outer loop
    vertex 15.696006774902344 2.4000000953674316 2.8032002449035645
    vertex 15.696006774902344 3.993600606918335 2.8032002449035645
    vertex 15.868807792663574 3.993600606918335 1.8816003799438477
  endloop
endfacet
facet normal 0.0 0.0 0.0
  outer loop
    vertex 15.868807792663574 -2.3999998569488525 1.8816003799438477
    vertex 15.868807792663574 -3.9936001300811768 1.8816003799438477
    vertex 15.696006774902344 -3.9936001300811768 2.8032002449035645
  endloop
endfacet
facet normal 0.0 0.0 0.0
  outer loop
    vertex 15.696006774902344 -3.9936001300811768 2.8032002449035645
    vertex 15.696006774902344 -2.3999998569488525 2.8032002449035645
    vertex 15.868807792663574 -2.3999998569488525 1.8816003799438477
  endloop
endfacet
facet normal 0.0 0.0 0.0
  outer loop
    vertex 15.868807792663574 3.993600606918335 1.8816003799438477
    vertex 15.868807792663574 2.4000000953674316 1.8816003799438477
    vertex 15.696006774902344 2.4000000953674316 2.8032002449035645
  endloop
endfacet
facet normal 0.0 0.0 0.0
  outer loop
    vertex 15.446406364440918 2.4000000953674316 3.7248001098632812
    vertex 15.446406364440918 3.993600606918335 3.7248001098632812
    vertex 15.696006774902344 3.993600606918335 2.8032002449035645
  endloop
endfacet
facet normal 0.0 0.0 0.0
  outer loop
    vertex 15.696006774902344 -2.3999998569488525 2.8032002449035645
    vertex 15.696006774902344 -3.9936001300811768 2.8032002449035645
    vertex 15.446406364440918 -3.9936001300811768 3.7248001098632812
  endloop
endfacet
facet normal 0.0 0.0 0.0
  outer loop
    vertex 15.446406364440918 -3.9936001300811768 3.7248001098632812
    vertex 15.446406364440918 -2.3999998569488525 3.7248001098632812
    vertex 15.696006774902344 -2.3999998569488525 2.8032002449035645
  endloop
endfacet
facet normal 0.0 0.0 0.0
  outer loop
    vertex 15.696006774902344 3.993600606918335 2.8032002449035645
    vertex 15.696006774902344 2.4000000953674316 2.8032002449035645
    vertex 15.446406364440918 2.4000000953674316 3.7248001098632812
  endloop
endfacet
facet normal 0.0 0.0 0.0
  outer loop
    vertex 15.158403396606445 2.4000000953674316 4.627200126647949
    vertex 15.158403396606445 3.993600606918335 4.627200126647949
    vertex 15.446406364440918 3.993600606918335 3.7248001098632812
  endloop
endfacet
facet normal 0.0 0.0 0.0
  outer loop
    vertex 15.446406364440918 -2.3999998569488525 3.7248001098632812
    vertex 15.446406364440918 -3.9936001300811768 3.7248001098632812
    vertex 15.158403396606445 -3.9936001300811768 4.627200126647949
  endloop
endfacet
facet normal 0.0 0.0 0.0
  outer loop
    vertex 15.158403396606445 -3.9936001300811768 4.627200126647949
    vertex 15.158403396606445 -2.3999998569488525 4.627200126647949
    vertex 15.446406364440918 -2.3999998569488525 3.7248001098632812
  endloop
endfacet
facet normal 0.0 0.0 0.0
  outer loop
    vertex 15.446406364440918 3.993600606918335 3.7248001098632812
    vertex 15.446406364440918 2.4000000953674316 3.7248001098632812
    vertex 15.158403396606445 2.4000000953674316 4.627200126647949
  endloop
endfacet
facet normal 0.0 0.0 0.0
  outer loop
    vertex 14.77440357208252 2.3999998569488525 5.510400295257568
    vertex 14.77440357208252 3.993600368499756 5.510400295257568
    vertex 15.158403396606445 3.993600606918335 4.627200126647949
  endloop
endfacet
facet normal 0.0 0.0 0.0
  outer loop
    vertex 15.158403396606445 -2.3999998569488525 4.627200126647949
    vertex 15.158403396606445 -3.9936001300811768 4.627200126647949
    vertex 14.77440357208252 -3.993600368499756 5.510400295257568
  endloop
endfacet
facet normal 0.0 0.0 0.0
  outer loop
    vertex 14.77440357208252 -3.993600368499756 5.510400295257568
    vertex 14.77440357208252 -2.4000000953674316 5.510400295257568
    vertex 15.158403396606445 -2.3999998569488525 4.627200126647949
  endloop
endfacet
facet normal 0.0 0.0 0.0
  outer loop
    vertex 15.158403396606445 3.993600606918335 4.627200126647949
    vertex 15.158403396606445 2.4000000953674316 4.627200126647949
    vertex 14.77440357208252 2.3999998569488525 5.510400295257568
  endloop
endfacet
facet normal 0.0 0.0 0.0
  outer loop
    vertex 14.352005004882812 2.3999998569488525 6.374400615692139
    vertex 14.352005004882812 3.993600368499756 6.374400615692139
    vertex 14.77440357208252 3.993600368499756 5.510400295257568
  endloop
endfacet
facet normal 0.0 0.0 0.0
  outer loop
    vertex 14.77440357208252 -2.4000000953674316 5.510400295257568
    vertex 14.77440357208252 -3.993600368499756 5.510400295257568
    vertex 14.352005004882812 -3.993600368499756 6.374400615692139
  endloop
endfacet
facet normal 0.0 0.0 0.0
  outer loop
    vertex 14.352005004882812 -3.993600368499756 6.374400615692139
    vertex 14.352005004882812 -2.4000000953674316 6.374400615692139
    vertex 14.77440357208252 -2.4000000953674316 5.510400295257568
  endloop
endfacet
facet normal 0.0 0.0 0.0
  outer loop
    vertex 14.77440357208252 3.993600368499756 5.510400295257568
    vertex 14.77440357208252 2.3999998569488525 5.510400295257568
    vertex 14.352005004882812 2.3999998569488525 6.374400615692139
  endloop
endfacet
facet normal 0.0 0.0 0.0
  outer loop
    vertex 13.852804183959961 2.3999998569488525 7.200001239776611
    vertex 13.852804183959961 3.993600368499756 7.200001239776611
    vertex 14.352005004882812 3.993600368499756 6.374400615692139
  endloop
endfacet
facet normal 0.0 0.0 0.0
  outer loop
    vertex 14.352005004882812 -2.4000000953674316 6.374400615692139
    vertex 14.352005004882812 -3.993600368499756 6.374400615692139
    vertex 13.852804183959961 -3.993600368499756 7.200001239776611
  endloop
endfacet
facet normal 0.0 0.0 0.0
  outer loop
    vertex 13.852804183959961 -3.993600368499756 7.200001239776611
    vertex 13.852804183959961 -2.4000000953674316 7.200001239776611
    vertex 14.352005004882812 -2.4000000953674316 6.374400615692139
  endloop
endfacet
facet normal 0.0 0.0 0.0
  outer loop
    vertex 14.352005004882812 3.993600368499756 6.374400615692139
    vertex 14.352005004882812 2.3999998569488525 6.374400615692139
    vertex 13.852804183959961 2.3999998569488525 7.200001239776611
  endloop
endfacet
facet normal 0.0 0.0 0.0
  outer loop
    vertex 13.296006202697754 2.3999998569488525 8.006402015686035
    vertex 13.296006202697754 3.993600368499756 8.006402015686035
    vertex 13.852804183959961 3.993600368499756 7.200001239776611
  endloop
endfacet
facet normal 0.0 0.0 0.0
  outer loop
    vertex 13.852804183959961 -2.4000000953674316 7.200001239776611
    vertex 13.852804183959961 -3.993600368499756 7.200001239776611
    vertex 13.296006202697754 -3.993600368499756 8.006402015686035
  endloop
endfacet
facet normal 0.0 0.0 0.0
  outer loop
    vertex 13.296006202697754 -3.993600368499756 8.006402015686035
    vertex 13.296006202697754 -2.4000000953674316 8.006402015686035
    vertex 13.852804183959961 -2.4000000953674316 7.200001239776611
  endloop
endfacet
facet normal 0.0 0.0 0.0
  outer loop
    vertex 13.852804183959961 3.993600368499756 7.200001239776611
    vertex 13.852804183959961 2.3999998569488525 7.200001239776611
    vertex 13.296006202697754 2.3999998569488525 8.006402015686035
  endloop
endfacet
facet normal 0.0 0.0 0.0
  outer loop
    vertex 12.700803756713867 2.3999998569488525 8.77440071105957
    vertex 12.700803756713867 3.993600368499756 8.77440071105957
    vertex 13.296006202697754 3.993600368499756 8.006402015686035
  endloop
endfacet
facet normal 0.0 0.0 0.0
  outer loop
    vertex 13.296006202697754 -2.4000000953674316 8.006402015686035
    vertex 13.296006202697754 -3.993600368499756 8.006402015686035
    vertex 12.700803756713867 -3.993600368499756 8.77440071105957
  endloop
endfacet
facet normal 0.0 0.0 0.0
  outer loop
    vertex 12.700803756713867 -3.993600368499756 8.77440071105957
    vertex 12.700803756713867 -2.4000000953674316 8.77440071105957
    vertex 13.296006202697754 -2.4000000953674316 8.006402015686035
  endloop
endfacet
facet normal 0.0 0.0 0.0
  outer loop
    vertex 13.296006202697754 3.993600368499756 8.006402015686035
    vertex 13.296006202697754 2.3999998569488525 8.006402015686035
    vertex 12.700803756713867 2.3999998569488525 8.77440071105957
  endloop
endfacet
facet normal 0.0 0.0 0.0
  outer loop
    vertex 12.028800964355469 2.3999998569488525 9.504002571105957
    vertex 12.028800964355469 3.993600368499756 9.504002571105957
    vertex 12.700803756713867 3.993600368499756 8.77440071105957
  endloop
endfacet
facet normal 0.0 0.0 0.0
  outer loop
    vertex 12.700803756713867 -2.4000000953674316 8.77440071105957
    vertex 12.700803756713867 -3.993600368499756 8.77440071105957
    vertex 12.028800964355469 -3.993600368499756 9.50400161743164
  endloop
endfacet
facet normal 0.0 0.0 0.0
  outer loop
    vertex 12.028800964355469 -3.993600368499756 9.50400161743164
    vertex 12.028800964355469 -2.4000000953674316 9.50400161743164
    vertex 12.700803756713867 -2.4000000953674316 8.77440071105957
  endloop
endfacet
facet normal 0.0 0.0 0.0
  outer loop
    vertex 12.700803756713867 3.993600368499756 8.77440071105957
    vertex 12.700803756713867 2.3999998569488525 8.77440071105957
    vertex 12.028800964355469 2.3999998569488525 9.504002571105957
  endloop
endfacet
facet normal 0.0 0.0 0.0
  outer loop
    vertex 12.028800964355469 3.993600368499756 9.504002571105957
    vertex 11.318404197692871 2.3999998569488525 10.195201873779297
    vertex 11.318404197692871 3.993600368499756 10.195201873779297
  endloop
endfacet
facet normal 0.0 0.0 0.0
  outer loop
    vertex 12.028800964355469 -2.4000000953674316 9.50400161743164
    vertex 11.318404197692871 -3.993600368499756 10.19520092010498
    vertex 11.318404197692871 -2.4000000953674316 10.19520092010498
  endloop
endfacet
facet normal 0.0 0.0 0.0
  outer loop
    vertex 11.318404197692871 -3.993600368499756 10.19520092010498
    vertex 12.028800964355469 -2.4000000953674316 9.50400161743164
    vertex 12.028800964355469 -3.993600368499756 9.50400161743164
  endloop
endfacet
facet normal 0.0 0.0 0.0
  outer loop
    vertex 11.318404197692871 2.3999998569488525 10.195201873779297
    vertex 12.028800964355469 3.993600368499756 9.504002571105957
    vertex 12.028800964355469 2.3999998569488525 9.504002571105957
  endloop
endfacet
facet normal 0.0 0.0 0.0
  outer loop
    vertex 11.318404197692871 3.993600368499756 10.195201873779297
    vertex 10.550403594970703 2.3999998569488525 10.828801155090332
    vertex 10.550403594970703 3.993600368499756 10.828801155090332
  endloop
endfacet
facet normal 0.0 0.0 0.0
  outer loop
    vertex 11.318404197692871 -2.4000000953674316 10.19520092010498
    vertex 10.550403594970703 -3.993600368499756 10.828801155090332
    vertex 10.550403594970703 -2.4000000953674316 10.828801155090332
  endloop
endfacet
facet normal 0.0 0.0 0.0
  outer loop
    vertex 10.550403594970703 -3.993600368499756 10.828801155090332
    vertex 11.318404197692871 -2.4000000953674316 10.19520092010498
    vertex 11.318404197692871 -3.993600368499756 10.19520092010498
  endloop
endfacet
facet normal 0.0 0.0 0.0
  outer loop
    vertex 10.550403594970703 2.3999998569488525 10.828801155090332
    vertex 11.318404197692871 3.993600368499756 10.195201873779297
    vertex 11.318404197692871 2.3999998569488525 10.195201873779297
  endloop
endfacet
facet normal 0.0 0.0 0.0
  outer loop
    vertex 10.550403594970703 3.993600368499756 10.828801155090332
    vertex 9.744002342224121 2.3999998569488525 11.424001693725586
    vertex 9.744002342224121 3.993600368499756 11.424001693725586
  endloop
endfacet
facet normal 0.0 0.0 0.0
  outer loop
    vertex 10.550403594970703 -2.4000000953674316 10.828801155090332
    vertex 9.744002342224121 -3.993600368499756 11.42400074005127
    vertex 9.744002342224121 -2.4000000953674316 11.424001693725586
  endloop
endfacet
facet normal 0.0 0.0 0.0
  outer loop
    vertex 9.744002342224121 -3.993600368499756 11.42400074005127
    vertex 10.550403594970703 -2.4000000953674316 10.828801155090332
    vertex 10.550403594970703 -3.993600368499756 10.828801155090332
  endloop
endfacet
facet normal 0.0 0.0 0.0
  outer loop
    vertex 9.744002342224121 2.3999998569488525 11.424001693725586
    vertex 10.550403594970703 3.993600368499756 10.828801155090332
    vertex 10.550403594970703 2.3999998569488525 10.828801155090332
  endloop
endfacet
facet normal 0.0 0.0 0.0
  outer loop
    vertex 9.744002342224121 -2.4000000953674316 11.424001693725586
    vertex 8.880003929138184 -3.993600368499756 11.980801582336426
    vertex 8.880003929138184 -2.4000000953674316 11.980801582336426
  endloop
endfacet
facet normal 0.0 0.0 0.0
  outer loop
    vertex 8.880003929138184 -3.993600368499756 11.980801582336426
    vertex 9.744002342224121 -2.4000000953674316 11.424001693725586
    vertex 9.744002342224121 -3.993600368499756 11.42400074005127
  endloop
endfacet
facet normal 0.0 0.0 0.0
  outer loop
    vertex 8.880003929138184 2.3999998569488525 11.980801582336426
    vertex 9.744002342224121 3.993600368499756 11.424001693725586
    vertex 9.744002342224121 2.3999998569488525 11.424001693725586
  endloop
endfacet
facet normal 0.0 0.0 0.0
  outer loop
    vertex 9.744002342224121 3.993600368499756 11.424001693725586
    vertex 8.880003929138184 2.3999998569488525 11.980801582336426
    vertex 8.880003929138184 3.993600368499756 11.980801582336426
  endloop
endfacet
facet normal 0.0 0.0 0.0
  outer loop
    vertex 8.880003929138184 3.993600368499756 11.980801582336426
    vertex 8.880003929138184 2.3999998569488525 11.980801582336426
    vertex 7.9968037605285645 2.3999998569488525 12.480001449584961
  endloop
endfacet
facet normal 0.0 0.0 0.0
  outer loop
    vertex 8.880003929138184 3.993600368499756 11.980801582336426
    vertex 7.9968037605285645 2.3999998569488525 12.480001449584961
    vertex 7.9968037605285645 3.993600368499756 12.480001449584961
  endloop
endfacet
facet normal 0.0 0.0 0.0
  outer loop
    vertex 7.9968037605285645 3.993600368499756 12.480001449584961
    vertex 7.075201511383057 2.3999998569488525 12.921601295471191
    vertex 7.075201511383057 3.993600368499756 12.921601295471191
  endloop
endfacet
facet normal 0.0 0.0 0.0
  outer loop
    vertex 7.9968037605285645 -2.4000000953674316 12.480001449584961
    vertex 7.075201511383057 -3.993600368499756 12.921601295471191
    vertex 7.075201511383057 -2.4000000953674316 12.921601295471191
  endloop
endfacet
facet normal 0.0 0.0 0.0
  outer loop
    vertex 7.075201511383057 -3.993600368499756 12.921601295471191
    vertex 7.9968037605285645 -2.4000000953674316 12.480001449584961
    vertex 7.9968037605285645 -3.993600368499756 12.480001449584961
  endloop
endfacet
facet normal 0.0 0.0 0.0
  outer loop
    vertex 7.075201511383057 2.3999998569488525 12.921601295471191
    vertex 7.9968037605285645 3.993600368499756 12.480001449584961
    vertex 7.9968037605285645 2.3999998569488525 12.480001449584961
  endloop
endfacet
facet normal 0.0 0.0 0.0
  outer loop
    vertex 7.075201511383057 3.993600368499756 12.921601295471191
    vertex 6.115201473236084 2.3999998569488525 13.305602073669434
    vertex 6.115201473236084 3.993600368499756 13.305602073669434
  endloop
endfacet
facet normal 0.0 0.0 0.0
  outer loop
    vertex 7.075201511383057 -2.4000000953674316 12.921601295471191
    vertex 6.115201473236084 -3.993600368499756 13.305602073669434
    vertex 6.115201473236084 -2.4000000953674316 13.305602073669434
  endloop
endfacet
facet normal 0.0 0.0 0.0
  outer loop
    vertex 6.115201473236084 -3.993600368499756 13.305602073669434
    vertex 7.075201511383057 -2.4000000953674316 12.921601295471191
    vertex 7.075201511383057 -3.993600368499756 12.921601295471191
  endloop
endfacet
facet normal 0.0 0.0 0.0
  outer loop
    vertex 6.115201473236084 2.3999998569488525 13.305602073669434
    vertex 7.075201511383057 3.993600368499756 12.921601295471191
    vertex 7.075201511383057 2.3999998569488525 12.921601295471191
  endloop
endfacet
facet normal 0.0 0.0 0.0
  outer loop
    vertex 6.115201473236084 3.993600368499756 13.305602073669434
    vertex 5.136002063751221 2.3999998569488525 13.632001876831055
    vertex 5.136002063751221 3.993600368499756 13.632001876831055
  endloop
endfacet
facet normal 0.0 0.0 0.0
  outer loop
    vertex 6.115201473236084 -2.4000000953674316 13.305602073669434
    vertex 5.136002063751221 -3.993600368499756 13.632001876831055
    vertex 5.136002063751221 -2.4000000953674316 13.632001876831055
  endloop
endfacet
facet normal 0.0 0.0 0.0
  outer loop
    vertex 5.136002063751221 -3.993600368499756 13.632001876831055
    vertex 6.115201473236084 -2.4000000953674316 13.305602073669434
    vertex 6.115201473236084 -3.993600368499756 13.305602073669434
  endloop
endfacet
facet normal 0.0 0.0 0.0
  outer loop
    vertex 5.136002063751221 2.3999998569488525 13.632001876831055
    vertex 6.115201473236084 3.993600368499756 13.305602073669434
    vertex 6.115201473236084 2.3999998569488525 13.305602073669434
  endloop
endfacet
facet normal 0.0 0.0 0.0
  outer loop
    vertex 5.136002063751221 3.993600368499756 13.632001876831055
    vertex 4.137600421905518 2.3999998569488525 13.920001983642578
    vertex 4.137600421905518 3.993600368499756 13.920001983642578
  endloop
endfacet
facet normal 0.0 0.0 0.0
  outer loop
    vertex 5.136002063751221 -2.4000000953674316 13.632001876831055
    vertex 4.137600421905518 -3.993600368499756 13.920001983642578
    vertex 4.137600421905518 -2.4000000953674316 13.920001983642578
  endloop
endfacet
facet normal 0.0 0.0 0.0
  outer loop
    vertex 4.137600421905518 -3.993600368499756 13.920001983642578
    vertex 5.136002063751221 -2.4000000953674316 13.632001876831055
    vertex 5.136002063751221 -3.993600368499756 13.632001876831055
  endloop
endfacet
facet normal 0.0 0.0 0.0
  outer loop
    vertex 4.137600421905518 2.3999998569488525 13.920001983642578
    vertex 5.136002063751221 3.993600368499756 13.632001876831055
    vertex 5.136002063751221 2.3999998569488525 13.632001876831055
  endloop
endfacet
facet normal 0.0 0.0 0.0
  outer loop
    vertex 4.137600421905518 3.993600368499756 13.920001983642578
    vertex 3.1200008392333984 2.3999998569488525 14.131202697753906
    vertex 3.1200008392333984 3.993600368499756 14.131202697753906
  endloop
endfacet
facet normal 0.0 0.0 0.0
  outer loop
    vertex 4.137600421905518 -2.4000000953674316 13.920001983642578
    vertex 3.1200008392333984 -3.993600368499756 14.131202697753906
    vertex 3.1200008392333984 -2.4000000953674316 14.131202697753906
  endloop
endfacet
facet normal 0.0 0.0 0.0
  outer loop
    vertex 3.1200008392333984 -3.993600368499756 14.131202697753906
    vertex 4.137600421905518 -2.4000000953674316 13.920001983642578
    vertex 4.137600421905518 -3.993600368499756 13.920001983642578
  endloop
endfacet
facet normal 0.0 0.0 0.0
  outer loop
    vertex 3.1200008392333984 2.3999998569488525 14.131202697753906
    vertex 4.137600421905518 3.993600368499756 13.920001983642578
    vertex 4.137600421905518 2.3999998569488525 13.920001983642578
  endloop
endfacet
facet normal 0.0 0.0 0.0
  outer loop
    vertex 3.1200008392333984 3.993600368499756 14.131202697753906
    vertex 2.0831995010375977 2.3999998569488525 14.284802436828613
    vertex 2.0831995010375977 3.993600368499756 14.284802436828613
  endloop
endfacet
facet normal 0.0 0.0 0.0
  outer loop
    vertex 3.1200008392333984 -2.4000000953674316 14.131202697753906
    vertex 2.0831995010375977 -3.993600368499756 14.284802436828613
    vertex 2.0831995010375977 -2.4000000953674316 14.284802436828613
  endloop
endfacet
facet normal 0.0 0.0 0.0
  outer loop
    vertex 2.0831995010375977 -3.993600368499756 14.284802436828613
    vertex 3.1200008392333984 -2.4000000953674316 14.131202697753906
    vertex 3.1200008392333984 -3.993600368499756 14.131202697753906
  endloop
endfacet
facet normal 0.0 0.0 0.0
  outer loop
    vertex 2.0831995010375977 2.3999998569488525 14.284802436828613
    vertex 3.1200008392333984 3.993600368499756 14.131202697753906
    vertex 3.1200008392333984 2.3999998569488525 14.131202697753906
  endloop
endfacet
facet normal 0.0 0.0 0.0
  outer loop
    vertex 2.0831995010375977 3.993600368499756 14.284802436828613
    vertex 1.0464003086090088 2.3999998569488525 14.380802154541016
    vertex 1.0464003086090088 3.993600368499756 14.380802154541016
  endloop
endfacet
facet normal 0.0 0.0 0.0
  outer loop
    vertex 2.0831995010375977 -2.4000000953674316 14.284802436828613
    vertex 1.0464003086090088 -3.993600368499756 14.380802154541016
    vertex 1.0464003086090088 -2.4000000953674316 14.380802154541016
  endloop
endfacet
facet normal 0.0 0.0 0.0
  outer loop
    vertex 1.0464003086090088 -3.993600368499756 14.380802154541016
    vertex 2.0831995010375977 -2.4000000953674316 14.284802436828613
    vertex 2.0831995010375977 -3.993600368499756 14.284802436828613
  endloop
endfacet
facet normal 0.0 0.0 0.0
  outer loop
    vertex 1.0464003086090088 2.3999998569488525 14.380802154541016
    vertex 2.0831995010375977 3.993600368499756 14.284802436828613
    vertex 2.0831995010375977 2.3999998569488525 14.284802436828613
  endloop
endfacet
facet normal 0.0 0.0 0.0
  outer loop
    vertex 1.0464003086090088 3.993600368499756 14.380802154541016
    vertex 0.009598733857274055 2.3999998569488525 14.400002479553223
    vertex 0.009598733857274055 3.993600368499756 14.400002479553223
  endloop
endfacet
facet normal 0.0 0.0 0.0
  outer loop
    vertex 1.0464003086090088 -2.4000000953674316 14.380802154541016
    vertex 0.009598733857274055 -3.993600368499756 14.400002479553223
    vertex 0.009598733857274055 -2.4000000953674316 14.400002479553223
  endloop
endfacet
facet normal 0.0 0.0 0.0
  outer loop
    vertex 0.009598733857274055 -3.993600368499756 14.400002479553223
    vertex 1.0464003086090088 -2.4000000953674316 14.380802154541016
    vertex 1.0464003086090088 -3.993600368499756 14.380802154541016
  endloop
endfacet
facet normal 0.0 0.0 0.0
  outer loop
    vertex 0.009598733857274055 2.3999998569488525 14.400002479553223
    vertex 1.0464003086090088 3.993600368499756 14.380802154541016
    vertex 1.0464003086090088 2.3999998569488525 14.380802154541016
  endloop
endfacet
facet normal 0.0 0.0 0.0
  outer loop
    vertex 0.009598733857274055 3.993600368499756 14.400002479553223
    vertex -1.0464003086090088 2.3999998569488525 14.380802154541016
    vertex -1.0464003086090088 3.993600368499756 14.380802154541016
  endloop
endfacet
facet normal 0.0 0.0 0.0
  outer loop
    vertex 0.009598733857274055 -2.4000000953674316 14.400002479553223
    vertex -1.0464003086090088 -3.993600368499756 14.380802154541016
    vertex -1.0464003086090088 -2.4000000953674316 14.380802154541016
  endloop
endfacet
facet normal 0.0 0.0 0.0
  outer loop
    vertex -1.0464003086090088 -3.993600368499756 14.380802154541016
    vertex 0.009598733857274055 -2.4000000953674316 14.400002479553223
    vertex 0.009598733857274055 -3.993600368499756 14.400002479553223
  endloop
endfacet
facet normal 0.0 0.0 0.0
  outer loop
    vertex -1.0464003086090088 2.3999998569488525 14.380802154541016
    vertex 0.009598733857274055 3.993600368499756 14.400002479553223
    vertex 0.009598733857274055 2.3999998569488525 14.400002479553223
  endloop
endfacet
facet normal 0.0 0.0 0.0
  outer loop
    vertex -1.0464003086090088 3.993600368499756 14.380802154541016
    vertex -2.0832018852233887 2.3999998569488525 14.284802436828613
    vertex -2.0832018852233887 3.993600368499756 14.284802436828613
  endloop
endfacet
facet normal 0.0 0.0 0.0
  outer loop
    vertex -1.0464003086090088 -2.4000000953674316 14.380802154541016
    vertex -2.0832018852233887 -3.993600368499756 14.284802436828613
    vertex -2.0832018852233887 -2.4000000953674316 14.284802436828613
  endloop
endfacet
facet normal 0.0 0.0 0.0
  outer loop
    vertex -2.0832018852233887 -3.993600368499756 14.284802436828613
    vertex -1.0464003086090088 -2.4000000953674316 14.380802154541016
    vertex -1.0464003086090088 -3.993600368499756 14.380802154541016
  endloop
endfacet
facet normal 0.0 0.0 0.0
  outer loop
    vertex -2.0832018852233887 2.3999998569488525 14.284802436828613
    vertex -1.0464003086090088 3.993600368499756 14.380802154541016
    vertex -1.0464003086090088 2.3999998569488525 14.380802154541016
  endloop
endfacet
facet normal 0.0 0.0 0.0
  outer loop
    vertex -2.0832018852233887 3.993600368499756 14.284802436828613
    vertex -3.1200008392333984 2.3999998569488525 14.131202697753906
    vertex -3.1200008392333984 3.993600368499756 14.131202697753906
  endloop
endfacet
facet normal 0.0 0.0 0.0
  outer loop
    vertex -2.0832018852233887 -2.4000000953674316 14.284802436828613
    vertex -3.1200008392333984 -3.993600368499756 14.131202697753906
    vertex -3.1200008392333984 -2.4000000953674316 14.131202697753906
  endloop
endfacet
facet normal 0.0 0.0 0.0
  outer loop
    vertex -3.1200008392333984 -3.993600368499756 14.131202697753906
    vertex -2.0832018852233887 -2.4000000953674316 14.284802436828613
    vertex -2.0832018852233887 -3.993600368499756 14.284802436828613
  endloop
endfacet
facet normal 0.0 0.0 0.0
  outer loop
    vertex -3.1200008392333984 2.3999998569488525 14.131202697753906
    vertex -2.0832018852233887 3.993600368499756 14.284802436828613
    vertex -2.0832018852233887 2.3999998569488525 14.284802436828613
  endloop
endfacet
facet normal 0.0 0.0 0.0
  outer loop
    vertex -3.1200008392333984 3.993600368499756 14.131202697753906
    vertex -4.137601375579834 2.3999998569488525 13.920001983642578
    vertex -4.137601375579834 3.993600368499756 13.920001983642578
  endloop
endfacet
facet normal 0.0 0.0 0.0
  outer loop
    vertex -3.1200008392333984 -2.4000000953674316 14.131202697753906
    vertex -4.137601375579834 -3.993600368499756 13.920001983642578
    vertex -4.137601375579834 -2.4000000953674316 13.920001983642578
  endloop
endfacet
facet normal 0.0 0.0 0.0
  outer loop
    vertex -4.137601375579834 -3.993600368499756 13.920001983642578
    vertex -3.1200008392333984 -2.4000000953674316 14.131202697753906
    vertex -3.1200008392333984 -3.993600368499756 14.131202697753906
  endloop
endfacet
facet normal 0.0 0.0 0.0
  outer loop
    vertex -4.137601375579834 2.3999998569488525 13.920001983642578
    vertex -3.1200008392333984 3.993600368499756 14.131202697753906
    vertex -3.1200008392333984 2.3999998569488525 14.131202697753906
  endloop
endfacet
facet normal 0.0 0.0 0.0
  outer loop
    vertex -4.137601375579834 3.993600368499756 13.920001983642578
    vertex -5.136001110076904 2.3999998569488525 13.632001876831055
    vertex -5.136001110076904 3.993600368499756 13.632001876831055
  endloop
endfacet
facet normal 0.0 0.0 0.0
  outer loop
    vertex -4.137601375579834 -2.4000000953674316 13.920001983642578
    vertex -5.136001110076904 -3.993600368499756 13.632001876831055
    vertex -5.136001110076904 -2.4000000953674316 13.632001876831055
  endloop
endfacet
facet normal 0.0 0.0 0.0
  outer loop
    vertex -5.136001110076904 -3.993600368499756 13.632001876831055
    vertex -4.137601375579834 -2.4000000953674316 13.920001983642578
    vertex -4.137601375579834 -3.993600368499756 13.920001983642578
  endloop
endfacet
facet normal 0.0 0.0 0.0
  outer loop
    vertex -5.136001110076904 2.3999998569488525 13.632001876831055
    vertex -4.137601375579834 3.993600368499756 13.920001983642578
    vertex -4.137601375579834 2.3999998569488525 13.920001983642578
  endloop
endfacet
facet normal 0.0 0.0 0.0
  outer loop
    vertex -5.136001110076904 3.993600368499756 13.632001876831055
    vertex -6.115201473236084 2.3999998569488525 13.305602073669434
    vertex -6.115201473236084 3.993600368499756 13.305602073669434
  endloop
endfacet
facet normal 0.0 0.0 0.0
  outer loop
    vertex -5.136001110076904 -2.4000000953674316 13.632001876831055
    vertex -6.115201473236084 -3.993600368499756 13.305602073669434
    vertex -6.115201473236084 -2.4000000953674316 13.305602073669434
  endloop
endfacet
facet normal 0.0 0.0 0.0
  outer loop
    vertex -6.115201473236084 -3.993600368499756 13.305602073669434
    vertex -5.136001110076904 -2.4000000953674316 13.632001876831055
    vertex -5.136001110076904 -3.993600368499756 13.632001876831055
  endloop
endfacet
facet normal 0.0 0.0 0.0
  outer loop
    vertex -6.115201473236084 2.3999998569488525 13.305602073669434
    vertex -5.136001110076904 3.993600368499756 13.632001876831055
    vertex -5.136001110076904 2.3999998569488525 13.632001876831055
  endloop
endfacet
facet normal 0.0 0.0 0.0
  outer loop
    vertex -6.115201473236084 3.993600368499756 13.305602073669434
    vertex -7.075202465057373 2.3999998569488525 12.921601295471191
    vertex -7.075202465057373 3.993600368499756 12.921601295471191
  endloop
endfacet
facet normal 0.0 0.0 0.0
  outer loop
    vertex -6.115201473236084 -2.4000000953674316 13.305602073669434
    vertex -7.075202465057373 -3.993600368499756 12.921601295471191
    vertex -7.075202465057373 -2.4000000953674316 12.921601295471191
  endloop
endfacet
facet normal 0.0 0.0 0.0
  outer loop
    vertex -7.075202465057373 -3.993600368499756 12.921601295471191
    vertex -6.115201473236084 -2.4000000953674316 13.305602073669434
    vertex -6.115201473236084 -3.993600368499756 13.305602073669434
  endloop
endfacet
facet normal 0.0 0.0 0.0
  outer loop
    vertex -7.075202465057373 2.3999998569488525 12.921601295471191
    vertex -6.115201473236084 3.993600368499756 13.305602073669434
    vertex -6.115201473236084 2.3999998569488525 13.305602073669434
  endloop
endfacet
facet normal 0.0 0.0 0.0
  outer loop
    vertex -7.075202465057373 3.993600368499756 12.921601295471191
    vertex -7.996801376342773 2.3999998569488525 12.480001449584961
    vertex -7.996801376342773 3.993600368499756 12.480001449584961
  endloop
endfacet
facet normal 0.0 0.0 0.0
  outer loop
    vertex -7.075202465057373 -2.4000000953674316 12.921601295471191
    vertex -7.996801376342773 -3.993600368499756 12.480001449584961
    vertex -7.996801376342773 -2.4000000953674316 12.480001449584961
  endloop
endfacet
facet normal 0.0 0.0 0.0
  outer loop
    vertex -7.996801376342773 -3.993600368499756 12.480001449584961
    vertex -7.075202465057373 -2.4000000953674316 12.921601295471191
    vertex -7.075202465057373 -3.993600368499756 12.921601295471191
  endloop
endfacet
facet normal 0.0 0.0 0.0
  outer loop
    vertex -7.996801376342773 2.3999998569488525 12.480001449584961
    vertex -7.075202465057373 3.993600368499756 12.921601295471191
    vertex -7.075202465057373 2.3999998569488525 12.921601295471191
  endloop
endfacet
facet normal 0.0 0.0 0.0
  outer loop
    vertex -7.996801376342773 3.993600368499756 12.480001449584961
    vertex -8.88000202178955 2.3999998569488525 11.980801582336426
    vertex -8.88000202178955 3.993600368499756 11.980801582336426
  endloop
endfacet
facet normal 0.0 0.0 0.0
  outer loop
    vertex -7.996801376342773 -2.4000000953674316 12.480001449584961
    vertex -8.88000202178955 -3.993600368499756 11.980801582336426
    vertex -8.88000202178955 -2.4000000953674316 11.980801582336426
  endloop
endfacet
facet normal 0.0 0.0 0.0
  outer loop
    vertex -8.88000202178955 -3.993600368499756 11.980801582336426
    vertex -7.996801376342773 -2.4000000953674316 12.480001449584961
    vertex -7.996801376342773 -3.993600368499756 12.480001449584961
  endloop
endfacet
facet normal 0.0 0.0 0.0
  outer loop
    vertex -8.88000202178955 2.3999998569488525 11.980801582336426
    vertex -7.996801376342773 3.993600368499756 12.480001449584961
    vertex -7.996801376342773 2.3999998569488525 12.480001449584961
  endloop
endfacet
facet normal 0.0 0.0 0.0
  outer loop
    vertex -8.88000202178955 3.993600368499756 11.980801582336426
    vertex -9.744002342224121 2.3999998569488525 11.424001693725586
    vertex -9.744002342224121 3.993600368499756 11.424001693725586
  endloop
endfacet
facet normal 0.0 0.0 0.0
  outer loop
    vertex -8.88000202178955 -2.4000000953674316 11.980801582336426
    vertex -9.744002342224121 -3.993600368499756 11.42400074005127
    vertex -9.744002342224121 -2.4000000953674316 11.424001693725586
  endloop
endfacet
facet normal 0.0 0.0 0.0
  outer loop
    vertex -9.744002342224121 -3.993600368499756 11.42400074005127
    vertex -8.88000202178955 -2.4000000953674316 11.980801582336426
    vertex -8.88000202178955 -3.993600368499756 11.980801582336426
  endloop
endfacet
facet normal 0.0 0.0 0.0
  outer loop
    vertex -9.744002342224121 2.3999998569488525 11.424001693725586
    vertex -8.88000202178955 3.993600368499756 11.980801582336426
    vertex -8.88000202178955 2.3999998569488525 11.980801582336426
  endloop
endfacet
facet normal 0.0 0.0 0.0
  outer loop
    vertex -9.744002342224121 3.993600368499756 11.424001693725586
    vertex -10.550403594970703 2.3999998569488525 10.828801155090332
    vertex -10.550403594970703 3.993600368499756 10.828801155090332
  endloop
endfacet
facet normal 0.0 0.0 0.0
  outer loop
    vertex -9.744002342224121 -2.4000000953674316 11.424001693725586
    vertex -10.550403594970703 -3.993600368499756 10.828801155090332
    vertex -10.550403594970703 -2.4000000953674316 10.828801155090332
  endloop
endfacet
facet normal 0.0 0.0 0.0
  outer loop
    vertex -10.550403594970703 -3.993600368499756 10.828801155090332
    vertex -9.744002342224121 -2.4000000953674316 11.424001693725586
    vertex -9.744002342224121 -3.993600368499756 11.42400074005127
  endloop
endfacet
facet normal 0.0 0.0 0.0
  outer loop
    vertex -10.550403594970703 2.3999998569488525 10.828801155090332
    vertex -9.744002342224121 3.993600368499756 11.424001693725586
    vertex -9.744002342224121 2.3999998569488525 11.424001693725586
  endloop
endfacet
facet normal 0.0 0.0 0.0
  outer loop
    vertex -10.550403594970703 3.993600368499756 10.828801155090332
    vertex -11.318403244018555 2.3999998569488525 10.195201873779297
    vertex -11.318403244018555 3.993600368499756 10.195201873779297
  endloop
endfacet
facet normal 0.0 0.0 0.0
  outer loop
    vertex -10.550403594970703 -2.4000000953674316 10.828801155090332
    vertex -11.318403244018555 -3.993600368499756 10.19520092010498
    vertex -11.318403244018555 -2.4000000953674316 10.19520092010498
  endloop
endfacet
facet normal 0.0 0.0 0.0
  outer loop
    vertex -11.318403244018555 -3.993600368499756 10.19520092010498
    vertex -10.550403594970703 -2.4000000953674316 10.828801155090332
    vertex -10.550403594970703 -3.993600368499756 10.828801155090332
  endloop
endfacet
facet normal 0.0 0.0 0.0
  outer loop
    vertex -11.318403244018555 2.3999998569488525 10.195201873779297
    vertex -10.550403594970703 3.993600368499756 10.828801155090332
    vertex -10.550403594970703 2.3999998569488525 10.828801155090332
  endloop
endfacet
facet normal 0.0 0.0 0.0
  outer loop
    vertex -11.318403244018555 3.993600368499756 10.195201873779297
    vertex -12.028803825378418 2.3999998569488525 9.504002571105957
    vertex -12.028803825378418 3.993600368499756 9.504002571105957
  endloop
endfacet
facet normal 0.0 0.0 0.0
  outer loop
    vertex -11.318403244018555 -2.4000000953674316 10.19520092010498
    vertex -12.028803825378418 -3.993600368499756 9.50400161743164
    vertex -12.028803825378418 -2.4000000953674316 9.50400161743164
  endloop
endfacet
facet normal 0.0 0.0 0.0
  outer loop
    vertex -12.028803825378418 -3.993600368499756 9.50400161743164
    vertex -11.318403244018555 -2.4000000953674316 10.19520092010498
    vertex -11.318403244018555 -3.993600368499756 10.19520092010498
  endloop
endfacet
facet normal 0.0 0.0 0.0
  outer loop
    vertex -12.028803825378418 2.3999998569488525 9.504002571105957
    vertex -11.318403244018555 3.993600368499756 10.195201873779297
    vertex -11.318403244018555 2.3999998569488525 10.195201873779297
  endloop
endfacet
facet normal 0.0 0.0 0.0
  outer loop
    vertex -12.028803825378418 -3.993600368499756 9.50400161743164
    vertex -12.700804710388184 -3.993600368499756 8.77440071105957
    vertex -12.028803825378418 -2.4000000953674316 9.50400161743164
  endloop
endfacet
facet normal 0.0 0.0 0.0
  outer loop
    vertex -12.700804710388184 -2.4000000953674316 8.77440071105957
    vertex -12.028803825378418 -2.4000000953674316 9.50400161743164
    vertex -12.700804710388184 -3.993600368499756 8.77440071105957
  endloop
endfacet
facet normal 0.0 0.0 0.0
  outer loop
    vertex -12.028803825378418 2.3999998569488525 9.504002571105957
    vertex -12.700804710388184 2.3999998569488525 8.77440071105957
    vertex -12.028803825378418 3.993600368499756 9.504002571105957
  endloop
endfacet
facet normal 0.0 0.0 0.0
  outer loop
    vertex -12.700804710388184 3.993600368499756 8.77440071105957
    vertex -12.028803825378418 3.993600368499756 9.504002571105957
    vertex -12.700804710388184 2.3999998569488525 8.77440071105957
  endloop
endfacet
facet normal 0.0 0.0 0.0
  outer loop
    vertex -12.700804710388184 -3.993600368499756 8.77440071105957
    vertex -13.296003341674805 -3.993600368499756 8.006402015686035
    vertex -12.700804710388184 -2.4000000953674316 8.77440071105957
  endloop
endfacet
facet normal 0.0 0.0 0.0
  outer loop
    vertex -13.296003341674805 -2.4000000953674316 8.006402015686035
    vertex -12.700804710388184 -2.4000000953674316 8.77440071105957
    vertex -13.296003341674805 -3.993600368499756 8.006402015686035
  endloop
endfacet
facet normal 0.0 0.0 0.0
  outer loop
    vertex -12.700804710388184 2.3999998569488525 8.77440071105957
    vertex -13.296003341674805 2.3999998569488525 8.006402015686035
    vertex -12.700804710388184 3.993600368499756 8.77440071105957
  endloop
endfacet
facet normal 0.0 0.0 0.0
  outer loop
    vertex -13.296003341674805 3.993600368499756 8.006402015686035
    vertex -12.700804710388184 3.993600368499756 8.77440071105957
    vertex -13.296003341674805 2.3999998569488525 8.006402015686035
  endloop
endfacet
facet normal 0.0 0.0 0.0
  outer loop
    vertex -13.296003341674805 -3.993600368499756 8.006402015686035
    vertex -13.852804183959961 -3.993600368499756 7.200001239776611
    vertex -13.296003341674805 -2.4000000953674316 8.006402015686035
  endloop
endfacet
facet normal 0.0 0.0 0.0
  outer loop
    vertex -13.852804183959961 -2.4000000953674316 7.200001239776611
    vertex -13.296003341674805 -2.4000000953674316 8.006402015686035
    vertex -13.852804183959961 -3.993600368499756 7.200001239776611
  endloop
endfacet
facet normal 0.0 0.0 0.0
  outer loop
    vertex -13.296003341674805 2.3999998569488525 8.006402015686035
    vertex -13.852804183959961 2.3999998569488525 7.200001239776611
    vertex -13.296003341674805 3.993600368499756 8.006402015686035
  endloop
endfacet
facet normal 0.0 0.0 0.0
  outer loop
    vertex -13.852804183959961 3.993600368499756 7.200001239776611
    vertex -13.296003341674805 3.993600368499756 8.006402015686035
    vertex -13.852804183959961 2.3999998569488525 7.200001239776611
  endloop
endfacet
facet normal 0.0 0.0 0.0
  outer loop
    vertex -13.852804183959961 -3.993600368499756 7.200001239776611
    vertex -14.352004051208496 -3.993600368499756 6.374400615692139
    vertex -13.852804183959961 -2.4000000953674316 7.200001239776611
  endloop
endfacet
facet normal 0.0 0.0 0.0
  outer loop
    vertex -14.352004051208496 -2.4000000953674316 6.374400615692139
    vertex -13.852804183959961 -2.4000000953674316 7.200001239776611
    vertex -14.352004051208496 -3.993600368499756 6.374400615692139
  endloop
endfacet
facet normal 0.0 0.0 0.0
  outer loop
    vertex -13.852804183959961 2.3999998569488525 7.200001239776611
    vertex -14.352004051208496 2.3999998569488525 6.374400615692139
    vertex -13.852804183959961 3.993600368499756 7.200001239776611
  endloop
endfacet
facet normal 0.0 0.0 0.0
  outer loop
    vertex -14.352004051208496 3.993600368499756 6.374400615692139
    vertex -13.852804183959961 3.993600368499756 7.200001239776611
    vertex -14.352004051208496 2.3999998569488525 6.374400615692139
  endloop
endfacet
facet normal 0.0 0.0 0.0
  outer loop
    vertex -14.352004051208496 -3.993600368499756 6.374400615692139
    vertex -14.77440357208252 -3.993600368499756 5.510400295257568
    vertex -14.352004051208496 -2.4000000953674316 6.374400615692139
  endloop
endfacet
facet normal 0.0 0.0 0.0
  outer loop
    vertex -14.77440357208252 -2.4000000953674316 5.510400295257568
    vertex -14.352004051208496 -2.4000000953674316 6.374400615692139
    vertex -14.77440357208252 -3.993600368499756 5.510400295257568
  endloop
endfacet
facet normal 0.0 0.0 0.0
  outer loop
    vertex -14.352004051208496 2.3999998569488525 6.374400615692139
    vertex -14.77440357208252 2.3999998569488525 5.510400295257568
    vertex -14.352004051208496 3.993600368499756 6.374400615692139
  endloop
endfacet
facet normal 0.0 0.0 0.0
  outer loop
    vertex -14.77440357208252 3.993600368499756 5.510400295257568
    vertex -14.352004051208496 3.993600368499756 6.374400615692139
    vertex -14.77440357208252 2.3999998569488525 5.510400295257568
  endloop
endfacet
facet normal 0.0 0.0 0.0
  outer loop
    vertex -14.77440357208252 -3.993600368499756 5.510400295257568
    vertex -15.158404350280762 -3.9936001300811768 4.627200126647949
    vertex -14.77440357208252 -2.4000000953674316 5.510400295257568
  endloop
endfacet
facet normal 0.0 0.0 0.0
  outer loop
    vertex -15.158404350280762 -2.3999998569488525 4.627200126647949
    vertex -14.77440357208252 -2.4000000953674316 5.510400295257568
    vertex -15.158404350280762 -3.9936001300811768 4.627200126647949
  endloop
endfacet
facet normal 0.0 0.0 0.0
  outer loop
    vertex -14.77440357208252 2.3999998569488525 5.510400295257568
    vertex -15.158404350280762 2.4000000953674316 4.627200126647949
    vertex -14.77440357208252 3.993600368499756 5.510400295257568
  endloop
endfacet
facet normal 0.0 0.0 0.0
  outer loop
    vertex -15.158404350280762 3.993600606918335 4.627200126647949
    vertex -14.77440357208252 3.993600368499756 5.510400295257568
    vertex -15.158404350280762 2.4000000953674316 4.627200126647949
  endloop
endfacet
facet normal 0.0 0.0 0.0
  outer loop
    vertex -15.158404350280762 -3.9936001300811768 4.627200126647949
    vertex -15.446403503417969 -3.9936001300811768 3.7248001098632812
    vertex -15.158404350280762 -2.3999998569488525 4.627200126647949
  endloop
endfacet
facet normal 0.0 0.0 0.0
  outer loop
    vertex -15.446403503417969 -2.3999998569488525 3.7248001098632812
    vertex -15.158404350280762 -2.3999998569488525 4.627200126647949
    vertex -15.446403503417969 -3.9936001300811768 3.7248001098632812
  endloop
endfacet
facet normal 0.0 0.0 0.0
  outer loop
    vertex -15.158404350280762 2.4000000953674316 4.627200126647949
    vertex -15.446403503417969 2.4000000953674316 3.7248001098632812
    vertex -15.158404350280762 3.993600606918335 4.627200126647949
  endloop
endfacet
facet normal 0.0 0.0 0.0
  outer loop
    vertex -15.446403503417969 3.993600606918335 3.7248001098632812
    vertex -15.158404350280762 3.993600606918335 4.627200126647949
    vertex -15.446403503417969 2.4000000953674316 3.7248001098632812
  endloop
endfacet
facet normal 0.0 0.0 0.0
  outer loop
    vertex -15.446403503417969 -3.9936001300811768 3.7248001098632812
    vertex -15.696003913879395 -3.9936001300811768 2.8032002449035645
    vertex -15.446403503417969 -2.3999998569488525 3.7248001098632812
  endloop
endfacet
facet normal 0.0 0.0 0.0
  outer loop
    vertex -15.696003913879395 -2.3999998569488525 2.8032002449035645
    vertex -15.446403503417969 -2.3999998569488525 3.7248001098632812
    vertex -15.696003913879395 -3.9936001300811768 2.8032002449035645
  endloop
endfacet
facet normal 0.0 0.0 0.0
  outer loop
    vertex -15.446403503417969 2.4000000953674316 3.7248001098632812
    vertex -15.696003913879395 2.4000000953674316 2.8032002449035645
    vertex -15.446403503417969 3.993600606918335 3.7248001098632812
  endloop
endfacet
facet normal 0.0 0.0 0.0
  outer loop
    vertex -15.696003913879395 3.993600606918335 2.8032002449035645
    vertex -15.446403503417969 3.993600606918335 3.7248001098632812
    vertex -15.696003913879395 2.4000000953674316 2.8032002449035645
  endloop
endfacet
facet normal 0.0 0.0 0.0
  outer loop
    vertex -15.696003913879395 -3.9936001300811768 2.8032002449035645
    vertex -15.868804931640625 -3.9936001300811768 1.8816003799438477
    vertex -15.696003913879395 -2.3999998569488525 2.8032002449035645
  endloop
endfacet
facet normal 0.0 0.0 0.0
  outer loop
    vertex -15.868804931640625 -2.3999998569488525 1.8816003799438477
    vertex -15.696003913879395 -2.3999998569488525 2.8032002449035645
    vertex -15.868804931640625 -3.9936001300811768 1.8816003799438477
  endloop
endfacet
facet normal 0.0 0.0 0.0
  outer loop
    vertex -15.696003913879395 2.4000000953674316 2.8032002449035645
    vertex -15.868804931640625 2.4000000953674316 1.8816003799438477
    vertex -15.696003913879395 3.993600606918335 2.8032002449035645
  endloop
endfacet
facet normal 0.0 0.0 0.0
  outer loop
    vertex -15.868804931640625 3.993600606918335 1.8816003799438477
    vertex -15.696003913879395 3.993600606918335 2.8032002449035645
    vertex -15.868804931640625 2.4000000953674316 1.8816003799438477
  endloop
endfacet
facet normal 0.0 0.0 0.0
  outer loop
    vertex -15.868804931640625 -3.9936001300811768 1.8816003799438477
    vertex -15.964804649353027 -3.9936001300811768 0.940800666809082
    vertex -15.868804931640625 -2.3999998569488525 1.8816003799438477
  endloop
endfacet
facet normal 0.0 0.0 0.0
  outer loop
    vertex -15.964804649353027 -2.3999998569488525 0.940800666809082
    vertex -15.868804931640625 -2.3999998569488525 1.8816003799438477
    vertex -15.964804649353027 -3.9936001300811768 0.940800666809082
  endloop
endfacet
facet normal 0.0 0.0 0.0
  outer loop
    vertex -15.868804931640625 2.4000000953674316 1.8816003799438477
    vertex -15.964804649353027 2.4000000953674316 0.940800666809082
    vertex -15.868804931640625 3.993600606918335 1.8816003799438477
  endloop
endfacet
facet normal 0.0 0.0 0.0
  outer loop
    vertex -15.964804649353027 3.993600606918335 0.940800666809082
    vertex -15.868804931640625 3.993600606918335 1.8816003799438477
    vertex -15.964804649353027 2.4000000953674316 0.940800666809082
  endloop
endfacet
facet normal 0.0 0.0 0.0
  outer loop
    vertex -15.964804649353027 -3.9936001300811768 0.940800666809082
    vertex -16.003204345703125 -3.9936001300811768 0.0
    vertex -15.964804649353027 -2.3999998569488525 0.940800666809082
  endloop
endfacet
facet normal 0.0 0.0 0.0
  outer loop
    vertex -16.003204345703125 -2.3999998569488525 0.0
    vertex -15.964804649353027 -2.3999998569488525 0.940800666809082
    vertex -16.003204345703125 -3.9936001300811768 0.0
  endloop
endfacet
facet normal 0.0 0.0 0.0
  outer loop
    vertex -15.964804649353027 2.4000000953674316 0.940800666809082
    vertex -16.003204345703125 2.4000000953674316 0.0
    vertex -15.964804649353027 3.993600606918335 0.940800666809082
  endloop
endfacet
facet normal 0.0 0.0 0.0
  outer loop
    vertex -16.003204345703125 3.993600606918335 0.0
    vertex -15.964804649353027 3.993600606918335 0.940800666809082
    vertex -16.003204345703125 2.4000000953674316 0.0
  endloop
endfacet
facet normal 0.0 0.0 0.0
  outer loop
    vertex 8.880003929138184 -2.4000000953674316 11.980801582336426
    vertex 7.9968037605285645 -3.993600368499756 12.480001449584961
    vertex 7.9968037605285645 -2.4000000953674316 12.480001449584961
  endloop
endfacet
facet normal 0.0 0.0 0.0
  outer loop
    vertex 7.9968037605285645 -3.993600368499756 12.480001449584961
    vertex 8.880003929138184 -2.4000000953674316 11.980801582336426
    vertex 8.880003929138184 -3.993600368499756 11.980801582336426
  endloop
endfacet
facet normal 0.0 0.0 0.0
  outer loop
    vertex -12.009603500366211 -3.993600606918335 19.200002670288086
    vertex 0.009598733857274055 -3.993600606918335 19.200002670288086
    vertex -12.009603500366211 -2.4000003337860107 19.200002670288086
  endloop
endfacet
facet normal 0.0 0.0 0.0
  outer loop
    vertex -12.009603500366211 3.9936001300811768 19.200002670288086
    vertex -23.990406036376953 3.9936001300811768 19.200002670288086
    vertex -12.009603500366211 2.3999996185302734 19.200002670288086
  endloop
endfacet
facet normal 0.0 0.0 0.0
  outer loop
    vertex 12.009603500366211 3.9936001300811768 19.200002670288086
    vertex 0.009598733857274055 3.9936001300811768 19.200002670288086
    vertex 12.009603500366211 2.3999996185302734 19.200002670288086
  endloop
endfacet
facet normal 0.0 0.0 0.0
  outer loop
    vertex -19.228805541992188 2.2655999660491943 19.200002670288086
    vertex -19.075204849243164 2.2079999446868896 19.200002670288086
    vertex -13.027203559875488 2.1695995330810547 19.200002670288086
  endloop
endfacet
facet normal 0.0 0.0 0.0
  outer loop
    vertex -19.38240623474121 2.323200225830078 19.200002670288086
    vertex -19.228805541992188 2.2655999660491943 19.200002670288086
    vertex -13.027203559875488 2.1695995330810547 19.200002670288086
  endloop
endfacet
facet normal 0.0 0.0 0.0
  outer loop
    vertex -19.5360050201416 2.342400074005127 19.200002670288086
    vertex -19.38240623474121 2.323200225830078 19.200002670288086
    vertex -13.027203559875488 2.1695995330810547 19.200002670288086
  endloop
endfacet
facet normal 0.0 0.0 0.0
  outer loop
    vertex -19.689605712890625 2.380800247192383 19.200002670288086
    vertex -19.5360050201416 2.342400074005127 19.200002670288086
    vertex -13.027203559875488 2.1695995330810547 19.200002670288086
  endloop
endfacet
facet normal 0.0 0.0 0.0
  outer loop
    vertex -19.843204498291016 2.3999996185302734 19.200002670288086
    vertex -19.689605712890625 2.380800247192383 19.200002670288086
    vertex -13.027203559875488 2.1695995330810547 19.200002670288086
  endloop
endfacet
facet normal 0.0 0.0 0.0
  outer loop
    vertex -23.990406036376953 3.9936001300811768 19.200002670288086
    vertex -19.996807098388672 2.3999996185302734 19.200002670288086
    vertex -19.843204498291016 2.3999996185302734 19.200002670288086
  endloop
endfacet
facet normal 0.0 0.0 0.0
  outer loop
    vertex -23.990406036376953 3.9936001300811768 19.200002670288086
    vertex -19.843204498291016 2.3999996185302734 19.200002670288086
    vertex -13.027203559875488 2.1695995330810547 19.200002670288086
  endloop
endfacet
facet normal 0.0 0.0 0.0
  outer loop
    vertex -19.843204498291016 -2.4000003337860107 19.200002670288086
    vertex -19.996807098388672 -2.4000003337860107 19.200002670288086
    vertex -23.990406036376953 -3.993600606918335 19.200002670288086
  endloop
endfacet
facet normal 0.0 0.0 0.0
  outer loop
    vertex -19.689605712890625 -2.380800247192383 19.200002670288086
    vertex -19.843204498291016 -2.4000003337860107 19.200002670288086
    vertex -23.990406036376953 -3.993600606918335 19.200002670288086
  endloop
endfacet
facet normal 0.0 0.0 0.0
  outer loop
    vertex -19.5360050201416 -2.361600399017334 19.200002670288086
    vertex -19.689605712890625 -2.380800247192383 19.200002670288086
    vertex -23.990406036376953 -3.993600606918335 19.200002670288086
  endloop
endfacet
facet normal 0.0 0.0 0.0
  outer loop
    vertex -19.38240623474121 -2.3232004642486572 19.200002670288086
    vertex -19.5360050201416 -2.361600399017334 19.200002670288086
    vertex -23.990406036376953 -3.993600606918335 19.200002670288086
  endloop
endfacet
facet normal 0.0 0.0 0.0
  outer loop
    vertex -19.228805541992188 -2.2848005294799805 19.200002670288086
    vertex -19.38240623474121 -2.3232004642486572 19.200002670288086
    vertex -23.990406036376953 -3.993600606918335 19.200002670288086
  endloop
endfacet
facet normal 0.0 0.0 0.0
  outer loop
    vertex -13.027203559875488 -2.169600248336792 19.200002670288086
    vertex -19.075204849243164 -2.2272002696990967 19.200002670288086
    vertex -19.228805541992188 -2.2848005294799805 19.200002670288086
  endloop
endfacet
facet normal 0.0 0.0 0.0
  outer loop
    vertex -13.027203559875488 -2.169600248336792 19.200002670288086
    vertex -19.228805541992188 -2.2848005294799805 19.200002670288086
    vertex -23.990406036376953 -3.993600606918335 19.200002670288086
  endloop
endfacet
facet normal 0.0 0.0 0.0
  outer loop
    vertex -13.584003448486328 1.804800033569336 19.200002670288086
    vertex -18.422405242919922 1.804800033569336 19.200002670288086
    vertex -13.699203491210938 1.6895997524261475 19.200002670288086
  endloop
endfacet
facet normal 0.0 0.0 0.0
  outer loop
    vertex -20.150405883789062 2.3999996185302734 19.200002670288086
    vertex -19.996807098388672 2.3999996185302734 19.200002670288086
    vertex -23.990406036376953 3.9936001300811768 19.200002670288086
  endloop
endfacet
facet normal 0.0 0.0 0.0
  outer loop
    vertex -20.304006576538086 2.380800247192383 19.200002670288086
    vertex -20.150405883789062 2.3999996185302734 19.200002670288086
    vertex -23.990406036376953 3.9936001300811768 19.200002670288086
  endloop
endfacet
facet normal 0.0 0.0 0.0
  outer loop
    vertex -20.476804733276367 2.342400074005127 19.200002670288086
    vertex -20.304006576538086 2.380800247192383 19.200002670288086
    vertex -23.990406036376953 3.9936001300811768 19.200002670288086
  endloop
endfacet
facet normal 0.0 0.0 0.0
  outer loop
    vertex -20.630407333374023 2.323200225830078 19.200002670288086
    vertex -20.476804733276367 2.342400074005127 19.200002670288086
    vertex -23.990406036376953 3.9936001300811768 19.200002670288086
  endloop
endfacet
facet normal 0.0 0.0 0.0
  outer loop
    vertex -20.630407333374023 2.303999662399292 19.200002670288086
    vertex -20.630407333374023 2.323200225830078 19.200002670288086
    vertex -23.990406036376953 3.9936001300811768 19.200002670288086
  endloop
endfacet
facet normal 0.0 0.0 0.0
  outer loop
    vertex -13.334403991699219 1.9967997074127197 19.200002670288086
    vertex -18.67200469970703 1.9967997074127197 19.200002670288086
    vertex -13.468803405761719 1.9007999897003174 19.200002670288086
  endloop
endfacet
facet normal 0.0 0.0 0.0
  outer loop
    vertex -13.468803405761719 1.9007999897003174 19.200002670288086
    vertex -18.53760528564453 1.9007999897003174 19.200002670288086
    vertex -13.584003448486328 1.804800033569336 19.200002670288086
  endloop
endfacet
facet normal 0.0 0.0 0.0
  outer loop
    vertex -13.065604209899902 2.150400400161743 19.200002670288086
    vertex -18.940805435180664 2.150400400161743 19.200002670288086
    vertex -13.200002670288086 2.0735998153686523 19.200002670288086
  endloop
endfacet
facet normal 0.0 0.0 0.0
  outer loop
    vertex -13.200002670288086 2.0735998153686523 19.200002670288086
    vertex -18.806406021118164 2.0735998153686523 19.200002670288086
    vertex -13.334403991699219 1.9967997074127197 19.200002670288086
  endloop
endfacet
facet normal 0.0 0.0 0.0
  outer loop
    vertex -13.699203491210938 1.6895997524261475 19.200002670288086
    vertex -18.307205200195312 1.6895997524261475 19.200002670288086
    vertex -13.795204162597656 1.5744001865386963 19.200002670288086
  endloop
endfacet
facet normal 0.0 0.0 0.0
  outer loop
    vertex -13.795204162597656 1.5744001865386963 19.200002670288086
    vertex -18.192005157470703 1.5744001865386963 19.200002670288086
    vertex -13.91040325164795 1.4591999053955078 19.200002670288086
  endloop
endfacet
facet normal 0.0 0.0 0.0
  outer loop
    vertex -13.91040325164795 1.4591999053955078 19.200002670288086
    vertex -18.096004486083984 1.4591999053955078 19.200002670288086
    vertex -13.987204551696777 1.3247997760772705 19.200002670288086
  endloop
endfacet
facet normal 0.0 0.0 0.0
  outer loop
    vertex -13.987204551696777 1.3247997760772705 19.200002670288086
    vertex -18.0000057220459 1.3247997760772705 19.200002670288086
    vertex -14.08320426940918 1.1903996467590332 19.200002670288086
  endloop
endfacet
facet normal 0.0 0.0 0.0
  outer loop
    vertex -14.08320426940918 1.1903996467590332 19.200002670288086
    vertex -17.923206329345703 1.1903996467590332 19.200002670288086
    vertex -14.160003662109375 1.055999994277954 19.200002670288086
  endloop
endfacet
facet normal 0.0 0.0 0.0
  outer loop
    vertex -14.160003662109375 1.055999994277954 19.200002670288086
    vertex -17.846405029296875 1.055999994277954 19.200002670288086
    vertex -14.217604637145996 0.9216000437736511 19.200002670288086
  endloop
endfacet
facet normal 0.0 0.0 0.0
  outer loop
    vertex -14.313605308532715 0.614399790763855 19.200002670288086
    vertex -14.275202751159668 0.768000066280365 19.200002670288086
    vertex -17.76960563659668 0.8832000494003296 19.200002670288086
  endloop
endfacet
facet normal 0.0 0.0 0.0
  outer loop
    vertex -14.352004051208496 0.4607997536659241 19.200002670288086
    vertex -14.313605308532715 0.614399790763855 19.200002670288086
    vertex -17.76960563659668 0.8832000494003296 19.200002670288086
  endloop
endfacet
facet normal 0.0 0.0 0.0
  outer loop
    vertex -14.371203422546387 0.30719977617263794 19.200002670288086
    vertex -14.352004051208496 0.4607997536659241 19.200002670288086
    vertex -17.76960563659668 0.8832000494003296 19.200002670288086
  endloop
endfacet
facet normal 0.0 0.0 0.0
  outer loop
    vertex -14.39040470123291 0.153599813580513 19.200002670288086
    vertex -14.371203422546387 0.30719977617263794 19.200002670288086
    vertex -17.76960563659668 0.8832000494003296 19.200002670288086
  endloop
endfacet
facet normal 0.0 0.0 0.0
  outer loop
    vertex -14.4096040725708 -1.612495026392935e-07 19.200002670288086
    vertex -14.39040470123291 0.153599813580513 19.200002670288086
    vertex -17.76960563659668 0.8832000494003296 19.200002670288086
  endloop
endfacet
facet normal 0.0 0.0 0.0
  outer loop
    vertex -14.39040470123291 -0.15360014140605927 19.200002670288086
    vertex -14.4096040725708 -1.612495026392935e-07 19.200002670288086
    vertex -17.76960563659668 0.8832000494003296 19.200002670288086
  endloop
endfacet
facet normal 0.0 0.0 0.0
  outer loop
    vertex -14.371203422546387 -0.30720043182373047 19.200002670288086
    vertex -14.39040470123291 -0.15360014140605927 19.200002670288086
    vertex -17.76960563659668 0.8832000494003296 19.200002670288086
  endloop
endfacet
facet normal 0.0 0.0 0.0
  outer loop
    vertex -14.352004051208496 -0.47999995946884155 19.200002670288086
    vertex -14.371203422546387 -0.30720043182373047 19.200002670288086
    vertex -17.76960563659668 0.8832000494003296 19.200002670288086
  endloop
endfacet
facet normal 0.0 0.0 0.0
  outer loop
    vertex -14.313605308532715 -0.6336001753807068 19.200002670288086
    vertex -14.352004051208496 -0.47999995946884155 19.200002670288086
    vertex -17.76960563659668 0.8832000494003296 19.200002670288086
  endloop
endfacet
facet normal 0.0 0.0 0.0
  outer loop
    vertex -14.275202751159668 -0.7680000066757202 19.200002670288086
    vertex -14.313605308532715 -0.6336001753807068 19.200002670288086
    vertex -17.76960563659668 0.8832000494003296 19.200002670288086
  endloop
endfacet
facet normal 0.0 0.0 0.0
  outer loop
    vertex -14.23680305480957 -0.8832002878189087 19.200002670288086
    vertex -14.275202751159668 -0.7680000066757202 19.200002670288086
    vertex -17.76960563659668 0.8832000494003296 19.200002670288086
  endloop
endfacet
facet normal 0.0 0.0 0.0
  outer loop
    vertex -14.160003662109375 -1.0560002326965332 19.200002670288086
    vertex -17.846405029296875 -1.0560002326965332 19.200002670288086
    vertex -14.08320426940918 -1.2096002101898193 19.200002670288086
  endloop
endfacet
facet normal 0.0 0.0 0.0
  outer loop
    vertex -14.217604637145996 -0.9215999841690063 19.200002670288086
    vertex -17.78880500793457 -0.9215999841690063 19.200002670288086
    vertex -14.160003662109375 -1.0560002326965332 19.200002670288086
  endloop
endfacet
facet normal 0.0 0.0 0.0
  outer loop
    vertex -14.08320426940918 -1.2096002101898193 19.200002670288086
    vertex -17.923206329345703 -1.2096002101898193 19.200002670288086
    vertex -13.987204551696777 -1.3440003395080566 19.200002670288086
  endloop
endfacet
facet normal 0.0 0.0 0.0
  outer loop
    vertex -13.987204551696777 -1.3440003395080566 19.200002670288086
    vertex -18.0000057220459 -1.3440003395080566 19.200002670288086
    vertex -13.91040325164795 -1.459200382232666 19.200002670288086
  endloop
endfacet
facet normal 0.0 0.0 0.0
  outer loop
    vertex -13.91040325164795 -1.459200382232666 19.200002670288086
    vertex -18.096004486083984 -1.459200382232666 19.200002670288086
    vertex -13.795204162597656 -1.5936005115509033 19.200002670288086
  endloop
endfacet
facet normal 0.0 0.0 0.0
  outer loop
    vertex -13.795204162597656 -1.5936005115509033 19.200002670288086
    vertex -18.192005157470703 -1.5936005115509033 19.200002670288086
    vertex -13.699203491210938 -1.7088004350662231 19.200002670288086
  endloop
endfacet
facet normal 0.0 0.0 0.0
  outer loop
    vertex -13.699203491210938 -1.7088004350662231 19.200002670288086
    vertex -18.307205200195312 -1.7088004350662231 19.200002670288086
    vertex -13.584003448486328 -1.804800271987915 19.200002670288086
  endloop
endfacet
facet normal 0.0 0.0 0.0
  outer loop
    vertex -13.584003448486328 -1.804800271987915 19.200002670288086
    vertex -18.422405242919922 -1.804800271987915 19.200002670288086
    vertex -13.468803405761719 -1.9008004665374756 19.200002670288086
  endloop
endfacet
facet normal 0.0 0.0 0.0
  outer loop
    vertex -13.468803405761719 -1.9008004665374756 19.200002670288086
    vertex -18.53760528564453 -1.9008004665374756 19.200002670288086
    vertex -13.334403991699219 -1.996800422668457 19.200002670288086
  endloop
endfacet
facet normal 0.0 0.0 0.0
  outer loop
    vertex -13.334403991699219 -1.996800422668457 19.200002670288086
    vertex -18.67200469970703 -1.996800422668457 19.200002670288086
    vertex -13.200002670288086 -2.0736002922058105 19.200002670288086
  endloop
endfacet
facet normal 0.0 0.0 0.0
  outer loop
    vertex -13.200002670288086 -2.0736002922058105 19.200002670288086
    vertex -18.806406021118164 -2.0736002922058105 19.200002670288086
    vertex -13.065604209899902 -2.150400400161743 19.200002670288086
  endloop
endfacet
facet normal 0.0 0.0 0.0
  outer loop
    vertex -5.462401866912842 -1.9008004665374756 19.200002670288086
    vertex -10.531203269958496 -1.9008004665374756 19.200002670288086
    vertex -5.328001976013184 -1.996800422668457 19.200002670288086
  endloop
endfacet
facet normal 0.0 0.0 0.0
  outer loop
    vertex -6.403202056884766 0.153599813580513 19.200002670288086
    vertex -9.609602928161621 0.153599813580513 19.200002670288086
    vertex -6.403202056884766 -1.612495026392935e-07 19.200002670288086
  endloop
endfacet
facet normal 0.0 0.0 0.0
  outer loop
    vertex 1.6032007932662964 -1.612495026392935e-07 19.200002670288086
    vertex 0.009598733857274055 -1.612495026392935e-07 19.200002670288086
    vertex 1.6032007932662964 -0.15360014140605927 19.200002670288086
  endloop
endfacet
facet normal 0.0 0.0 0.0
  outer loop
    vertex -6.345602512359619 0.4607997536659241 19.200002670288086
    vertex -9.648002624511719 0.4607997536659241 19.200002670288086
    vertex -6.384002208709717 0.30719977617263794 19.200002670288086
  endloop
endfacet
facet normal 0.0 0.0 0.0
  outer loop
    vertex 0.009598733857274055 -1.612495026392935e-07 19.200002670288086
    vertex -1.6032007932662964 -1.612495026392935e-07 19.200002670288086
    vertex -1.6032007932662964 -0.15360014140605927 19.200002670288086
  endloop
endfacet
facet normal 0.0 0.0 0.0
  outer loop
    vertex 0.009598733857274055 -1.612495026392935e-07 19.200002670288086
    vertex -1.6032007932662964 -0.15360014140605927 19.200002670288086
    vertex -1.6224006414413452 -0.26880013942718506 19.200002670288086
  endloop
endfacet
facet normal 0.0 0.0 0.0
  outer loop
    vertex -6.345602512359619 -0.47999995946884155 19.200002670288086
    vertex -9.648002624511719 -0.47999995946884155 19.200002670288086
    vertex -6.32640266418457 -0.6336001753807068 19.200002670288086
  endloop
endfacet
facet normal 0.0 0.0 0.0
  outer loop
    vertex -6.384002208709717 0.30719977617263794 19.200002670288086
    vertex -9.628803253173828 0.30719977617263794 19.200002670288086
    vertex -6.403202056884766 0.153599813580513 19.200002670288086
  endloop
endfacet
facet normal 0.0 0.0 0.0
  outer loop
    vertex -6.32640266418457 0.614399790763855 19.200002670288086
    vertex -9.686402320861816 0.614399790763855 19.200002670288086
    vertex -6.345602512359619 0.4607997536659241 19.200002670288086
  endloop
endfacet
facet normal 0.0 0.0 0.0
  outer loop
    vertex -5.808001518249512 1.5744001865386963 19.200002670288086
    vertex -5.692801475524902 1.6895997524261475 19.200002670288086
    vertex -10.320003509521484 1.7280001640319824 19.200002670288086
  endloop
endfacet
facet normal 0.0 0.0 0.0
  outer loop
    vertex -5.9040021896362305 1.4591999053955078 19.200002670288086
    vertex -5.808001518249512 1.5744001865386963 19.200002670288086
    vertex -10.320003509521484 1.7280001640319824 19.200002670288086
  endloop
endfacet
facet normal 0.0 0.0 0.0
  outer loop
    vertex -6.000001430511475 1.3247997760772705 19.200002670288086
    vertex -5.9040021896362305 1.4591999053955078 19.200002670288086
    vertex -10.320003509521484 1.7280001640319824 19.200002670288086
  endloop
endfacet
facet normal 0.0 0.0 0.0
  outer loop
    vertex -6.076801776885986 1.1903996467590332 19.200002670288086
    vertex -6.000001430511475 1.3247997760772705 19.200002670288086
    vertex -10.320003509521484 1.7280001640319824 19.200002670288086
  endloop
endfacet
facet normal 0.0 0.0 0.0
  outer loop
    vertex -6.153602600097656 1.055999994277954 19.200002670288086
    vertex -6.076801776885986 1.1903996467590332 19.200002670288086
    vertex -10.320003509521484 1.7280001640319824 19.200002670288086
  endloop
endfacet
facet normal 0.0 0.0 0.0
  outer loop
    vertex -6.172802448272705 1.0175998210906982 19.200002670288086
    vertex -6.153602600097656 1.055999994277954 19.200002670288086
    vertex -10.320003509521484 1.7280001640319824 19.200002670288086
  endloop
endfacet
facet normal 0.0 0.0 0.0
  outer loop
    vertex -6.268801689147949 -0.7680000066757202 19.200002670288086
    vertex -9.724802017211914 -0.7680000066757202 19.200002670288086
    vertex -6.211202144622803 -0.9215999841690063 19.200002670288086
  endloop
endfacet
facet normal 0.0 0.0 0.0
  outer loop
    vertex -6.403202056884766 -0.15360014140605927 19.200002670288086
    vertex -9.609602928161621 -0.15360014140605927 19.200002670288086
    vertex -6.384002208709717 -0.30720043182373047 19.200002670288086
  endloop
endfacet
facet normal 0.0 0.0 0.0
  outer loop
    vertex -6.32640266418457 -0.6336001753807068 19.200002670288086
    vertex -9.686402320861816 -0.6336001753807068 19.200002670288086
    vertex -6.268801689147949 -0.7680000066757202 19.200002670288086
  endloop
endfacet
facet normal 0.0 0.0 0.0
  outer loop
    vertex -6.384002208709717 -0.30720043182373047 19.200002670288086
    vertex -9.628803253173828 -0.30720043182373047 19.200002670288086
    vertex -6.345602512359619 -0.47999995946884155 19.200002670288086
  endloop
endfacet
facet normal 0.0 0.0 0.0
  outer loop
    vertex -6.403202056884766 -1.612495026392935e-07 19.200002670288086
    vertex -9.609602928161621 -1.612495026392935e-07 19.200002670288086
    vertex -6.403202056884766 -0.15360014140605927 19.200002670288086
  endloop
endfacet
facet normal 0.0 0.0 0.0
  outer loop
    vertex -5.193601608276367 2.0735998153686523 19.200002670288086
    vertex -10.800002098083496 2.0735998153686523 19.200002670288086
    vertex -5.328001976013184 1.9967997074127197 19.200002670288086
  endloop
endfacet
facet normal 0.0 0.0 0.0
  outer loop
    vertex -5.328001976013184 1.9967997074127197 19.200002670288086
    vertex -10.665603637695312 1.9967997074127197 19.200002670288086
    vertex -5.462401866912842 1.9007999897003174 19.200002670288086
  endloop
endfacet
facet normal 0.0 0.0 0.0
  outer loop
    vertex -5.059201717376709 2.150400400161743 19.200002670288086
    vertex -10.934403419494629 2.150400400161743 19.200002670288086
    vertex -5.193601608276367 2.0735998153686523 19.200002670288086
  endloop
endfacet
facet normal 0.0 0.0 0.0
  outer loop
    vertex -5.462401866912842 1.9007999897003174 19.200002670288086
    vertex -10.531203269958496 1.9007999897003174 19.200002670288086
    vertex -5.577600955963135 1.804800033569336 19.200002670288086
  endloop
endfacet
facet normal 0.0 0.0 0.0
  outer loop
    vertex -6.211202144622803 0.9216000437736511 19.200002670288086
    vertex -9.782402992248535 0.9216000437736511 19.200002670288086
    vertex -6.268801689147949 0.768000066280365 19.200002670288086
  endloop
endfacet
facet normal 0.0 0.0 0.0
  outer loop
    vertex -12.009603500366211 3.9936001300811768 19.200002670288086
    vertex -12.009603500366211 2.3999996185302734 19.200002670288086
    vertex -11.836804389953613 2.3999996185302734 19.200002670288086
  endloop
endfacet
facet normal 0.0 0.0 0.0
  outer loop
    vertex -12.009603500366211 3.9936001300811768 19.200002670288086
    vertex -11.836804389953613 2.3999996185302734 19.200002670288086
    vertex -11.683202743530273 2.380800247192383 19.200002670288086
  endloop
endfacet
facet normal 0.0 0.0 0.0
  outer loop
    vertex -12.009603500366211 3.9936001300811768 19.200002670288086
    vertex -11.683202743530273 2.380800247192383 19.200002670288086
    vertex -11.529603004455566 2.342400074005127 19.200002670288086
  endloop
endfacet
facet normal 0.0 0.0 0.0
  outer loop
    vertex -12.009603500366211 3.9936001300811768 19.200002670288086
    vertex -11.529603004455566 2.342400074005127 19.200002670288086
    vertex -11.376004219055176 2.323200225830078 19.200002670288086
  endloop
endfacet
facet normal 0.0 0.0 0.0
  outer loop
    vertex -12.009603500366211 3.9936001300811768 19.200002670288086
    vertex -11.376004219055176 2.323200225830078 19.200002670288086
    vertex -11.222403526306152 2.2655999660491943 19.200002670288086
  endloop
endfacet
facet normal 0.0 0.0 0.0
  outer loop
    vertex -12.009603500366211 3.9936001300811768 19.200002670288086
    vertex -11.222403526306152 2.2655999660491943 19.200002670288086
    vertex -11.08800220489502 2.2079999446868896 19.200002670288086
  endloop
endfacet
facet normal 0.0 0.0 0.0
  outer loop
    vertex -12.009603500366211 3.9936001300811768 19.200002670288086
    vertex -11.08800220489502 2.2079999446868896 19.200002670288086
    vertex -10.972803115844727 2.1695995330810547 19.200002670288086
  endloop
endfacet
facet normal 0.0 0.0 0.0
  outer loop
    vertex 0.009598733857274055 3.9936001300811768 19.200002670288086
    vertex -12.009603500366211 3.9936001300811768 19.200002670288086
    vertex -10.972803115844727 2.1695995330810547 19.200002670288086
  endloop
endfacet
facet normal 0.0 0.0 0.0
  outer loop
    vertex -6.268801689147949 0.768000066280365 19.200002670288086
    vertex -9.724802017211914 0.768000066280365 19.200002670288086
    vertex -6.32640266418457 0.614399790763855 19.200002670288086
  endloop
endfacet
facet normal 0.0 0.0 0.0
  outer loop
    vertex -5.577600955963135 -1.804800271987915 19.200002670288086
    vertex -10.416003227233887 -1.804800271987915 19.200002670288086
    vertex -5.462401866912842 -1.9008004665374756 19.200002670288086
  endloop
endfacet
facet normal 0.0 0.0 0.0
  outer loop
    vertex -5.328001976013184 -1.996800422668457 19.200002670288086
    vertex -10.665603637695312 -1.996800422668457 19.200002670288086
    vertex -5.193601608276367 -2.0736002922058105 19.200002670288086
  endloop
endfacet
facet normal 0.0 0.0 0.0
  outer loop
    vertex -5.193601608276367 -2.0736002922058105 19.200002670288086
    vertex -10.800002098083496 -2.0736002922058105 19.200002670288086
    vertex -5.059201717376709 -2.150400400161743 19.200002670288086
  endloop
endfacet
facet normal 0.0 0.0 0.0
  outer loop
    vertex -13.065604209899902 -2.150400400161743 19.200002670288086
    vertex -18.940805435180664 -2.150400400161743 19.200002670288086
    vertex -13.027203559875488 -2.169600248336792 19.200002670288086
  endloop
endfacet
facet normal 0.0 0.0 0.0
  outer loop
    vertex -12.163202285766602 2.3999996185302734 19.200002670288086
    vertex -12.009603500366211 2.3999996185302734 19.200002670288086
    vertex -23.990406036376953 3.9936001300811768 19.200002670288086
  endloop
endfacet
facet normal 0.0 0.0 0.0
  outer loop
    vertex -12.316803932189941 2.380800247192383 19.200002670288086
    vertex -12.163202285766602 2.3999996185302734 19.200002670288086
    vertex -23.990406036376953 3.9936001300811768 19.200002670288086
  endloop
endfacet
facet normal 0.0 0.0 0.0
  outer loop
    vertex -12.470403671264648 2.342400074005127 19.200002670288086
    vertex -12.316803932189941 2.380800247192383 19.200002670288086
    vertex -23.990406036376953 3.9936001300811768 19.200002670288086
  endloop
endfacet
facet normal 0.0 0.0 0.0
  outer loop
    vertex -12.624004364013672 2.323200225830078 19.200002670288086
    vertex -12.470403671264648 2.342400074005127 19.200002670288086
    vertex -23.990406036376953 3.9936001300811768 19.200002670288086
  endloop
endfacet
facet normal 0.0 0.0 0.0
  outer loop
    vertex -12.777603149414062 2.2655999660491943 19.200002670288086
    vertex -12.624004364013672 2.323200225830078 19.200002670288086
    vertex -23.990406036376953 3.9936001300811768 19.200002670288086
  endloop
endfacet
facet normal 0.0 0.0 0.0
  outer loop
    vertex -12.912004470825195 2.2079999446868896 19.200002670288086
    vertex -12.777603149414062 2.2655999660491943 19.200002670288086
    vertex -23.990406036376953 3.9936001300811768 19.200002670288086
  endloop
endfacet
facet normal 0.0 0.0 0.0
  outer loop
    vertex -13.027203559875488 2.1695995330810547 19.200002670288086
    vertex -12.912004470825195 2.2079999446868896 19.200002670288086
    vertex -23.990406036376953 3.9936001300811768 19.200002670288086
  endloop
endfacet
facet normal 0.0 0.0 0.0
  outer loop
    vertex -5.692801475524902 -1.7088004350662231 19.200002670288086
    vertex -10.320003509521484 -1.728000283241272 19.200002670288086
    vertex -5.577600955963135 -1.804800271987915 19.200002670288086
  endloop
endfacet
facet normal 0.0 0.0 0.0
  outer loop
    vertex -6.211202144622803 -0.9215999841690063 19.200002670288086
    vertex -9.782402992248535 -0.9215999841690063 19.200002670288086
    vertex -6.172802448272705 -1.0368001461029053 19.200002670288086
  endloop
endfacet
facet normal 0.0 0.0 0.0
  outer loop
    vertex -4.924801349639893 2.2079999446868896 19.200002670288086
    vertex -10.972803115844727 2.1695995330810547 19.200002670288086
    vertex -5.059201717376709 2.150400400161743 19.200002670288086
  endloop
endfacet
facet normal 0.0 0.0 0.0
  outer loop
    vertex 9.628800392150879 0.30719977617263794 19.200002670288086
    vertex 6.383999824523926 0.30719977617263794 19.200002670288086
    vertex 9.609602928161621 0.153599813580513 19.200002670288086
  endloop
endfacet
facet normal 0.0 0.0 0.0
  outer loop
    vertex 10.531203269958496 1.9007999897003174 19.200002670288086
    vertex 5.462399482727051 1.9007999897003174 19.200002670288086
    vertex 10.41600227355957 1.804800033569336 19.200002670288086
  endloop
endfacet
facet normal 0.0 0.0 0.0
  outer loop
    vertex 4.771200180053711 2.2655999660491943 19.200002670288086
    vertex 4.924801349639893 2.2079999446868896 19.200002670288086
    vertex 10.97280216217041 2.1695995330810547 19.200002670288086
  endloop
endfacet
facet normal 0.0 0.0 0.0
  outer loop
    vertex 4.61760139465332 2.323200225830078 19.200002670288086
    vertex 4.771200180053711 2.2655999660491943 19.200002670288086
    vertex 10.97280216217041 2.1695995330810547 19.200002670288086
  endloop
endfacet
facet normal 0.0 0.0 0.0
  outer loop
    vertex 4.46400260925293 2.342400074005127 19.200002670288086
    vertex 4.61760139465332 2.323200225830078 19.200002670288086
    vertex 10.97280216217041 2.1695995330810547 19.200002670288086
  endloop
endfacet
facet normal 0.0 0.0 0.0
  outer loop
    vertex 4.310401439666748 2.380800247192383 19.200002670288086
    vertex 4.46400260925293 2.342400074005127 19.200002670288086
    vertex 10.97280216217041 2.1695995330810547 19.200002670288086
  endloop
endfacet
facet normal 0.0 0.0 0.0
  outer loop
    vertex 4.156800270080566 2.3999996185302734 19.200002670288086
    vertex 4.310401439666748 2.380800247192383 19.200002670288086
    vertex 10.97280216217041 2.1695995330810547 19.200002670288086
  endloop
endfacet
facet normal 0.0 0.0 0.0
  outer loop
    vertex 0.009598733857274055 3.9936001300811768 19.200002670288086
    vertex 4.003201484680176 2.3999996185302734 19.200002670288086
    vertex 4.156800270080566 2.3999996185302734 19.200002670288086
  endloop
endfacet
facet normal 0.0 0.0 0.0
  outer loop
    vertex 0.009598733857274055 3.9936001300811768 19.200002670288086
    vertex 4.156800270080566 2.3999996185302734 19.200002670288086
    vertex 10.97280216217041 2.1695995330810547 19.200002670288086
  endloop
endfacet
facet normal 0.0 0.0 0.0
  outer loop
    vertex 9.609602928161621 0.153599813580513 19.200002670288086
    vertex 6.403202056884766 0.153599813580513 19.200002670288086
    vertex 9.609602928161621 -1.612495026392935e-07 19.200002670288086
  endloop
endfacet
facet normal 0.0 0.0 0.0
  outer loop
    vertex 9.724802017211914 0.768000066280365 19.200002670288086
    vertex 6.268803119659424 0.768000066280365 19.200002670288086
    vertex 9.686402320861816 0.614399790763855 19.200002670288086
  endloop
endfacet
facet normal 0.0 0.0 0.0
  outer loop
    vertex 10.80000114440918 2.0735998153686523 19.200002670288086
    vertex 5.193601608276367 2.0735998153686523 19.200002670288086
    vertex 10.665602684020996 1.9967997074127197 19.200002670288086
  endloop
endfacet
facet normal 0.0 0.0 0.0
  outer loop
    vertex 10.665602684020996 1.9967997074127197 19.200002670288086
    vertex 5.328000545501709 1.9967997074127197 19.200002670288086
    vertex 10.531203269958496 1.9007999897003174 19.200002670288086
  endloop
endfacet
facet normal 0.0 0.0 0.0
  outer loop
    vertex 10.934402465820312 2.150400400161743 19.200002670288086
    vertex 5.059202671051025 2.150400400161743 19.200002670288086
    vertex 10.80000114440918 2.0735998153686523 19.200002670288086
  endloop
endfacet
facet normal 0.0 0.0 0.0
  outer loop
    vertex 9.782402038574219 0.9216000437736511 19.200002670288086
    vertex 6.211200714111328 0.9216000437736511 19.200002670288086
    vertex 9.724802017211914 0.768000066280365 19.200002670288086
  endloop
endfacet
facet normal 0.0 0.0 0.0
  outer loop
    vertex 9.686402320861816 0.614399790763855 19.200002670288086
    vertex 6.32640266418457 0.614399790763855 19.200002670288086
    vertex 9.648002624511719 0.4607997536659241 19.200002670288086
  endloop
endfacet
facet normal 0.0 0.0 0.0
  outer loop
    vertex 9.648002624511719 0.4607997536659241 19.200002670288086
    vertex 6.345600128173828 0.4607997536659241 19.200002670288086
    vertex 9.628800392150879 0.30719977617263794 19.200002670288086
  endloop
endfacet
facet normal 0.0 0.0 0.0
  outer loop
    vertex 9.609602928161621 -1.612495026392935e-07 19.200002670288086
    vertex 6.403202056884766 -1.612495026392935e-07 19.200002670288086
    vertex 9.609602928161621 -0.15360014140605927 19.200002670288086
  endloop
endfacet
facet normal 0.0 0.0 0.0
  outer loop
    vertex 10.665602684020996 -1.996800422668457 19.200002670288086
    vertex 5.328000545501709 -1.996800422668457 19.200002670288086
    vertex 10.80000114440918 -2.0736002922058105 19.200002670288086
  endloop
endfacet
facet normal 0.0 0.0 0.0
  outer loop
    vertex 9.609602928161621 -0.15360014140605927 19.200002670288086
    vertex 6.403202056884766 -0.15360014140605927 19.200002670288086
    vertex 9.628800392150879 -0.30720043182373047 19.200002670288086
  endloop
endfacet
facet normal 0.0 0.0 0.0
  outer loop
    vertex 9.628800392150879 -0.30720043182373047 19.200002670288086
    vertex 6.383999824523926 -0.30720043182373047 19.200002670288086
    vertex 9.648002624511719 -0.47999995946884155 19.200002670288086
  endloop
endfacet
facet normal 0.0 0.0 0.0
  outer loop
    vertex 10.531203269958496 -1.9008004665374756 19.200002670288086
    vertex 5.462399482727051 -1.9008004665374756 19.200002670288086
    vertex 10.665602684020996 -1.996800422668457 19.200002670288086
  endloop
endfacet
facet normal 0.0 0.0 0.0
  outer loop
    vertex 9.648002624511719 -0.47999995946884155 19.200002670288086
    vertex 6.345600128173828 -0.47999995946884155 19.200002670288086
    vertex 9.686402320861816 -0.6336001753807068 19.200002670288086
  endloop
endfacet
facet normal 0.0 0.0 0.0
  outer loop
    vertex 9.686402320861816 -0.6336001753807068 19.200002670288086
    vertex 6.32640266418457 -0.6336001753807068 19.200002670288086
    vertex 9.724802017211914 -0.7680000066757202 19.200002670288086
  endloop
endfacet
facet normal 0.0 0.0 0.0
  outer loop
    vertex 9.724802017211914 -0.7680000066757202 19.200002670288086
    vertex 6.268803119659424 -0.7680000066757202 19.200002670288086
    vertex 9.782402038574219 -0.9215999841690063 19.200002670288086
  endloop
endfacet
facet normal 0.0 0.0 0.0
  outer loop
    vertex 10.41600227355957 -1.804800271987915 19.200002670288086
    vertex 5.577600955963135 -1.804800271987915 19.200002670288086
    vertex 10.531203269958496 -1.9008004665374756 19.200002670288086
  endloop
endfacet
facet normal 0.0 0.0 0.0
  outer loop
    vertex 10.80000114440918 -2.0736002922058105 19.200002670288086
    vertex 5.193601608276367 -2.0736002922058105 19.200002670288086
    vertex 10.934402465820312 -2.150400400161743 19.200002670288086
  endloop
endfacet
facet normal 0.0 0.0 0.0
  outer loop
    vertex 17.923206329345703 -1.2096002101898193 19.200002670288086
    vertex 14.083202362060547 -1.2096002101898193 19.200002670288086
    vertex 18.0000057220459 -1.3440003395080566 19.200002670288086
  endloop
endfacet
facet normal 0.0 0.0 0.0
  outer loop
    vertex 10.934402465820312 -2.150400400161743 19.200002670288086
    vertex 5.059202671051025 -2.150400400161743 19.200002670288086
    vertex 10.97280216217041 -2.169600248336792 19.200002670288086
  endloop
endfacet
facet normal 0.0 0.0 0.0
  outer loop
    vertex 9.916800498962402 -1.2096002101898193 19.200002670288086
    vertex 9.840001106262207 -1.0560002326965332 19.200002670288086
    vertex 6.1728010177612305 -1.0368001461029053 19.200002670288086
  endloop
endfacet
facet normal 0.0 0.0 0.0
  outer loop
    vertex 10.012803077697754 -1.3440003395080566 19.200002670288086
    vertex 9.916800498962402 -1.2096002101898193 19.200002670288086
    vertex 6.1728010177612305 -1.0368001461029053 19.200002670288086
  endloop
endfacet
facet normal 0.0 0.0 0.0
  outer loop
    vertex 10.08960247039795 -1.459200382232666 19.200002670288086
    vertex 10.012803077697754 -1.3440003395080566 19.200002670288086
    vertex 6.1728010177612305 -1.0368001461029053 19.200002670288086
  endloop
endfacet
facet normal 0.0 0.0 0.0
  outer loop
    vertex 10.204803466796875 -1.5936005115509033 19.200002670288086
    vertex 10.08960247039795 -1.459200382232666 19.200002670288086
    vertex 6.1728010177612305 -1.0368001461029053 19.200002670288086
  endloop
endfacet
facet normal 0.0 0.0 0.0
  outer loop
    vertex 10.300803184509277 -1.7088004350662231 19.200002670288086
    vertex 10.204803466796875 -1.5936005115509033 19.200002670288086
    vertex 6.1728010177612305 -1.0368001461029053 19.200002670288086
  endloop
endfacet
facet normal 0.0 0.0 0.0
  outer loop
    vertex 10.320002555847168 -1.728000283241272 19.200002670288086
    vertex 10.300803184509277 -1.7088004350662231 19.200002670288086
    vertex 6.1728010177612305 -1.0368001461029053 19.200002670288086
  endloop
endfacet
facet normal 0.0 0.0 0.0
  outer loop
    vertex 18.422407150268555 1.804800033569336 19.200002670288086
    vertex 13.584003448486328 1.804800033569336 19.200002670288086
    vertex 18.30720329284668 1.6895997524261475 19.200002670288086
  endloop
endfacet
facet normal 0.0 0.0 0.0
  outer loop
    vertex 18.80640411376953 2.0735998153686523 19.200002670288086
    vertex 13.20000171661377 2.0735998153686523 19.200002670288086
    vertex 18.672006607055664 1.9967997074127197 19.200002670288086
  endloop
endfacet
facet normal 0.0 0.0 0.0
  outer loop
    vertex 18.672006607055664 1.9967997074127197 19.200002670288086
    vertex 13.334403038024902 1.9967997074127197 19.200002670288086
    vertex 18.53760528564453 1.9007999897003174 19.200002670288086
  endloop
endfacet
facet normal 0.0 0.0 0.0
  outer loop
    vertex 18.940805435180664 2.150400400161743 19.200002670288086
    vertex 13.065603256225586 2.150400400161743 19.200002670288086
    vertex 18.80640411376953 2.0735998153686523 19.200002670288086
  endloop
endfacet
facet normal 0.0 0.0 0.0
  outer loop
    vertex 18.53760528564453 1.9007999897003174 19.200002670288086
    vertex 13.468804359436035 1.9007999897003174 19.200002670288086
    vertex 18.422407150268555 1.804800033569336 19.200002670288086
  endloop
endfacet
facet normal 0.0 0.0 0.0
  outer loop
    vertex 17.67360496520996 0.614399790763855 19.200002670288086
    vertex 17.731203079223633 0.768000066280365 19.200002670288086
    vertex 14.23680305480957 0.8832000494003296 19.200002670288086
  endloop
endfacet
facet normal 0.0 0.0 0.0
  outer loop
    vertex 17.654407501220703 0.4607997536659241 19.200002670288086
    vertex 17.67360496520996 0.614399790763855 19.200002670288086
    vertex 14.23680305480957 0.8832000494003296 19.200002670288086
  endloop
endfacet
facet normal 0.0 0.0 0.0
  outer loop
    vertex 17.616003036499023 0.30719977617263794 19.200002670288086
    vertex 17.654407501220703 0.4607997536659241 19.200002670288086
    vertex 14.23680305480957 0.8832000494003296 19.200002670288086
  endloop
endfacet
facet normal 0.0 0.0 0.0
  outer loop
    vertex 17.596805572509766 0.153599813580513 19.200002670288086
    vertex 17.616003036499023 0.30719977617263794 19.200002670288086
    vertex 14.23680305480957 0.8832000494003296 19.200002670288086
  endloop
endfacet
facet normal 0.0 0.0 0.0
  outer loop
    vertex 17.596805572509766 -1.612495026392935e-07 19.200002670288086
    vertex 17.596805572509766 0.153599813580513 19.200002670288086
    vertex 14.23680305480957 0.8832000494003296 19.200002670288086
  endloop
endfacet
facet normal 0.0 0.0 0.0
  outer loop
    vertex 17.596805572509766 -0.15360014140605927 19.200002670288086
    vertex 17.596805572509766 -1.612495026392935e-07 19.200002670288086
    vertex 14.23680305480957 0.8832000494003296 19.200002670288086
  endloop
endfacet
facet normal 0.0 0.0 0.0
  outer loop
    vertex 17.616003036499023 -0.30720043182373047 19.200002670288086
    vertex 17.596805572509766 -0.15360014140605927 19.200002670288086
    vertex 14.23680305480957 0.8832000494003296 19.200002670288086
  endloop
endfacet
facet normal 0.0 0.0 0.0
  outer loop
    vertex 17.654407501220703 -0.47999995946884155 19.200002670288086
    vertex 17.616003036499023 -0.30720043182373047 19.200002670288086
    vertex 14.23680305480957 0.8832000494003296 19.200002670288086
  endloop
endfacet
facet normal 0.0 0.0 0.0
  outer loop
    vertex 17.67360496520996 -0.6336001753807068 19.200002670288086
    vertex 17.654407501220703 -0.47999995946884155 19.200002670288086
    vertex 14.23680305480957 0.8832000494003296 19.200002670288086
  endloop
endfacet
facet normal 0.0 0.0 0.0
  outer loop
    vertex 17.731203079223633 -0.7680000066757202 19.200002670288086
    vertex 17.67360496520996 -0.6336001753807068 19.200002670288086
    vertex 14.23680305480957 0.8832000494003296 19.200002670288086
  endloop
endfacet
facet normal 0.0 0.0 0.0
  outer loop
    vertex 17.769607543945312 -0.8832002878189087 19.200002670288086
    vertex 17.731203079223633 -0.7680000066757202 19.200002670288086
    vertex 14.23680305480957 0.8832000494003296 19.200002670288086
  endloop
endfacet
facet normal 0.0 0.0 0.0
  outer loop
    vertex 18.30720329284668 1.6895997524261475 19.200002670288086
    vertex 13.699202537536621 1.6895997524261475 19.200002670288086
    vertex 18.19200325012207 1.5744001865386963 19.200002670288086
  endloop
endfacet
facet normal 0.0 0.0 0.0
  outer loop
    vertex 18.19200325012207 1.5744001865386963 19.200002670288086
    vertex 13.795202255249023 1.5744001865386963 19.200002670288086
    vertex 18.096006393432617 1.4591999053955078 19.200002670288086
  endloop
endfacet
facet normal 0.0 0.0 0.0
  outer loop
    vertex 18.096006393432617 1.4591999053955078 19.200002670288086
    vertex 13.91040325164795 1.4591999053955078 19.200002670288086
    vertex 18.0000057220459 1.3247997760772705 19.200002670288086
  endloop
endfacet
facet normal 0.0 0.0 0.0
  outer loop
    vertex 18.0000057220459 1.3247997760772705 19.200002670288086
    vertex 13.987202644348145 1.3247997760772705 19.200002670288086
    vertex 17.923206329345703 1.1903996467590332 19.200002670288086
  endloop
endfacet
facet normal 0.0 0.0 0.0
  outer loop
    vertex 17.923206329345703 1.1903996467590332 19.200002670288086
    vertex 14.083202362060547 1.1903996467590332 19.200002670288086
    vertex 17.846406936645508 1.055999994277954 19.200002670288086
  endloop
endfacet
facet normal 0.0 0.0 0.0
  outer loop
    vertex 17.846406936645508 1.055999994277954 19.200002670288086
    vertex 14.160003662109375 1.055999994277954 19.200002670288086
    vertex 17.78880500793457 0.9216000437736511 19.200002670288086
  endloop
endfacet
facet normal 0.0 0.0 0.0
  outer loop
    vertex 17.846406936645508 -1.0560002326965332 19.200002670288086
    vertex 14.160003662109375 -1.0560002326965332 19.200002670288086
    vertex 17.923206329345703 -1.2096002101898193 19.200002670288086
  endloop
endfacet
facet normal 0.0 0.0 0.0
  outer loop
    vertex 17.78880500793457 -0.9215999841690063 19.200002670288086
    vertex 14.21760368347168 -0.9215999841690063 19.200002670288086
    vertex 17.846406936645508 -1.0560002326965332 19.200002670288086
  endloop
endfacet
facet normal 0.0 0.0 0.0
  outer loop
    vertex 18.0000057220459 -1.3440003395080566 19.200002670288086
    vertex 13.987202644348145 -1.3440003395080566 19.200002670288086
    vertex 18.096006393432617 -1.459200382232666 19.200002670288086
  endloop
endfacet
facet normal 0.0 0.0 0.0
  outer loop
    vertex 18.096006393432617 -1.459200382232666 19.200002670288086
    vertex 13.91040325164795 -1.459200382232666 19.200002670288086
    vertex 18.19200325012207 -1.5936005115509033 19.200002670288086
  endloop
endfacet
facet normal 0.0 0.0 0.0
  outer loop
    vertex 18.19200325012207 -1.5936005115509033 19.200002670288086
    vertex 13.795202255249023 -1.5936005115509033 19.200002670288086
    vertex 18.30720329284668 -1.7088004350662231 19.200002670288086
  endloop
endfacet
facet normal 0.0 0.0 0.0
  outer loop
    vertex 18.30720329284668 -1.7088004350662231 19.200002670288086
    vertex 13.699202537536621 -1.7088004350662231 19.200002670288086
    vertex 18.422407150268555 -1.804800271987915 19.200002670288086
  endloop
endfacet
facet normal 0.0 0.0 0.0
  outer loop
    vertex 18.422407150268555 -1.804800271987915 19.200002670288086
    vertex 13.584003448486328 -1.804800271987915 19.200002670288086
    vertex 18.53760528564453 -1.9008004665374756 19.200002670288086
  endloop
endfacet
facet normal 0.0 0.0 0.0
  outer loop
    vertex 18.53760528564453 -1.9008004665374756 19.200002670288086
    vertex 13.468804359436035 -1.9008004665374756 19.200002670288086
    vertex 18.672006607055664 -1.996800422668457 19.200002670288086
  endloop
endfacet
facet normal 0.0 0.0 0.0
  outer loop
    vertex 18.672006607055664 -1.996800422668457 19.200002670288086
    vertex 13.334403038024902 -1.996800422668457 19.200002670288086
    vertex 18.80640411376953 -2.0736002922058105 19.200002670288086
  endloop
endfacet
facet normal 0.0 0.0 0.0
  outer loop
    vertex 18.80640411376953 -2.0736002922058105 19.200002670288086
    vertex 13.20000171661377 -2.0736002922058105 19.200002670288086
    vertex 18.940805435180664 -2.150400400161743 19.200002670288086
  endloop
endfacet
facet normal 0.0 0.0 0.0
  outer loop
    vertex -1.6032007932662964 -1.612495026392935e-07 19.200002670288086
    vertex 0.009598733857274055 -1.612495026392935e-07 19.200002670288086
    vertex -1.6032007932662964 0.153599813580513 19.200002670288086
  endloop
endfacet
facet normal 0.0 0.0 0.0
  outer loop
    vertex 20.764802932739258 -2.2848005294799805 19.200002670288086
    vertex 20.630407333374023 -2.3232004642486572 19.200002670288086
    vertex 23.990406036376953 -3.993600606918335 19.200002670288086
  endloop
endfacet
facet normal 0.0 0.0 0.0
  outer loop
    vertex 20.918407440185547 -2.2272002696990967 19.200002670288086
    vertex 20.764802932739258 -2.2848005294799805 19.200002670288086
    vertex 23.990406036376953 -3.993600606918335 19.200002670288086
  endloop
endfacet
facet normal 0.0 0.0 0.0
  outer loop
    vertex 21.05280876159668 -2.150400400161743 19.200002670288086
    vertex 20.918407440185547 -2.2272002696990967 19.200002670288086
    vertex 23.990406036376953 -3.993600606918335 19.200002670288086
  endloop
endfacet
facet normal 0.0 0.0 0.0
  outer loop
    vertex 21.20640754699707 -2.0736002922058105 19.200002670288086
    vertex 21.05280876159668 -2.150400400161743 19.200002670288086
    vertex 23.990406036376953 -3.993600606918335 19.200002670288086
  endloop
endfacet
facet normal 0.0 0.0 0.0
  outer loop
    vertex 21.340803146362305 -1.996800422668457 19.200002670288086
    vertex 21.20640754699707 -2.0736002922058105 19.200002670288086
    vertex 23.990406036376953 -3.993600606918335 19.200002670288086
  endloop
endfacet
facet normal 0.0 0.0 0.0
  outer loop
    vertex 21.45600700378418 -1.9008004665374756 19.200002670288086
    vertex 21.340803146362305 -1.996800422668457 19.200002670288086
    vertex 23.990406036376953 -3.993600606918335 19.200002670288086
  endloop
endfacet
facet normal 0.0 0.0 0.0
  outer loop
    vertex 21.590404510498047 -1.804800271987915 19.200002670288086
    vertex 21.45600700378418 -1.9008004665374756 19.200002670288086
    vertex 23.990406036376953 -3.993600606918335 19.200002670288086
  endloop
endfacet
facet normal 0.0 0.0 0.0
  outer loop
    vertex 21.705608367919922 -1.7088004350662231 19.200002670288086
    vertex 21.590404510498047 -1.804800271987915 19.200002670288086
    vertex 23.990406036376953 -3.993600606918335 19.200002670288086
  endloop
endfacet
facet normal 0.0 0.0 0.0
  outer loop
    vertex 21.80160903930664 -1.5936005115509033 19.200002670288086
    vertex 21.705608367919922 -1.7088004350662231 19.200002670288086
    vertex 23.990406036376953 -3.993600606918335 19.200002670288086
  endloop
endfacet
facet normal 0.0 0.0 0.0
  outer loop
    vertex 21.897605895996094 -1.459200382232666 19.200002670288086
    vertex 21.80160903930664 -1.5936005115509033 19.200002670288086
    vertex 23.990406036376953 -3.993600606918335 19.200002670288086
  endloop
endfacet
facet normal 0.0 0.0 0.0
  outer loop
    vertex 21.993608474731445 -1.3440003395080566 19.200002670288086
    vertex 21.897605895996094 -1.459200382232666 19.200002670288086
    vertex 23.990406036376953 -3.993600606918335 19.200002670288086
  endloop
endfacet
facet normal 0.0 0.0 0.0
  outer loop
    vertex 22.07040786743164 -1.2096002101898193 19.200002670288086
    vertex 21.993608474731445 -1.3440003395080566 19.200002670288086
    vertex 23.990406036376953 -3.993600606918335 19.200002670288086
  endloop
endfacet
facet normal 0.0 0.0 0.0
  outer loop
    vertex 22.147207260131836 -1.0560002326965332 19.200002670288086
    vertex 22.07040786743164 -1.2096002101898193 19.200002670288086
    vertex 23.990406036376953 -3.993600606918335 19.200002670288086
  endloop
endfacet
facet normal 0.0 0.0 0.0
  outer loop
    vertex 22.22400665283203 -0.9215999841690063 19.200002670288086
    vertex 22.147207260131836 -1.0560002326965332 19.200002670288086
    vertex 23.990406036376953 -3.993600606918335 19.200002670288086
  endloop
endfacet
facet normal 0.0 0.0 0.0
  outer loop
    vertex 22.28160285949707 -0.7680000066757202 19.200002670288086
    vertex 22.22400665283203 -0.9215999841690063 19.200002670288086
    vertex 23.990406036376953 -3.993600606918335 19.200002670288086
  endloop
endfacet
facet normal 0.0 0.0 0.0
  outer loop
    vertex 22.32000732421875 -0.6336001753807068 19.200002670288086
    vertex 22.28160285949707 -0.7680000066757202 19.200002670288086
    vertex 23.990406036376953 -3.993600606918335 19.200002670288086
  endloop
endfacet
facet normal 0.0 0.0 0.0
  outer loop
    vertex 22.358402252197266 -0.47999995946884155 19.200002670288086
    vertex 22.32000732421875 -0.6336001753807068 19.200002670288086
    vertex 23.990406036376953 -3.993600606918335 19.200002670288086
  endloop
endfacet
facet normal 0.0 0.0 0.0
  outer loop
    vertex 22.377609252929688 -0.30720043182373047 19.200002670288086
    vertex 22.358402252197266 -0.47999995946884155 19.200002670288086
    vertex 23.990406036376953 -3.993600606918335 19.200002670288086
  endloop
endfacet
facet normal 0.0 0.0 0.0
  outer loop
    vertex 22.396806716918945 -0.15360014140605927 19.200002670288086
    vertex 22.377609252929688 -0.30720043182373047 19.200002670288086
    vertex 23.990406036376953 -3.993600606918335 19.200002670288086
  endloop
endfacet
facet normal 0.0 0.0 0.0
  outer loop
    vertex 22.396806716918945 -1.612495026392935e-07 19.200002670288086
    vertex 22.396806716918945 -0.15360014140605927 19.200002670288086
    vertex 23.990406036376953 -3.993600606918335 19.200002670288086
  endloop
endfacet
facet normal 0.0 0.0 0.0
  outer loop
    vertex 22.396806716918945 0.153599813580513 19.200002670288086
    vertex 22.396806716918945 -1.612495026392935e-07 19.200002670288086
    vertex 23.990406036376953 -3.993600606918335 19.200002670288086
  endloop
endfacet
facet normal 0.0 0.0 0.0
  outer loop
    vertex 22.377609252929688 0.30719977617263794 19.200002670288086
    vertex 22.396806716918945 0.153599813580513 19.200002670288086
    vertex 23.990406036376953 -3.993600606918335 19.200002670288086
  endloop
endfacet
facet normal 0.0 0.0 0.0
  outer loop
    vertex 22.358402252197266 0.4607997536659241 19.200002670288086
    vertex 22.377609252929688 0.30719977617263794 19.200002670288086
    vertex 23.990406036376953 -3.993600606918335 19.200002670288086
  endloop
endfacet
facet normal 0.0 0.0 0.0
  outer loop
    vertex 22.32000732421875 0.614399790763855 19.200002670288086
    vertex 22.358402252197266 0.4607997536659241 19.200002670288086
    vertex 23.990406036376953 -3.993600606918335 19.200002670288086
  endloop
endfacet
facet normal 0.0 0.0 0.0
  outer loop
    vertex 22.28160285949707 0.768000066280365 19.200002670288086
    vertex 22.32000732421875 0.614399790763855 19.200002670288086
    vertex 23.990406036376953 -3.993600606918335 19.200002670288086
  endloop
endfacet
facet normal 0.0 0.0 0.0
  outer loop
    vertex 23.990406036376953 3.9936001300811768 19.200002670288086
    vertex 19.996803283691406 2.3999996185302734 19.200002670288086
    vertex 20.15040397644043 2.3999996185302734 19.200002670288086
  endloop
endfacet
facet normal 0.0 0.0 0.0
  outer loop
    vertex 23.990406036376953 3.9936001300811768 19.200002670288086
    vertex 20.15040397644043 2.3999996185302734 19.200002670288086
    vertex 20.304006576538086 2.380800247192383 19.200002670288086
  endloop
endfacet
facet normal 0.0 0.0 0.0
  outer loop
    vertex 23.990406036376953 3.9936001300811768 19.200002670288086
    vertex 20.304006576538086 2.380800247192383 19.200002670288086
    vertex 20.476808547973633 2.342400074005127 19.200002670288086
  endloop
endfacet
facet normal 0.0 0.0 0.0
  outer loop
    vertex 23.990406036376953 3.9936001300811768 19.200002670288086
    vertex 20.476808547973633 2.342400074005127 19.200002670288086
    vertex 20.630407333374023 2.323200225830078 19.200002670288086
  endloop
endfacet
facet normal 0.0 0.0 0.0
  outer loop
    vertex 23.990406036376953 3.9936001300811768 19.200002670288086
    vertex 20.630407333374023 2.323200225830078 19.200002670288086
    vertex 20.764802932739258 2.2655999660491943 19.200002670288086
  endloop
endfacet
facet normal 0.0 0.0 0.0
  outer loop
    vertex 23.990406036376953 3.9936001300811768 19.200002670288086
    vertex 20.764802932739258 2.2655999660491943 19.200002670288086
    vertex 20.918407440185547 2.2079999446868896 19.200002670288086
  endloop
endfacet
facet normal 0.0 0.0 0.0
  outer loop
    vertex 23.990406036376953 3.9936001300811768 19.200002670288086
    vertex 20.918407440185547 2.2079999446868896 19.200002670288086
    vertex 21.05280876159668 2.150400400161743 19.200002670288086
  endloop
endfacet
facet normal 0.0 0.0 0.0
  outer loop
    vertex 23.990406036376953 3.9936001300811768 19.200002670288086
    vertex 21.05280876159668 2.150400400161743 19.200002670288086
    vertex 21.20640754699707 2.0735998153686523 19.200002670288086
  endloop
endfacet
facet normal 0.0 0.0 0.0
  outer loop
    vertex 23.990406036376953 3.9936001300811768 19.200002670288086
    vertex 21.20640754699707 2.0735998153686523 19.200002670288086
    vertex 21.340803146362305 1.9967997074127197 19.200002670288086
  endloop
endfacet
facet normal 0.0 0.0 0.0
  outer loop
    vertex 23.990406036376953 3.9936001300811768 19.200002670288086
    vertex 21.340803146362305 1.9967997074127197 19.200002670288086
    vertex 21.45600700378418 1.9007999897003174 19.200002670288086
  endloop
endfacet
facet normal 0.0 0.0 0.0
  outer loop
    vertex 23.990406036376953 3.9936001300811768 19.200002670288086
    vertex 21.45600700378418 1.9007999897003174 19.200002670288086
    vertex 21.590404510498047 1.804800033569336 19.200002670288086
  endloop
endfacet
facet normal 0.0 0.0 0.0
  outer loop
    vertex 23.990406036376953 3.9936001300811768 19.200002670288086
    vertex 21.590404510498047 1.804800033569336 19.200002670288086
    vertex 21.705608367919922 1.6895997524261475 19.200002670288086
  endloop
endfacet
facet normal 0.0 0.0 0.0
  outer loop
    vertex 23.990406036376953 3.9936001300811768 19.200002670288086
    vertex 21.705608367919922 1.6895997524261475 19.200002670288086
    vertex 21.80160903930664 1.5744001865386963 19.200002670288086
  endloop
endfacet
facet normal 0.0 0.0 0.0
  outer loop
    vertex 23.990406036376953 3.9936001300811768 19.200002670288086
    vertex 21.80160903930664 1.5744001865386963 19.200002670288086
    vertex 21.897605895996094 1.4591999053955078 19.200002670288086
  endloop
endfacet
facet normal 0.0 0.0 0.0
  outer loop
    vertex 23.990406036376953 3.9936001300811768 19.200002670288086
    vertex 21.897605895996094 1.4591999053955078 19.200002670288086
    vertex 21.993608474731445 1.3247997760772705 19.200002670288086
  endloop
endfacet
facet normal 0.0 0.0 0.0
  outer loop
    vertex 23.990406036376953 3.9936001300811768 19.200002670288086
    vertex 21.993608474731445 1.3247997760772705 19.200002670288086
    vertex 22.07040786743164 1.1903996467590332 19.200002670288086
  endloop
endfacet
facet normal 0.0 0.0 0.0
  outer loop
    vertex 23.990406036376953 3.9936001300811768 19.200002670288086
    vertex 22.07040786743164 1.1903996467590332 19.200002670288086
    vertex 22.147207260131836 1.055999994277954 19.200002670288086
  endloop
endfacet
facet normal 0.0 0.0 0.0
  outer loop
    vertex 23.990406036376953 3.9936001300811768 19.200002670288086
    vertex 22.147207260131836 1.055999994277954 19.200002670288086
    vertex 22.22400665283203 0.9216000437736511 19.200002670288086
  endloop
endfacet
facet normal 0.0 0.0 0.0
  outer loop
    vertex 23.990406036376953 3.9936001300811768 19.200002670288086
    vertex 22.22400665283203 0.9216000437736511 19.200002670288086
    vertex 22.28160285949707 0.768000066280365 19.200002670288086
  endloop
endfacet
facet normal 0.0 0.0 0.0
  outer loop
    vertex 23.990406036376953 3.9936001300811768 19.200002670288086
    vertex 22.28160285949707 0.768000066280365 19.200002670288086
    vertex 23.990406036376953 -3.993600606918335 19.200002670288086
  endloop
endfacet
facet normal 0.0 0.0 0.0
  outer loop
    vertex 12.009603500366211 3.9936001300811768 19.200002670288086
    vertex 12.009603500366211 2.3999996185302734 19.200002670288086
    vertex 12.16320514678955 2.3999996185302734 19.200002670288086
  endloop
endfacet
facet normal 0.0 0.0 0.0
  outer loop
    vertex 12.009603500366211 3.9936001300811768 19.200002670288086
    vertex 12.16320514678955 2.3999996185302734 19.200002670288086
    vertex 12.316801071166992 2.380800247192383 19.200002670288086
  endloop
endfacet
facet normal 0.0 0.0 0.0
  outer loop
    vertex 12.009603500366211 3.9936001300811768 19.200002670288086
    vertex 12.316801071166992 2.380800247192383 19.200002670288086
    vertex 12.470402717590332 2.342400074005127 19.200002670288086
  endloop
endfacet
facet normal 0.0 0.0 0.0
  outer loop
    vertex 12.009603500366211 3.9936001300811768 19.200002670288086
    vertex 12.470402717590332 2.342400074005127 19.200002670288086
    vertex 12.624004364013672 2.323200225830078 19.200002670288086
  endloop
endfacet
facet normal 0.0 0.0 0.0
  outer loop
    vertex 12.009603500366211 3.9936001300811768 19.200002670288086
    vertex 12.624004364013672 2.323200225830078 19.200002670288086
    vertex 12.777603149414062 2.2655999660491943 19.200002670288086
  endloop
endfacet
facet normal 0.0 0.0 0.0
  outer loop
    vertex 12.009603500366211 3.9936001300811768 19.200002670288086
    vertex 12.777603149414062 2.2655999660491943 19.200002670288086
    vertex 12.912001609802246 2.2079999446868896 19.200002670288086
  endloop
endfacet
facet normal 0.0 0.0 0.0
  outer loop
    vertex 12.009603500366211 3.9936001300811768 19.200002670288086
    vertex 12.912001609802246 2.2079999446868896 19.200002670288086
    vertex 13.027203559875488 2.1695995330810547 19.200002670288086
  endloop
endfacet
facet normal 0.0 0.0 0.0
  outer loop
    vertex 23.990406036376953 3.9936001300811768 19.200002670288086
    vertex 12.009603500366211 3.9936001300811768 19.200002670288086
    vertex 13.027203559875488 2.1695995330810547 19.200002670288086
  endloop
endfacet
facet normal 0.0 0.0 0.0
  outer loop
    vertex 19.0752010345459 2.2079999446868896 19.200002670288086
    vertex 13.027203559875488 2.1695995330810547 19.200002670288086
    vertex 18.940805435180664 2.150400400161743 19.200002670288086
  endloop
endfacet
facet normal 0.0 0.0 0.0
  outer loop
    vertex 9.840001106262207 1.055999994277954 19.200002670288086
    vertex 6.1728010177612305 1.0175998210906982 19.200002670288086
    vertex 9.782402038574219 0.9216000437736511 19.200002670288086
  endloop
endfacet
facet normal 0.0 0.0 0.0
  outer loop
    vertex 11.83680248260498 2.3999996185302734 19.200002670288086
    vertex 12.009603500366211 2.3999996185302734 19.200002670288086
    vertex 0.009598733857274055 3.9936001300811768 19.200002670288086
  endloop
endfacet
facet normal 0.0 0.0 0.0
  outer loop
    vertex 11.683201789855957 2.380800247192383 19.200002670288086
    vertex 11.83680248260498 2.3999996185302734 19.200002670288086
    vertex 0.009598733857274055 3.9936001300811768 19.200002670288086
  endloop
endfacet
facet normal 0.0 0.0 0.0
  outer loop
    vertex 11.5296049118042 2.342400074005127 19.200002670288086
    vertex 11.683201789855957 2.380800247192383 19.200002670288086
    vertex 0.009598733857274055 3.9936001300811768 19.200002670288086
  endloop
endfacet
facet normal 0.0 0.0 0.0
  outer loop
    vertex 11.376004219055176 2.323200225830078 19.200002670288086
    vertex 11.5296049118042 2.342400074005127 19.200002670288086
    vertex 0.009598733857274055 3.9936001300811768 19.200002670288086
  endloop
endfacet
facet normal 0.0 0.0 0.0
  outer loop
    vertex 11.222402572631836 2.2655999660491943 19.200002670288086
    vertex 11.376004219055176 2.323200225830078 19.200002670288086
    vertex 0.009598733857274055 3.9936001300811768 19.200002670288086
  endloop
endfacet
facet normal 0.0 0.0 0.0
  outer loop
    vertex 11.088004112243652 2.2079999446868896 19.200002670288086
    vertex 11.222402572631836 2.2655999660491943 19.200002670288086
    vertex 0.009598733857274055 3.9936001300811768 19.200002670288086
  endloop
endfacet
facet normal 0.0 0.0 0.0
  outer loop
    vertex 10.97280216217041 2.1695995330810547 19.200002670288086
    vertex 11.088004112243652 2.2079999446868896 19.200002670288086
    vertex 0.009598733857274055 3.9936001300811768 19.200002670288086
  endloop
endfacet
facet normal 0.0 0.0 0.0
  outer loop
    vertex 10.41600227355957 1.804800033569336 19.200002670288086
    vertex 5.577600955963135 1.804800033569336 19.200002670288086
    vertex 10.320002555847168 1.7280001640319824 19.200002670288086
  endloop
endfacet
facet normal 0.0 0.0 0.0
  outer loop
    vertex 1.6224006414413452 -0.26880013942718506 19.200002670288086
    vertex 1.6032007932662964 -0.15360014140605927 19.200002670288086
    vertex 0.009598733857274055 -1.612495026392935e-07 19.200002670288086
  endloop
endfacet
facet normal 0.0 0.0 0.0
  outer loop
    vertex -1.6224006414413452 0.30719977617263794 19.200002670288086
    vertex -1.6224006414413452 0.2688000798225403 19.200002670288086
    vertex 0.009598733857274055 -1.612495026392935e-07 19.200002670288086
  endloop
endfacet
facet normal 0.0 0.0 0.0
  outer loop
    vertex -1.641600489616394 0.4607997536659241 19.200002670288086
    vertex -1.6224006414413452 0.30719977617263794 19.200002670288086
    vertex 0.009598733857274055 -1.612495026392935e-07 19.200002670288086
  endloop
endfacet
facet normal 0.0 0.0 0.0
  outer loop
    vertex -1.6800001859664917 0.614399790763855 19.200002670288086
    vertex -1.641600489616394 0.4607997536659241 19.200002670288086
    vertex 0.009598733857274055 -1.612495026392935e-07 19.200002670288086
  endloop
endfacet
facet normal 0.0 0.0 0.0
  outer loop
    vertex -1.7183998823165894 0.768000066280365 19.200002670288086
    vertex -1.6800001859664917 0.614399790763855 19.200002670288086
    vertex 0.009598733857274055 -1.612495026392935e-07 19.200002670288086
  endloop
endfacet
facet normal 0.0 0.0 0.0
  outer loop
    vertex -1.7759994268417358 0.9216000437736511 19.200002670288086
    vertex -1.7183998823165894 0.768000066280365 19.200002670288086
    vertex 0.009598733857274055 -1.612495026392935e-07 19.200002670288086
  endloop
endfacet
facet normal 0.0 0.0 0.0
  outer loop
    vertex -1.8528012037277222 1.055999994277954 19.200002670288086
    vertex -1.7759994268417358 0.9216000437736511 19.200002670288086
    vertex 0.009598733857274055 -1.612495026392935e-07 19.200002670288086
  endloop
endfacet
facet normal 0.0 0.0 0.0
  outer loop
    vertex -1.9296005964279175 1.1903996467590332 19.200002670288086
    vertex -1.8528012037277222 1.055999994277954 19.200002670288086
    vertex 0.009598733857274055 -1.612495026392935e-07 19.200002670288086
  endloop
endfacet
facet normal 0.0 0.0 0.0
  outer loop
    vertex -2.0064001083374023 1.3247997760772705 19.200002670288086
    vertex -1.9296005964279175 1.1903996467590332 19.200002670288086
    vertex 0.009598733857274055 -1.612495026392935e-07 19.200002670288086
  endloop
endfacet
facet normal 0.0 0.0 0.0
  outer loop
    vertex -2.1023993492126465 1.4591999053955078 19.200002670288086
    vertex -2.0064001083374023 1.3247997760772705 19.200002670288086
    vertex 0.009598733857274055 -1.612495026392935e-07 19.200002670288086
  endloop
endfacet
facet normal 0.0 0.0 0.0
  outer loop
    vertex -2.1983985900878906 1.5744001865386963 19.200002670288086
    vertex -2.1023993492126465 1.4591999053955078 19.200002670288086
    vertex 0.009598733857274055 -1.612495026392935e-07 19.200002670288086
  endloop
endfacet
facet normal 0.0 0.0 0.0
  outer loop
    vertex -2.294402599334717 1.6895997524261475 19.200002670288086
    vertex -2.1983985900878906 1.5744001865386963 19.200002670288086
    vertex 0.009598733857274055 -1.612495026392935e-07 19.200002670288086
  endloop
endfacet
facet normal 0.0 0.0 0.0
  outer loop
    vertex -2.4095993041992188 1.804800033569336 19.200002670288086
    vertex -2.294402599334717 1.6895997524261475 19.200002670288086
    vertex 0.009598733857274055 -1.612495026392935e-07 19.200002670288086
  endloop
endfacet
facet normal 0.0 0.0 0.0
  outer loop
    vertex -2.5440006256103516 1.9007999897003174 19.200002670288086
    vertex -2.4095993041992188 1.804800033569336 19.200002670288086
    vertex 0.009598733857274055 -1.612495026392935e-07 19.200002670288086
  endloop
endfacet
facet normal 0.0 0.0 0.0
  outer loop
    vertex 0.009598733857274055 3.9936001300811768 19.200002670288086
    vertex -4.003202438354492 2.3999996185302734 19.200002670288086
    vertex -3.849602460861206 2.3999996185302734 19.200002670288086
  endloop
endfacet
facet normal 0.0 0.0 0.0
  outer loop
    vertex 0.009598733857274055 3.9936001300811768 19.200002670288086
    vertex -3.849602460861206 2.3999996185302734 19.200002670288086
    vertex -3.6960012912750244 2.380800247192383 19.200002670288086
  endloop
endfacet
facet normal 0.0 0.0 0.0
  outer loop
    vertex 0.009598733857274055 3.9936001300811768 19.200002670288086
    vertex -3.6960012912750244 2.380800247192383 19.200002670288086
    vertex -3.523200273513794 2.342400074005127 19.200002670288086
  endloop
endfacet
facet normal 0.0 0.0 0.0
  outer loop
    vertex 0.009598733857274055 3.9936001300811768 19.200002670288086
    vertex -3.523200273513794 2.342400074005127 19.200002670288086
    vertex -3.3696014881134033 2.323200225830078 19.200002670288086
  endloop
endfacet
facet normal 0.0 0.0 0.0
  outer loop
    vertex 0.009598733857274055 3.9936001300811768 19.200002670288086
    vertex -3.3696014881134033 2.323200225830078 19.200002670288086
    vertex -3.2352001667022705 2.2655999660491943 19.200002670288086
  endloop
endfacet
facet normal 0.0 0.0 0.0
  outer loop
    vertex 0.009598733857274055 3.9936001300811768 19.200002670288086
    vertex -3.2352001667022705 2.2655999660491943 19.200002670288086
    vertex -3.0815987586975098 2.2079999446868896 19.200002670288086
  endloop
endfacet
facet normal 0.0 0.0 0.0
  outer loop
    vertex 0.009598733857274055 3.9936001300811768 19.200002670288086
    vertex -3.0815987586975098 2.2079999446868896 19.200002670288086
    vertex -2.947199821472168 2.150400400161743 19.200002670288086
  endloop
endfacet
facet normal 0.0 0.0 0.0
  outer loop
    vertex 0.009598733857274055 3.9936001300811768 19.200002670288086
    vertex -2.947199821472168 2.150400400161743 19.200002670288086
    vertex -2.7936010360717773 2.0735998153686523 19.200002670288086
  endloop
endfacet
facet normal 0.0 0.0 0.0
  outer loop
    vertex 0.009598733857274055 3.9936001300811768 19.200002670288086
    vertex -2.7936010360717773 2.0735998153686523 19.200002670288086
    vertex -2.6591997146606445 1.9967997074127197 19.200002670288086
  endloop
endfacet
facet normal 0.0 0.0 0.0
  outer loop
    vertex 0.009598733857274055 3.9936001300811768 19.200002670288086
    vertex -2.6591997146606445 1.9967997074127197 19.200002670288086
    vertex -2.5440006256103516 1.9007999897003174 19.200002670288086
  endloop
endfacet
facet normal 0.0 0.0 0.0
  outer loop
    vertex 0.009598733857274055 3.9936001300811768 19.200002670288086
    vertex -2.5440006256103516 1.9007999897003174 19.200002670288086
    vertex 0.009598733857274055 -1.612495026392935e-07 19.200002670288086
  endloop
endfacet
facet normal 0.0 0.0 0.0
  outer loop
    vertex -23.990406036376953 -3.993600606918335 19.200002670288086
    vertex -12.009603500366211 -3.993600606918335 19.200002670288086
    vertex -12.009603500366211 -2.4000003337860107 19.200002670288086
  endloop
endfacet
facet normal 0.0 0.0 0.0
  outer loop
    vertex -23.990406036376953 -3.993600606918335 19.200002670288086
    vertex -12.009603500366211 -2.4000003337860107 19.200002670288086
    vertex -12.163202285766602 -2.4000003337860107 19.200002670288086
  endloop
endfacet
facet normal 0.0 0.0 0.0
  outer loop
    vertex -23.990406036376953 -3.993600606918335 19.200002670288086
    vertex -12.163202285766602 -2.4000003337860107 19.200002670288086
    vertex -12.316803932189941 -2.380800247192383 19.200002670288086
  endloop
endfacet
facet normal 0.0 0.0 0.0
  outer loop
    vertex -23.990406036376953 -3.993600606918335 19.200002670288086
    vertex -12.316803932189941 -2.380800247192383 19.200002670288086
    vertex -12.470403671264648 -2.361600399017334 19.200002670288086
  endloop
endfacet
facet normal 0.0 0.0 0.0
  outer loop
    vertex -23.990406036376953 -3.993600606918335 19.200002670288086
    vertex -12.470403671264648 -2.361600399017334 19.200002670288086
    vertex -12.624004364013672 -2.3232004642486572 19.200002670288086
  endloop
endfacet
facet normal 0.0 0.0 0.0
  outer loop
    vertex -23.990406036376953 -3.993600606918335 19.200002670288086
    vertex -12.624004364013672 -2.3232004642486572 19.200002670288086
    vertex -12.777603149414062 -2.2848005294799805 19.200002670288086
  endloop
endfacet
facet normal 0.0 0.0 0.0
  outer loop
    vertex -23.990406036376953 -3.993600606918335 19.200002670288086
    vertex -12.777603149414062 -2.2848005294799805 19.200002670288086
    vertex -12.912004470825195 -2.2272002696990967 19.200002670288086
  endloop
endfacet
facet normal 0.0 0.0 0.0
  outer loop
    vertex -23.990406036376953 -3.993600606918335 19.200002670288086
    vertex -12.912004470825195 -2.2272002696990967 19.200002670288086
    vertex -13.027203559875488 -2.169600248336792 19.200002670288086
  endloop
endfacet
facet normal 0.0 0.0 0.0
  outer loop
    vertex 4.156800270080566 -2.4000003337860107 19.200002670288086
    vertex 4.003201484680176 -2.4000003337860107 19.200002670288086
    vertex 0.009598733857274055 -3.993600606918335 19.200002670288086
  endloop
endfacet
facet normal 0.0 0.0 0.0
  outer loop
    vertex 4.310401439666748 -2.380800247192383 19.200002670288086
    vertex 4.156800270080566 -2.4000003337860107 19.200002670288086
    vertex 0.009598733857274055 -3.993600606918335 19.200002670288086
  endloop
endfacet
facet normal 0.0 0.0 0.0
  outer loop
    vertex 4.46400260925293 -2.361600399017334 19.200002670288086
    vertex 4.310401439666748 -2.380800247192383 19.200002670288086
    vertex 0.009598733857274055 -3.993600606918335 19.200002670288086
  endloop
endfacet
facet normal 0.0 0.0 0.0
  outer loop
    vertex 4.61760139465332 -2.3232004642486572 19.200002670288086
    vertex 4.46400260925293 -2.361600399017334 19.200002670288086
    vertex 0.009598733857274055 -3.993600606918335 19.200002670288086
  endloop
endfacet
facet normal 0.0 0.0 0.0
  outer loop
    vertex 4.771200180053711 -2.2848005294799805 19.200002670288086
    vertex 4.61760139465332 -2.3232004642486572 19.200002670288086
    vertex 0.009598733857274055 -3.993600606918335 19.200002670288086
  endloop
endfacet
facet normal 0.0 0.0 0.0
  outer loop
    vertex 10.97280216217041 -2.169600248336792 19.200002670288086
    vertex 4.924801349639893 -2.2272002696990967 19.200002670288086
    vertex 4.771200180053711 -2.2848005294799805 19.200002670288086
  endloop
endfacet
facet normal 0.0 0.0 0.0
  outer loop
    vertex 10.97280216217041 -2.169600248336792 19.200002670288086
    vertex 4.771200180053711 -2.2848005294799805 19.200002670288086
    vertex 0.009598733857274055 -3.993600606918335 19.200002670288086
  endloop
endfacet
facet normal 0.0 0.0 0.0
  outer loop
    vertex 12.009603500366211 -3.993600606918335 19.200002670288086
    vertex 23.990406036376953 -3.993600606918335 19.200002670288086
    vertex 12.009603500366211 -2.4000003337860107 19.200002670288086
  endloop
endfacet
facet normal 0.0 0.0 0.0
  outer loop
    vertex 0.009598733857274055 -3.993600606918335 19.200002670288086
    vertex 12.009603500366211 -3.993600606918335 19.200002670288086
    vertex 12.009603500366211 -2.4000003337860107 19.200002670288086
  endloop
endfacet
facet normal 0.0 0.0 0.0
  outer loop
    vertex 0.009598733857274055 -3.993600606918335 19.200002670288086
    vertex 12.009603500366211 -2.4000003337860107 19.200002670288086
    vertex 11.83680248260498 -2.4000003337860107 19.200002670288086
  endloop
endfacet
facet normal 0.0 0.0 0.0
  outer loop
    vertex 0.009598733857274055 -3.993600606918335 19.200002670288086
    vertex 11.83680248260498 -2.4000003337860107 19.200002670288086
    vertex 11.683201789855957 -2.380800247192383 19.200002670288086
  endloop
endfacet
facet normal 0.0 0.0 0.0
  outer loop
    vertex 0.009598733857274055 -3.993600606918335 19.200002670288086
    vertex 11.683201789855957 -2.380800247192383 19.200002670288086
    vertex 11.5296049118042 -2.361600399017334 19.200002670288086
  endloop
endfacet
facet normal 0.0 0.0 0.0
  outer loop
    vertex 0.009598733857274055 -3.993600606918335 19.200002670288086
    vertex 11.5296049118042 -2.361600399017334 19.200002670288086
    vertex 11.376004219055176 -2.3232004642486572 19.200002670288086
  endloop
endfacet
facet normal 0.0 0.0 0.0
  outer loop
    vertex 0.009598733857274055 -3.993600606918335 19.200002670288086
    vertex 11.376004219055176 -2.3232004642486572 19.200002670288086
    vertex 11.222402572631836 -2.2848005294799805 19.200002670288086
  endloop
endfacet
facet normal 0.0 0.0 0.0
  outer loop
    vertex 0.009598733857274055 -3.993600606918335 19.200002670288086
    vertex 11.222402572631836 -2.2848005294799805 19.200002670288086
    vertex 11.088004112243652 -2.2272002696990967 19.200002670288086
  endloop
endfacet
facet normal 0.0 0.0 0.0
  outer loop
    vertex 0.009598733857274055 -3.993600606918335 19.200002670288086
    vertex 11.088004112243652 -2.2272002696990967 19.200002670288086
    vertex 10.97280216217041 -2.169600248336792 19.200002670288086
  endloop
endfacet
facet normal 0.0 0.0 0.0
  outer loop
    vertex -6.172802448272705 -1.0368001461029053 19.200002670288086
    vertex -9.84000301361084 -1.0560002326965332 19.200002670288086
    vertex -9.916803359985352 -1.2096002101898193 19.200002670288086
  endloop
endfacet
facet normal 0.0 0.0 0.0
  outer loop
    vertex -6.172802448272705 -1.0368001461029053 19.200002670288086
    vertex -9.916803359985352 -1.2096002101898193 19.200002670288086
    vertex -10.012803077697754 -1.3440003395080566 19.200002670288086
  endloop
endfacet
facet normal 0.0 0.0 0.0
  outer loop
    vertex -6.172802448272705 -1.0368001461029053 19.200002670288086
    vertex -10.012803077697754 -1.3440003395080566 19.200002670288086
    vertex -10.089603424072266 -1.459200382232666 19.200002670288086
  endloop
endfacet
facet normal 0.0 0.0 0.0
  outer loop
    vertex -6.172802448272705 -1.0368001461029053 19.200002670288086
    vertex -10.089603424072266 -1.459200382232666 19.200002670288086
    vertex -10.204802513122559 -1.5936005115509033 19.200002670288086
  endloop
endfacet
facet normal 0.0 0.0 0.0
  outer loop
    vertex -6.172802448272705 -1.0368001461029053 19.200002670288086
    vertex -10.204802513122559 -1.5936005115509033 19.200002670288086
    vertex -10.300803184509277 -1.7088004350662231 19.200002670288086
  endloop
endfacet
facet normal 0.0 0.0 0.0
  outer loop
    vertex -6.172802448272705 -1.0368001461029053 19.200002670288086
    vertex -10.300803184509277 -1.7088004350662231 19.200002670288086
    vertex -10.320003509521484 -1.728000283241272 19.200002670288086
  endloop
endfacet
facet normal 0.0 0.0 0.0
  outer loop
    vertex -9.916803359985352 1.1903996467590332 19.200002670288086
    vertex -9.84000301361084 1.055999994277954 19.200002670288086
    vertex -6.172802448272705 1.0175998210906982 19.200002670288086
  endloop
endfacet
facet normal 0.0 0.0 0.0
  outer loop
    vertex -10.012803077697754 1.3247997760772705 19.200002670288086
    vertex -9.916803359985352 1.1903996467590332 19.200002670288086
    vertex -6.172802448272705 1.0175998210906982 19.200002670288086
  endloop
endfacet
facet normal 0.0 0.0 0.0
  outer loop
    vertex -10.089603424072266 1.4591999053955078 19.200002670288086
    vertex -10.012803077697754 1.3247997760772705 19.200002670288086
    vertex -6.172802448272705 1.0175998210906982 19.200002670288086
  endloop
endfacet
facet normal 0.0 0.0 0.0
  outer loop
    vertex -10.204802513122559 1.5744001865386963 19.200002670288086
    vertex -10.089603424072266 1.4591999053955078 19.200002670288086
    vertex -6.172802448272705 1.0175998210906982 19.200002670288086
  endloop
endfacet
facet normal 0.0 0.0 0.0
  outer loop
    vertex -10.300803184509277 1.6895997524261475 19.200002670288086
    vertex -10.204802513122559 1.5744001865386963 19.200002670288086
    vertex -6.172802448272705 1.0175998210906982 19.200002670288086
  endloop
endfacet
facet normal 0.0 0.0 0.0
  outer loop
    vertex -10.320003509521484 1.7280001640319824 19.200002670288086
    vertex -10.300803184509277 1.6895997524261475 19.200002670288086
    vertex -6.172802448272705 1.0175998210906982 19.200002670288086
  endloop
endfacet
facet normal 0.0 0.0 0.0
  outer loop
    vertex -10.416003227233887 1.804800033569336 19.200002670288086
    vertex -10.320003509521484 1.7280001640319824 19.200002670288086
    vertex -5.692801475524902 1.6895997524261475 19.200002670288086
  endloop
endfacet
facet normal 0.0 0.0 0.0
  outer loop
    vertex -5.577600955963135 1.804800033569336 19.200002670288086
    vertex -10.416003227233887 1.804800033569336 19.200002670288086
    vertex -5.692801475524902 1.6895997524261475 19.200002670288086
  endloop
endfacet
facet normal 0.0 0.0 0.0
  outer loop
    vertex -1.6224006414413452 0.2688000798225403 19.200002670288086
    vertex -1.6032007932662964 0.153599813580513 19.200002670288086
    vertex 0.009598733857274055 -1.612495026392935e-07 19.200002670288086
  endloop
endfacet
facet normal 0.0 0.0 0.0
  outer loop
    vertex 10.320002555847168 1.7280001640319824 19.200002670288086
    vertex 5.692802429199219 1.6895997524261475 19.200002670288086
    vertex 5.808001518249512 1.5744001865386963 19.200002670288086
  endloop
endfacet
facet normal 0.0 0.0 0.0
  outer loop
    vertex 10.320002555847168 1.7280001640319824 19.200002670288086
    vertex 5.808001518249512 1.5744001865386963 19.200002670288086
    vertex 5.904000759124756 1.4591999053955078 19.200002670288086
  endloop
endfacet
facet normal 0.0 0.0 0.0
  outer loop
    vertex 10.320002555847168 1.7280001640319824 19.200002670288086
    vertex 5.904000759124756 1.4591999053955078 19.200002670288086
    vertex 6.0 1.3247997760772705 19.200002670288086
  endloop
endfacet
facet normal 0.0 0.0 0.0
  outer loop
    vertex 10.320002555847168 1.7280001640319824 19.200002670288086
    vertex 6.0 1.3247997760772705 19.200002670288086
    vertex 6.076801776885986 1.1903996467590332 19.200002670288086
  endloop
endfacet
facet normal 0.0 0.0 0.0
  outer loop
    vertex 10.320002555847168 1.7280001640319824 19.200002670288086
    vertex 6.076801776885986 1.1903996467590332 19.200002670288086
    vertex 6.153601169586182 1.055999994277954 19.200002670288086
  endloop
endfacet
facet normal 0.0 0.0 0.0
  outer loop
    vertex 10.320002555847168 1.7280001640319824 19.200002670288086
    vertex 6.153601169586182 1.055999994277954 19.200002670288086
    vertex 6.1728010177612305 1.0175998210906982 19.200002670288086
  endloop
endfacet
facet normal 0.0 0.0 0.0
  outer loop
    vertex 0.009598733857274055 -1.612495026392935e-07 19.200002670288086
    vertex 1.6224006414413452 0.2688000798225403 19.200002670288086
    vertex 1.6224006414413452 0.30719977617263794 19.200002670288086
  endloop
endfacet
facet normal 0.0 0.0 0.0
  outer loop
    vertex 0.009598733857274055 -1.612495026392935e-07 19.200002670288086
    vertex 1.6224006414413452 0.30719977617263794 19.200002670288086
    vertex 1.641600489616394 0.4607997536659241 19.200002670288086
  endloop
endfacet
facet normal 0.0 0.0 0.0
  outer loop
    vertex 0.009598733857274055 -1.612495026392935e-07 19.200002670288086
    vertex 1.641600489616394 0.4607997536659241 19.200002670288086
    vertex 1.6800001859664917 0.614399790763855 19.200002670288086
  endloop
endfacet
facet normal 0.0 0.0 0.0
  outer loop
    vertex 0.009598733857274055 -1.612495026392935e-07 19.200002670288086
    vertex 1.6800001859664917 0.614399790763855 19.200002670288086
    vertex 1.7184022665023804 0.768000066280365 19.200002670288086
  endloop
endfacet
facet normal 0.0 0.0 0.0
  outer loop
    vertex 0.009598733857274055 -1.612495026392935e-07 19.200002670288086
    vertex 1.7184022665023804 0.768000066280365 19.200002670288086
    vertex 1.7759994268417358 0.9216000437736511 19.200002670288086
  endloop
endfacet
facet normal 0.0 0.0 0.0
  outer loop
    vertex 0.009598733857274055 -1.612495026392935e-07 19.200002670288086
    vertex 1.7759994268417358 0.9216000437736511 19.200002670288086
    vertex 1.8528012037277222 1.055999994277954 19.200002670288086
  endloop
endfacet
facet normal 0.0 0.0 0.0
  outer loop
    vertex 0.009598733857274055 -1.612495026392935e-07 19.200002670288086
    vertex 1.8528012037277222 1.055999994277954 19.200002670288086
    vertex 1.9296005964279175 1.1903996467590332 19.200002670288086
  endloop
endfacet
facet normal 0.0 0.0 0.0
  outer loop
    vertex 0.009598733857274055 -1.612495026392935e-07 19.200002670288086
    vertex 1.9296005964279175 1.1903996467590332 19.200002670288086
    vertex 2.0064001083374023 1.3247997760772705 19.200002670288086
  endloop
endfacet
facet normal 0.0 0.0 0.0
  outer loop
    vertex 0.009598733857274055 -1.612495026392935e-07 19.200002670288086
    vertex 2.0064001083374023 1.3247997760772705 19.200002670288086
    vertex 2.1024017333984375 1.4591999053955078 19.200002670288086
  endloop
endfacet
facet normal 0.0 0.0 0.0
  outer loop
    vertex 0.009598733857274055 -1.612495026392935e-07 19.200002670288086
    vertex 2.1024017333984375 1.4591999053955078 19.200002670288086
    vertex 2.1984009742736816 1.5744001865386963 19.200002670288086
  endloop
endfacet
facet normal 0.0 0.0 0.0
  outer loop
    vertex 0.009598733857274055 -1.612495026392935e-07 19.200002670288086
    vertex 2.1984009742736816 1.5744001865386963 19.200002670288086
    vertex 2.294400215148926 1.6895997524261475 19.200002670288086
  endloop
endfacet
facet normal 0.0 0.0 0.0
  outer loop
    vertex 0.009598733857274055 -1.612495026392935e-07 19.200002670288086
    vertex 2.294400215148926 1.6895997524261475 19.200002670288086
    vertex 2.4096016883850098 1.804800033569336 19.200002670288086
  endloop
endfacet
facet normal 0.0 0.0 0.0
  outer loop
    vertex 0.009598733857274055 -1.612495026392935e-07 19.200002670288086
    vertex 2.4096016883850098 1.804800033569336 19.200002670288086
    vertex 2.5440006256103516 1.9007999897003174 19.200002670288086
  endloop
endfacet
facet normal 0.0 0.0 0.0
  outer loop
    vertex 3.849600076675415 2.3999996185302734 19.200002670288086
    vertex 4.003201484680176 2.3999996185302734 19.200002670288086
    vertex 0.009598733857274055 3.9936001300811768 19.200002670288086
  endloop
endfacet
facet normal 0.0 0.0 0.0
  outer loop
    vertex 3.6960012912750244 2.380800247192383 19.200002670288086
    vertex 3.849600076675415 2.3999996185302734 19.200002670288086
    vertex 0.009598733857274055 3.9936001300811768 19.200002670288086
  endloop
endfacet
facet normal 0.0 0.0 0.0
  outer loop
    vertex 3.523200273513794 2.342400074005127 19.200002670288086
    vertex 3.6960012912750244 2.380800247192383 19.200002670288086
    vertex 0.009598733857274055 3.9936001300811768 19.200002670288086
  endloop
endfacet
facet normal 0.0 0.0 0.0
  outer loop
    vertex 3.3696014881134033 2.323200225830078 19.200002670288086
    vertex 3.523200273513794 2.342400074005127 19.200002670288086
    vertex 0.009598733857274055 3.9936001300811768 19.200002670288086
  endloop
endfacet
facet normal 0.0 0.0 0.0
  outer loop
    vertex 3.2352025508880615 2.2655999660491943 19.200002670288086
    vertex 3.3696014881134033 2.323200225830078 19.200002670288086
    vertex 0.009598733857274055 3.9936001300811768 19.200002670288086
  endloop
endfacet
facet normal 0.0 0.0 0.0
  outer loop
    vertex 3.081601142883301 2.2079999446868896 19.200002670288086
    vertex 3.2352025508880615 2.2655999660491943 19.200002670288086
    vertex 0.009598733857274055 3.9936001300811768 19.200002670288086
  endloop
endfacet
facet normal 0.0 0.0 0.0
  outer loop
    vertex 2.947202205657959 2.150400400161743 19.200002670288086
    vertex 3.081601142883301 2.2079999446868896 19.200002670288086
    vertex 0.009598733857274055 3.9936001300811768 19.200002670288086
  endloop
endfacet
facet normal 0.0 0.0 0.0
  outer loop
    vertex 2.7936010360717773 2.0735998153686523 19.200002670288086
    vertex 2.947202205657959 2.150400400161743 19.200002670288086
    vertex 0.009598733857274055 3.9936001300811768 19.200002670288086
  endloop
endfacet
facet normal 0.0 0.0 0.0
  outer loop
    vertex 2.6591997146606445 1.9967997074127197 19.200002670288086
    vertex 2.7936010360717773 2.0735998153686523 19.200002670288086
    vertex 0.009598733857274055 3.9936001300811768 19.200002670288086
  endloop
endfacet
facet normal 0.0 0.0 0.0
  outer loop
    vertex 2.5440006256103516 1.9007999897003174 19.200002670288086
    vertex 2.6591997146606445 1.9967997074127197 19.200002670288086
    vertex 0.009598733857274055 3.9936001300811768 19.200002670288086
  endloop
endfacet
facet normal 0.0 0.0 0.0
  outer loop
    vertex 0.009598733857274055 -1.612495026392935e-07 19.200002670288086
    vertex 2.5440006256103516 1.9007999897003174 19.200002670288086
    vertex 0.009598733857274055 3.9936001300811768 19.200002670288086
  endloop
endfacet
facet normal 0.0 0.0 0.0
  outer loop
    vertex 5.808001518249512 -1.5936005115509033 19.200002670288086
    vertex 5.692802429199219 -1.7088004350662231 19.200002670288086
    vertex 10.320002555847168 -1.728000283241272 19.200002670288086
  endloop
endfacet
facet normal 0.0 0.0 0.0
  outer loop
    vertex 5.904000759124756 -1.459200382232666 19.200002670288086
    vertex 5.808001518249512 -1.5936005115509033 19.200002670288086
    vertex 10.320002555847168 -1.728000283241272 19.200002670288086
  endloop
endfacet
facet normal 0.0 0.0 0.0
  outer loop
    vertex 6.0 -1.3440003395080566 19.200002670288086
    vertex 5.904000759124756 -1.459200382232666 19.200002670288086
    vertex 10.320002555847168 -1.728000283241272 19.200002670288086
  endloop
endfacet
facet normal 0.0 0.0 0.0
  outer loop
    vertex 6.076801776885986 -1.2096002101898193 19.200002670288086
    vertex 6.0 -1.3440003395080566 19.200002670288086
    vertex 10.320002555847168 -1.728000283241272 19.200002670288086
  endloop
endfacet
facet normal 0.0 0.0 0.0
  outer loop
    vertex 6.153601169586182 -1.0560002326965332 19.200002670288086
    vertex 6.076801776885986 -1.2096002101898193 19.200002670288086
    vertex 10.320002555847168 -1.728000283241272 19.200002670288086
  endloop
endfacet
facet normal 0.0 0.0 0.0
  outer loop
    vertex 6.1728010177612305 -1.0368001461029053 19.200002670288086
    vertex 6.153601169586182 -1.0560002326965332 19.200002670288086
    vertex 10.320002555847168 -1.728000283241272 19.200002670288086
  endloop
endfacet
facet normal 0.0 0.0 0.0
  outer loop
    vertex 6.211200714111328 -0.9215999841690063 19.200002670288086
    vertex 6.1728010177612305 -1.0368001461029053 19.200002670288086
    vertex 9.840001106262207 -1.0560002326965332 19.200002670288086
  endloop
endfacet
facet normal 0.0 0.0 0.0
  outer loop
    vertex 9.782402038574219 -0.9215999841690063 19.200002670288086
    vertex 6.211200714111328 -0.9215999841690063 19.200002670288086
    vertex 9.840001106262207 -1.0560002326965332 19.200002670288086
  endloop
endfacet
facet normal 0.0 0.0 0.0
  outer loop
    vertex 12.16320514678955 -2.4000003337860107 19.200002670288086
    vertex 12.009603500366211 -2.4000003337860107 19.200002670288086
    vertex 23.990406036376953 -3.993600606918335 19.200002670288086
  endloop
endfacet
facet normal 0.0 0.0 0.0
  outer loop
    vertex 12.316801071166992 -2.380800247192383 19.200002670288086
    vertex 12.16320514678955 -2.4000003337860107 19.200002670288086
    vertex 23.990406036376953 -3.993600606918335 19.200002670288086
  endloop
endfacet
facet normal 0.0 0.0 0.0
  outer loop
    vertex 12.470402717590332 -2.361600399017334 19.200002670288086
    vertex 12.316801071166992 -2.380800247192383 19.200002670288086
    vertex 23.990406036376953 -3.993600606918335 19.200002670288086
  endloop
endfacet
facet normal 0.0 0.0 0.0
  outer loop
    vertex 12.624004364013672 -2.3232004642486572 19.200002670288086
    vertex 12.470402717590332 -2.361600399017334 19.200002670288086
    vertex 23.990406036376953 -3.993600606918335 19.200002670288086
  endloop
endfacet
facet normal 0.0 0.0 0.0
  outer loop
    vertex 12.777603149414062 -2.2848005294799805 19.200002670288086
    vertex 12.624004364013672 -2.3232004642486572 19.200002670288086
    vertex 23.990406036376953 -3.993600606918335 19.200002670288086
  endloop
endfacet
facet normal 0.0 0.0 0.0
  outer loop
    vertex 12.912001609802246 -2.2272002696990967 19.200002670288086
    vertex 12.777603149414062 -2.2848005294799805 19.200002670288086
    vertex 23.990406036376953 -3.993600606918335 19.200002670288086
  endloop
endfacet
facet normal 0.0 0.0 0.0
  outer loop
    vertex 13.027203559875488 -2.169600248336792 19.200002670288086
    vertex 12.912001609802246 -2.2272002696990967 19.200002670288086
    vertex 23.990406036376953 -3.993600606918335 19.200002670288086
  endloop
endfacet
facet normal 0.0 0.0 0.0
  outer loop
    vertex 13.065603256225586 -2.150400400161743 19.200002670288086
    vertex 13.027203559875488 -2.169600248336792 19.200002670288086
    vertex 19.0752010345459 -2.2272002696990967 19.200002670288086
  endloop
endfacet
facet normal 0.0 0.0 0.0
  outer loop
    vertex 18.940805435180664 -2.150400400161743 19.200002670288086
    vertex 13.065603256225586 -2.150400400161743 19.200002670288086
    vertex 19.0752010345459 -2.2272002696990967 19.200002670288086
  endloop
endfacet
facet normal 0.0 0.0 0.0
  outer loop
    vertex -17.67360496520996 -0.6336001753807068 19.200002670288086
    vertex -17.731204986572266 -0.7680000066757202 19.200002670288086
    vertex -14.23680305480957 -0.8832002878189087 19.200002670288086
  endloop
endfacet
facet normal 0.0 0.0 0.0
  outer loop
    vertex -17.65440559387207 -0.47999995946884155 19.200002670288086
    vertex -17.67360496520996 -0.6336001753807068 19.200002670288086
    vertex -14.23680305480957 -0.8832002878189087 19.200002670288086
  endloop
endfacet
facet normal 0.0 0.0 0.0
  outer loop
    vertex -17.616004943847656 -0.30720043182373047 19.200002670288086
    vertex -17.65440559387207 -0.47999995946884155 19.200002670288086
    vertex -14.23680305480957 -0.8832002878189087 19.200002670288086
  endloop
endfacet
facet normal 0.0 0.0 0.0
  outer loop
    vertex -17.596805572509766 -0.15360014140605927 19.200002670288086
    vertex -17.616004943847656 -0.30720043182373047 19.200002670288086
    vertex -14.23680305480957 -0.8832002878189087 19.200002670288086
  endloop
endfacet
facet normal 0.0 0.0 0.0
  outer loop
    vertex -17.596805572509766 -1.612495026392935e-07 19.200002670288086
    vertex -17.596805572509766 -0.15360014140605927 19.200002670288086
    vertex -14.23680305480957 -0.8832002878189087 19.200002670288086
  endloop
endfacet
facet normal 0.0 0.0 0.0
  outer loop
    vertex -17.596805572509766 0.153599813580513 19.200002670288086
    vertex -17.596805572509766 -1.612495026392935e-07 19.200002670288086
    vertex -14.23680305480957 -0.8832002878189087 19.200002670288086
  endloop
endfacet
facet normal 0.0 0.0 0.0
  outer loop
    vertex -17.616004943847656 0.30719977617263794 19.200002670288086
    vertex -17.596805572509766 0.153599813580513 19.200002670288086
    vertex -14.23680305480957 -0.8832002878189087 19.200002670288086
  endloop
endfacet
facet normal 0.0 0.0 0.0
  outer loop
    vertex -17.65440559387207 0.4607997536659241 19.200002670288086
    vertex -17.616004943847656 0.30719977617263794 19.200002670288086
    vertex -14.23680305480957 -0.8832002878189087 19.200002670288086
  endloop
endfacet
facet normal 0.0 0.0 0.0
  outer loop
    vertex -17.67360496520996 0.614399790763855 19.200002670288086
    vertex -17.65440559387207 0.4607997536659241 19.200002670288086
    vertex -14.23680305480957 -0.8832002878189087 19.200002670288086
  endloop
endfacet
facet normal 0.0 0.0 0.0
  outer loop
    vertex -17.731204986572266 0.768000066280365 19.200002670288086
    vertex -17.67360496520996 0.614399790763855 19.200002670288086
    vertex -14.23680305480957 -0.8832002878189087 19.200002670288086
  endloop
endfacet
facet normal 0.0 0.0 0.0
  outer loop
    vertex -17.76960563659668 0.8832000494003296 19.200002670288086
    vertex -17.731204986572266 0.768000066280365 19.200002670288086
    vertex -14.23680305480957 -0.8832002878189087 19.200002670288086
  endloop
endfacet
facet normal 0.0 0.0 0.0
  outer loop
    vertex -17.78880500793457 0.9216000437736511 19.200002670288086
    vertex -17.76960563659668 0.8832000494003296 19.200002670288086
    vertex -14.275202751159668 0.768000066280365 19.200002670288086
  endloop
endfacet
facet normal 0.0 0.0 0.0
  outer loop
    vertex -14.217604637145996 0.9216000437736511 19.200002670288086
    vertex -17.78880500793457 0.9216000437736511 19.200002670288086
    vertex -14.275202751159668 0.768000066280365 19.200002670288086
  endloop
endfacet
facet normal 0.0 0.0 0.0
  outer loop
    vertex -3.849602460861206 -2.4000003337860107 19.200002670288086
    vertex -4.003202438354492 -2.4000003337860107 19.200002670288086
    vertex 0.009598733857274055 -3.993600606918335 19.200002670288086
  endloop
endfacet
facet normal 0.0 0.0 0.0
  outer loop
    vertex -3.6960012912750244 -2.380800247192383 19.200002670288086
    vertex -3.849602460861206 -2.4000003337860107 19.200002670288086
    vertex 0.009598733857274055 -3.993600606918335 19.200002670288086
  endloop
endfacet
facet normal 0.0 0.0 0.0
  outer loop
    vertex -3.523200273513794 -2.361600399017334 19.200002670288086
    vertex -3.6960012912750244 -2.380800247192383 19.200002670288086
    vertex 0.009598733857274055 -3.993600606918335 19.200002670288086
  endloop
endfacet
facet normal 0.0 0.0 0.0
  outer loop
    vertex -3.3696014881134033 -2.3232004642486572 19.200002670288086
    vertex -3.523200273513794 -2.361600399017334 19.200002670288086
    vertex 0.009598733857274055 -3.993600606918335 19.200002670288086
  endloop
endfacet
facet normal 0.0 0.0 0.0
  outer loop
    vertex -3.2352001667022705 -2.2848005294799805 19.200002670288086
    vertex -3.3696014881134033 -2.3232004642486572 19.200002670288086
    vertex 0.009598733857274055 -3.993600606918335 19.200002670288086
  endloop
endfacet
facet normal 0.0 0.0 0.0
  outer loop
    vertex -3.0815987586975098 -2.2272002696990967 19.200002670288086
    vertex -3.2352001667022705 -2.2848005294799805 19.200002670288086
    vertex 0.009598733857274055 -3.993600606918335 19.200002670288086
  endloop
endfacet
facet normal 0.0 0.0 0.0
  outer loop
    vertex -2.947199821472168 -2.150400400161743 19.200002670288086
    vertex -3.0815987586975098 -2.2272002696990967 19.200002670288086
    vertex 0.009598733857274055 -3.993600606918335 19.200002670288086
  endloop
endfacet
facet normal 0.0 0.0 0.0
  outer loop
    vertex -2.7936010360717773 -2.0736002922058105 19.200002670288086
    vertex -2.947199821472168 -2.150400400161743 19.200002670288086
    vertex 0.009598733857274055 -3.993600606918335 19.200002670288086
  endloop
endfacet
facet normal 0.0 0.0 0.0
  outer loop
    vertex -2.6591997146606445 -1.996800422668457 19.200002670288086
    vertex -2.7936010360717773 -2.0736002922058105 19.200002670288086
    vertex 0.009598733857274055 -3.993600606918335 19.200002670288086
  endloop
endfacet
facet normal 0.0 0.0 0.0
  outer loop
    vertex -2.5440006256103516 -1.9008004665374756 19.200002670288086
    vertex -2.6591997146606445 -1.996800422668457 19.200002670288086
    vertex 0.009598733857274055 -3.993600606918335 19.200002670288086
  endloop
endfacet
facet normal 0.0 0.0 0.0
  outer loop
    vertex -2.4095993041992188 -1.804800271987915 19.200002670288086
    vertex -2.5440006256103516 -1.9008004665374756 19.200002670288086
    vertex 0.009598733857274055 -3.993600606918335 19.200002670288086
  endloop
endfacet
facet normal 0.0 0.0 0.0
  outer loop
    vertex -2.294402599334717 -1.7088004350662231 19.200002670288086
    vertex -2.4095993041992188 -1.804800271987915 19.200002670288086
    vertex 0.009598733857274055 -3.993600606918335 19.200002670288086
  endloop
endfacet
facet normal 0.0 0.0 0.0
  outer loop
    vertex -2.1983985900878906 -1.5936005115509033 19.200002670288086
    vertex -2.294402599334717 -1.7088004350662231 19.200002670288086
    vertex 0.009598733857274055 -3.993600606918335 19.200002670288086
  endloop
endfacet
facet normal 0.0 0.0 0.0
  outer loop
    vertex -2.1023993492126465 -1.459200382232666 19.200002670288086
    vertex -2.1983985900878906 -1.5936005115509033 19.200002670288086
    vertex 0.009598733857274055 -3.993600606918335 19.200002670288086
  endloop
endfacet
facet normal 0.0 0.0 0.0
  outer loop
    vertex -2.0064001083374023 -1.3440003395080566 19.200002670288086
    vertex -2.1023993492126465 -1.459200382232666 19.200002670288086
    vertex 0.009598733857274055 -3.993600606918335 19.200002670288086
  endloop
endfacet
facet normal 0.0 0.0 0.0
  outer loop
    vertex -1.9296005964279175 -1.2096002101898193 19.200002670288086
    vertex -2.0064001083374023 -1.3440003395080566 19.200002670288086
    vertex 0.009598733857274055 -3.993600606918335 19.200002670288086
  endloop
endfacet
facet normal 0.0 0.0 0.0
  outer loop
    vertex -1.8528012037277222 -1.0560002326965332 19.200002670288086
    vertex -1.9296005964279175 -1.2096002101898193 19.200002670288086
    vertex 0.009598733857274055 -3.993600606918335 19.200002670288086
  endloop
endfacet
facet normal 0.0 0.0 0.0
  outer loop
    vertex -1.7759994268417358 -0.9215999841690063 19.200002670288086
    vertex -1.8528012037277222 -1.0560002326965332 19.200002670288086
    vertex 0.009598733857274055 -3.993600606918335 19.200002670288086
  endloop
endfacet
facet normal 0.0 0.0 0.0
  outer loop
    vertex -1.7183998823165894 -0.7680000066757202 19.200002670288086
    vertex -1.7759994268417358 -0.9215999841690063 19.200002670288086
    vertex 0.009598733857274055 -3.993600606918335 19.200002670288086
  endloop
endfacet
facet normal 0.0 0.0 0.0
  outer loop
    vertex -1.6800001859664917 -0.6336001753807068 19.200002670288086
    vertex -1.7183998823165894 -0.7680000066757202 19.200002670288086
    vertex 0.009598733857274055 -3.993600606918335 19.200002670288086
  endloop
endfacet
facet normal 0.0 0.0 0.0
  outer loop
    vertex -1.641600489616394 -0.47999995946884155 19.200002670288086
    vertex -1.6800001859664917 -0.6336001753807068 19.200002670288086
    vertex 0.009598733857274055 -3.993600606918335 19.200002670288086
  endloop
endfacet
facet normal 0.0 0.0 0.0
  outer loop
    vertex -1.6224006414413452 -0.30720043182373047 19.200002670288086
    vertex -1.641600489616394 -0.47999995946884155 19.200002670288086
    vertex 0.009598733857274055 -3.993600606918335 19.200002670288086
  endloop
endfacet
facet normal 0.0 0.0 0.0
  outer loop
    vertex -1.6224006414413452 -0.26880013942718506 19.200002670288086
    vertex -1.6224006414413452 -0.30720043182373047 19.200002670288086
    vertex 0.009598733857274055 -3.993600606918335 19.200002670288086
  endloop
endfacet
facet normal 0.0 0.0 0.0
  outer loop
    vertex 0.009598733857274055 -1.612495026392935e-07 19.200002670288086
    vertex -1.6224006414413452 -0.26880013942718506 19.200002670288086
    vertex 0.009598733857274055 -3.993600606918335 19.200002670288086
  endloop
endfacet
facet normal 0.0 0.0 0.0
  outer loop
    vertex -11.836804389953613 -2.4000003337860107 19.200002670288086
    vertex -12.009603500366211 -2.4000003337860107 19.200002670288086
    vertex 0.009598733857274055 -3.993600606918335 19.200002670288086
  endloop
endfacet
facet normal 0.0 0.0 0.0
  outer loop
    vertex -11.683202743530273 -2.380800247192383 19.200002670288086
    vertex -11.836804389953613 -2.4000003337860107 19.200002670288086
    vertex 0.009598733857274055 -3.993600606918335 19.200002670288086
  endloop
endfacet
facet normal 0.0 0.0 0.0
  outer loop
    vertex -11.529603004455566 -2.361600399017334 19.200002670288086
    vertex -11.683202743530273 -2.380800247192383 19.200002670288086
    vertex 0.009598733857274055 -3.993600606918335 19.200002670288086
  endloop
endfacet
facet normal 0.0 0.0 0.0
  outer loop
    vertex -11.376004219055176 -2.3232004642486572 19.200002670288086
    vertex -11.529603004455566 -2.361600399017334 19.200002670288086
    vertex 0.009598733857274055 -3.993600606918335 19.200002670288086
  endloop
endfacet
facet normal 0.0 0.0 0.0
  outer loop
    vertex -11.222403526306152 -2.2848005294799805 19.200002670288086
    vertex -11.376004219055176 -2.3232004642486572 19.200002670288086
    vertex 0.009598733857274055 -3.993600606918335 19.200002670288086
  endloop
endfacet
facet normal 0.0 0.0 0.0
  outer loop
    vertex -11.08800220489502 -2.2272002696990967 19.200002670288086
    vertex -11.222403526306152 -2.2848005294799805 19.200002670288086
    vertex 0.009598733857274055 -3.993600606918335 19.200002670288086
  endloop
endfacet
facet normal 0.0 0.0 0.0
  outer loop
    vertex -10.972803115844727 -2.169600248336792 19.200002670288086
    vertex -11.08800220489502 -2.2272002696990967 19.200002670288086
    vertex 0.009598733857274055 -3.993600606918335 19.200002670288086
  endloop
endfacet
facet normal 0.0 0.0 0.0
  outer loop
    vertex -10.934403419494629 -2.150400400161743 19.200002670288086
    vertex -10.972803115844727 -2.169600248336792 19.200002670288086
    vertex -4.924801349639893 -2.2272002696990967 19.200002670288086
  endloop
endfacet
facet normal 0.0 0.0 0.0
  outer loop
    vertex -5.059201717376709 -2.150400400161743 19.200002670288086
    vertex -10.934403419494629 -2.150400400161743 19.200002670288086
    vertex -4.924801349639893 -2.2272002696990967 19.200002670288086
  endloop
endfacet
facet normal 0.0 0.0 0.0
  outer loop
    vertex 14.313605308532715 -0.6336001753807068 19.200002670288086
    vertex 14.275205612182617 -0.7680000066757202 19.200002670288086
    vertex 17.769607543945312 -0.8832002878189087 19.200002670288086
  endloop
endfacet
facet normal 0.0 0.0 0.0
  outer loop
    vertex 14.352005004882812 -0.47999995946884155 19.200002670288086
    vertex 14.313605308532715 -0.6336001753807068 19.200002670288086
    vertex 17.769607543945312 -0.8832002878189087 19.200002670288086
  endloop
endfacet
facet normal 0.0 0.0 0.0
  outer loop
    vertex 14.371204376220703 -0.30720043182373047 19.200002670288086
    vertex 14.352005004882812 -0.47999995946884155 19.200002670288086
    vertex 17.769607543945312 -0.8832002878189087 19.200002670288086
  endloop
endfacet
facet normal 0.0 0.0 0.0
  outer loop
    vertex 14.39040470123291 -0.15360014140605927 19.200002670288086
    vertex 14.371204376220703 -0.30720043182373047 19.200002670288086
    vertex 17.769607543945312 -0.8832002878189087 19.200002670288086
  endloop
endfacet
facet normal 0.0 0.0 0.0
  outer loop
    vertex 14.409602165222168 -1.612495026392935e-07 19.200002670288086
    vertex 14.39040470123291 -0.15360014140605927 19.200002670288086
    vertex 17.769607543945312 -0.8832002878189087 19.200002670288086
  endloop
endfacet
facet normal 0.0 0.0 0.0
  outer loop
    vertex 14.39040470123291 0.153599813580513 19.200002670288086
    vertex 14.409602165222168 -1.612495026392935e-07 19.200002670288086
    vertex 17.769607543945312 -0.8832002878189087 19.200002670288086
  endloop
endfacet
facet normal 0.0 0.0 0.0
  outer loop
    vertex 14.371204376220703 0.30719977617263794 19.200002670288086
    vertex 14.39040470123291 0.153599813580513 19.200002670288086
    vertex 17.769607543945312 -0.8832002878189087 19.200002670288086
  endloop
endfacet
facet normal 0.0 0.0 0.0
  outer loop
    vertex 14.352005004882812 0.4607997536659241 19.200002670288086
    vertex 14.371204376220703 0.30719977617263794 19.200002670288086
    vertex 17.769607543945312 -0.8832002878189087 19.200002670288086
  endloop
endfacet
facet normal 0.0 0.0 0.0
  outer loop
    vertex 14.313605308532715 0.614399790763855 19.200002670288086
    vertex 14.352005004882812 0.4607997536659241 19.200002670288086
    vertex 17.769607543945312 -0.8832002878189087 19.200002670288086
  endloop
endfacet
facet normal 0.0 0.0 0.0
  outer loop
    vertex 14.275205612182617 0.768000066280365 19.200002670288086
    vertex 14.313605308532715 0.614399790763855 19.200002670288086
    vertex 17.769607543945312 -0.8832002878189087 19.200002670288086
  endloop
endfacet
facet normal 0.0 0.0 0.0
  outer loop
    vertex 14.23680305480957 0.8832000494003296 19.200002670288086
    vertex 14.275205612182617 0.768000066280365 19.200002670288086
    vertex 17.769607543945312 -0.8832002878189087 19.200002670288086
  endloop
endfacet
facet normal 0.0 0.0 0.0
  outer loop
    vertex 14.21760368347168 0.9216000437736511 19.200002670288086
    vertex 14.23680305480957 0.8832000494003296 19.200002670288086
    vertex 17.731203079223633 0.768000066280365 19.200002670288086
  endloop
endfacet
facet normal 0.0 0.0 0.0
  outer loop
    vertex 17.78880500793457 0.9216000437736511 19.200002670288086
    vertex 14.21760368347168 0.9216000437736511 19.200002670288086
    vertex 17.731203079223633 0.768000066280365 19.200002670288086
  endloop
endfacet
facet normal 0.0 0.0 0.0
  outer loop
    vertex 20.15040397644043 -2.4000003337860107 19.200002670288086
    vertex 19.996803283691406 -2.4000003337860107 19.200002670288086
    vertex 23.990406036376953 -3.993600606918335 19.200002670288086
  endloop
endfacet
facet normal 0.0 0.0 0.0
  outer loop
    vertex 20.304006576538086 -2.380800247192383 19.200002670288086
    vertex 20.15040397644043 -2.4000003337860107 19.200002670288086
    vertex 23.990406036376953 -3.993600606918335 19.200002670288086
  endloop
endfacet
facet normal 0.0 0.0 0.0
  outer loop
    vertex 20.476808547973633 -2.361600399017334 19.200002670288086
    vertex 20.304006576538086 -2.380800247192383 19.200002670288086
    vertex 23.990406036376953 -3.993600606918335 19.200002670288086
  endloop
endfacet
facet normal 0.0 0.0 0.0
  outer loop
    vertex 20.630407333374023 -2.3232004642486572 19.200002670288086
    vertex 20.476808547973633 -2.361600399017334 19.200002670288086
    vertex 23.990406036376953 -3.993600606918335 19.200002670288086
  endloop
endfacet
facet normal 0.0 0.0 0.0
  outer loop
    vertex -18.67200469970703 1.9967997074127197 19.200002670288086
    vertex -13.334403991699219 1.9967997074127197 19.200002670288086
    vertex -18.806406021118164 2.0735998153686523 19.200002670288086
  endloop
endfacet
facet normal 0.0 0.0 0.0
  outer loop
    vertex -23.990406036376953 -3.993600606918335 19.200002670288086
    vertex -19.996807098388672 -2.4000003337860107 19.200002670288086
    vertex -20.150405883789062 -2.4000003337860107 19.200002670288086
  endloop
endfacet
facet normal 0.0 0.0 0.0
  outer loop
    vertex -23.990406036376953 -3.993600606918335 19.200002670288086
    vertex -20.150405883789062 -2.4000003337860107 19.200002670288086
    vertex -20.304006576538086 -2.380800247192383 19.200002670288086
  endloop
endfacet
facet normal 0.0 0.0 0.0
  outer loop
    vertex -23.990406036376953 -3.993600606918335 19.200002670288086
    vertex -20.304006576538086 -2.380800247192383 19.200002670288086
    vertex -20.476804733276367 -2.361600399017334 19.200002670288086
  endloop
endfacet
facet normal 0.0 0.0 0.0
  outer loop
    vertex -23.990406036376953 -3.993600606918335 19.200002670288086
    vertex -20.476804733276367 -2.361600399017334 19.200002670288086
    vertex -20.630407333374023 -2.3232004642486572 19.200002670288086
  endloop
endfacet
facet normal 0.0 0.0 0.0
  outer loop
    vertex -23.990406036376953 -3.993600606918335 19.200002670288086
    vertex -20.630407333374023 -2.3232004642486572 19.200002670288086
    vertex -20.76480484008789 -2.2848005294799805 19.200002670288086
  endloop
endfacet
facet normal 0.0 0.0 0.0
  outer loop
    vertex -23.990406036376953 -3.993600606918335 19.200002670288086
    vertex -20.76480484008789 -2.2848005294799805 19.200002670288086
    vertex -20.918407440185547 -2.2272002696990967 19.200002670288086
  endloop
endfacet
facet normal 0.0 0.0 0.0
  outer loop
    vertex -23.990406036376953 -3.993600606918335 19.200002670288086
    vertex -20.918407440185547 -2.2272002696990967 19.200002670288086
    vertex -21.052804946899414 -2.150400400161743 19.200002670288086
  endloop
endfacet
facet normal 0.0 0.0 0.0
  outer loop
    vertex -23.990406036376953 -3.993600606918335 19.200002670288086
    vertex -21.052804946899414 -2.150400400161743 19.200002670288086
    vertex -21.20640754699707 -2.0736002922058105 19.200002670288086
  endloop
endfacet
facet normal 0.0 0.0 0.0
  outer loop
    vertex -23.990406036376953 -3.993600606918335 19.200002670288086
    vertex -21.20640754699707 -2.0736002922058105 19.200002670288086
    vertex -21.340805053710938 -1.996800422668457 19.200002670288086
  endloop
endfacet
facet normal 0.0 0.0 0.0
  outer loop
    vertex -23.990406036376953 -3.993600606918335 19.200002670288086
    vertex -21.340805053710938 -1.996800422668457 19.200002670288086
    vertex -21.45600700378418 -1.9008004665374756 19.200002670288086
  endloop
endfacet
facet normal 0.0 0.0 0.0
  outer loop
    vertex -23.990406036376953 -3.993600606918335 19.200002670288086
    vertex -21.45600700378418 -1.9008004665374756 19.200002670288086
    vertex -21.59040641784668 -1.804800271987915 19.200002670288086
  endloop
endfacet
facet normal 0.0 0.0 0.0
  outer loop
    vertex -23.990406036376953 -3.993600606918335 19.200002670288086
    vertex -21.59040641784668 -1.804800271987915 19.200002670288086
    vertex -21.705604553222656 -1.7088004350662231 19.200002670288086
  endloop
endfacet
facet normal 0.0 0.0 0.0
  outer loop
    vertex -23.990406036376953 -3.993600606918335 19.200002670288086
    vertex -21.705604553222656 -1.7088004350662231 19.200002670288086
    vertex -21.801607131958008 -1.5936005115509033 19.200002670288086
  endloop
endfacet
facet normal 0.0 0.0 0.0
  outer loop
    vertex -23.990406036376953 -3.993600606918335 19.200002670288086
    vertex -21.801607131958008 -1.5936005115509033 19.200002670288086
    vertex -21.897605895996094 -1.459200382232666 19.200002670288086
  endloop
endfacet
facet normal 0.0 0.0 0.0
  outer loop
    vertex -23.990406036376953 -3.993600606918335 19.200002670288086
    vertex -21.897605895996094 -1.459200382232666 19.200002670288086
    vertex -21.99360466003418 -1.3440003395080566 19.200002670288086
  endloop
endfacet
facet normal 0.0 0.0 0.0
  outer loop
    vertex -23.990406036376953 -3.993600606918335 19.200002670288086
    vertex -21.99360466003418 -1.3440003395080566 19.200002670288086
    vertex -22.07040786743164 -1.2096002101898193 19.200002670288086
  endloop
endfacet
facet normal 0.0 0.0 0.0
  outer loop
    vertex -23.990406036376953 -3.993600606918335 19.200002670288086
    vertex -22.07040786743164 -1.2096002101898193 19.200002670288086
    vertex -22.147207260131836 -1.0560002326965332 19.200002670288086
  endloop
endfacet
facet normal 0.0 0.0 0.0
  outer loop
    vertex -23.990406036376953 -3.993600606918335 19.200002670288086
    vertex -22.147207260131836 -1.0560002326965332 19.200002670288086
    vertex -22.22400665283203 -0.9215999841690063 19.200002670288086
  endloop
endfacet
facet normal 0.0 0.0 0.0
  outer loop
    vertex -23.990406036376953 -3.993600606918335 19.200002670288086
    vertex -22.22400665283203 -0.9215999841690063 19.200002670288086
    vertex -22.281604766845703 -0.7680000066757202 19.200002670288086
  endloop
endfacet
facet normal 0.0 0.0 0.0
  outer loop
    vertex -23.990406036376953 -3.993600606918335 19.200002670288086
    vertex -22.281604766845703 -0.7680000066757202 19.200002670288086
    vertex -22.320005416870117 -0.6336001753807068 19.200002670288086
  endloop
endfacet
facet normal 0.0 0.0 0.0
  outer loop
    vertex -23.990406036376953 -3.993600606918335 19.200002670288086
    vertex -22.320005416870117 -0.6336001753807068 19.200002670288086
    vertex -22.358407974243164 -0.47999995946884155 19.200002670288086
  endloop
endfacet
facet normal 0.0 0.0 0.0
  outer loop
    vertex -23.990406036376953 -3.993600606918335 19.200002670288086
    vertex -22.358407974243164 -0.47999995946884155 19.200002670288086
    vertex -22.377607345581055 -0.30720043182373047 19.200002670288086
  endloop
endfacet
facet normal 0.0 0.0 0.0
  outer loop
    vertex -23.990406036376953 -3.993600606918335 19.200002670288086
    vertex -22.377607345581055 -0.30720043182373047 19.200002670288086
    vertex -22.396806716918945 -0.15360014140605927 19.200002670288086
  endloop
endfacet
facet normal 0.0 0.0 0.0
  outer loop
    vertex -23.990406036376953 -3.993600606918335 19.200002670288086
    vertex -22.396806716918945 -0.15360014140605927 19.200002670288086
    vertex -22.396806716918945 -1.612495026392935e-07 19.200002670288086
  endloop
endfacet
facet normal 0.0 0.0 0.0
  outer loop
    vertex -23.990406036376953 -3.993600606918335 19.200002670288086
    vertex -22.396806716918945 -1.612495026392935e-07 19.200002670288086
    vertex -22.396806716918945 0.153599813580513 19.200002670288086
  endloop
endfacet
facet normal 0.0 0.0 0.0
  outer loop
    vertex -23.990406036376953 -3.993600606918335 19.200002670288086
    vertex -22.396806716918945 0.153599813580513 19.200002670288086
    vertex -22.377607345581055 0.30719977617263794 19.200002670288086
  endloop
endfacet
facet normal 0.0 0.0 0.0
  outer loop
    vertex -23.990406036376953 -3.993600606918335 19.200002670288086
    vertex -22.377607345581055 0.30719977617263794 19.200002670288086
    vertex -22.358407974243164 0.4607997536659241 19.200002670288086
  endloop
endfacet
facet normal 0.0 0.0 0.0
  outer loop
    vertex -23.990406036376953 -3.993600606918335 19.200002670288086
    vertex -22.358407974243164 0.4607997536659241 19.200002670288086
    vertex -22.320005416870117 0.614399790763855 19.200002670288086
  endloop
endfacet
facet normal 0.0 0.0 0.0
  outer loop
    vertex -23.990406036376953 -3.993600606918335 19.200002670288086
    vertex -22.320005416870117 0.614399790763855 19.200002670288086
    vertex -22.281604766845703 0.768000066280365 19.200002670288086
  endloop
endfacet
facet normal 0.0 0.0 0.0
  outer loop
    vertex -20.76480484008789 2.2655999660491943 19.200002670288086
    vertex -20.630407333374023 2.303999662399292 19.200002670288086
    vertex -23.990406036376953 3.9936001300811768 19.200002670288086
  endloop
endfacet
facet normal 0.0 0.0 0.0
  outer loop
    vertex -20.918407440185547 2.2079999446868896 19.200002670288086
    vertex -20.76480484008789 2.2655999660491943 19.200002670288086
    vertex -23.990406036376953 3.9936001300811768 19.200002670288086
  endloop
endfacet
facet normal 0.0 0.0 0.0
  outer loop
    vertex -21.052804946899414 2.150400400161743 19.200002670288086
    vertex -20.918407440185547 2.2079999446868896 19.200002670288086
    vertex -23.990406036376953 3.9936001300811768 19.200002670288086
  endloop
endfacet
facet normal 0.0 0.0 0.0
  outer loop
    vertex -21.20640754699707 2.0735998153686523 19.200002670288086
    vertex -21.052804946899414 2.150400400161743 19.200002670288086
    vertex -23.990406036376953 3.9936001300811768 19.200002670288086
  endloop
endfacet
facet normal 0.0 0.0 0.0
  outer loop
    vertex -21.340805053710938 1.9967997074127197 19.200002670288086
    vertex -21.20640754699707 2.0735998153686523 19.200002670288086
    vertex -23.990406036376953 3.9936001300811768 19.200002670288086
  endloop
endfacet
facet normal 0.0 0.0 0.0
  outer loop
    vertex -21.45600700378418 1.9007999897003174 19.200002670288086
    vertex -21.340805053710938 1.9967997074127197 19.200002670288086
    vertex -23.990406036376953 3.9936001300811768 19.200002670288086
  endloop
endfacet
facet normal 0.0 0.0 0.0
  outer loop
    vertex -21.59040641784668 1.804800033569336 19.200002670288086
    vertex -21.45600700378418 1.9007999897003174 19.200002670288086
    vertex -23.990406036376953 3.9936001300811768 19.200002670288086
  endloop
endfacet
facet normal 0.0 0.0 0.0
  outer loop
    vertex -21.705604553222656 1.6895997524261475 19.200002670288086
    vertex -21.59040641784668 1.804800033569336 19.200002670288086
    vertex -23.990406036376953 3.9936001300811768 19.200002670288086
  endloop
endfacet
facet normal 0.0 0.0 0.0
  outer loop
    vertex -21.801607131958008 1.5744001865386963 19.200002670288086
    vertex -21.705604553222656 1.6895997524261475 19.200002670288086
    vertex -23.990406036376953 3.9936001300811768 19.200002670288086
  endloop
endfacet
facet normal 0.0 0.0 0.0
  outer loop
    vertex -21.897605895996094 1.4591999053955078 19.200002670288086
    vertex -21.801607131958008 1.5744001865386963 19.200002670288086
    vertex -23.990406036376953 3.9936001300811768 19.200002670288086
  endloop
endfacet
facet normal 0.0 0.0 0.0
  outer loop
    vertex -21.99360466003418 1.3247997760772705 19.200002670288086
    vertex -21.897605895996094 1.4591999053955078 19.200002670288086
    vertex -23.990406036376953 3.9936001300811768 19.200002670288086
  endloop
endfacet
facet normal 0.0 0.0 0.0
  outer loop
    vertex -22.07040786743164 1.1903996467590332 19.200002670288086
    vertex -21.99360466003418 1.3247997760772705 19.200002670288086
    vertex -23.990406036376953 3.9936001300811768 19.200002670288086
  endloop
endfacet
facet normal 0.0 0.0 0.0
  outer loop
    vertex -22.147207260131836 1.055999994277954 19.200002670288086
    vertex -22.07040786743164 1.1903996467590332 19.200002670288086
    vertex -23.990406036376953 3.9936001300811768 19.200002670288086
  endloop
endfacet
facet normal 0.0 0.0 0.0
  outer loop
    vertex -22.22400665283203 0.9216000437736511 19.200002670288086
    vertex -22.147207260131836 1.055999994277954 19.200002670288086
    vertex -23.990406036376953 3.9936001300811768 19.200002670288086
  endloop
endfacet
facet normal 0.0 0.0 0.0
  outer loop
    vertex -22.281604766845703 0.768000066280365 19.200002670288086
    vertex -22.22400665283203 0.9216000437736511 19.200002670288086
    vertex -23.990406036376953 3.9936001300811768 19.200002670288086
  endloop
endfacet
facet normal 0.0 0.0 0.0
  outer loop
    vertex -23.990406036376953 -3.993600606918335 19.200002670288086
    vertex -22.281604766845703 0.768000066280365 19.200002670288086
    vertex -23.990406036376953 3.9936001300811768 19.200002670288086
  endloop
endfacet
facet normal 0.0 0.0 0.0
  outer loop
    vertex -18.806406021118164 2.0735998153686523 19.200002670288086
    vertex -13.200002670288086 2.0735998153686523 19.200002670288086
    vertex -18.940805435180664 2.150400400161743 19.200002670288086
  endloop
endfacet
facet normal 0.0 0.0 0.0
  outer loop
    vertex -18.096004486083984 1.4591999053955078 19.200002670288086
    vertex -13.91040325164795 1.4591999053955078 19.200002670288086
    vertex -18.192005157470703 1.5744001865386963 19.200002670288086
  endloop
endfacet
facet normal 0.0 0.0 0.0
  outer loop
    vertex -10.800002098083496 2.0735998153686523 19.200002670288086
    vertex -5.193601608276367 2.0735998153686523 19.200002670288086
    vertex -10.934403419494629 2.150400400161743 19.200002670288086
  endloop
endfacet
facet normal 0.0 0.0 0.0
  outer loop
    vertex -9.609602928161621 -0.15360014140605927 19.200002670288086
    vertex -6.403202056884766 -0.15360014140605927 19.200002670288086
    vertex -9.609602928161621 -1.612495026392935e-07 19.200002670288086
  endloop
endfacet
facet normal 0.0 0.0 0.0
  outer loop
    vertex -10.934403419494629 2.150400400161743 19.200002670288086
    vertex -5.059201717376709 2.150400400161743 19.200002670288086
    vertex -10.972803115844727 2.1695995330810547 19.200002670288086
  endloop
endfacet
facet normal 0.0 0.0 0.0
  outer loop
    vertex -18.0000057220459 1.3247997760772705 19.200002670288086
    vertex -13.987204551696777 1.3247997760772705 19.200002670288086
    vertex -18.096004486083984 1.4591999053955078 19.200002670288086
  endloop
endfacet
facet normal 0.0 0.0 0.0
  outer loop
    vertex -18.422405242919922 1.804800033569336 19.200002670288086
    vertex -13.584003448486328 1.804800033569336 19.200002670288086
    vertex -18.53760528564453 1.9007999897003174 19.200002670288086
  endloop
endfacet
facet normal 0.0 0.0 0.0
  outer loop
    vertex -18.940805435180664 2.150400400161743 19.200002670288086
    vertex -13.065604209899902 2.150400400161743 19.200002670288086
    vertex -13.027203559875488 2.1695995330810547 19.200002670288086
  endloop
endfacet
facet normal 0.0 0.0 0.0
  outer loop
    vertex -18.940805435180664 2.150400400161743 19.200002670288086
    vertex -13.027203559875488 2.1695995330810547 19.200002670288086
    vertex -19.075204849243164 2.2079999446868896 19.200002670288086
  endloop
endfacet
facet normal 0.0 0.0 0.0
  outer loop
    vertex -17.923206329345703 1.1903996467590332 19.200002670288086
    vertex -14.08320426940918 1.1903996467590332 19.200002670288086
    vertex -18.0000057220459 1.3247997760772705 19.200002670288086
  endloop
endfacet
facet normal 0.0 0.0 0.0
  outer loop
    vertex -18.192005157470703 1.5744001865386963 19.200002670288086
    vertex -13.795204162597656 1.5744001865386963 19.200002670288086
    vertex -18.307205200195312 1.6895997524261475 19.200002670288086
  endloop
endfacet
facet normal 0.0 0.0 0.0
  outer loop
    vertex -18.307205200195312 1.6895997524261475 19.200002670288086
    vertex -13.699203491210938 1.6895997524261475 19.200002670288086
    vertex -18.422405242919922 1.804800033569336 19.200002670288086
  endloop
endfacet
facet normal 0.0 0.0 0.0
  outer loop
    vertex -18.53760528564453 1.9007999897003174 19.200002670288086
    vertex -13.468803405761719 1.9007999897003174 19.200002670288086
    vertex -18.67200469970703 1.9967997074127197 19.200002670288086
  endloop
endfacet
facet normal 0.0 0.0 0.0
  outer loop
    vertex -17.846405029296875 1.055999994277954 19.200002670288086
    vertex -14.160003662109375 1.055999994277954 19.200002670288086
    vertex -17.923206329345703 1.1903996467590332 19.200002670288086
  endloop
endfacet
facet normal 0.0 0.0 0.0
  outer loop
    vertex -17.78880500793457 0.9216000437736511 19.200002670288086
    vertex -14.217604637145996 0.9216000437736511 19.200002670288086
    vertex -17.846405029296875 1.055999994277954 19.200002670288086
  endloop
endfacet
facet normal 0.0 0.0 0.0
  outer loop
    vertex -17.846405029296875 -1.0560002326965332 19.200002670288086
    vertex -14.160003662109375 -1.0560002326965332 19.200002670288086
    vertex -17.78880500793457 -0.9215999841690063 19.200002670288086
  endloop
endfacet
facet normal 0.0 0.0 0.0
  outer loop
    vertex -17.78880500793457 -0.9215999841690063 19.200002670288086
    vertex -14.217604637145996 -0.9215999841690063 19.200002670288086
    vertex -14.23680305480957 -0.8832002878189087 19.200002670288086
  endloop
endfacet
facet normal 0.0 0.0 0.0
  outer loop
    vertex -17.78880500793457 -0.9215999841690063 19.200002670288086
    vertex -14.23680305480957 -0.8832002878189087 19.200002670288086
    vertex -17.731204986572266 -0.7680000066757202 19.200002670288086
  endloop
endfacet
facet normal 0.0 0.0 0.0
  outer loop
    vertex -18.53760528564453 -1.9008004665374756 19.200002670288086
    vertex -13.468803405761719 -1.9008004665374756 19.200002670288086
    vertex -18.422405242919922 -1.804800271987915 19.200002670288086
  endloop
endfacet
facet normal 0.0 0.0 0.0
  outer loop
    vertex -17.923206329345703 -1.2096002101898193 19.200002670288086
    vertex -14.08320426940918 -1.2096002101898193 19.200002670288086
    vertex -17.846405029296875 -1.0560002326965332 19.200002670288086
  endloop
endfacet
facet normal 0.0 0.0 0.0
  outer loop
    vertex -18.0000057220459 -1.3440003395080566 19.200002670288086
    vertex -13.987204551696777 -1.3440003395080566 19.200002670288086
    vertex -17.923206329345703 -1.2096002101898193 19.200002670288086
  endloop
endfacet
facet normal 0.0 0.0 0.0
  outer loop
    vertex -18.096004486083984 -1.459200382232666 19.200002670288086
    vertex -13.91040325164795 -1.459200382232666 19.200002670288086
    vertex -18.0000057220459 -1.3440003395080566 19.200002670288086
  endloop
endfacet
facet normal 0.0 0.0 0.0
  outer loop
    vertex -18.192005157470703 -1.5936005115509033 19.200002670288086
    vertex -13.795204162597656 -1.5936005115509033 19.200002670288086
    vertex -18.096004486083984 -1.459200382232666 19.200002670288086
  endloop
endfacet
facet normal 0.0 0.0 0.0
  outer loop
    vertex -18.307205200195312 -1.7088004350662231 19.200002670288086
    vertex -13.699203491210938 -1.7088004350662231 19.200002670288086
    vertex -18.192005157470703 -1.5936005115509033 19.200002670288086
  endloop
endfacet
facet normal 0.0 0.0 0.0
  outer loop
    vertex -18.422405242919922 -1.804800271987915 19.200002670288086
    vertex -13.584003448486328 -1.804800271987915 19.200002670288086
    vertex -18.307205200195312 -1.7088004350662231 19.200002670288086
  endloop
endfacet
facet normal 0.0 0.0 0.0
  outer loop
    vertex -18.67200469970703 -1.996800422668457 19.200002670288086
    vertex -13.334403991699219 -1.996800422668457 19.200002670288086
    vertex -18.53760528564453 -1.9008004665374756 19.200002670288086
  endloop
endfacet
facet normal 0.0 0.0 0.0
  outer loop
    vertex -18.806406021118164 -2.0736002922058105 19.200002670288086
    vertex -13.200002670288086 -2.0736002922058105 19.200002670288086
    vertex -18.67200469970703 -1.996800422668457 19.200002670288086
  endloop
endfacet
facet normal 0.0 0.0 0.0
  outer loop
    vertex -18.940805435180664 -2.150400400161743 19.200002670288086
    vertex -13.065604209899902 -2.150400400161743 19.200002670288086
    vertex -18.806406021118164 -2.0736002922058105 19.200002670288086
  endloop
endfacet
facet normal 0.0 0.0 0.0
  outer loop
    vertex -9.628803253173828 -0.30720043182373047 19.200002670288086
    vertex -6.384002208709717 -0.30720043182373047 19.200002670288086
    vertex -9.609602928161621 -0.15360014140605927 19.200002670288086
  endloop
endfacet
facet normal 0.0 0.0 0.0
  outer loop
    vertex -9.782402992248535 0.9216000437736511 19.200002670288086
    vertex -6.211202144622803 0.9216000437736511 19.200002670288086
    vertex -6.172802448272705 1.0175998210906982 19.200002670288086
  endloop
endfacet
facet normal 0.0 0.0 0.0
  outer loop
    vertex -9.782402992248535 0.9216000437736511 19.200002670288086
    vertex -6.172802448272705 1.0175998210906982 19.200002670288086
    vertex -9.84000301361084 1.055999994277954 19.200002670288086
  endloop
endfacet
facet normal 0.0 0.0 0.0
  outer loop
    vertex -9.724802017211914 -0.7680000066757202 19.200002670288086
    vertex -6.268801689147949 -0.7680000066757202 19.200002670288086
    vertex -9.686402320861816 -0.6336001753807068 19.200002670288086
  endloop
endfacet
facet normal 0.0 0.0 0.0
  outer loop
    vertex -10.416003227233887 1.804800033569336 19.200002670288086
    vertex -5.577600955963135 1.804800033569336 19.200002670288086
    vertex -10.531203269958496 1.9007999897003174 19.200002670288086
  endloop
endfacet
facet normal 0.0 0.0 0.0
  outer loop
    vertex -9.648002624511719 0.4607997536659241 19.200002670288086
    vertex -6.345602512359619 0.4607997536659241 19.200002670288086
    vertex -9.686402320861816 0.614399790763855 19.200002670288086
  endloop
endfacet
facet normal 0.0 0.0 0.0
  outer loop
    vertex -10.665603637695312 1.9967997074127197 19.200002670288086
    vertex -5.328001976013184 1.9967997074127197 19.200002670288086
    vertex -10.800002098083496 2.0735998153686523 19.200002670288086
  endloop
endfacet
facet normal 0.0 0.0 0.0
  outer loop
    vertex -10.531203269958496 1.9007999897003174 19.200002670288086
    vertex -5.462401866912842 1.9007999897003174 19.200002670288086
    vertex -10.665603637695312 1.9967997074127197 19.200002670288086
  endloop
endfacet
facet normal 0.0 0.0 0.0
  outer loop
    vertex -10.320003509521484 -1.728000283241272 19.200002670288086
    vertex -5.692801475524902 -1.7088004350662231 19.200002670288086
    vertex -5.808001518249512 -1.5936005115509033 19.200002670288086
  endloop
endfacet
facet normal 0.0 0.0 0.0
  outer loop
    vertex -10.320003509521484 -1.728000283241272 19.200002670288086
    vertex -5.808001518249512 -1.5936005115509033 19.200002670288086
    vertex -5.9040021896362305 -1.459200382232666 19.200002670288086
  endloop
endfacet
facet normal 0.0 0.0 0.0
  outer loop
    vertex -10.320003509521484 -1.728000283241272 19.200002670288086
    vertex -5.9040021896362305 -1.459200382232666 19.200002670288086
    vertex -6.000001430511475 -1.3440003395080566 19.200002670288086
  endloop
endfacet
facet normal 0.0 0.0 0.0
  outer loop
    vertex -10.320003509521484 -1.728000283241272 19.200002670288086
    vertex -6.000001430511475 -1.3440003395080566 19.200002670288086
    vertex -6.076801776885986 -1.2096002101898193 19.200002670288086
  endloop
endfacet
facet normal 0.0 0.0 0.0
  outer loop
    vertex -10.320003509521484 -1.728000283241272 19.200002670288086
    vertex -6.076801776885986 -1.2096002101898193 19.200002670288086
    vertex -6.153602600097656 -1.0560002326965332 19.200002670288086
  endloop
endfacet
facet normal 0.0 0.0 0.0
  outer loop
    vertex -10.320003509521484 -1.728000283241272 19.200002670288086
    vertex -6.153602600097656 -1.0560002326965332 19.200002670288086
    vertex -6.172802448272705 -1.0368001461029053 19.200002670288086
  endloop
endfacet
facet normal 0.0 0.0 0.0
  outer loop
    vertex -9.609602928161621 -1.612495026392935e-07 19.200002670288086
    vertex -6.403202056884766 -1.612495026392935e-07 19.200002670288086
    vertex -9.609602928161621 0.153599813580513 19.200002670288086
  endloop
endfacet
facet normal 0.0 0.0 0.0
  outer loop
    vertex -9.686402320861816 -0.6336001753807068 19.200002670288086
    vertex -6.32640266418457 -0.6336001753807068 19.200002670288086
    vertex -9.648002624511719 -0.47999995946884155 19.200002670288086
  endloop
endfacet
facet normal 0.0 0.0 0.0
  outer loop
    vertex -9.648002624511719 -0.47999995946884155 19.200002670288086
    vertex -6.345602512359619 -0.47999995946884155 19.200002670288086
    vertex -9.628803253173828 -0.30720043182373047 19.200002670288086
  endloop
endfacet
facet normal 0.0 0.0 0.0
  outer loop
    vertex -10.972803115844727 2.1695995330810547 19.200002670288086
    vertex -4.924801349639893 2.2079999446868896 19.200002670288086
    vertex -4.771201133728027 2.2655999660491943 19.200002670288086
  endloop
endfacet
facet normal 0.0 0.0 0.0
  outer loop
    vertex -10.972803115844727 2.1695995330810547 19.200002670288086
    vertex -4.771201133728027 2.2655999660491943 19.200002670288086
    vertex -4.61760139465332 2.323200225830078 19.200002670288086
  endloop
endfacet
facet normal 0.0 0.0 0.0
  outer loop
    vertex -10.972803115844727 2.1695995330810547 19.200002670288086
    vertex -4.61760139465332 2.323200225830078 19.200002670288086
    vertex -4.464001178741455 2.342400074005127 19.200002670288086
  endloop
endfacet
facet normal 0.0 0.0 0.0
  outer loop
    vertex -10.972803115844727 2.1695995330810547 19.200002670288086
    vertex -4.464001178741455 2.342400074005127 19.200002670288086
    vertex -4.310400009155273 2.380800247192383 19.200002670288086
  endloop
endfacet
facet normal 0.0 0.0 0.0
  outer loop
    vertex -10.972803115844727 2.1695995330810547 19.200002670288086
    vertex -4.310400009155273 2.380800247192383 19.200002670288086
    vertex -4.156802654266357 2.3999996185302734 19.200002670288086
  endloop
endfacet
facet normal 0.0 0.0 0.0
  outer loop
    vertex -4.156802654266357 2.3999996185302734 19.200002670288086
    vertex -4.003202438354492 2.3999996185302734 19.200002670288086
    vertex 0.009598733857274055 3.9936001300811768 19.200002670288086
  endloop
endfacet
facet normal 0.0 0.0 0.0
  outer loop
    vertex -10.972803115844727 2.1695995330810547 19.200002670288086
    vertex -4.156802654266357 2.3999996185302734 19.200002670288086
    vertex 0.009598733857274055 3.9936001300811768 19.200002670288086
  endloop
endfacet
facet normal 0.0 0.0 0.0
  outer loop
    vertex -9.609602928161621 0.153599813580513 19.200002670288086
    vertex -6.403202056884766 0.153599813580513 19.200002670288086
    vertex -9.628803253173828 0.30719977617263794 19.200002670288086
  endloop
endfacet
facet normal 0.0 0.0 0.0
  outer loop
    vertex -9.628803253173828 0.30719977617263794 19.200002670288086
    vertex -6.384002208709717 0.30719977617263794 19.200002670288086
    vertex -9.648002624511719 0.4607997536659241 19.200002670288086
  endloop
endfacet
facet normal 0.0 0.0 0.0
  outer loop
    vertex -9.724802017211914 0.768000066280365 19.200002670288086
    vertex -6.268801689147949 0.768000066280365 19.200002670288086
    vertex -9.782402992248535 0.9216000437736511 19.200002670288086
  endloop
endfacet
facet normal 0.0 0.0 0.0
  outer loop
    vertex -9.686402320861816 0.614399790763855 19.200002670288086
    vertex -6.32640266418457 0.614399790763855 19.200002670288086
    vertex -9.724802017211914 0.768000066280365 19.200002670288086
  endloop
endfacet
facet normal 0.0 0.0 0.0
  outer loop
    vertex -10.416003227233887 -1.804800271987915 19.200002670288086
    vertex -5.577600955963135 -1.804800271987915 19.200002670288086
    vertex -10.320003509521484 -1.728000283241272 19.200002670288086
  endloop
endfacet
facet normal 0.0 0.0 0.0
  outer loop
    vertex -10.531203269958496 -1.9008004665374756 19.200002670288086
    vertex -5.462401866912842 -1.9008004665374756 19.200002670288086
    vertex -10.416003227233887 -1.804800271987915 19.200002670288086
  endloop
endfacet
facet normal 0.0 0.0 0.0
  outer loop
    vertex -10.665603637695312 -1.996800422668457 19.200002670288086
    vertex -5.328001976013184 -1.996800422668457 19.200002670288086
    vertex -10.531203269958496 -1.9008004665374756 19.200002670288086
  endloop
endfacet
facet normal 0.0 0.0 0.0
  outer loop
    vertex -10.800002098083496 -2.0736002922058105 19.200002670288086
    vertex -5.193601608276367 -2.0736002922058105 19.200002670288086
    vertex -10.665603637695312 -1.996800422668457 19.200002670288086
  endloop
endfacet
facet normal 0.0 0.0 0.0
  outer loop
    vertex -10.934403419494629 -2.150400400161743 19.200002670288086
    vertex -5.059201717376709 -2.150400400161743 19.200002670288086
    vertex -10.800002098083496 -2.0736002922058105 19.200002670288086
  endloop
endfacet
facet normal 0.0 0.0 0.0
  outer loop
    vertex -9.782402992248535 -0.9215999841690063 19.200002670288086
    vertex -6.211202144622803 -0.9215999841690063 19.200002670288086
    vertex -9.724802017211914 -0.7680000066757202 19.200002670288086
  endloop
endfacet
facet normal 0.0 0.0 0.0
  outer loop
    vertex 0.009598733857274055 -1.612495026392935e-07 19.200002670288086
    vertex 1.6032007932662964 -1.612495026392935e-07 19.200002670288086
    vertex 1.6032007932662964 0.153599813580513 19.200002670288086
  endloop
endfacet
facet normal 0.0 0.0 0.0
  outer loop
    vertex 0.009598733857274055 -1.612495026392935e-07 19.200002670288086
    vertex 1.6032007932662964 0.153599813580513 19.200002670288086
    vertex 1.6224006414413452 0.2688000798225403 19.200002670288086
  endloop
endfacet
facet normal 0.0 0.0 0.0
  outer loop
    vertex 14.083202362060547 1.1903996467590332 19.200002670288086
    vertex 17.923206329345703 1.1903996467590332 19.200002670288086
    vertex 13.987202644348145 1.3247997760772705 19.200002670288086
  endloop
endfacet
facet normal 0.0 0.0 0.0
  outer loop
    vertex 6.1728010177612305 1.0175998210906982 19.200002670288086
    vertex 9.840001106262207 1.055999994277954 19.200002670288086
    vertex 9.916800498962402 1.1903996467590332 19.200002670288086
  endloop
endfacet
facet normal 0.0 0.0 0.0
  outer loop
    vertex 6.1728010177612305 1.0175998210906982 19.200002670288086
    vertex 9.916800498962402 1.1903996467590332 19.200002670288086
    vertex 10.012803077697754 1.3247997760772705 19.200002670288086
  endloop
endfacet
facet normal 0.0 0.0 0.0
  outer loop
    vertex 6.1728010177612305 1.0175998210906982 19.200002670288086
    vertex 10.012803077697754 1.3247997760772705 19.200002670288086
    vertex 10.08960247039795 1.4591999053955078 19.200002670288086
  endloop
endfacet
facet normal 0.0 0.0 0.0
  outer loop
    vertex 6.1728010177612305 1.0175998210906982 19.200002670288086
    vertex 10.08960247039795 1.4591999053955078 19.200002670288086
    vertex 10.204803466796875 1.5744001865386963 19.200002670288086
  endloop
endfacet
facet normal 0.0 0.0 0.0
  outer loop
    vertex 6.1728010177612305 1.0175998210906982 19.200002670288086
    vertex 10.204803466796875 1.5744001865386963 19.200002670288086
    vertex 10.300803184509277 1.6895997524261475 19.200002670288086
  endloop
endfacet
facet normal 0.0 0.0 0.0
  outer loop
    vertex 6.1728010177612305 1.0175998210906982 19.200002670288086
    vertex 10.300803184509277 1.6895997524261475 19.200002670288086
    vertex 10.320002555847168 1.7280001640319824 19.200002670288086
  endloop
endfacet
facet normal 0.0 0.0 0.0
  outer loop
    vertex 5.193601608276367 2.0735998153686523 19.200002670288086
    vertex 10.80000114440918 2.0735998153686523 19.200002670288086
    vertex 5.059202671051025 2.150400400161743 19.200002670288086
  endloop
endfacet
facet normal 0.0 0.0 0.0
  outer loop
    vertex 13.065603256225586 2.150400400161743 19.200002670288086
    vertex 18.940805435180664 2.150400400161743 19.200002670288086
    vertex 13.027203559875488 2.1695995330810547 19.200002670288086
  endloop
endfacet
facet normal 0.0 0.0 0.0
  outer loop
    vertex 5.328000545501709 1.9967997074127197 19.200002670288086
    vertex 10.665602684020996 1.9967997074127197 19.200002670288086
    vertex 5.193601608276367 2.0735998153686523 19.200002670288086
  endloop
endfacet
facet normal 0.0 0.0 0.0
  outer loop
    vertex 5.059202671051025 2.150400400161743 19.200002670288086
    vertex 10.934402465820312 2.150400400161743 19.200002670288086
    vertex 10.97280216217041 2.1695995330810547 19.200002670288086
  endloop
endfacet
facet normal 0.0 0.0 0.0
  outer loop
    vertex 5.059202671051025 2.150400400161743 19.200002670288086
    vertex 10.97280216217041 2.1695995330810547 19.200002670288086
    vertex 4.924801349639893 2.2079999446868896 19.200002670288086
  endloop
endfacet
facet normal 0.0 0.0 0.0
  outer loop
    vertex 5.462399482727051 1.9007999897003174 19.200002670288086
    vertex 10.531203269958496 1.9007999897003174 19.200002670288086
    vertex 5.328000545501709 1.9967997074127197 19.200002670288086
  endloop
endfacet
facet normal 0.0 0.0 0.0
  outer loop
    vertex 6.32640266418457 0.614399790763855 19.200002670288086
    vertex 9.686402320861816 0.614399790763855 19.200002670288086
    vertex 6.268803119659424 0.768000066280365 19.200002670288086
  endloop
endfacet
facet normal 0.0 0.0 0.0
  outer loop
    vertex 6.211200714111328 0.9216000437736511 19.200002670288086
    vertex 9.782402038574219 0.9216000437736511 19.200002670288086
    vertex 6.1728010177612305 1.0175998210906982 19.200002670288086
  endloop
endfacet
facet normal 0.0 0.0 0.0
  outer loop
    vertex 6.268803119659424 0.768000066280365 19.200002670288086
    vertex 9.724802017211914 0.768000066280365 19.200002670288086
    vertex 6.211200714111328 0.9216000437736511 19.200002670288086
  endloop
endfacet
facet normal 0.0 0.0 0.0
  outer loop
    vertex 5.577600955963135 -1.804800271987915 19.200002670288086
    vertex 10.41600227355957 -1.804800271987915 19.200002670288086
    vertex 10.320002555847168 -1.728000283241272 19.200002670288086
  endloop
endfacet
facet normal 0.0 0.0 0.0
  outer loop
    vertex 5.577600955963135 -1.804800271987915 19.200002670288086
    vertex 10.320002555847168 -1.728000283241272 19.200002670288086
    vertex 5.692802429199219 -1.7088004350662231 19.200002670288086
  endloop
endfacet
facet normal 0.0 0.0 0.0
  outer loop
    vertex 6.345600128173828 0.4607997536659241 19.200002670288086
    vertex 9.648002624511719 0.4607997536659241 19.200002670288086
    vertex 6.32640266418457 0.614399790763855 19.200002670288086
  endloop
endfacet
facet normal 0.0 0.0 0.0
  outer loop
    vertex 6.383999824523926 0.30719977617263794 19.200002670288086
    vertex 9.628800392150879 0.30719977617263794 19.200002670288086
    vertex 6.345600128173828 0.4607997536659241 19.200002670288086
  endloop
endfacet
facet normal 0.0 0.0 0.0
  outer loop
    vertex 6.403202056884766 0.153599813580513 19.200002670288086
    vertex 9.609602928161621 0.153599813580513 19.200002670288086
    vertex 6.383999824523926 0.30719977617263794 19.200002670288086
  endloop
endfacet
facet normal 0.0 0.0 0.0
  outer loop
    vertex 6.403202056884766 -1.612495026392935e-07 19.200002670288086
    vertex 9.609602928161621 -1.612495026392935e-07 19.200002670288086
    vertex 6.403202056884766 0.153599813580513 19.200002670288086
  endloop
endfacet
facet normal 0.0 0.0 0.0
  outer loop
    vertex 6.403202056884766 -0.15360014140605927 19.200002670288086
    vertex 9.609602928161621 -0.15360014140605927 19.200002670288086
    vertex 6.403202056884766 -1.612495026392935e-07 19.200002670288086
  endloop
endfacet
facet normal 0.0 0.0 0.0
  outer loop
    vertex 6.383999824523926 -0.30720043182373047 19.200002670288086
    vertex 9.628800392150879 -0.30720043182373047 19.200002670288086
    vertex 6.403202056884766 -0.15360014140605927 19.200002670288086
  endloop
endfacet
facet normal 0.0 0.0 0.0
  outer loop
    vertex 6.345600128173828 -0.47999995946884155 19.200002670288086
    vertex 9.648002624511719 -0.47999995946884155 19.200002670288086
    vertex 6.383999824523926 -0.30720043182373047 19.200002670288086
  endloop
endfacet
facet normal 0.0 0.0 0.0
  outer loop
    vertex 6.32640266418457 -0.6336001753807068 19.200002670288086
    vertex 9.686402320861816 -0.6336001753807068 19.200002670288086
    vertex 6.345600128173828 -0.47999995946884155 19.200002670288086
  endloop
endfacet
facet normal 0.0 0.0 0.0
  outer loop
    vertex 6.268803119659424 -0.7680000066757202 19.200002670288086
    vertex 9.724802017211914 -0.7680000066757202 19.200002670288086
    vertex 6.32640266418457 -0.6336001753807068 19.200002670288086
  endloop
endfacet
facet normal 0.0 0.0 0.0
  outer loop
    vertex 6.211200714111328 -0.9215999841690063 19.200002670288086
    vertex 9.782402038574219 -0.9215999841690063 19.200002670288086
    vertex 6.268803119659424 -0.7680000066757202 19.200002670288086
  endloop
endfacet
facet normal 0.0 0.0 0.0
  outer loop
    vertex 5.462399482727051 -1.9008004665374756 19.200002670288086
    vertex 10.531203269958496 -1.9008004665374756 19.200002670288086
    vertex 5.577600955963135 -1.804800271987915 19.200002670288086
  endloop
endfacet
facet normal 0.0 0.0 0.0
  outer loop
    vertex 5.328000545501709 -1.996800422668457 19.200002670288086
    vertex 10.665602684020996 -1.996800422668457 19.200002670288086
    vertex 5.462399482727051 -1.9008004665374756 19.200002670288086
  endloop
endfacet
facet normal 0.0 0.0 0.0
  outer loop
    vertex 5.193601608276367 -2.0736002922058105 19.200002670288086
    vertex 10.80000114440918 -2.0736002922058105 19.200002670288086
    vertex 5.328000545501709 -1.996800422668457 19.200002670288086
  endloop
endfacet
facet normal 0.0 0.0 0.0
  outer loop
    vertex 14.160003662109375 1.055999994277954 19.200002670288086
    vertex 17.846406936645508 1.055999994277954 19.200002670288086
    vertex 14.083202362060547 1.1903996467590332 19.200002670288086
  endloop
endfacet
facet normal 0.0 0.0 0.0
  outer loop
    vertex 14.21760368347168 0.9216000437736511 19.200002670288086
    vertex 17.78880500793457 0.9216000437736511 19.200002670288086
    vertex 14.160003662109375 1.055999994277954 19.200002670288086
  endloop
endfacet
facet normal 0.0 0.0 0.0
  outer loop
    vertex 13.987202644348145 1.3247997760772705 19.200002670288086
    vertex 18.0000057220459 1.3247997760772705 19.200002670288086
    vertex 13.91040325164795 1.4591999053955078 19.200002670288086
  endloop
endfacet
facet normal 0.0 0.0 0.0
  outer loop
    vertex 13.699202537536621 1.6895997524261475 19.200002670288086
    vertex 18.30720329284668 1.6895997524261475 19.200002670288086
    vertex 13.584003448486328 1.804800033569336 19.200002670288086
  endloop
endfacet
facet normal 0.0 0.0 0.0
  outer loop
    vertex 13.795202255249023 1.5744001865386963 19.200002670288086
    vertex 18.19200325012207 1.5744001865386963 19.200002670288086
    vertex 13.699202537536621 1.6895997524261475 19.200002670288086
  endloop
endfacet
facet normal 0.0 0.0 0.0
  outer loop
    vertex 13.91040325164795 1.4591999053955078 19.200002670288086
    vertex 18.096006393432617 1.4591999053955078 19.200002670288086
    vertex 13.795202255249023 1.5744001865386963 19.200002670288086
  endloop
endfacet
facet normal 0.0 0.0 0.0
  outer loop
    vertex 13.584003448486328 1.804800033569336 19.200002670288086
    vertex 18.422407150268555 1.804800033569336 19.200002670288086
    vertex 13.468804359436035 1.9007999897003174 19.200002670288086
  endloop
endfacet
facet normal 0.0 0.0 0.0
  outer loop
    vertex 13.20000171661377 2.0735998153686523 19.200002670288086
    vertex 18.80640411376953 2.0735998153686523 19.200002670288086
    vertex 13.065603256225586 2.150400400161743 19.200002670288086
  endloop
endfacet
facet normal 0.0 0.0 0.0
  outer loop
    vertex 13.334403038024902 1.9967997074127197 19.200002670288086
    vertex 18.672006607055664 1.9967997074127197 19.200002670288086
    vertex 13.20000171661377 2.0735998153686523 19.200002670288086
  endloop
endfacet
facet normal 0.0 0.0 0.0
  outer loop
    vertex 13.468804359436035 1.9007999897003174 19.200002670288086
    vertex 18.53760528564453 1.9007999897003174 19.200002670288086
    vertex 13.334403038024902 1.9967997074127197 19.200002670288086
  endloop
endfacet
facet normal 0.0 0.0 0.0
  outer loop
    vertex 13.027203559875488 2.1695995330810547 19.200002670288086
    vertex 19.0752010345459 2.2079999446868896 19.200002670288086
    vertex 19.228805541992188 2.2655999660491943 19.200002670288086
  endloop
endfacet
facet normal 0.0 0.0 0.0
  outer loop
    vertex 13.027203559875488 2.1695995330810547 19.200002670288086
    vertex 19.228805541992188 2.2655999660491943 19.200002670288086
    vertex 19.382404327392578 2.323200225830078 19.200002670288086
  endloop
endfacet
facet normal 0.0 0.0 0.0
  outer loop
    vertex 13.027203559875488 2.1695995330810547 19.200002670288086
    vertex 19.382404327392578 2.323200225830078 19.200002670288086
    vertex 19.536006927490234 2.342400074005127 19.200002670288086
  endloop
endfacet
facet normal 0.0 0.0 0.0
  outer loop
    vertex 13.027203559875488 2.1695995330810547 19.200002670288086
    vertex 19.536006927490234 2.342400074005127 19.200002670288086
    vertex 19.689605712890625 2.380800247192383 19.200002670288086
  endloop
endfacet
facet normal 0.0 0.0 0.0
  outer loop
    vertex 13.027203559875488 2.1695995330810547 19.200002670288086
    vertex 19.689605712890625 2.380800247192383 19.200002670288086
    vertex 19.843204498291016 2.3999996185302734 19.200002670288086
  endloop
endfacet
facet normal 0.0 0.0 0.0
  outer loop
    vertex 19.843204498291016 2.3999996185302734 19.200002670288086
    vertex 19.996803283691406 2.3999996185302734 19.200002670288086
    vertex 23.990406036376953 3.9936001300811768 19.200002670288086
  endloop
endfacet
facet normal 0.0 0.0 0.0
  outer loop
    vertex 13.027203559875488 2.1695995330810547 19.200002670288086
    vertex 19.843204498291016 2.3999996185302734 19.200002670288086
    vertex 23.990406036376953 3.9936001300811768 19.200002670288086
  endloop
endfacet
facet normal 0.0 0.0 0.0
  outer loop
    vertex 14.21760368347168 -0.9215999841690063 19.200002670288086
    vertex 17.78880500793457 -0.9215999841690063 19.200002670288086
    vertex 17.769607543945312 -0.8832002878189087 19.200002670288086
  endloop
endfacet
facet normal 0.0 0.0 0.0
  outer loop
    vertex 14.21760368347168 -0.9215999841690063 19.200002670288086
    vertex 17.769607543945312 -0.8832002878189087 19.200002670288086
    vertex 14.275205612182617 -0.7680000066757202 19.200002670288086
  endloop
endfacet
facet normal 0.0 0.0 0.0
  outer loop
    vertex 14.160003662109375 -1.0560002326965332 19.200002670288086
    vertex 17.846406936645508 -1.0560002326965332 19.200002670288086
    vertex 14.21760368347168 -0.9215999841690063 19.200002670288086
  endloop
endfacet
facet normal 0.0 0.0 0.0
  outer loop
    vertex 14.083202362060547 -1.2096002101898193 19.200002670288086
    vertex 17.923206329345703 -1.2096002101898193 19.200002670288086
    vertex 14.160003662109375 -1.0560002326965332 19.200002670288086
  endloop
endfacet
facet normal 0.0 0.0 0.0
  outer loop
    vertex 13.987202644348145 -1.3440003395080566 19.200002670288086
    vertex 18.0000057220459 -1.3440003395080566 19.200002670288086
    vertex 14.083202362060547 -1.2096002101898193 19.200002670288086
  endloop
endfacet
facet normal 0.0 0.0 0.0
  outer loop
    vertex 13.91040325164795 -1.459200382232666 19.200002670288086
    vertex 18.096006393432617 -1.459200382232666 19.200002670288086
    vertex 13.987202644348145 -1.3440003395080566 19.200002670288086
  endloop
endfacet
facet normal 0.0 0.0 0.0
  outer loop
    vertex 13.795202255249023 -1.5936005115509033 19.200002670288086
    vertex 18.19200325012207 -1.5936005115509033 19.200002670288086
    vertex 13.91040325164795 -1.459200382232666 19.200002670288086
  endloop
endfacet
facet normal 0.0 0.0 0.0
  outer loop
    vertex 13.699202537536621 -1.7088004350662231 19.200002670288086
    vertex 18.30720329284668 -1.7088004350662231 19.200002670288086
    vertex 13.795202255249023 -1.5936005115509033 19.200002670288086
  endloop
endfacet
facet normal 0.0 0.0 0.0
  outer loop
    vertex 13.584003448486328 -1.804800271987915 19.200002670288086
    vertex 18.422407150268555 -1.804800271987915 19.200002670288086
    vertex 13.699202537536621 -1.7088004350662231 19.200002670288086
  endloop
endfacet
facet normal 0.0 0.0 0.0
  outer loop
    vertex 13.468804359436035 -1.9008004665374756 19.200002670288086
    vertex 18.53760528564453 -1.9008004665374756 19.200002670288086
    vertex 13.584003448486328 -1.804800271987915 19.200002670288086
  endloop
endfacet
facet normal 0.0 0.0 0.0
  outer loop
    vertex 13.334403038024902 -1.996800422668457 19.200002670288086
    vertex 18.672006607055664 -1.996800422668457 19.200002670288086
    vertex 13.468804359436035 -1.9008004665374756 19.200002670288086
  endloop
endfacet
facet normal 0.0 0.0 0.0
  outer loop
    vertex 13.20000171661377 -2.0736002922058105 19.200002670288086
    vertex 18.80640411376953 -2.0736002922058105 19.200002670288086
    vertex 13.334403038024902 -1.996800422668457 19.200002670288086
  endloop
endfacet
facet normal 0.0 0.0 0.0
  outer loop
    vertex 13.065603256225586 -2.150400400161743 19.200002670288086
    vertex 18.940805435180664 -2.150400400161743 19.200002670288086
    vertex 13.20000171661377 -2.0736002922058105 19.200002670288086
  endloop
endfacet
facet normal 0.0 0.0 0.0
  outer loop
    vertex 5.577600955963135 1.804800033569336 19.200002670288086
    vertex 10.41600227355957 1.804800033569336 19.200002670288086
    vertex 5.462399482727051 1.9007999897003174 19.200002670288086
  endloop
endfacet
facet normal 0.0 0.0 0.0
  outer loop
    vertex 5.059202671051025 -2.150400400161743 19.200002670288086
    vertex 10.934402465820312 -2.150400400161743 19.200002670288086
    vertex 5.193601608276367 -2.0736002922058105 19.200002670288086
  endloop
endfacet
facet normal 0.0 0.0 0.0
  outer loop
    vertex -19.075204849243164 -2.2272002696990967 19.200002670288086
    vertex -13.027203559875488 -2.169600248336792 19.200002670288086
    vertex -18.940805435180664 -2.150400400161743 19.200002670288086
  endloop
endfacet
facet normal 0.0 0.0 0.0
  outer loop
    vertex 0.009598733857274055 -3.993600606918335 19.200002670288086
    vertex 4.003201484680176 -2.4000003337860107 19.200002670288086
    vertex 3.849600076675415 -2.4000003337860107 19.200002670288086
  endloop
endfacet
facet normal 0.0 0.0 0.0
  outer loop
    vertex 0.009598733857274055 -3.993600606918335 19.200002670288086
    vertex 3.849600076675415 -2.4000003337860107 19.200002670288086
    vertex 3.6960012912750244 -2.380800247192383 19.200002670288086
  endloop
endfacet
facet normal 0.0 0.0 0.0
  outer loop
    vertex 0.009598733857274055 -3.993600606918335 19.200002670288086
    vertex 3.6960012912750244 -2.380800247192383 19.200002670288086
    vertex 3.523200273513794 -2.361600399017334 19.200002670288086
  endloop
endfacet
facet normal 0.0 0.0 0.0
  outer loop
    vertex 0.009598733857274055 -3.993600606918335 19.200002670288086
    vertex 3.523200273513794 -2.361600399017334 19.200002670288086
    vertex 3.3696014881134033 -2.3232004642486572 19.200002670288086
  endloop
endfacet
facet normal 0.0 0.0 0.0
  outer loop
    vertex 0.009598733857274055 -3.993600606918335 19.200002670288086
    vertex 3.3696014881134033 -2.3232004642486572 19.200002670288086
    vertex 3.2352025508880615 -2.2848005294799805 19.200002670288086
  endloop
endfacet
facet normal 0.0 0.0 0.0
  outer loop
    vertex 0.009598733857274055 -3.993600606918335 19.200002670288086
    vertex 3.2352025508880615 -2.2848005294799805 19.200002670288086
    vertex 3.081601142883301 -2.2272002696990967 19.200002670288086
  endloop
endfacet
facet normal 0.0 0.0 0.0
  outer loop
    vertex 0.009598733857274055 -3.993600606918335 19.200002670288086
    vertex 3.081601142883301 -2.2272002696990967 19.200002670288086
    vertex 2.947202205657959 -2.150400400161743 19.200002670288086
  endloop
endfacet
facet normal 0.0 0.0 0.0
  outer loop
    vertex 0.009598733857274055 -3.993600606918335 19.200002670288086
    vertex 2.947202205657959 -2.150400400161743 19.200002670288086
    vertex 2.7936010360717773 -2.0736002922058105 19.200002670288086
  endloop
endfacet
facet normal 0.0 0.0 0.0
  outer loop
    vertex 0.009598733857274055 -3.993600606918335 19.200002670288086
    vertex 2.7936010360717773 -2.0736002922058105 19.200002670288086
    vertex 2.6591997146606445 -1.996800422668457 19.200002670288086
  endloop
endfacet
facet normal 0.0 0.0 0.0
  outer loop
    vertex 0.009598733857274055 -3.993600606918335 19.200002670288086
    vertex 2.6591997146606445 -1.996800422668457 19.200002670288086
    vertex 2.5440006256103516 -1.9008004665374756 19.200002670288086
  endloop
endfacet
facet normal 0.0 0.0 0.0
  outer loop
    vertex 0.009598733857274055 -3.993600606918335 19.200002670288086
    vertex 2.5440006256103516 -1.9008004665374756 19.200002670288086
    vertex 2.4096016883850098 -1.804800271987915 19.200002670288086
  endloop
endfacet
facet normal 0.0 0.0 0.0
  outer loop
    vertex 0.009598733857274055 -3.993600606918335 19.200002670288086
    vertex 2.4096016883850098 -1.804800271987915 19.200002670288086
    vertex 2.294400215148926 -1.7088004350662231 19.200002670288086
  endloop
endfacet
facet normal 0.0 0.0 0.0
  outer loop
    vertex 0.009598733857274055 -3.993600606918335 19.200002670288086
    vertex 2.294400215148926 -1.7088004350662231 19.200002670288086
    vertex 2.1984009742736816 -1.5936005115509033 19.200002670288086
  endloop
endfacet
facet normal 0.0 0.0 0.0
  outer loop
    vertex 0.009598733857274055 -3.993600606918335 19.200002670288086
    vertex 2.1984009742736816 -1.5936005115509033 19.200002670288086
    vertex 2.1024017333984375 -1.459200382232666 19.200002670288086
  endloop
endfacet
facet normal 0.0 0.0 0.0
  outer loop
    vertex 0.009598733857274055 -3.993600606918335 19.200002670288086
    vertex 2.1024017333984375 -1.459200382232666 19.200002670288086
    vertex 2.0064001083374023 -1.3440003395080566 19.200002670288086
  endloop
endfacet
facet normal 0.0 0.0 0.0
  outer loop
    vertex 0.009598733857274055 -3.993600606918335 19.200002670288086
    vertex 2.0064001083374023 -1.3440003395080566 19.200002670288086
    vertex 1.9296005964279175 -1.2096002101898193 19.200002670288086
  endloop
endfacet
facet normal 0.0 0.0 0.0
  outer loop
    vertex 0.009598733857274055 -3.993600606918335 19.200002670288086
    vertex 1.9296005964279175 -1.2096002101898193 19.200002670288086
    vertex 1.8528012037277222 -1.0560002326965332 19.200002670288086
  endloop
endfacet
facet normal 0.0 0.0 0.0
  outer loop
    vertex 0.009598733857274055 -3.993600606918335 19.200002670288086
    vertex 1.8528012037277222 -1.0560002326965332 19.200002670288086
    vertex 1.7759994268417358 -0.9215999841690063 19.200002670288086
  endloop
endfacet
facet normal 0.0 0.0 0.0
  outer loop
    vertex 0.009598733857274055 -3.993600606918335 19.200002670288086
    vertex 1.7759994268417358 -0.9215999841690063 19.200002670288086
    vertex 1.7184022665023804 -0.7680000066757202 19.200002670288086
  endloop
endfacet
facet normal 0.0 0.0 0.0
  outer loop
    vertex 0.009598733857274055 -3.993600606918335 19.200002670288086
    vertex 1.7184022665023804 -0.7680000066757202 19.200002670288086
    vertex 1.6800001859664917 -0.6336001753807068 19.200002670288086
  endloop
endfacet
facet normal 0.0 0.0 0.0
  outer loop
    vertex 0.009598733857274055 -3.993600606918335 19.200002670288086
    vertex 1.6800001859664917 -0.6336001753807068 19.200002670288086
    vertex 1.641600489616394 -0.47999995946884155 19.200002670288086
  endloop
endfacet
facet normal 0.0 0.0 0.0
  outer loop
    vertex 0.009598733857274055 -3.993600606918335 19.200002670288086
    vertex 1.641600489616394 -0.47999995946884155 19.200002670288086
    vertex 1.6224006414413452 -0.30720043182373047 19.200002670288086
  endloop
endfacet
facet normal 0.0 0.0 0.0
  outer loop
    vertex 0.009598733857274055 -3.993600606918335 19.200002670288086
    vertex 1.6224006414413452 -0.30720043182373047 19.200002670288086
    vertex 1.6224006414413452 -0.26880013942718506 19.200002670288086
  endloop
endfacet
facet normal 0.0 0.0 0.0
  outer loop
    vertex 0.009598733857274055 -3.993600606918335 19.200002670288086
    vertex 1.6224006414413452 -0.26880013942718506 19.200002670288086
    vertex 0.009598733857274055 -1.612495026392935e-07 19.200002670288086
  endloop
endfacet
facet normal 0.0 0.0 0.0
  outer loop
    vertex 4.924801349639893 -2.2272002696990967 19.200002670288086
    vertex 10.97280216217041 -2.169600248336792 19.200002670288086
    vertex 5.059202671051025 -2.150400400161743 19.200002670288086
  endloop
endfacet
facet normal 0.0 0.0 0.0
  outer loop
    vertex -9.84000301361084 -1.0560002326965332 19.200002670288086
    vertex -6.172802448272705 -1.0368001461029053 19.200002670288086
    vertex -9.782402992248535 -0.9215999841690063 19.200002670288086
  endloop
endfacet
facet normal 0.0 0.0 0.0
  outer loop
    vertex 5.692802429199219 1.6895997524261475 19.200002670288086
    vertex 10.320002555847168 1.7280001640319824 19.200002670288086
    vertex 5.577600955963135 1.804800033569336 19.200002670288086
  endloop
endfacet
facet normal 0.0 0.0 0.0
  outer loop
    vertex 0.009598733857274055 -3.993600606918335 19.200002670288086
    vertex -4.003202438354492 -2.4000003337860107 19.200002670288086
    vertex -4.156802654266357 -2.4000003337860107 19.200002670288086
  endloop
endfacet
facet normal 0.0 0.0 0.0
  outer loop
    vertex 0.009598733857274055 -3.993600606918335 19.200002670288086
    vertex -4.156802654266357 -2.4000003337860107 19.200002670288086
    vertex -4.310400009155273 -2.380800247192383 19.200002670288086
  endloop
endfacet
facet normal 0.0 0.0 0.0
  outer loop
    vertex 0.009598733857274055 -3.993600606918335 19.200002670288086
    vertex -4.310400009155273 -2.380800247192383 19.200002670288086
    vertex -4.464001178741455 -2.361600399017334 19.200002670288086
  endloop
endfacet
facet normal 0.0 0.0 0.0
  outer loop
    vertex 0.009598733857274055 -3.993600606918335 19.200002670288086
    vertex -4.464001178741455 -2.361600399017334 19.200002670288086
    vertex -4.61760139465332 -2.3232004642486572 19.200002670288086
  endloop
endfacet
facet normal 0.0 0.0 0.0
  outer loop
    vertex 0.009598733857274055 -3.993600606918335 19.200002670288086
    vertex -4.61760139465332 -2.3232004642486572 19.200002670288086
    vertex -4.771201133728027 -2.2848005294799805 19.200002670288086
  endloop
endfacet
facet normal 0.0 0.0 0.0
  outer loop
    vertex -4.771201133728027 -2.2848005294799805 19.200002670288086
    vertex -4.924801349639893 -2.2272002696990967 19.200002670288086
    vertex -10.972803115844727 -2.169600248336792 19.200002670288086
  endloop
endfacet
facet normal 0.0 0.0 0.0
  outer loop
    vertex 0.009598733857274055 -3.993600606918335 19.200002670288086
    vertex -4.771201133728027 -2.2848005294799805 19.200002670288086
    vertex -10.972803115844727 -2.169600248336792 19.200002670288086
  endloop
endfacet
facet normal 0.0 0.0 0.0
  outer loop
    vertex 23.990406036376953 -3.993600606918335 19.200002670288086
    vertex 19.996803283691406 -2.4000003337860107 19.200002670288086
    vertex 19.843204498291016 -2.4000003337860107 19.200002670288086
  endloop
endfacet
facet normal 0.0 0.0 0.0
  outer loop
    vertex 23.990406036376953 -3.993600606918335 19.200002670288086
    vertex 19.843204498291016 -2.4000003337860107 19.200002670288086
    vertex 19.689605712890625 -2.380800247192383 19.200002670288086
  endloop
endfacet
facet normal 0.0 0.0 0.0
  outer loop
    vertex 23.990406036376953 -3.993600606918335 19.200002670288086
    vertex 19.689605712890625 -2.380800247192383 19.200002670288086
    vertex 19.536006927490234 -2.361600399017334 19.200002670288086
  endloop
endfacet
facet normal 0.0 0.0 0.0
  outer loop
    vertex 23.990406036376953 -3.993600606918335 19.200002670288086
    vertex 19.536006927490234 -2.361600399017334 19.200002670288086
    vertex 19.382404327392578 -2.3232004642486572 19.200002670288086
  endloop
endfacet
facet normal 0.0 0.0 0.0
  outer loop
    vertex 23.990406036376953 -3.993600606918335 19.200002670288086
    vertex 19.382404327392578 -2.3232004642486572 19.200002670288086
    vertex 19.228805541992188 -2.2848005294799805 19.200002670288086
  endloop
endfacet
facet normal 0.0 0.0 0.0
  outer loop
    vertex 19.228805541992188 -2.2848005294799805 19.200002670288086
    vertex 19.0752010345459 -2.2272002696990967 19.200002670288086
    vertex 13.027203559875488 -2.169600248336792 19.200002670288086
  endloop
endfacet
facet normal 0.0 0.0 0.0
  outer loop
    vertex 23.990406036376953 -3.993600606918335 19.200002670288086
    vertex 19.228805541992188 -2.2848005294799805 19.200002670288086
    vertex 13.027203559875488 -2.169600248336792 19.200002670288086
  endloop
endfacet
facet normal 0.0 0.0 0.0
  outer loop
    vertex 23.990406036376953 6.103297778281558e-08 9.600001335144043
    vertex 23.990406036376953 -3.993600606918335 19.200002670288086
    vertex 23.990406036376953 -3.993600368499756 9.600001335144043
  endloop
endfacet
facet normal 0.0 0.0 0.0
  outer loop
    vertex 23.990406036376953 6.103297778281558e-08 9.600001335144043
    vertex 23.990406036376953 3.993600606918335 0.0
    vertex 23.990406036376953 3.993600368499756 9.600001335144043
  endloop
endfacet
facet normal 0.0 0.0 0.0
  outer loop
    vertex 23.990406036376953 -3.993600368499756 9.600001335144043
    vertex 23.990406036376953 -3.9936001300811768 0.0
    vertex 23.990406036376953 6.103297778281558e-08 9.600001335144043
  endloop
endfacet
facet normal 0.0 0.0 0.0
  outer loop
    vertex 23.990406036376953 3.993600606918335 0.0
    vertex 23.990406036376953 6.103297778281558e-08 9.600001335144043
    vertex 23.990406036376953 -3.9936001300811768 0.0
  endloop
endfacet
facet normal 0.0 0.0 0.0
  outer loop
    vertex 23.990406036376953 -3.993600606918335 19.200002670288086
    vertex 23.990406036376953 6.103297778281558e-08 9.600001335144043
    vertex 23.990406036376953 3.9936001300811768 19.200002670288086
  endloop
endfacet
facet normal 0.0 0.0 0.0
  outer loop
    vertex 23.990406036376953 3.993600368499756 9.600001335144043
    vertex 23.990406036376953 3.9936001300811768 19.200002670288086
    vertex 23.990406036376953 6.103297778281558e-08 9.600001335144043
  endloop
endfacet
facet normal 0.0 0.0 0.0
  outer loop
    vertex -23.990406036376953 3.993600368499756 9.600001335144043
    vertex -23.990406036376953 6.103297778281558e-08 9.600001335144043
    vertex -23.990406036376953 3.9936001300811768 19.200002670288086
  endloop
endfacet
facet normal 0.0 0.0 0.0
  outer loop
    vertex -23.990406036376953 -3.993600368499756 9.600001335144043
    vertex -23.990406036376953 6.103297778281558e-08 9.600001335144043
    vertex -23.990406036376953 -3.9936001300811768 0.0
  endloop
endfacet
facet normal 0.0 0.0 0.0
  outer loop
    vertex -23.990406036376953 6.103297778281558e-08 9.600001335144043
    vertex -23.990406036376953 3.993600368499756 9.600001335144043
    vertex -23.990406036376953 3.993600606918335 0.0
  endloop
endfacet
facet normal 0.0 0.0 0.0
  outer loop
    vertex -23.990406036376953 -3.993600606918335 19.200002670288086
    vertex -23.990406036376953 3.9936001300811768 19.200002670288086
    vertex -23.990406036376953 6.103297778281558e-08 9.600001335144043
  endloop
endfacet
facet normal 0.0 0.0 0.0
  outer loop
    vertex -23.990406036376953 3.993600606918335 0.0
    vertex -23.990406036376953 -3.9936001300811768 0.0
    vertex -23.990406036376953 6.103297778281558e-08 9.600001335144043
  endloop
endfacet
facet normal 0.0 0.0 0.0
  outer loop
    vertex -23.990406036376953 6.103297778281558e-08 9.600001335144043
    vertex -23.990406036376953 -3.993600368499756 9.600001335144043
    vertex -23.990406036376953 -3.993600606918335 19.200002670288086
  endloop
endfacet
facet normal 0.0 0.0 0.0
  outer loop
    vertex -17.596805572509766 0.153599813580513 19.200002670288086
    vertex -17.596805572509766 -1.9814839902210224e-07 20.793601989746094
    vertex -17.596805572509766 -1.612495026392935e-07 19.200002670288086
  endloop
endfacet
facet normal 0.0 0.0 0.0
  outer loop
    vertex -17.596805572509766 -1.9814839902210224e-07 20.793601989746094
    vertex -17.596805572509766 0.153599813580513 19.200002670288086
    vertex -17.596805572509766 0.1535997837781906 20.793601989746094
  endloop
endfacet
facet normal 0.0 0.0 0.0
  outer loop
    vertex -17.616004943847656 0.30719977617263794 19.200002670288086
    vertex -17.596805572509766 0.1535997837781906 20.793601989746094
    vertex -17.596805572509766 0.153599813580513 19.200002670288086
  endloop
endfacet
facet normal 0.0 0.0 0.0
  outer loop
    vertex -17.596805572509766 0.1535997837781906 20.793601989746094
    vertex -17.616004943847656 0.30719977617263794 19.200002670288086
    vertex -17.616004943847656 0.30719974637031555 20.793601989746094
  endloop
endfacet
facet normal 0.0 0.0 0.0
  outer loop
    vertex -17.65440559387207 0.4607997536659241 19.200002670288086
    vertex -17.616004943847656 0.30719974637031555 20.793601989746094
    vertex -17.616004943847656 0.30719977617263794 19.200002670288086
  endloop
endfacet
facet normal 0.0 0.0 0.0
  outer loop
    vertex -17.616004943847656 0.30719974637031555 20.793601989746094
    vertex -17.65440559387207 0.4607997536659241 19.200002670288086
    vertex -17.65440559387207 0.4607997238636017 20.793601989746094
  endloop
endfacet
facet normal 0.0 0.0 0.0
  outer loop
    vertex -17.67360496520996 0.614399790763855 19.200002670288086
    vertex -17.65440559387207 0.4607997238636017 20.793601989746094
    vertex -17.65440559387207 0.4607997536659241 19.200002670288086
  endloop
endfacet
facet normal 0.0 0.0 0.0
  outer loop
    vertex -17.65440559387207 0.4607997238636017 20.793601989746094
    vertex -17.67360496520996 0.614399790763855 19.200002670288086
    vertex -17.67360496520996 0.6143997311592102 20.793601989746094
  endloop
endfacet
facet normal 0.0 0.0 0.0
  outer loop
    vertex -17.731204986572266 0.768000066280365 19.200002670288086
    vertex -17.67360496520996 0.6143997311592102 20.793601989746094
    vertex -17.67360496520996 0.614399790763855 19.200002670288086
  endloop
endfacet
facet normal 0.0 0.0 0.0
  outer loop
    vertex -17.67360496520996 0.6143997311592102 20.793601989746094
    vertex -17.731204986572266 0.768000066280365 19.200002670288086
    vertex -17.731204986572266 0.7680000066757202 20.793601989746094
  endloop
endfacet
facet normal 0.0 0.0 0.0
  outer loop
    vertex -17.76960563659668 0.8832000494003296 19.200002670288086
    vertex -17.731204986572266 0.7680000066757202 20.793601989746094
    vertex -17.731204986572266 0.768000066280365 19.200002670288086
  endloop
endfacet
facet normal 0.0 0.0 0.0
  outer loop
    vertex -17.78880500793457 0.9216000437736511 19.200002670288086
    vertex -17.731204986572266 0.7680000066757202 20.793601989746094
    vertex -17.76960563659668 0.8832000494003296 19.200002670288086
  endloop
endfacet
facet normal 0.0 0.0 0.0
  outer loop
    vertex -17.731204986572266 0.7680000066757202 20.793601989746094
    vertex -17.78880500793457 0.9216000437736511 19.200002670288086
    vertex -17.78880500793457 0.9215999841690063 20.793601989746094
  endloop
endfacet
facet normal 0.0 0.0 0.0
  outer loop
    vertex -17.846405029296875 1.055999994277954 19.200002670288086
    vertex -17.78880500793457 0.9215999841690063 20.793601989746094
    vertex -17.78880500793457 0.9216000437736511 19.200002670288086
  endloop
endfacet
facet normal 0.0 0.0 0.0
  outer loop
    vertex -17.78880500793457 0.9215999841690063 20.793601989746094
    vertex -17.846405029296875 1.055999994277954 19.200002670288086
    vertex -17.846405029296875 1.055999994277954 20.793601989746094
  endloop
endfacet
facet normal 0.0 0.0 0.0
  outer loop
    vertex -17.923206329345703 1.1903996467590332 19.200002670288086
    vertex -17.846405029296875 1.055999994277954 20.793601989746094
    vertex -17.846405029296875 1.055999994277954 19.200002670288086
  endloop
endfacet
facet normal 0.0 0.0 0.0
  outer loop
    vertex -17.846405029296875 1.055999994277954 20.793601989746094
    vertex -17.923206329345703 1.1903996467590332 19.200002670288086
    vertex -17.923206329345703 1.1903996467590332 20.793601989746094
  endloop
endfacet
facet normal 0.0 0.0 0.0
  outer loop
    vertex -18.0000057220459 1.3247997760772705 19.200002670288086
    vertex -17.923206329345703 1.1903996467590332 20.793601989746094
    vertex -17.923206329345703 1.1903996467590332 19.200002670288086
  endloop
endfacet
facet normal 0.0 0.0 0.0
  outer loop
    vertex -17.923206329345703 1.1903996467590332 20.793601989746094
    vertex -18.0000057220459 1.3247997760772705 19.200002670288086
    vertex -18.0000057220459 1.3247997760772705 20.793601989746094
  endloop
endfacet
facet normal 0.0 0.0 0.0
  outer loop
    vertex -18.096004486083984 1.4591999053955078 19.200002670288086
    vertex -18.0000057220459 1.3247997760772705 20.793601989746094
    vertex -18.0000057220459 1.3247997760772705 19.200002670288086
  endloop
endfacet
facet normal 0.0 0.0 0.0
  outer loop
    vertex -18.0000057220459 1.3247997760772705 20.793601989746094
    vertex -18.096004486083984 1.4591999053955078 19.200002670288086
    vertex -18.096004486083984 1.4591999053955078 20.793601989746094
  endloop
endfacet
facet normal 0.0 0.0 0.0
  outer loop
    vertex -18.192005157470703 1.5744001865386963 19.200002670288086
    vertex -18.096004486083984 1.4591999053955078 20.793601989746094
    vertex -18.096004486083984 1.4591999053955078 19.200002670288086
  endloop
endfacet
facet normal 0.0 0.0 0.0
  outer loop
    vertex -18.096004486083984 1.4591999053955078 20.793601989746094
    vertex -18.192005157470703 1.5744001865386963 19.200002670288086
    vertex -18.192005157470703 1.5744001865386963 20.793601989746094
  endloop
endfacet
facet normal 0.0 0.0 0.0
  outer loop
    vertex -18.307205200195312 1.6895997524261475 19.200002670288086
    vertex -18.192005157470703 1.5744001865386963 20.793601989746094
    vertex -18.192005157470703 1.5744001865386963 19.200002670288086
  endloop
endfacet
facet normal 0.0 0.0 0.0
  outer loop
    vertex -18.192005157470703 1.5744001865386963 20.793601989746094
    vertex -18.307205200195312 1.6895997524261475 19.200002670288086
    vertex -18.307205200195312 1.6895997524261475 20.793601989746094
  endloop
endfacet
facet normal 0.0 0.0 0.0
  outer loop
    vertex -18.422405242919922 1.804800033569336 20.793601989746094
    vertex -18.307205200195312 1.6895997524261475 20.793601989746094
    vertex -18.422405242919922 1.804800033569336 19.200002670288086
  endloop
endfacet
facet normal 0.0 0.0 0.0
  outer loop
    vertex -18.307205200195312 1.6895997524261475 19.200002670288086
    vertex -18.422405242919922 1.804800033569336 19.200002670288086
    vertex -18.307205200195312 1.6895997524261475 20.793601989746094
  endloop
endfacet
facet normal 0.0 0.0 0.0
  outer loop
    vertex -18.53760528564453 1.9007999897003174 20.793601989746094
    vertex -18.422405242919922 1.804800033569336 20.793601989746094
    vertex -18.53760528564453 1.9007999897003174 19.200002670288086
  endloop
endfacet
facet normal 0.0 0.0 0.0
  outer loop
    vertex -18.422405242919922 1.804800033569336 19.200002670288086
    vertex -18.53760528564453 1.9007999897003174 19.200002670288086
    vertex -18.422405242919922 1.804800033569336 20.793601989746094
  endloop
endfacet
facet normal 0.0 0.0 0.0
  outer loop
    vertex -18.67200469970703 1.9967997074127197 20.793601989746094
    vertex -18.53760528564453 1.9007999897003174 20.793601989746094
    vertex -18.67200469970703 1.9967997074127197 19.200002670288086
  endloop
endfacet
facet normal 0.0 0.0 0.0
  outer loop
    vertex -18.53760528564453 1.9007999897003174 19.200002670288086
    vertex -18.67200469970703 1.9967997074127197 19.200002670288086
    vertex -18.53760528564453 1.9007999897003174 20.793601989746094
  endloop
endfacet
facet normal 0.0 0.0 0.0
  outer loop
    vertex -18.806406021118164 2.0735998153686523 20.793601989746094
    vertex -18.67200469970703 1.9967997074127197 20.793601989746094
    vertex -18.806406021118164 2.0735998153686523 19.200002670288086
  endloop
endfacet
facet normal 0.0 0.0 0.0
  outer loop
    vertex -18.67200469970703 1.9967997074127197 19.200002670288086
    vertex -18.806406021118164 2.0735998153686523 19.200002670288086
    vertex -18.67200469970703 1.9967997074127197 20.793601989746094
  endloop
endfacet
facet normal 0.0 0.0 0.0
  outer loop
    vertex -18.940805435180664 2.150400400161743 20.793601989746094
    vertex -18.806406021118164 2.0735998153686523 20.793601989746094
    vertex -18.940805435180664 2.150400400161743 19.200002670288086
  endloop
endfacet
facet normal 0.0 0.0 0.0
  outer loop
    vertex -18.806406021118164 2.0735998153686523 19.200002670288086
    vertex -18.940805435180664 2.150400400161743 19.200002670288086
    vertex -18.806406021118164 2.0735998153686523 20.793601989746094
  endloop
endfacet
facet normal 0.0 0.0 0.0
  outer loop
    vertex -19.075204849243164 2.2079999446868896 20.793601989746094
    vertex -18.940805435180664 2.150400400161743 20.793601989746094
    vertex -19.075204849243164 2.2079999446868896 19.200002670288086
  endloop
endfacet
facet normal 0.0 0.0 0.0
  outer loop
    vertex -18.940805435180664 2.150400400161743 19.200002670288086
    vertex -19.075204849243164 2.2079999446868896 19.200002670288086
    vertex -18.940805435180664 2.150400400161743 20.793601989746094
  endloop
endfacet
facet normal 0.0 0.0 0.0
  outer loop
    vertex -19.228805541992188 2.2655999660491943 20.793601989746094
    vertex -19.075204849243164 2.2079999446868896 20.793601989746094
    vertex -19.228805541992188 2.2655999660491943 19.200002670288086
  endloop
endfacet
facet normal 0.0 0.0 0.0
  outer loop
    vertex -19.075204849243164 2.2079999446868896 19.200002670288086
    vertex -19.228805541992188 2.2655999660491943 19.200002670288086
    vertex -19.075204849243164 2.2079999446868896 20.793601989746094
  endloop
endfacet
facet normal 0.0 0.0 0.0
  outer loop
    vertex -19.38240623474121 2.323200225830078 20.793601989746094
    vertex -19.228805541992188 2.2655999660491943 20.793601989746094
    vertex -19.38240623474121 2.323200225830078 19.200002670288086
  endloop
endfacet
facet normal 0.0 0.0 0.0
  outer loop
    vertex -19.228805541992188 2.2655999660491943 19.200002670288086
    vertex -19.38240623474121 2.323200225830078 19.200002670288086
    vertex -19.228805541992188 2.2655999660491943 20.793601989746094
  endloop
endfacet
facet normal 0.0 0.0 0.0
  outer loop
    vertex -19.5360050201416 2.342400074005127 20.793601989746094
    vertex -19.38240623474121 2.323200225830078 20.793601989746094
    vertex -19.5360050201416 2.342400074005127 19.200002670288086
  endloop
endfacet
facet normal 0.0 0.0 0.0
  outer loop
    vertex -19.38240623474121 2.323200225830078 19.200002670288086
    vertex -19.5360050201416 2.342400074005127 19.200002670288086
    vertex -19.38240623474121 2.323200225830078 20.793601989746094
  endloop
endfacet
facet normal 0.0 0.0 0.0
  outer loop
    vertex -19.689605712890625 2.380800247192383 20.793601989746094
    vertex -19.5360050201416 2.342400074005127 20.793601989746094
    vertex -19.689605712890625 2.380800247192383 19.200002670288086
  endloop
endfacet
facet normal 0.0 0.0 0.0
  outer loop
    vertex -19.5360050201416 2.342400074005127 19.200002670288086
    vertex -19.689605712890625 2.380800247192383 19.200002670288086
    vertex -19.5360050201416 2.342400074005127 20.793601989746094
  endloop
endfacet
facet normal 0.0 0.0 0.0
  outer loop
    vertex -19.843204498291016 2.3999996185302734 20.793601989746094
    vertex -19.689605712890625 2.380800247192383 20.793601989746094
    vertex -19.843204498291016 2.3999996185302734 19.200002670288086
  endloop
endfacet
facet normal 0.0 0.0 0.0
  outer loop
    vertex -19.689605712890625 2.380800247192383 19.200002670288086
    vertex -19.843204498291016 2.3999996185302734 19.200002670288086
    vertex -19.689605712890625 2.380800247192383 20.793601989746094
  endloop
endfacet
facet normal 0.0 0.0 0.0
  outer loop
    vertex -19.996807098388672 2.3999996185302734 20.793601989746094
    vertex -19.843204498291016 2.3999996185302734 20.793601989746094
    vertex -19.996807098388672 2.3999996185302734 19.200002670288086
  endloop
endfacet
facet normal 0.0 0.0 0.0
  outer loop
    vertex -19.843204498291016 2.3999996185302734 19.200002670288086
    vertex -19.996807098388672 2.3999996185302734 19.200002670288086
    vertex -19.843204498291016 2.3999996185302734 20.793601989746094
  endloop
endfacet
facet normal 0.0 0.0 0.0
  outer loop
    vertex -20.150405883789062 2.3999996185302734 20.793601989746094
    vertex -19.996807098388672 2.3999996185302734 20.793601989746094
    vertex -20.150405883789062 2.3999996185302734 19.200002670288086
  endloop
endfacet
facet normal 0.0 0.0 0.0
  outer loop
    vertex -19.996807098388672 2.3999996185302734 19.200002670288086
    vertex -20.150405883789062 2.3999996185302734 19.200002670288086
    vertex -19.996807098388672 2.3999996185302734 20.793601989746094
  endloop
endfacet
facet normal 0.0 0.0 0.0
  outer loop
    vertex -20.304006576538086 2.380800247192383 20.793601989746094
    vertex -20.150405883789062 2.3999996185302734 20.793601989746094
    vertex -20.304006576538086 2.380800247192383 19.200002670288086
  endloop
endfacet
facet normal 0.0 0.0 0.0
  outer loop
    vertex -20.150405883789062 2.3999996185302734 19.200002670288086
    vertex -20.304006576538086 2.380800247192383 19.200002670288086
    vertex -20.150405883789062 2.3999996185302734 20.793601989746094
  endloop
endfacet
facet normal 0.0 0.0 0.0
  outer loop
    vertex -20.476804733276367 2.342400074005127 20.793601989746094
    vertex -20.304006576538086 2.380800247192383 20.793601989746094
    vertex -20.476804733276367 2.342400074005127 19.200002670288086
  endloop
endfacet
facet normal 0.0 0.0 0.0
  outer loop
    vertex -20.304006576538086 2.380800247192383 19.200002670288086
    vertex -20.476804733276367 2.342400074005127 19.200002670288086
    vertex -20.304006576538086 2.380800247192383 20.793601989746094
  endloop
endfacet
facet normal 0.0 0.0 0.0
  outer loop
    vertex -20.630407333374023 2.323200225830078 20.793601989746094
    vertex -20.476804733276367 2.342400074005127 20.793601989746094
    vertex -20.630407333374023 2.323200225830078 19.200002670288086
  endloop
endfacet
facet normal 0.0 0.0 0.0
  outer loop
    vertex -20.476804733276367 2.342400074005127 19.200002670288086
    vertex -20.630407333374023 2.323200225830078 19.200002670288086
    vertex -20.476804733276367 2.342400074005127 20.793601989746094
  endloop
endfacet
facet normal 0.0 0.0 0.0
  outer loop
    vertex -20.76480484008789 2.2655999660491943 20.793601989746094
    vertex -20.630407333374023 2.323200225830078 20.793601989746094
    vertex -20.76480484008789 2.2655999660491943 19.200002670288086
  endloop
endfacet
facet normal 0.0 0.0 0.0
  outer loop
    vertex -20.630407333374023 2.323200225830078 19.200002670288086
    vertex -20.630407333374023 2.303999662399292 19.200002670288086
    vertex -20.630407333374023 2.323200225830078 20.793601989746094
  endloop
endfacet
facet normal 0.0 0.0 0.0
  outer loop
    vertex -20.76480484008789 2.2655999660491943 19.200002670288086
    vertex -20.630407333374023 2.323200225830078 20.793601989746094
    vertex -20.630407333374023 2.303999662399292 19.200002670288086
  endloop
endfacet
facet normal 0.0 0.0 0.0
  outer loop
    vertex -20.918407440185547 2.2079999446868896 20.793601989746094
    vertex -20.76480484008789 2.2655999660491943 20.793601989746094
    vertex -20.918407440185547 2.2079999446868896 19.200002670288086
  endloop
endfacet
facet normal 0.0 0.0 0.0
  outer loop
    vertex -20.76480484008789 2.2655999660491943 19.200002670288086
    vertex -20.918407440185547 2.2079999446868896 19.200002670288086
    vertex -20.76480484008789 2.2655999660491943 20.793601989746094
  endloop
endfacet
facet normal 0.0 0.0 0.0
  outer loop
    vertex -21.052804946899414 2.150400400161743 20.793601989746094
    vertex -20.918407440185547 2.2079999446868896 20.793601989746094
    vertex -21.052804946899414 2.150400400161743 19.200002670288086
  endloop
endfacet
facet normal 0.0 0.0 0.0
  outer loop
    vertex -20.918407440185547 2.2079999446868896 19.200002670288086
    vertex -21.052804946899414 2.150400400161743 19.200002670288086
    vertex -20.918407440185547 2.2079999446868896 20.793601989746094
  endloop
endfacet
facet normal 0.0 0.0 0.0
  outer loop
    vertex -21.20640754699707 2.0735998153686523 20.793601989746094
    vertex -21.052804946899414 2.150400400161743 20.793601989746094
    vertex -21.20640754699707 2.0735998153686523 19.200002670288086
  endloop
endfacet
facet normal 0.0 0.0 0.0
  outer loop
    vertex -21.052804946899414 2.150400400161743 19.200002670288086
    vertex -21.20640754699707 2.0735998153686523 19.200002670288086
    vertex -21.052804946899414 2.150400400161743 20.793601989746094
  endloop
endfacet
facet normal 0.0 0.0 0.0
  outer loop
    vertex -21.340805053710938 1.9967997074127197 20.793601989746094
    vertex -21.20640754699707 2.0735998153686523 20.793601989746094
    vertex -21.340805053710938 1.9967997074127197 19.200002670288086
  endloop
endfacet
facet normal 0.0 0.0 0.0
  outer loop
    vertex -21.20640754699707 2.0735998153686523 19.200002670288086
    vertex -21.340805053710938 1.9967997074127197 19.200002670288086
    vertex -21.20640754699707 2.0735998153686523 20.793601989746094
  endloop
endfacet
facet normal 0.0 0.0 0.0
  outer loop
    vertex -21.45600700378418 1.9007999897003174 20.793601989746094
    vertex -21.340805053710938 1.9967997074127197 20.793601989746094
    vertex -21.45600700378418 1.9007999897003174 19.200002670288086
  endloop
endfacet
facet normal 0.0 0.0 0.0
  outer loop
    vertex -21.340805053710938 1.9967997074127197 19.200002670288086
    vertex -21.45600700378418 1.9007999897003174 19.200002670288086
    vertex -21.340805053710938 1.9967997074127197 20.793601989746094
  endloop
endfacet
facet normal 0.0 0.0 0.0
  outer loop
    vertex -21.59040641784668 1.804800033569336 20.793601989746094
    vertex -21.45600700378418 1.9007999897003174 20.793601989746094
    vertex -21.59040641784668 1.804800033569336 19.200002670288086
  endloop
endfacet
facet normal 0.0 0.0 0.0
  outer loop
    vertex -21.45600700378418 1.9007999897003174 19.200002670288086
    vertex -21.59040641784668 1.804800033569336 19.200002670288086
    vertex -21.45600700378418 1.9007999897003174 20.793601989746094
  endloop
endfacet
facet normal 0.0 0.0 0.0
  outer loop
    vertex -21.705604553222656 1.6895997524261475 20.793601989746094
    vertex -21.59040641784668 1.804800033569336 20.793601989746094
    vertex -21.705604553222656 1.6895997524261475 19.200002670288086
  endloop
endfacet
facet normal 0.0 0.0 0.0
  outer loop
    vertex -21.59040641784668 1.804800033569336 19.200002670288086
    vertex -21.705604553222656 1.6895997524261475 19.200002670288086
    vertex -21.59040641784668 1.804800033569336 20.793601989746094
  endloop
endfacet
facet normal 0.0 0.0 0.0
  outer loop
    vertex -21.801607131958008 1.5744001865386963 20.793601989746094
    vertex -21.705604553222656 1.6895997524261475 20.793601989746094
    vertex -21.801607131958008 1.5744001865386963 19.200002670288086
  endloop
endfacet
facet normal 0.0 0.0 0.0
  outer loop
    vertex -21.705604553222656 1.6895997524261475 19.200002670288086
    vertex -21.801607131958008 1.5744001865386963 19.200002670288086
    vertex -21.705604553222656 1.6895997524261475 20.793601989746094
  endloop
endfacet
facet normal 0.0 0.0 0.0
  outer loop
    vertex -21.897605895996094 1.4591999053955078 20.793601989746094
    vertex -21.801607131958008 1.5744001865386963 20.793601989746094
    vertex -21.897605895996094 1.4591999053955078 19.200002670288086
  endloop
endfacet
facet normal 0.0 0.0 0.0
  outer loop
    vertex -21.801607131958008 1.5744001865386963 19.200002670288086
    vertex -21.897605895996094 1.4591999053955078 19.200002670288086
    vertex -21.801607131958008 1.5744001865386963 20.793601989746094
  endloop
endfacet
facet normal 0.0 0.0 0.0
  outer loop
    vertex -21.99360466003418 1.3247997760772705 20.793601989746094
    vertex -21.897605895996094 1.4591999053955078 20.793601989746094
    vertex -21.99360466003418 1.3247997760772705 19.200002670288086
  endloop
endfacet
facet normal 0.0 0.0 0.0
  outer loop
    vertex -21.897605895996094 1.4591999053955078 19.200002670288086
    vertex -21.99360466003418 1.3247997760772705 19.200002670288086
    vertex -21.897605895996094 1.4591999053955078 20.793601989746094
  endloop
endfacet
facet normal 0.0 0.0 0.0
  outer loop
    vertex -22.07040786743164 1.1903996467590332 20.793601989746094
    vertex -21.99360466003418 1.3247997760772705 20.793601989746094
    vertex -22.07040786743164 1.1903996467590332 19.200002670288086
  endloop
endfacet
facet normal 0.0 0.0 0.0
  outer loop
    vertex -21.99360466003418 1.3247997760772705 19.200002670288086
    vertex -22.07040786743164 1.1903996467590332 19.200002670288086
    vertex -21.99360466003418 1.3247997760772705 20.793601989746094
  endloop
endfacet
facet normal 0.0 0.0 0.0
  outer loop
    vertex -22.147207260131836 1.055999994277954 20.793601989746094
    vertex -22.07040786743164 1.1903996467590332 20.793601989746094
    vertex -22.147207260131836 1.055999994277954 19.200002670288086
  endloop
endfacet
facet normal 0.0 0.0 0.0
  outer loop
    vertex -22.07040786743164 1.1903996467590332 19.200002670288086
    vertex -22.147207260131836 1.055999994277954 19.200002670288086
    vertex -22.07040786743164 1.1903996467590332 20.793601989746094
  endloop
endfacet
facet normal 0.0 0.0 0.0
  outer loop
    vertex -22.22400665283203 0.9215999841690063 20.793601989746094
    vertex -22.147207260131836 1.055999994277954 20.793601989746094
    vertex -22.22400665283203 0.9216000437736511 19.200002670288086
  endloop
endfacet
facet normal 0.0 0.0 0.0
  outer loop
    vertex -22.147207260131836 1.055999994277954 19.200002670288086
    vertex -22.22400665283203 0.9216000437736511 19.200002670288086
    vertex -22.147207260131836 1.055999994277954 20.793601989746094
  endloop
endfacet
facet normal 0.0 0.0 0.0
  outer loop
    vertex -22.281604766845703 0.7680000066757202 20.793601989746094
    vertex -22.22400665283203 0.9215999841690063 20.793601989746094
    vertex -22.281604766845703 0.768000066280365 19.200002670288086
  endloop
endfacet
facet normal 0.0 0.0 0.0
  outer loop
    vertex -22.22400665283203 0.9216000437736511 19.200002670288086
    vertex -22.281604766845703 0.768000066280365 19.200002670288086
    vertex -22.22400665283203 0.9215999841690063 20.793601989746094
  endloop
endfacet
facet normal 0.0 0.0 0.0
  outer loop
    vertex -22.320005416870117 0.6143997311592102 20.793601989746094
    vertex -22.281604766845703 0.7680000066757202 20.793601989746094
    vertex -22.320005416870117 0.614399790763855 19.200002670288086
  endloop
endfacet
facet normal 0.0 0.0 0.0
  outer loop
    vertex -22.281604766845703 0.768000066280365 19.200002670288086
    vertex -22.320005416870117 0.614399790763855 19.200002670288086
    vertex -22.281604766845703 0.7680000066757202 20.793601989746094
  endloop
endfacet
facet normal 0.0 0.0 0.0
  outer loop
    vertex -22.358407974243164 0.4607997238636017 20.793601989746094
    vertex -22.320005416870117 0.6143997311592102 20.793601989746094
    vertex -22.358407974243164 0.4607997536659241 19.200002670288086
  endloop
endfacet
facet normal 0.0 0.0 0.0
  outer loop
    vertex -22.320005416870117 0.614399790763855 19.200002670288086
    vertex -22.358407974243164 0.4607997536659241 19.200002670288086
    vertex -22.320005416870117 0.6143997311592102 20.793601989746094
  endloop
endfacet
facet normal 0.0 0.0 0.0
  outer loop
    vertex -22.377607345581055 0.30719974637031555 20.793601989746094
    vertex -22.358407974243164 0.4607997238636017 20.793601989746094
    vertex -22.377607345581055 0.30719977617263794 19.200002670288086
  endloop
endfacet
facet normal 0.0 0.0 0.0
  outer loop
    vertex -22.358407974243164 0.4607997536659241 19.200002670288086
    vertex -22.377607345581055 0.30719977617263794 19.200002670288086
    vertex -22.358407974243164 0.4607997238636017 20.793601989746094
  endloop
endfacet
facet normal 0.0 0.0 0.0
  outer loop
    vertex -22.396806716918945 0.1535997837781906 20.793601989746094
    vertex -22.377607345581055 0.30719974637031555 20.793601989746094
    vertex -22.396806716918945 0.153599813580513 19.200002670288086
  endloop
endfacet
facet normal 0.0 0.0 0.0
  outer loop
    vertex -22.377607345581055 0.30719977617263794 19.200002670288086
    vertex -22.396806716918945 0.153599813580513 19.200002670288086
    vertex -22.377607345581055 0.30719974637031555 20.793601989746094
  endloop
endfacet
facet normal 0.0 0.0 0.0
  outer loop
    vertex -22.396806716918945 -1.9814839902210224e-07 20.793601989746094
    vertex -22.396806716918945 0.1535997837781906 20.793601989746094
    vertex -22.396806716918945 -1.612495026392935e-07 19.200002670288086
  endloop
endfacet
facet normal 0.0 0.0 0.0
  outer loop
    vertex -22.396806716918945 0.153599813580513 19.200002670288086
    vertex -22.396806716918945 -1.612495026392935e-07 19.200002670288086
    vertex -22.396806716918945 0.1535997837781906 20.793601989746094
  endloop
endfacet
facet normal 0.0 0.0 0.0
  outer loop
    vertex -22.396806716918945 -0.15360017120838165 20.793601989746094
    vertex -22.396806716918945 -1.9814839902210224e-07 20.793601989746094
    vertex -22.396806716918945 -0.15360014140605927 19.200002670288086
  endloop
endfacet
facet normal 0.0 0.0 0.0
  outer loop
    vertex -22.396806716918945 -1.612495026392935e-07 19.200002670288086
    vertex -22.396806716918945 -0.15360014140605927 19.200002670288086
    vertex -22.396806716918945 -1.9814839902210224e-07 20.793601989746094
  endloop
endfacet
facet normal 0.0 0.0 0.0
  outer loop
    vertex -22.377607345581055 -0.30720046162605286 20.793601989746094
    vertex -22.396806716918945 -0.15360017120838165 20.793601989746094
    vertex -22.377607345581055 -0.30720043182373047 19.200002670288086
  endloop
endfacet
facet normal 0.0 0.0 0.0
  outer loop
    vertex -22.396806716918945 -0.15360014140605927 19.200002670288086
    vertex -22.377607345581055 -0.30720043182373047 19.200002670288086
    vertex -22.396806716918945 -0.15360017120838165 20.793601989746094
  endloop
endfacet
facet normal 0.0 0.0 0.0
  outer loop
    vertex -22.358407974243164 -0.47999998927116394 20.793601989746094
    vertex -22.377607345581055 -0.30720046162605286 20.793601989746094
    vertex -22.358407974243164 -0.47999995946884155 19.200002670288086
  endloop
endfacet
facet normal 0.0 0.0 0.0
  outer loop
    vertex -22.377607345581055 -0.30720043182373047 19.200002670288086
    vertex -22.358407974243164 -0.47999995946884155 19.200002670288086
    vertex -22.377607345581055 -0.30720046162605286 20.793601989746094
  endloop
endfacet
facet normal 0.0 0.0 0.0
  outer loop
    vertex -22.320005416870117 -0.6336002349853516 20.793601989746094
    vertex -22.358407974243164 -0.47999998927116394 20.793601989746094
    vertex -22.320005416870117 -0.6336001753807068 19.200002670288086
  endloop
endfacet
facet normal 0.0 0.0 0.0
  outer loop
    vertex -22.358407974243164 -0.47999995946884155 19.200002670288086
    vertex -22.320005416870117 -0.6336001753807068 19.200002670288086
    vertex -22.358407974243164 -0.47999998927116394 20.793601989746094
  endloop
endfacet
facet normal 0.0 0.0 0.0
  outer loop
    vertex -22.281604766845703 -0.768000066280365 20.793601989746094
    vertex -22.320005416870117 -0.6336002349853516 20.793601989746094
    vertex -22.281604766845703 -0.7680000066757202 19.200002670288086
  endloop
endfacet
facet normal 0.0 0.0 0.0
  outer loop
    vertex -22.320005416870117 -0.6336001753807068 19.200002670288086
    vertex -22.281604766845703 -0.7680000066757202 19.200002670288086
    vertex -22.320005416870117 -0.6336002349853516 20.793601989746094
  endloop
endfacet
facet normal 0.0 0.0 0.0
  outer loop
    vertex -22.22400665283203 -0.9216000437736511 20.793601989746094
    vertex -22.281604766845703 -0.768000066280365 20.793601989746094
    vertex -22.22400665283203 -0.9215999841690063 19.200002670288086
  endloop
endfacet
facet normal 0.0 0.0 0.0
  outer loop
    vertex -22.281604766845703 -0.7680000066757202 19.200002670288086
    vertex -22.22400665283203 -0.9215999841690063 19.200002670288086
    vertex -22.281604766845703 -0.768000066280365 20.793601989746094
  endloop
endfacet
facet normal 0.0 0.0 0.0
  outer loop
    vertex -22.147207260131836 -1.0560002326965332 20.793601989746094
    vertex -22.22400665283203 -0.9216000437736511 20.793601989746094
    vertex -22.147207260131836 -1.0560002326965332 19.200002670288086
  endloop
endfacet
facet normal 0.0 0.0 0.0
  outer loop
    vertex -22.22400665283203 -0.9215999841690063 19.200002670288086
    vertex -22.147207260131836 -1.0560002326965332 19.200002670288086
    vertex -22.22400665283203 -0.9216000437736511 20.793601989746094
  endloop
endfacet
facet normal 0.0 0.0 0.0
  outer loop
    vertex -22.07040786743164 -1.2096002101898193 20.793601989746094
    vertex -22.147207260131836 -1.0560002326965332 20.793601989746094
    vertex -22.07040786743164 -1.2096002101898193 19.200002670288086
  endloop
endfacet
facet normal 0.0 0.0 0.0
  outer loop
    vertex -22.147207260131836 -1.0560002326965332 19.200002670288086
    vertex -22.07040786743164 -1.2096002101898193 19.200002670288086
    vertex -22.147207260131836 -1.0560002326965332 20.793601989746094
  endloop
endfacet
facet normal 0.0 0.0 0.0
  outer loop
    vertex -21.99360466003418 -1.3440003395080566 20.793601989746094
    vertex -22.07040786743164 -1.2096002101898193 20.793601989746094
    vertex -21.99360466003418 -1.3440003395080566 19.200002670288086
  endloop
endfacet
facet normal 0.0 0.0 0.0
  outer loop
    vertex -22.07040786743164 -1.2096002101898193 19.200002670288086
    vertex -21.99360466003418 -1.3440003395080566 19.200002670288086
    vertex -22.07040786743164 -1.2096002101898193 20.793601989746094
  endloop
endfacet
facet normal 0.0 0.0 0.0
  outer loop
    vertex -21.897605895996094 -1.459200382232666 20.793601989746094
    vertex -21.99360466003418 -1.3440003395080566 20.793601989746094
    vertex -21.897605895996094 -1.459200382232666 19.200002670288086
  endloop
endfacet
facet normal 0.0 0.0 0.0
  outer loop
    vertex -21.99360466003418 -1.3440003395080566 19.200002670288086
    vertex -21.897605895996094 -1.459200382232666 19.200002670288086
    vertex -21.99360466003418 -1.3440003395080566 20.793601989746094
  endloop
endfacet
facet normal 0.0 0.0 0.0
  outer loop
    vertex -21.801607131958008 -1.5936005115509033 20.793601989746094
    vertex -21.897605895996094 -1.459200382232666 20.793601989746094
    vertex -21.801607131958008 -1.5936005115509033 19.200002670288086
  endloop
endfacet
facet normal 0.0 0.0 0.0
  outer loop
    vertex -21.897605895996094 -1.459200382232666 19.200002670288086
    vertex -21.801607131958008 -1.5936005115509033 19.200002670288086
    vertex -21.897605895996094 -1.459200382232666 20.793601989746094
  endloop
endfacet
facet normal 0.0 0.0 0.0
  outer loop
    vertex -21.705604553222656 -1.7088004350662231 20.793601989746094
    vertex -21.801607131958008 -1.5936005115509033 20.793601989746094
    vertex -21.705604553222656 -1.7088004350662231 19.200002670288086
  endloop
endfacet
facet normal 0.0 0.0 0.0
  outer loop
    vertex -21.801607131958008 -1.5936005115509033 19.200002670288086
    vertex -21.705604553222656 -1.7088004350662231 19.200002670288086
    vertex -21.801607131958008 -1.5936005115509033 20.793601989746094
  endloop
endfacet
facet normal 0.0 0.0 0.0
  outer loop
    vertex -21.59040641784668 -1.804800271987915 19.200002670288086
    vertex -21.59040641784668 -1.804800271987915 20.793601989746094
    vertex -21.705604553222656 -1.7088004350662231 20.793601989746094
  endloop
endfacet
facet normal 0.0 0.0 0.0
  outer loop
    vertex -21.705604553222656 -1.7088004350662231 20.793601989746094
    vertex -21.705604553222656 -1.7088004350662231 19.200002670288086
    vertex -21.59040641784668 -1.804800271987915 19.200002670288086
  endloop
endfacet
facet normal 0.0 0.0 0.0
  outer loop
    vertex -21.45600700378418 -1.9008004665374756 19.200002670288086
    vertex -21.45600700378418 -1.9008004665374756 20.793601989746094
    vertex -21.59040641784668 -1.804800271987915 20.793601989746094
  endloop
endfacet
facet normal 0.0 0.0 0.0
  outer loop
    vertex -21.59040641784668 -1.804800271987915 20.793601989746094
    vertex -21.59040641784668 -1.804800271987915 19.200002670288086
    vertex -21.45600700378418 -1.9008004665374756 19.200002670288086
  endloop
endfacet
facet normal 0.0 0.0 0.0
  outer loop
    vertex -21.340805053710938 -1.996800422668457 19.200002670288086
    vertex -21.340805053710938 -1.996800422668457 20.793601989746094
    vertex -21.45600700378418 -1.9008004665374756 20.793601989746094
  endloop
endfacet
facet normal 0.0 0.0 0.0
  outer loop
    vertex -21.45600700378418 -1.9008004665374756 20.793601989746094
    vertex -21.45600700378418 -1.9008004665374756 19.200002670288086
    vertex -21.340805053710938 -1.996800422668457 19.200002670288086
  endloop
endfacet
facet normal 0.0 0.0 0.0
  outer loop
    vertex -21.20640754699707 -2.0736002922058105 19.200002670288086
    vertex -21.20640754699707 -2.0736002922058105 20.793601989746094
    vertex -21.340805053710938 -1.996800422668457 20.793601989746094
  endloop
endfacet
facet normal 0.0 0.0 0.0
  outer loop
    vertex -21.340805053710938 -1.996800422668457 20.793601989746094
    vertex -21.340805053710938 -1.996800422668457 19.200002670288086
    vertex -21.20640754699707 -2.0736002922058105 19.200002670288086
  endloop
endfacet
facet normal 0.0 0.0 0.0
  outer loop
    vertex -21.052804946899414 -2.150400400161743 19.200002670288086
    vertex -21.052804946899414 -2.150400400161743 20.793601989746094
    vertex -21.20640754699707 -2.0736002922058105 20.793601989746094
  endloop
endfacet
facet normal 0.0 0.0 0.0
  outer loop
    vertex -21.20640754699707 -2.0736002922058105 20.793601989746094
    vertex -21.20640754699707 -2.0736002922058105 19.200002670288086
    vertex -21.052804946899414 -2.150400400161743 19.200002670288086
  endloop
endfacet
facet normal 0.0 0.0 0.0
  outer loop
    vertex -20.918407440185547 -2.2272002696990967 19.200002670288086
    vertex -20.918407440185547 -2.2272002696990967 20.793601989746094
    vertex -21.052804946899414 -2.150400400161743 20.793601989746094
  endloop
endfacet
facet normal 0.0 0.0 0.0
  outer loop
    vertex -21.052804946899414 -2.150400400161743 20.793601989746094
    vertex -21.052804946899414 -2.150400400161743 19.200002670288086
    vertex -20.918407440185547 -2.2272002696990967 19.200002670288086
  endloop
endfacet
facet normal 0.0 0.0 0.0
  outer loop
    vertex -20.76480484008789 -2.2848005294799805 19.200002670288086
    vertex -20.76480484008789 -2.2848005294799805 20.793601989746094
    vertex -20.918407440185547 -2.2272002696990967 20.793601989746094
  endloop
endfacet
facet normal 0.0 0.0 0.0
  outer loop
    vertex -20.918407440185547 -2.2272002696990967 20.793601989746094
    vertex -20.918407440185547 -2.2272002696990967 19.200002670288086
    vertex -20.76480484008789 -2.2848005294799805 19.200002670288086
  endloop
endfacet
facet normal 0.0 0.0 0.0
  outer loop
    vertex -20.630407333374023 -2.3232004642486572 19.200002670288086
    vertex -20.630407333374023 -2.3232004642486572 20.793601989746094
    vertex -20.76480484008789 -2.2848005294799805 20.793601989746094
  endloop
endfacet
facet normal 0.0 0.0 0.0
  outer loop
    vertex -20.76480484008789 -2.2848005294799805 20.793601989746094
    vertex -20.76480484008789 -2.2848005294799805 19.200002670288086
    vertex -20.630407333374023 -2.3232004642486572 19.200002670288086
  endloop
endfacet
facet normal 0.0 0.0 0.0
  outer loop
    vertex -20.476804733276367 -2.361600399017334 19.200002670288086
    vertex -20.476804733276367 -2.361600399017334 20.793601989746094
    vertex -20.630407333374023 -2.3232004642486572 20.793601989746094
  endloop
endfacet
facet normal 0.0 0.0 0.0
  outer loop
    vertex -20.630407333374023 -2.3232004642486572 20.793601989746094
    vertex -20.630407333374023 -2.3232004642486572 19.200002670288086
    vertex -20.476804733276367 -2.361600399017334 19.200002670288086
  endloop
endfacet
facet normal 0.0 0.0 0.0
  outer loop
    vertex -20.304006576538086 -2.380800247192383 19.200002670288086
    vertex -20.304006576538086 -2.380800247192383 20.793601989746094
    vertex -20.476804733276367 -2.361600399017334 20.793601989746094
  endloop
endfacet
facet normal 0.0 0.0 0.0
  outer loop
    vertex -20.476804733276367 -2.361600399017334 20.793601989746094
    vertex -20.476804733276367 -2.361600399017334 19.200002670288086
    vertex -20.304006576538086 -2.380800247192383 19.200002670288086
  endloop
endfacet
facet normal 0.0 0.0 0.0
  outer loop
    vertex -20.150405883789062 -2.4000003337860107 19.200002670288086
    vertex -20.150405883789062 -2.4000003337860107 20.793601989746094
    vertex -20.304006576538086 -2.380800247192383 20.793601989746094
  endloop
endfacet
facet normal 0.0 0.0 0.0
  outer loop
    vertex -20.304006576538086 -2.380800247192383 20.793601989746094
    vertex -20.304006576538086 -2.380800247192383 19.200002670288086
    vertex -20.150405883789062 -2.4000003337860107 19.200002670288086
  endloop
endfacet
facet normal 0.0 0.0 0.0
  outer loop
    vertex -19.996807098388672 -2.4000003337860107 19.200002670288086
    vertex -19.996807098388672 -2.4000003337860107 20.793601989746094
    vertex -20.150405883789062 -2.4000003337860107 20.793601989746094
  endloop
endfacet
facet normal 0.0 0.0 0.0
  outer loop
    vertex -20.150405883789062 -2.4000003337860107 20.793601989746094
    vertex -20.150405883789062 -2.4000003337860107 19.200002670288086
    vertex -19.996807098388672 -2.4000003337860107 19.200002670288086
  endloop
endfacet
facet normal 0.0 0.0 0.0
  outer loop
    vertex -19.843204498291016 -2.4000003337860107 19.200002670288086
    vertex -19.843204498291016 -2.4000003337860107 20.793601989746094
    vertex -19.996807098388672 -2.4000003337860107 20.793601989746094
  endloop
endfacet
facet normal 0.0 0.0 0.0
  outer loop
    vertex -19.996807098388672 -2.4000003337860107 20.793601989746094
    vertex -19.996807098388672 -2.4000003337860107 19.200002670288086
    vertex -19.843204498291016 -2.4000003337860107 19.200002670288086
  endloop
endfacet
facet normal 0.0 0.0 0.0
  outer loop
    vertex -19.689605712890625 -2.380800247192383 19.200002670288086
    vertex -19.689605712890625 -2.380800247192383 20.793601989746094
    vertex -19.843204498291016 -2.4000003337860107 20.793601989746094
  endloop
endfacet
facet normal 0.0 0.0 0.0
  outer loop
    vertex -19.843204498291016 -2.4000003337860107 20.793601989746094
    vertex -19.843204498291016 -2.4000003337860107 19.200002670288086
    vertex -19.689605712890625 -2.380800247192383 19.200002670288086
  endloop
endfacet
facet normal 0.0 0.0 0.0
  outer loop
    vertex -19.5360050201416 -2.361600399017334 19.200002670288086
    vertex -19.5360050201416 -2.361600399017334 20.793601989746094
    vertex -19.689605712890625 -2.380800247192383 20.793601989746094
  endloop
endfacet
facet normal 0.0 0.0 0.0
  outer loop
    vertex -19.689605712890625 -2.380800247192383 20.793601989746094
    vertex -19.689605712890625 -2.380800247192383 19.200002670288086
    vertex -19.5360050201416 -2.361600399017334 19.200002670288086
  endloop
endfacet
facet normal 0.0 0.0 0.0
  outer loop
    vertex -19.38240623474121 -2.3232004642486572 19.200002670288086
    vertex -19.38240623474121 -2.3232004642486572 20.793601989746094
    vertex -19.5360050201416 -2.361600399017334 20.793601989746094
  endloop
endfacet
facet normal 0.0 0.0 0.0
  outer loop
    vertex -19.5360050201416 -2.361600399017334 20.793601989746094
    vertex -19.5360050201416 -2.361600399017334 19.200002670288086
    vertex -19.38240623474121 -2.3232004642486572 19.200002670288086
  endloop
endfacet
facet normal 0.0 0.0 0.0
  outer loop
    vertex -19.228805541992188 -2.2848005294799805 19.200002670288086
    vertex -19.228805541992188 -2.2848005294799805 20.793601989746094
    vertex -19.38240623474121 -2.3232004642486572 20.793601989746094
  endloop
endfacet
facet normal 0.0 0.0 0.0
  outer loop
    vertex -19.38240623474121 -2.3232004642486572 20.793601989746094
    vertex -19.38240623474121 -2.3232004642486572 19.200002670288086
    vertex -19.228805541992188 -2.2848005294799805 19.200002670288086
  endloop
endfacet
facet normal 0.0 0.0 0.0
  outer loop
    vertex -19.075204849243164 -2.2272002696990967 19.200002670288086
    vertex -19.075204849243164 -2.2272002696990967 20.793601989746094
    vertex -19.228805541992188 -2.2848005294799805 20.793601989746094
  endloop
endfacet
facet normal 0.0 0.0 0.0
  outer loop
    vertex -19.228805541992188 -2.2848005294799805 20.793601989746094
    vertex -19.228805541992188 -2.2848005294799805 19.200002670288086
    vertex -19.075204849243164 -2.2272002696990967 19.200002670288086
  endloop
endfacet
facet normal 0.0 0.0 0.0
  outer loop
    vertex -18.940805435180664 -2.150400400161743 19.200002670288086
    vertex -18.940805435180664 -2.150400400161743 20.793601989746094
    vertex -19.075204849243164 -2.2272002696990967 20.793601989746094
  endloop
endfacet
facet normal 0.0 0.0 0.0
  outer loop
    vertex -19.075204849243164 -2.2272002696990967 20.793601989746094
    vertex -19.075204849243164 -2.2272002696990967 19.200002670288086
    vertex -18.940805435180664 -2.150400400161743 19.200002670288086
  endloop
endfacet
facet normal 0.0 0.0 0.0
  outer loop
    vertex -18.806406021118164 -2.0736002922058105 19.200002670288086
    vertex -18.806406021118164 -2.0736002922058105 20.793601989746094
    vertex -18.940805435180664 -2.150400400161743 20.793601989746094
  endloop
endfacet
facet normal 0.0 0.0 0.0
  outer loop
    vertex -18.940805435180664 -2.150400400161743 20.793601989746094
    vertex -18.940805435180664 -2.150400400161743 19.200002670288086
    vertex -18.806406021118164 -2.0736002922058105 19.200002670288086
  endloop
endfacet
facet normal 0.0 0.0 0.0
  outer loop
    vertex -18.67200469970703 -1.996800422668457 19.200002670288086
    vertex -18.67200469970703 -1.996800422668457 20.793601989746094
    vertex -18.806406021118164 -2.0736002922058105 20.793601989746094
  endloop
endfacet
facet normal 0.0 0.0 0.0
  outer loop
    vertex -18.806406021118164 -2.0736002922058105 20.793601989746094
    vertex -18.806406021118164 -2.0736002922058105 19.200002670288086
    vertex -18.67200469970703 -1.996800422668457 19.200002670288086
  endloop
endfacet
facet normal 0.0 0.0 0.0
  outer loop
    vertex -18.53760528564453 -1.9008004665374756 19.200002670288086
    vertex -18.53760528564453 -1.9008004665374756 20.793601989746094
    vertex -18.67200469970703 -1.996800422668457 20.793601989746094
  endloop
endfacet
facet normal 0.0 0.0 0.0
  outer loop
    vertex -18.67200469970703 -1.996800422668457 20.793601989746094
    vertex -18.67200469970703 -1.996800422668457 19.200002670288086
    vertex -18.53760528564453 -1.9008004665374756 19.200002670288086
  endloop
endfacet
facet normal 0.0 0.0 0.0
  outer loop
    vertex -18.422405242919922 -1.804800271987915 19.200002670288086
    vertex -18.422405242919922 -1.804800271987915 20.793601989746094
    vertex -18.53760528564453 -1.9008004665374756 20.793601989746094
  endloop
endfacet
facet normal 0.0 0.0 0.0
  outer loop
    vertex -18.53760528564453 -1.9008004665374756 20.793601989746094
    vertex -18.53760528564453 -1.9008004665374756 19.200002670288086
    vertex -18.422405242919922 -1.804800271987915 19.200002670288086
  endloop
endfacet
facet normal 0.0 0.0 0.0
  outer loop
    vertex -18.307205200195312 -1.7088004350662231 19.200002670288086
    vertex -18.307205200195312 -1.7088004350662231 20.793601989746094
    vertex -18.422405242919922 -1.804800271987915 20.793601989746094
  endloop
endfacet
facet normal 0.0 0.0 0.0
  outer loop
    vertex -18.422405242919922 -1.804800271987915 20.793601989746094
    vertex -18.422405242919922 -1.804800271987915 19.200002670288086
    vertex -18.307205200195312 -1.7088004350662231 19.200002670288086
  endloop
endfacet
facet normal 0.0 0.0 0.0
  outer loop
    vertex -18.192005157470703 -1.5936005115509033 19.200002670288086
    vertex -18.307205200195312 -1.7088004350662231 20.793601989746094
    vertex -18.307205200195312 -1.7088004350662231 19.200002670288086
  endloop
endfacet
facet normal 0.0 0.0 0.0
  outer loop
    vertex -18.307205200195312 -1.7088004350662231 20.793601989746094
    vertex -18.192005157470703 -1.5936005115509033 19.200002670288086
    vertex -18.192005157470703 -1.5936005115509033 20.793601989746094
  endloop
endfacet
facet normal 0.0 0.0 0.0
  outer loop
    vertex -18.096004486083984 -1.459200382232666 19.200002670288086
    vertex -18.192005157470703 -1.5936005115509033 20.793601989746094
    vertex -18.192005157470703 -1.5936005115509033 19.200002670288086
  endloop
endfacet
facet normal 0.0 0.0 0.0
  outer loop
    vertex -18.192005157470703 -1.5936005115509033 20.793601989746094
    vertex -18.096004486083984 -1.459200382232666 19.200002670288086
    vertex -18.096004486083984 -1.459200382232666 20.793601989746094
  endloop
endfacet
facet normal 0.0 0.0 0.0
  outer loop
    vertex -18.0000057220459 -1.3440003395080566 19.200002670288086
    vertex -18.096004486083984 -1.459200382232666 20.793601989746094
    vertex -18.096004486083984 -1.459200382232666 19.200002670288086
  endloop
endfacet
facet normal 0.0 0.0 0.0
  outer loop
    vertex -18.096004486083984 -1.459200382232666 20.793601989746094
    vertex -18.0000057220459 -1.3440003395080566 19.200002670288086
    vertex -18.0000057220459 -1.3440003395080566 20.793601989746094
  endloop
endfacet
facet normal 0.0 0.0 0.0
  outer loop
    vertex -17.923206329345703 -1.2096002101898193 19.200002670288086
    vertex -18.0000057220459 -1.3440003395080566 20.793601989746094
    vertex -18.0000057220459 -1.3440003395080566 19.200002670288086
  endloop
endfacet
facet normal 0.0 0.0 0.0
  outer loop
    vertex -18.0000057220459 -1.3440003395080566 20.793601989746094
    vertex -17.923206329345703 -1.2096002101898193 19.200002670288086
    vertex -17.923206329345703 -1.2096002101898193 20.793601989746094
  endloop
endfacet
facet normal 0.0 0.0 0.0
  outer loop
    vertex -17.846405029296875 -1.0560002326965332 19.200002670288086
    vertex -17.923206329345703 -1.2096002101898193 20.793601989746094
    vertex -17.923206329345703 -1.2096002101898193 19.200002670288086
  endloop
endfacet
facet normal 0.0 0.0 0.0
  outer loop
    vertex -17.923206329345703 -1.2096002101898193 20.793601989746094
    vertex -17.846405029296875 -1.0560002326965332 19.200002670288086
    vertex -17.846405029296875 -1.0560002326965332 20.793601989746094
  endloop
endfacet
facet normal 0.0 0.0 0.0
  outer loop
    vertex -17.78880500793457 -0.9215999841690063 19.200002670288086
    vertex -17.846405029296875 -1.0560002326965332 20.793601989746094
    vertex -17.846405029296875 -1.0560002326965332 19.200002670288086
  endloop
endfacet
facet normal 0.0 0.0 0.0
  outer loop
    vertex -17.846405029296875 -1.0560002326965332 20.793601989746094
    vertex -17.78880500793457 -0.9215999841690063 19.200002670288086
    vertex -17.78880500793457 -0.9216000437736511 20.793601989746094
  endloop
endfacet
facet normal 0.0 0.0 0.0
  outer loop
    vertex -17.731204986572266 -0.7680000066757202 19.200002670288086
    vertex -17.78880500793457 -0.9216000437736511 20.793601989746094
    vertex -17.78880500793457 -0.9215999841690063 19.200002670288086
  endloop
endfacet
facet normal 0.0 0.0 0.0
  outer loop
    vertex -17.78880500793457 -0.9216000437736511 20.793601989746094
    vertex -17.731204986572266 -0.7680000066757202 19.200002670288086
    vertex -17.731204986572266 -0.768000066280365 20.793601989746094
  endloop
endfacet
facet normal 0.0 0.0 0.0
  outer loop
    vertex -17.67360496520996 -0.6336001753807068 19.200002670288086
    vertex -17.731204986572266 -0.768000066280365 20.793601989746094
    vertex -17.731204986572266 -0.7680000066757202 19.200002670288086
  endloop
endfacet
facet normal 0.0 0.0 0.0
  outer loop
    vertex -17.731204986572266 -0.768000066280365 20.793601989746094
    vertex -17.67360496520996 -0.6336001753807068 19.200002670288086
    vertex -17.67360496520996 -0.6336002349853516 20.793601989746094
  endloop
endfacet
facet normal 0.0 0.0 0.0
  outer loop
    vertex -17.65440559387207 -0.47999995946884155 19.200002670288086
    vertex -17.67360496520996 -0.6336002349853516 20.793601989746094
    vertex -17.67360496520996 -0.6336001753807068 19.200002670288086
  endloop
endfacet
facet normal 0.0 0.0 0.0
  outer loop
    vertex -17.67360496520996 -0.6336002349853516 20.793601989746094
    vertex -17.65440559387207 -0.47999995946884155 19.200002670288086
    vertex -17.65440559387207 -0.47999998927116394 20.793601989746094
  endloop
endfacet
facet normal 0.0 0.0 0.0
  outer loop
    vertex -17.616004943847656 -0.30720043182373047 19.200002670288086
    vertex -17.65440559387207 -0.47999998927116394 20.793601989746094
    vertex -17.65440559387207 -0.47999995946884155 19.200002670288086
  endloop
endfacet
facet normal 0.0 0.0 0.0
  outer loop
    vertex -17.65440559387207 -0.47999998927116394 20.793601989746094
    vertex -17.616004943847656 -0.30720043182373047 19.200002670288086
    vertex -17.616004943847656 -0.30720046162605286 20.793601989746094
  endloop
endfacet
facet normal 0.0 0.0 0.0
  outer loop
    vertex -17.596805572509766 -0.15360014140605927 19.200002670288086
    vertex -17.616004943847656 -0.30720046162605286 20.793601989746094
    vertex -17.616004943847656 -0.30720043182373047 19.200002670288086
  endloop
endfacet
facet normal 0.0 0.0 0.0
  outer loop
    vertex -17.616004943847656 -0.30720046162605286 20.793601989746094
    vertex -17.596805572509766 -0.15360014140605927 19.200002670288086
    vertex -17.596805572509766 -0.15360017120838165 20.793601989746094
  endloop
endfacet
facet normal 0.0 0.0 0.0
  outer loop
    vertex -17.596805572509766 -1.612495026392935e-07 19.200002670288086
    vertex -17.596805572509766 -0.15360017120838165 20.793601989746094
    vertex -17.596805572509766 -0.15360014140605927 19.200002670288086
  endloop
endfacet
facet normal 0.0 0.0 0.0
  outer loop
    vertex -17.596805572509766 -0.15360017120838165 20.793601989746094
    vertex -17.596805572509766 -1.612495026392935e-07 19.200002670288086
    vertex -17.596805572509766 -1.9814839902210224e-07 20.793601989746094
  endloop
endfacet
facet normal 0.0 0.0 0.0
  outer loop
    vertex -9.609602928161621 0.153599813580513 19.200002670288086
    vertex -9.609602928161621 -1.9814839902210224e-07 20.793601989746094
    vertex -9.609602928161621 -1.612495026392935e-07 19.200002670288086
  endloop
endfacet
facet normal 0.0 0.0 0.0
  outer loop
    vertex -9.609602928161621 -1.9814839902210224e-07 20.793601989746094
    vertex -9.609602928161621 0.153599813580513 19.200002670288086
    vertex -9.609602928161621 0.1535997837781906 20.793601989746094
  endloop
endfacet
facet normal 0.0 0.0 0.0
  outer loop
    vertex -9.628803253173828 0.30719977617263794 19.200002670288086
    vertex -9.609602928161621 0.1535997837781906 20.793601989746094
    vertex -9.609602928161621 0.153599813580513 19.200002670288086
  endloop
endfacet
facet normal 0.0 0.0 0.0
  outer loop
    vertex -9.609602928161621 0.1535997837781906 20.793601989746094
    vertex -9.628803253173828 0.30719977617263794 19.200002670288086
    vertex -9.628803253173828 0.30719974637031555 20.793601989746094
  endloop
endfacet
facet normal 0.0 0.0 0.0
  outer loop
    vertex -9.648002624511719 0.4607997536659241 19.200002670288086
    vertex -9.628803253173828 0.30719974637031555 20.793601989746094
    vertex -9.628803253173828 0.30719977617263794 19.200002670288086
  endloop
endfacet
facet normal 0.0 0.0 0.0
  outer loop
    vertex -9.628803253173828 0.30719974637031555 20.793601989746094
    vertex -9.648002624511719 0.4607997536659241 19.200002670288086
    vertex -9.648002624511719 0.4607997238636017 20.793601989746094
  endloop
endfacet
facet normal 0.0 0.0 0.0
  outer loop
    vertex -9.686402320861816 0.614399790763855 19.200002670288086
    vertex -9.648002624511719 0.4607997238636017 20.793601989746094
    vertex -9.648002624511719 0.4607997536659241 19.200002670288086
  endloop
endfacet
facet normal 0.0 0.0 0.0
  outer loop
    vertex -9.648002624511719 0.4607997238636017 20.793601989746094
    vertex -9.686402320861816 0.614399790763855 19.200002670288086
    vertex -9.686402320861816 0.6143997311592102 20.793601989746094
  endloop
endfacet
facet normal 0.0 0.0 0.0
  outer loop
    vertex -9.724802017211914 0.768000066280365 19.200002670288086
    vertex -9.686402320861816 0.6143997311592102 20.793601989746094
    vertex -9.686402320861816 0.614399790763855 19.200002670288086
  endloop
endfacet
facet normal 0.0 0.0 0.0
  outer loop
    vertex -9.686402320861816 0.6143997311592102 20.793601989746094
    vertex -9.724802017211914 0.768000066280365 19.200002670288086
    vertex -9.724802017211914 0.7680000066757202 20.793601989746094
  endloop
endfacet
facet normal 0.0 0.0 0.0
  outer loop
    vertex -9.782402992248535 0.9216000437736511 19.200002670288086
    vertex -9.724802017211914 0.7680000066757202 20.793601989746094
    vertex -9.724802017211914 0.768000066280365 19.200002670288086
  endloop
endfacet
facet normal 0.0 0.0 0.0
  outer loop
    vertex -9.724802017211914 0.7680000066757202 20.793601989746094
    vertex -9.782402992248535 0.9216000437736511 19.200002670288086
    vertex -9.782402992248535 0.9215999841690063 20.793601989746094
  endloop
endfacet
facet normal 0.0 0.0 0.0
  outer loop
    vertex -9.84000301361084 1.055999994277954 19.200002670288086
    vertex -9.782402992248535 0.9215999841690063 20.793601989746094
    vertex -9.782402992248535 0.9216000437736511 19.200002670288086
  endloop
endfacet
facet normal 0.0 0.0 0.0
  outer loop
    vertex -9.782402992248535 0.9215999841690063 20.793601989746094
    vertex -9.84000301361084 1.055999994277954 19.200002670288086
    vertex -9.84000301361084 1.055999994277954 20.793601989746094
  endloop
endfacet
facet normal 0.0 0.0 0.0
  outer loop
    vertex -9.916803359985352 1.1903996467590332 19.200002670288086
    vertex -9.84000301361084 1.055999994277954 20.793601989746094
    vertex -9.84000301361084 1.055999994277954 19.200002670288086
  endloop
endfacet
facet normal 0.0 0.0 0.0
  outer loop
    vertex -9.84000301361084 1.055999994277954 20.793601989746094
    vertex -9.916803359985352 1.1903996467590332 19.200002670288086
    vertex -9.916803359985352 1.1903996467590332 20.793601989746094
  endloop
endfacet
facet normal 0.0 0.0 0.0
  outer loop
    vertex -10.012803077697754 1.3247997760772705 19.200002670288086
    vertex -9.916803359985352 1.1903996467590332 20.793601989746094
    vertex -9.916803359985352 1.1903996467590332 19.200002670288086
  endloop
endfacet
facet normal 0.0 0.0 0.0
  outer loop
    vertex -9.916803359985352 1.1903996467590332 20.793601989746094
    vertex -10.012803077697754 1.3247997760772705 19.200002670288086
    vertex -10.012803077697754 1.3247997760772705 20.793601989746094
  endloop
endfacet
facet normal 0.0 0.0 0.0
  outer loop
    vertex -10.089603424072266 1.4591999053955078 19.200002670288086
    vertex -10.012803077697754 1.3247997760772705 20.793601989746094
    vertex -10.012803077697754 1.3247997760772705 19.200002670288086
  endloop
endfacet
facet normal 0.0 0.0 0.0
  outer loop
    vertex -10.012803077697754 1.3247997760772705 20.793601989746094
    vertex -10.089603424072266 1.4591999053955078 19.200002670288086
    vertex -10.089603424072266 1.4591999053955078 20.793601989746094
  endloop
endfacet
facet normal 0.0 0.0 0.0
  outer loop
    vertex -10.204802513122559 1.5744001865386963 19.200002670288086
    vertex -10.089603424072266 1.4591999053955078 20.793601989746094
    vertex -10.089603424072266 1.4591999053955078 19.200002670288086
  endloop
endfacet
facet normal 0.0 0.0 0.0
  outer loop
    vertex -10.089603424072266 1.4591999053955078 20.793601989746094
    vertex -10.204802513122559 1.5744001865386963 19.200002670288086
    vertex -10.204802513122559 1.5744001865386963 20.793601989746094
  endloop
endfacet
facet normal 0.0 0.0 0.0
  outer loop
    vertex -10.300803184509277 1.6895997524261475 19.200002670288086
    vertex -10.204802513122559 1.5744001865386963 20.793601989746094
    vertex -10.204802513122559 1.5744001865386963 19.200002670288086
  endloop
endfacet
facet normal 0.0 0.0 0.0
  outer loop
    vertex -10.204802513122559 1.5744001865386963 20.793601989746094
    vertex -10.300803184509277 1.6895997524261475 19.200002670288086
    vertex -10.300803184509277 1.6895997524261475 20.793601989746094
  endloop
endfacet
facet normal 0.0 0.0 0.0
  outer loop
    vertex -10.416003227233887 1.804800033569336 19.200002670288086
    vertex -10.300803184509277 1.6895997524261475 20.793601989746094
    vertex -10.320003509521484 1.7280001640319824 19.200002670288086
  endloop
endfacet
facet normal 0.0 0.0 0.0
  outer loop
    vertex -10.416003227233887 1.804800033569336 20.793601989746094
    vertex -10.300803184509277 1.6895997524261475 20.793601989746094
    vertex -10.416003227233887 1.804800033569336 19.200002670288086
  endloop
endfacet
facet normal 0.0 0.0 0.0
  outer loop
    vertex -10.300803184509277 1.6895997524261475 19.200002670288086
    vertex -10.320003509521484 1.7280001640319824 19.200002670288086
    vertex -10.300803184509277 1.6895997524261475 20.793601989746094
  endloop
endfacet
facet normal 0.0 0.0 0.0
  outer loop
    vertex -10.531203269958496 1.9007999897003174 20.793601989746094
    vertex -10.416003227233887 1.804800033569336 20.793601989746094
    vertex -10.531203269958496 1.9007999897003174 19.200002670288086
  endloop
endfacet
facet normal 0.0 0.0 0.0
  outer loop
    vertex -10.416003227233887 1.804800033569336 19.200002670288086
    vertex -10.531203269958496 1.9007999897003174 19.200002670288086
    vertex -10.416003227233887 1.804800033569336 20.793601989746094
  endloop
endfacet
facet normal 0.0 0.0 0.0
  outer loop
    vertex -10.665603637695312 1.9967997074127197 20.793601989746094
    vertex -10.531203269958496 1.9007999897003174 20.793601989746094
    vertex -10.665603637695312 1.9967997074127197 19.200002670288086
  endloop
endfacet
facet normal 0.0 0.0 0.0
  outer loop
    vertex -10.531203269958496 1.9007999897003174 19.200002670288086
    vertex -10.665603637695312 1.9967997074127197 19.200002670288086
    vertex -10.531203269958496 1.9007999897003174 20.793601989746094
  endloop
endfacet
facet normal 0.0 0.0 0.0
  outer loop
    vertex -10.800002098083496 2.0735998153686523 20.793601989746094
    vertex -10.665603637695312 1.9967997074127197 20.793601989746094
    vertex -10.800002098083496 2.0735998153686523 19.200002670288086
  endloop
endfacet
facet normal 0.0 0.0 0.0
  outer loop
    vertex -10.665603637695312 1.9967997074127197 19.200002670288086
    vertex -10.800002098083496 2.0735998153686523 19.200002670288086
    vertex -10.665603637695312 1.9967997074127197 20.793601989746094
  endloop
endfacet
facet normal 0.0 0.0 0.0
  outer loop
    vertex -10.934403419494629 2.150400400161743 20.793601989746094
    vertex -10.800002098083496 2.0735998153686523 20.793601989746094
    vertex -10.934403419494629 2.150400400161743 19.200002670288086
  endloop
endfacet
facet normal 0.0 0.0 0.0
  outer loop
    vertex -10.800002098083496 2.0735998153686523 19.200002670288086
    vertex -10.934403419494629 2.150400400161743 19.200002670288086
    vertex -10.800002098083496 2.0735998153686523 20.793601989746094
  endloop
endfacet
facet normal 0.0 0.0 0.0
  outer loop
    vertex -11.08800220489502 2.2079999446868896 20.793601989746094
    vertex -10.934403419494629 2.150400400161743 20.793601989746094
    vertex -11.08800220489502 2.2079999446868896 19.200002670288086
  endloop
endfacet
facet normal 0.0 0.0 0.0
  outer loop
    vertex -10.934403419494629 2.150400400161743 19.200002670288086
    vertex -10.972803115844727 2.1695995330810547 19.200002670288086
    vertex -10.934403419494629 2.150400400161743 20.793601989746094
  endloop
endfacet
facet normal 0.0 0.0 0.0
  outer loop
    vertex -11.08800220489502 2.2079999446868896 19.200002670288086
    vertex -10.934403419494629 2.150400400161743 20.793601989746094
    vertex -10.972803115844727 2.1695995330810547 19.200002670288086
  endloop
endfacet
facet normal 0.0 0.0 0.0
  outer loop
    vertex -11.222403526306152 2.2655999660491943 20.793601989746094
    vertex -11.08800220489502 2.2079999446868896 20.793601989746094
    vertex -11.222403526306152 2.2655999660491943 19.200002670288086
  endloop
endfacet
facet normal 0.0 0.0 0.0
  outer loop
    vertex -11.08800220489502 2.2079999446868896 19.200002670288086
    vertex -11.222403526306152 2.2655999660491943 19.200002670288086
    vertex -11.08800220489502 2.2079999446868896 20.793601989746094
  endloop
endfacet
facet normal 0.0 0.0 0.0
  outer loop
    vertex -11.376004219055176 2.323200225830078 20.793601989746094
    vertex -11.222403526306152 2.2655999660491943 20.793601989746094
    vertex -11.376004219055176 2.323200225830078 19.200002670288086
  endloop
endfacet
facet normal 0.0 0.0 0.0
  outer loop
    vertex -11.222403526306152 2.2655999660491943 19.200002670288086
    vertex -11.376004219055176 2.323200225830078 19.200002670288086
    vertex -11.222403526306152 2.2655999660491943 20.793601989746094
  endloop
endfacet
facet normal 0.0 0.0 0.0
  outer loop
    vertex -11.529603004455566 2.342400074005127 20.793601989746094
    vertex -11.376004219055176 2.323200225830078 20.793601989746094
    vertex -11.529603004455566 2.342400074005127 19.200002670288086
  endloop
endfacet
facet normal 0.0 0.0 0.0
  outer loop
    vertex -11.376004219055176 2.323200225830078 19.200002670288086
    vertex -11.529603004455566 2.342400074005127 19.200002670288086
    vertex -11.376004219055176 2.323200225830078 20.793601989746094
  endloop
endfacet
facet normal 0.0 0.0 0.0
  outer loop
    vertex -11.683202743530273 2.380800247192383 20.793601989746094
    vertex -11.529603004455566 2.342400074005127 20.793601989746094
    vertex -11.683202743530273 2.380800247192383 19.200002670288086
  endloop
endfacet
facet normal 0.0 0.0 0.0
  outer loop
    vertex -11.529603004455566 2.342400074005127 19.200002670288086
    vertex -11.683202743530273 2.380800247192383 19.200002670288086
    vertex -11.529603004455566 2.342400074005127 20.793601989746094
  endloop
endfacet
facet normal 0.0 0.0 0.0
  outer loop
    vertex -11.836804389953613 2.3999996185302734 20.793601989746094
    vertex -11.683202743530273 2.380800247192383 20.793601989746094
    vertex -11.836804389953613 2.3999996185302734 19.200002670288086
  endloop
endfacet
facet normal 0.0 0.0 0.0
  outer loop
    vertex -11.683202743530273 2.380800247192383 19.200002670288086
    vertex -11.836804389953613 2.3999996185302734 19.200002670288086
    vertex -11.683202743530273 2.380800247192383 20.793601989746094
  endloop
endfacet
facet normal 0.0 0.0 0.0
  outer loop
    vertex -12.009603500366211 2.3999996185302734 20.793601989746094
    vertex -11.836804389953613 2.3999996185302734 20.793601989746094
    vertex -12.009603500366211 2.3999996185302734 19.200002670288086
  endloop
endfacet
facet normal 0.0 0.0 0.0
  outer loop
    vertex -11.836804389953613 2.3999996185302734 19.200002670288086
    vertex -12.009603500366211 2.3999996185302734 19.200002670288086
    vertex -11.836804389953613 2.3999996185302734 20.793601989746094
  endloop
endfacet
facet normal 0.0 0.0 0.0
  outer loop
    vertex -12.163202285766602 2.3999996185302734 20.793601989746094
    vertex -12.009603500366211 2.3999996185302734 20.793601989746094
    vertex -12.163202285766602 2.3999996185302734 19.200002670288086
  endloop
endfacet
facet normal 0.0 0.0 0.0
  outer loop
    vertex -12.009603500366211 2.3999996185302734 19.200002670288086
    vertex -12.163202285766602 2.3999996185302734 19.200002670288086
    vertex -12.009603500366211 2.3999996185302734 20.793601989746094
  endloop
endfacet
facet normal 0.0 0.0 0.0
  outer loop
    vertex -12.316803932189941 2.380800247192383 20.793601989746094
    vertex -12.163202285766602 2.3999996185302734 20.793601989746094
    vertex -12.316803932189941 2.380800247192383 19.200002670288086
  endloop
endfacet
facet normal 0.0 0.0 0.0
  outer loop
    vertex -12.163202285766602 2.3999996185302734 19.200002670288086
    vertex -12.316803932189941 2.380800247192383 19.200002670288086
    vertex -12.163202285766602 2.3999996185302734 20.793601989746094
  endloop
endfacet
facet normal 0.0 0.0 0.0
  outer loop
    vertex -12.470403671264648 2.342400074005127 20.793601989746094
    vertex -12.316803932189941 2.380800247192383 20.793601989746094
    vertex -12.470403671264648 2.342400074005127 19.200002670288086
  endloop
endfacet
facet normal 0.0 0.0 0.0
  outer loop
    vertex -12.316803932189941 2.380800247192383 19.200002670288086
    vertex -12.470403671264648 2.342400074005127 19.200002670288086
    vertex -12.316803932189941 2.380800247192383 20.793601989746094
  endloop
endfacet
facet normal 0.0 0.0 0.0
  outer loop
    vertex -12.624004364013672 2.323200225830078 20.793601989746094
    vertex -12.470403671264648 2.342400074005127 20.793601989746094
    vertex -12.624004364013672 2.323200225830078 19.200002670288086
  endloop
endfacet
facet normal 0.0 0.0 0.0
  outer loop
    vertex -12.470403671264648 2.342400074005127 19.200002670288086
    vertex -12.624004364013672 2.323200225830078 19.200002670288086
    vertex -12.470403671264648 2.342400074005127 20.793601989746094
  endloop
endfacet
facet normal 0.0 0.0 0.0
  outer loop
    vertex -12.777603149414062 2.2655999660491943 20.793601989746094
    vertex -12.624004364013672 2.323200225830078 20.793601989746094
    vertex -12.777603149414062 2.2655999660491943 19.200002670288086
  endloop
endfacet
facet normal 0.0 0.0 0.0
  outer loop
    vertex -12.624004364013672 2.323200225830078 19.200002670288086
    vertex -12.777603149414062 2.2655999660491943 19.200002670288086
    vertex -12.624004364013672 2.323200225830078 20.793601989746094
  endloop
endfacet
facet normal 0.0 0.0 0.0
  outer loop
    vertex -12.912004470825195 2.2079999446868896 20.793601989746094
    vertex -12.777603149414062 2.2655999660491943 20.793601989746094
    vertex -12.912004470825195 2.2079999446868896 19.200002670288086
  endloop
endfacet
facet normal 0.0 0.0 0.0
  outer loop
    vertex -12.777603149414062 2.2655999660491943 19.200002670288086
    vertex -12.912004470825195 2.2079999446868896 19.200002670288086
    vertex -12.777603149414062 2.2655999660491943 20.793601989746094
  endloop
endfacet
facet normal 0.0 0.0 0.0
  outer loop
    vertex -13.065604209899902 2.150400400161743 19.200002670288086
    vertex -12.912004470825195 2.2079999446868896 20.793601989746094
    vertex -13.027203559875488 2.1695995330810547 19.200002670288086
  endloop
endfacet
facet normal 0.0 0.0 0.0
  outer loop
    vertex -13.065604209899902 2.150400400161743 20.793601989746094
    vertex -12.912004470825195 2.2079999446868896 20.793601989746094
    vertex -13.065604209899902 2.150400400161743 19.200002670288086
  endloop
endfacet
facet normal 0.0 0.0 0.0
  outer loop
    vertex -12.912004470825195 2.2079999446868896 19.200002670288086
    vertex -13.027203559875488 2.1695995330810547 19.200002670288086
    vertex -12.912004470825195 2.2079999446868896 20.793601989746094
  endloop
endfacet
facet normal 0.0 0.0 0.0
  outer loop
    vertex -13.200002670288086 2.0735998153686523 20.793601989746094
    vertex -13.065604209899902 2.150400400161743 20.793601989746094
    vertex -13.200002670288086 2.0735998153686523 19.200002670288086
  endloop
endfacet
facet normal 0.0 0.0 0.0
  outer loop
    vertex -13.065604209899902 2.150400400161743 19.200002670288086
    vertex -13.200002670288086 2.0735998153686523 19.200002670288086
    vertex -13.065604209899902 2.150400400161743 20.793601989746094
  endloop
endfacet
facet normal 0.0 0.0 0.0
  outer loop
    vertex -13.334403991699219 1.9967997074127197 20.793601989746094
    vertex -13.200002670288086 2.0735998153686523 20.793601989746094
    vertex -13.334403991699219 1.9967997074127197 19.200002670288086
  endloop
endfacet
facet normal 0.0 0.0 0.0
  outer loop
    vertex -13.200002670288086 2.0735998153686523 19.200002670288086
    vertex -13.334403991699219 1.9967997074127197 19.200002670288086
    vertex -13.200002670288086 2.0735998153686523 20.793601989746094
  endloop
endfacet
facet normal 0.0 0.0 0.0
  outer loop
    vertex -13.468803405761719 1.9007999897003174 20.793601989746094
    vertex -13.334403991699219 1.9967997074127197 20.793601989746094
    vertex -13.468803405761719 1.9007999897003174 19.200002670288086
  endloop
endfacet
facet normal 0.0 0.0 0.0
  outer loop
    vertex -13.334403991699219 1.9967997074127197 19.200002670288086
    vertex -13.468803405761719 1.9007999897003174 19.200002670288086
    vertex -13.334403991699219 1.9967997074127197 20.793601989746094
  endloop
endfacet
facet normal 0.0 0.0 0.0
  outer loop
    vertex -13.584003448486328 1.804800033569336 20.793601989746094
    vertex -13.468803405761719 1.9007999897003174 20.793601989746094
    vertex -13.584003448486328 1.804800033569336 19.200002670288086
  endloop
endfacet
facet normal 0.0 0.0 0.0
  outer loop
    vertex -13.468803405761719 1.9007999897003174 19.200002670288086
    vertex -13.584003448486328 1.804800033569336 19.200002670288086
    vertex -13.468803405761719 1.9007999897003174 20.793601989746094
  endloop
endfacet
facet normal 0.0 0.0 0.0
  outer loop
    vertex -13.699203491210938 1.6895997524261475 20.793601989746094
    vertex -13.584003448486328 1.804800033569336 20.793601989746094
    vertex -13.699203491210938 1.6895997524261475 19.200002670288086
  endloop
endfacet
facet normal 0.0 0.0 0.0
  outer loop
    vertex -13.584003448486328 1.804800033569336 19.200002670288086
    vertex -13.699203491210938 1.6895997524261475 19.200002670288086
    vertex -13.584003448486328 1.804800033569336 20.793601989746094
  endloop
endfacet
facet normal 0.0 0.0 0.0
  outer loop
    vertex -13.795204162597656 1.5744001865386963 20.793601989746094
    vertex -13.699203491210938 1.6895997524261475 20.793601989746094
    vertex -13.795204162597656 1.5744001865386963 19.200002670288086
  endloop
endfacet
facet normal 0.0 0.0 0.0
  outer loop
    vertex -13.699203491210938 1.6895997524261475 19.200002670288086
    vertex -13.795204162597656 1.5744001865386963 19.200002670288086
    vertex -13.699203491210938 1.6895997524261475 20.793601989746094
  endloop
endfacet
facet normal 0.0 0.0 0.0
  outer loop
    vertex -13.91040325164795 1.4591999053955078 20.793601989746094
    vertex -13.795204162597656 1.5744001865386963 20.793601989746094
    vertex -13.91040325164795 1.4591999053955078 19.200002670288086
  endloop
endfacet
facet normal 0.0 0.0 0.0
  outer loop
    vertex -13.795204162597656 1.5744001865386963 19.200002670288086
    vertex -13.91040325164795 1.4591999053955078 19.200002670288086
    vertex -13.795204162597656 1.5744001865386963 20.793601989746094
  endloop
endfacet
facet normal 0.0 0.0 0.0
  outer loop
    vertex -13.987204551696777 1.3247997760772705 20.793601989746094
    vertex -13.91040325164795 1.4591999053955078 20.793601989746094
    vertex -13.987204551696777 1.3247997760772705 19.200002670288086
  endloop
endfacet
facet normal 0.0 0.0 0.0
  outer loop
    vertex -13.91040325164795 1.4591999053955078 19.200002670288086
    vertex -13.987204551696777 1.3247997760772705 19.200002670288086
    vertex -13.91040325164795 1.4591999053955078 20.793601989746094
  endloop
endfacet
facet normal 0.0 0.0 0.0
  outer loop
    vertex -14.08320426940918 1.1903996467590332 20.793601989746094
    vertex -13.987204551696777 1.3247997760772705 20.793601989746094
    vertex -14.08320426940918 1.1903996467590332 19.200002670288086
  endloop
endfacet
facet normal 0.0 0.0 0.0
  outer loop
    vertex -13.987204551696777 1.3247997760772705 19.200002670288086
    vertex -14.08320426940918 1.1903996467590332 19.200002670288086
    vertex -13.987204551696777 1.3247997760772705 20.793601989746094
  endloop
endfacet
facet normal 0.0 0.0 0.0
  outer loop
    vertex -14.160003662109375 1.055999994277954 20.793601989746094
    vertex -14.08320426940918 1.1903996467590332 20.793601989746094
    vertex -14.160003662109375 1.055999994277954 19.200002670288086
  endloop
endfacet
facet normal 0.0 0.0 0.0
  outer loop
    vertex -14.08320426940918 1.1903996467590332 19.200002670288086
    vertex -14.160003662109375 1.055999994277954 19.200002670288086
    vertex -14.08320426940918 1.1903996467590332 20.793601989746094
  endloop
endfacet
facet normal 0.0 0.0 0.0
  outer loop
    vertex -14.217604637145996 0.9215999841690063 20.793601989746094
    vertex -14.160003662109375 1.055999994277954 20.793601989746094
    vertex -14.217604637145996 0.9216000437736511 19.200002670288086
  endloop
endfacet
facet normal 0.0 0.0 0.0
  outer loop
    vertex -14.160003662109375 1.055999994277954 19.200002670288086
    vertex -14.217604637145996 0.9216000437736511 19.200002670288086
    vertex -14.160003662109375 1.055999994277954 20.793601989746094
  endloop
endfacet
facet normal 0.0 0.0 0.0
  outer loop
    vertex -14.275202751159668 0.7680000066757202 20.793601989746094
    vertex -14.217604637145996 0.9215999841690063 20.793601989746094
    vertex -14.275202751159668 0.768000066280365 19.200002670288086
  endloop
endfacet
facet normal 0.0 0.0 0.0
  outer loop
    vertex -14.217604637145996 0.9216000437736511 19.200002670288086
    vertex -14.275202751159668 0.768000066280365 19.200002670288086
    vertex -14.217604637145996 0.9215999841690063 20.793601989746094
  endloop
endfacet
facet normal 0.0 0.0 0.0
  outer loop
    vertex -14.313605308532715 0.6143997311592102 20.793601989746094
    vertex -14.275202751159668 0.7680000066757202 20.793601989746094
    vertex -14.313605308532715 0.614399790763855 19.200002670288086
  endloop
endfacet
facet normal 0.0 0.0 0.0
  outer loop
    vertex -14.275202751159668 0.768000066280365 19.200002670288086
    vertex -14.313605308532715 0.614399790763855 19.200002670288086
    vertex -14.275202751159668 0.7680000066757202 20.793601989746094
  endloop
endfacet
facet normal 0.0 0.0 0.0
  outer loop
    vertex -14.352004051208496 0.4607997238636017 20.793601989746094
    vertex -14.313605308532715 0.6143997311592102 20.793601989746094
    vertex -14.352004051208496 0.4607997536659241 19.200002670288086
  endloop
endfacet
facet normal 0.0 0.0 0.0
  outer loop
    vertex -14.313605308532715 0.614399790763855 19.200002670288086
    vertex -14.352004051208496 0.4607997536659241 19.200002670288086
    vertex -14.313605308532715 0.6143997311592102 20.793601989746094
  endloop
endfacet
facet normal 0.0 0.0 0.0
  outer loop
    vertex -14.371203422546387 0.30719974637031555 20.793601989746094
    vertex -14.352004051208496 0.4607997238636017 20.793601989746094
    vertex -14.371203422546387 0.30719977617263794 19.200002670288086
  endloop
endfacet
facet normal 0.0 0.0 0.0
  outer loop
    vertex -14.352004051208496 0.4607997536659241 19.200002670288086
    vertex -14.371203422546387 0.30719977617263794 19.200002670288086
    vertex -14.352004051208496 0.4607997238636017 20.793601989746094
  endloop
endfacet
facet normal 0.0 0.0 0.0
  outer loop
    vertex -14.39040470123291 0.1535997837781906 20.793601989746094
    vertex -14.371203422546387 0.30719974637031555 20.793601989746094
    vertex -14.39040470123291 0.153599813580513 19.200002670288086
  endloop
endfacet
facet normal 0.0 0.0 0.0
  outer loop
    vertex -14.371203422546387 0.30719977617263794 19.200002670288086
    vertex -14.39040470123291 0.153599813580513 19.200002670288086
    vertex -14.371203422546387 0.30719974637031555 20.793601989746094
  endloop
endfacet
facet normal 0.0 0.0 0.0
  outer loop
    vertex -14.4096040725708 -1.9814839902210224e-07 20.793601989746094
    vertex -14.39040470123291 0.1535997837781906 20.793601989746094
    vertex -14.4096040725708 -1.612495026392935e-07 19.200002670288086
  endloop
endfacet
facet normal 0.0 0.0 0.0
  outer loop
    vertex -14.39040470123291 0.153599813580513 19.200002670288086
    vertex -14.4096040725708 -1.612495026392935e-07 19.200002670288086
    vertex -14.39040470123291 0.1535997837781906 20.793601989746094
  endloop
endfacet
facet normal 0.0 0.0 0.0
  outer loop
    vertex -14.39040470123291 -0.15360017120838165 20.793601989746094
    vertex -14.4096040725708 -1.9814839902210224e-07 20.793601989746094
    vertex -14.39040470123291 -0.15360014140605927 19.200002670288086
  endloop
endfacet
facet normal 0.0 0.0 0.0
  outer loop
    vertex -14.4096040725708 -1.612495026392935e-07 19.200002670288086
    vertex -14.39040470123291 -0.15360014140605927 19.200002670288086
    vertex -14.4096040725708 -1.9814839902210224e-07 20.793601989746094
  endloop
endfacet
facet normal 0.0 0.0 0.0
  outer loop
    vertex -14.371203422546387 -0.30720046162605286 20.793601989746094
    vertex -14.39040470123291 -0.15360017120838165 20.793601989746094
    vertex -14.371203422546387 -0.30720043182373047 19.200002670288086
  endloop
endfacet
facet normal 0.0 0.0 0.0
  outer loop
    vertex -14.39040470123291 -0.15360014140605927 19.200002670288086
    vertex -14.371203422546387 -0.30720043182373047 19.200002670288086
    vertex -14.39040470123291 -0.15360017120838165 20.793601989746094
  endloop
endfacet
facet normal 0.0 0.0 0.0
  outer loop
    vertex -14.352004051208496 -0.47999998927116394 20.793601989746094
    vertex -14.371203422546387 -0.30720046162605286 20.793601989746094
    vertex -14.352004051208496 -0.47999995946884155 19.200002670288086
  endloop
endfacet
facet normal 0.0 0.0 0.0
  outer loop
    vertex -14.371203422546387 -0.30720043182373047 19.200002670288086
    vertex -14.352004051208496 -0.47999995946884155 19.200002670288086
    vertex -14.371203422546387 -0.30720046162605286 20.793601989746094
  endloop
endfacet
facet normal 0.0 0.0 0.0
  outer loop
    vertex -14.313605308532715 -0.6336002349853516 20.793601989746094
    vertex -14.352004051208496 -0.47999998927116394 20.793601989746094
    vertex -14.313605308532715 -0.6336001753807068 19.200002670288086
  endloop
endfacet
facet normal 0.0 0.0 0.0
  outer loop
    vertex -14.352004051208496 -0.47999995946884155 19.200002670288086
    vertex -14.313605308532715 -0.6336001753807068 19.200002670288086
    vertex -14.352004051208496 -0.47999998927116394 20.793601989746094
  endloop
endfacet
facet normal 0.0 0.0 0.0
  outer loop
    vertex -14.275202751159668 -0.768000066280365 20.793601989746094
    vertex -14.313605308532715 -0.6336002349853516 20.793601989746094
    vertex -14.275202751159668 -0.7680000066757202 19.200002670288086
  endloop
endfacet
facet normal 0.0 0.0 0.0
  outer loop
    vertex -14.313605308532715 -0.6336001753807068 19.200002670288086
    vertex -14.275202751159668 -0.7680000066757202 19.200002670288086
    vertex -14.313605308532715 -0.6336002349853516 20.793601989746094
  endloop
endfacet
facet normal 0.0 0.0 0.0
  outer loop
    vertex -14.217604637145996 -0.9216000437736511 20.793601989746094
    vertex -14.275202751159668 -0.768000066280365 20.793601989746094
    vertex -14.217604637145996 -0.9215999841690063 19.200002670288086
  endloop
endfacet
facet normal 0.0 0.0 0.0
  outer loop
    vertex -14.23680305480957 -0.8832002878189087 19.200002670288086
    vertex -14.217604637145996 -0.9215999841690063 19.200002670288086
    vertex -14.275202751159668 -0.768000066280365 20.793601989746094
  endloop
endfacet
facet normal 0.0 0.0 0.0
  outer loop
    vertex -14.275202751159668 -0.7680000066757202 19.200002670288086
    vertex -14.23680305480957 -0.8832002878189087 19.200002670288086
    vertex -14.275202751159668 -0.768000066280365 20.793601989746094
  endloop
endfacet
facet normal 0.0 0.0 0.0
  outer loop
    vertex -14.160003662109375 -1.0560002326965332 20.793601989746094
    vertex -14.217604637145996 -0.9216000437736511 20.793601989746094
    vertex -14.160003662109375 -1.0560002326965332 19.200002670288086
  endloop
endfacet
facet normal 0.0 0.0 0.0
  outer loop
    vertex -14.217604637145996 -0.9215999841690063 19.200002670288086
    vertex -14.160003662109375 -1.0560002326965332 19.200002670288086
    vertex -14.217604637145996 -0.9216000437736511 20.793601989746094
  endloop
endfacet
facet normal 0.0 0.0 0.0
  outer loop
    vertex -14.08320426940918 -1.2096002101898193 20.793601989746094
    vertex -14.160003662109375 -1.0560002326965332 20.793601989746094
    vertex -14.08320426940918 -1.2096002101898193 19.200002670288086
  endloop
endfacet
facet normal 0.0 0.0 0.0
  outer loop
    vertex -14.160003662109375 -1.0560002326965332 19.200002670288086
    vertex -14.08320426940918 -1.2096002101898193 19.200002670288086
    vertex -14.160003662109375 -1.0560002326965332 20.793601989746094
  endloop
endfacet
facet normal 0.0 0.0 0.0
  outer loop
    vertex -13.987204551696777 -1.3440003395080566 20.793601989746094
    vertex -14.08320426940918 -1.2096002101898193 20.793601989746094
    vertex -13.987204551696777 -1.3440003395080566 19.200002670288086
  endloop
endfacet
facet normal 0.0 0.0 0.0
  outer loop
    vertex -14.08320426940918 -1.2096002101898193 19.200002670288086
    vertex -13.987204551696777 -1.3440003395080566 19.200002670288086
    vertex -14.08320426940918 -1.2096002101898193 20.793601989746094
  endloop
endfacet
facet normal 0.0 0.0 0.0
  outer loop
    vertex -13.91040325164795 -1.459200382232666 20.793601989746094
    vertex -13.987204551696777 -1.3440003395080566 20.793601989746094
    vertex -13.91040325164795 -1.459200382232666 19.200002670288086
  endloop
endfacet
facet normal 0.0 0.0 0.0
  outer loop
    vertex -13.987204551696777 -1.3440003395080566 19.200002670288086
    vertex -13.91040325164795 -1.459200382232666 19.200002670288086
    vertex -13.987204551696777 -1.3440003395080566 20.793601989746094
  endloop
endfacet
facet normal 0.0 0.0 0.0
  outer loop
    vertex -13.795204162597656 -1.5936005115509033 20.793601989746094
    vertex -13.91040325164795 -1.459200382232666 20.793601989746094
    vertex -13.795204162597656 -1.5936005115509033 19.200002670288086
  endloop
endfacet
facet normal 0.0 0.0 0.0
  outer loop
    vertex -13.91040325164795 -1.459200382232666 19.200002670288086
    vertex -13.795204162597656 -1.5936005115509033 19.200002670288086
    vertex -13.91040325164795 -1.459200382232666 20.793601989746094
  endloop
endfacet
facet normal 0.0 0.0 0.0
  outer loop
    vertex -13.699203491210938 -1.7088004350662231 20.793601989746094
    vertex -13.795204162597656 -1.5936005115509033 20.793601989746094
    vertex -13.699203491210938 -1.7088004350662231 19.200002670288086
  endloop
endfacet
facet normal 0.0 0.0 0.0
  outer loop
    vertex -13.795204162597656 -1.5936005115509033 19.200002670288086
    vertex -13.699203491210938 -1.7088004350662231 19.200002670288086
    vertex -13.795204162597656 -1.5936005115509033 20.793601989746094
  endloop
endfacet
facet normal 0.0 0.0 0.0
  outer loop
    vertex -13.584003448486328 -1.804800271987915 19.200002670288086
    vertex -13.584003448486328 -1.804800271987915 20.793601989746094
    vertex -13.699203491210938 -1.7088004350662231 20.793601989746094
  endloop
endfacet
facet normal 0.0 0.0 0.0
  outer loop
    vertex -13.699203491210938 -1.7088004350662231 20.793601989746094
    vertex -13.699203491210938 -1.7088004350662231 19.200002670288086
    vertex -13.584003448486328 -1.804800271987915 19.200002670288086
  endloop
endfacet
facet normal 0.0 0.0 0.0
  outer loop
    vertex -13.468803405761719 -1.9008004665374756 19.200002670288086
    vertex -13.468803405761719 -1.9008004665374756 20.793601989746094
    vertex -13.584003448486328 -1.804800271987915 20.793601989746094
  endloop
endfacet
facet normal 0.0 0.0 0.0
  outer loop
    vertex -13.584003448486328 -1.804800271987915 20.793601989746094
    vertex -13.584003448486328 -1.804800271987915 19.200002670288086
    vertex -13.468803405761719 -1.9008004665374756 19.200002670288086
  endloop
endfacet
facet normal 0.0 0.0 0.0
  outer loop
    vertex -13.334403991699219 -1.996800422668457 19.200002670288086
    vertex -13.334403991699219 -1.996800422668457 20.793601989746094
    vertex -13.468803405761719 -1.9008004665374756 20.793601989746094
  endloop
endfacet
facet normal 0.0 0.0 0.0
  outer loop
    vertex -13.468803405761719 -1.9008004665374756 20.793601989746094
    vertex -13.468803405761719 -1.9008004665374756 19.200002670288086
    vertex -13.334403991699219 -1.996800422668457 19.200002670288086
  endloop
endfacet
facet normal 0.0 0.0 0.0
  outer loop
    vertex -13.200002670288086 -2.0736002922058105 19.200002670288086
    vertex -13.200002670288086 -2.0736002922058105 20.793601989746094
    vertex -13.334403991699219 -1.996800422668457 20.793601989746094
  endloop
endfacet
facet normal 0.0 0.0 0.0
  outer loop
    vertex -13.334403991699219 -1.996800422668457 20.793601989746094
    vertex -13.334403991699219 -1.996800422668457 19.200002670288086
    vertex -13.200002670288086 -2.0736002922058105 19.200002670288086
  endloop
endfacet
facet normal 0.0 0.0 0.0
  outer loop
    vertex -13.065604209899902 -2.150400400161743 19.200002670288086
    vertex -13.065604209899902 -2.150400400161743 20.793601989746094
    vertex -13.200002670288086 -2.0736002922058105 20.793601989746094
  endloop
endfacet
facet normal 0.0 0.0 0.0
  outer loop
    vertex -13.200002670288086 -2.0736002922058105 20.793601989746094
    vertex -13.200002670288086 -2.0736002922058105 19.200002670288086
    vertex -13.065604209899902 -2.150400400161743 19.200002670288086
  endloop
endfacet
facet normal 0.0 0.0 0.0
  outer loop
    vertex -12.912004470825195 -2.2272002696990967 19.200002670288086
    vertex -12.912004470825195 -2.2272002696990967 20.793601989746094
    vertex -13.065604209899902 -2.150400400161743 20.793601989746094
  endloop
endfacet
facet normal 0.0 0.0 0.0
  outer loop
    vertex -13.065604209899902 -2.150400400161743 20.793601989746094
    vertex -13.065604209899902 -2.150400400161743 19.200002670288086
    vertex -13.027203559875488 -2.169600248336792 19.200002670288086
  endloop
endfacet
facet normal 0.0 0.0 0.0
  outer loop
    vertex -13.065604209899902 -2.150400400161743 20.793601989746094
    vertex -13.027203559875488 -2.169600248336792 19.200002670288086
    vertex -12.912004470825195 -2.2272002696990967 19.200002670288086
  endloop
endfacet
facet normal 0.0 0.0 0.0
  outer loop
    vertex -12.777603149414062 -2.2848005294799805 19.200002670288086
    vertex -12.777603149414062 -2.2848005294799805 20.793601989746094
    vertex -12.912004470825195 -2.2272002696990967 20.793601989746094
  endloop
endfacet
facet normal 0.0 0.0 0.0
  outer loop
    vertex -12.912004470825195 -2.2272002696990967 20.793601989746094
    vertex -12.912004470825195 -2.2272002696990967 19.200002670288086
    vertex -12.777603149414062 -2.2848005294799805 19.200002670288086
  endloop
endfacet
facet normal 0.0 0.0 0.0
  outer loop
    vertex -12.624004364013672 -2.3232004642486572 19.200002670288086
    vertex -12.624004364013672 -2.3232004642486572 20.793601989746094
    vertex -12.777603149414062 -2.2848005294799805 20.793601989746094
  endloop
endfacet
facet normal 0.0 0.0 0.0
  outer loop
    vertex -12.777603149414062 -2.2848005294799805 20.793601989746094
    vertex -12.777603149414062 -2.2848005294799805 19.200002670288086
    vertex -12.624004364013672 -2.3232004642486572 19.200002670288086
  endloop
endfacet
facet normal 0.0 0.0 0.0
  outer loop
    vertex -12.470403671264648 -2.361600399017334 19.200002670288086
    vertex -12.470403671264648 -2.361600399017334 20.793601989746094
    vertex -12.624004364013672 -2.3232004642486572 20.793601989746094
  endloop
endfacet
facet normal 0.0 0.0 0.0
  outer loop
    vertex -12.624004364013672 -2.3232004642486572 20.793601989746094
    vertex -12.624004364013672 -2.3232004642486572 19.200002670288086
    vertex -12.470403671264648 -2.361600399017334 19.200002670288086
  endloop
endfacet
facet normal 0.0 0.0 0.0
  outer loop
    vertex -12.316803932189941 -2.380800247192383 19.200002670288086
    vertex -12.316803932189941 -2.380800247192383 20.793601989746094
    vertex -12.470403671264648 -2.361600399017334 20.793601989746094
  endloop
endfacet
facet normal 0.0 0.0 0.0
  outer loop
    vertex -12.470403671264648 -2.361600399017334 20.793601989746094
    vertex -12.470403671264648 -2.361600399017334 19.200002670288086
    vertex -12.316803932189941 -2.380800247192383 19.200002670288086
  endloop
endfacet
facet normal 0.0 0.0 0.0
  outer loop
    vertex -12.163202285766602 -2.4000003337860107 19.200002670288086
    vertex -12.163202285766602 -2.4000003337860107 20.793601989746094
    vertex -12.316803932189941 -2.380800247192383 20.793601989746094
  endloop
endfacet
facet normal 0.0 0.0 0.0
  outer loop
    vertex -12.316803932189941 -2.380800247192383 20.793601989746094
    vertex -12.316803932189941 -2.380800247192383 19.200002670288086
    vertex -12.163202285766602 -2.4000003337860107 19.200002670288086
  endloop
endfacet
facet normal 0.0 0.0 0.0
  outer loop
    vertex -12.009603500366211 -2.4000003337860107 19.200002670288086
    vertex -12.009603500366211 -2.4000003337860107 20.793601989746094
    vertex -12.163202285766602 -2.4000003337860107 20.793601989746094
  endloop
endfacet
facet normal 0.0 0.0 0.0
  outer loop
    vertex -12.163202285766602 -2.4000003337860107 20.793601989746094
    vertex -12.163202285766602 -2.4000003337860107 19.200002670288086
    vertex -12.009603500366211 -2.4000003337860107 19.200002670288086
  endloop
endfacet
facet normal 0.0 0.0 0.0
  outer loop
    vertex -11.836804389953613 -2.4000003337860107 19.200002670288086
    vertex -11.836804389953613 -2.4000003337860107 20.793601989746094
    vertex -12.009603500366211 -2.4000003337860107 20.793601989746094
  endloop
endfacet
facet normal 0.0 0.0 0.0
  outer loop
    vertex -12.009603500366211 -2.4000003337860107 20.793601989746094
    vertex -12.009603500366211 -2.4000003337860107 19.200002670288086
    vertex -11.836804389953613 -2.4000003337860107 19.200002670288086
  endloop
endfacet
facet normal 0.0 0.0 0.0
  outer loop
    vertex -11.683202743530273 -2.380800247192383 19.200002670288086
    vertex -11.683202743530273 -2.380800247192383 20.793601989746094
    vertex -11.836804389953613 -2.4000003337860107 20.793601989746094
  endloop
endfacet
facet normal 0.0 0.0 0.0
  outer loop
    vertex -11.836804389953613 -2.4000003337860107 20.793601989746094
    vertex -11.836804389953613 -2.4000003337860107 19.200002670288086
    vertex -11.683202743530273 -2.380800247192383 19.200002670288086
  endloop
endfacet
facet normal 0.0 0.0 0.0
  outer loop
    vertex -11.529603004455566 -2.361600399017334 19.200002670288086
    vertex -11.529603004455566 -2.361600399017334 20.793601989746094
    vertex -11.683202743530273 -2.380800247192383 20.793601989746094
  endloop
endfacet
facet normal 0.0 0.0 0.0
  outer loop
    vertex -11.683202743530273 -2.380800247192383 20.793601989746094
    vertex -11.683202743530273 -2.380800247192383 19.200002670288086
    vertex -11.529603004455566 -2.361600399017334 19.200002670288086
  endloop
endfacet
facet normal 0.0 0.0 0.0
  outer loop
    vertex -11.376004219055176 -2.3232004642486572 19.200002670288086
    vertex -11.376004219055176 -2.3232004642486572 20.793601989746094
    vertex -11.529603004455566 -2.361600399017334 20.793601989746094
  endloop
endfacet
facet normal 0.0 0.0 0.0
  outer loop
    vertex -11.529603004455566 -2.361600399017334 20.793601989746094
    vertex -11.529603004455566 -2.361600399017334 19.200002670288086
    vertex -11.376004219055176 -2.3232004642486572 19.200002670288086
  endloop
endfacet
facet normal 0.0 0.0 0.0
  outer loop
    vertex -11.222403526306152 -2.2848005294799805 19.200002670288086
    vertex -11.222403526306152 -2.2848005294799805 20.793601989746094
    vertex -11.376004219055176 -2.3232004642486572 20.793601989746094
  endloop
endfacet
facet normal 0.0 0.0 0.0
  outer loop
    vertex -11.376004219055176 -2.3232004642486572 20.793601989746094
    vertex -11.376004219055176 -2.3232004642486572 19.200002670288086
    vertex -11.222403526306152 -2.2848005294799805 19.200002670288086
  endloop
endfacet
facet normal 0.0 0.0 0.0
  outer loop
    vertex -11.08800220489502 -2.2272002696990967 19.200002670288086
    vertex -11.08800220489502 -2.2272002696990967 20.793601989746094
    vertex -11.222403526306152 -2.2848005294799805 20.793601989746094
  endloop
endfacet
facet normal 0.0 0.0 0.0
  outer loop
    vertex -11.222403526306152 -2.2848005294799805 20.793601989746094
    vertex -11.222403526306152 -2.2848005294799805 19.200002670288086
    vertex -11.08800220489502 -2.2272002696990967 19.200002670288086
  endloop
endfacet
facet normal 0.0 0.0 0.0
  outer loop
    vertex -10.934403419494629 -2.150400400161743 19.200002670288086
    vertex -10.934403419494629 -2.150400400161743 20.793601989746094
    vertex -11.08800220489502 -2.2272002696990967 20.793601989746094
  endloop
endfacet
facet normal 0.0 0.0 0.0
  outer loop
    vertex -11.08800220489502 -2.2272002696990967 20.793601989746094
    vertex -11.08800220489502 -2.2272002696990967 19.200002670288086
    vertex -10.972803115844727 -2.169600248336792 19.200002670288086
  endloop
endfacet
facet normal 0.0 0.0 0.0
  outer loop
    vertex -11.08800220489502 -2.2272002696990967 20.793601989746094
    vertex -10.972803115844727 -2.169600248336792 19.200002670288086
    vertex -10.934403419494629 -2.150400400161743 19.200002670288086
  endloop
endfacet
facet normal 0.0 0.0 0.0
  outer loop
    vertex -10.800002098083496 -2.0736002922058105 19.200002670288086
    vertex -10.800002098083496 -2.0736002922058105 20.793601989746094
    vertex -10.934403419494629 -2.150400400161743 20.793601989746094
  endloop
endfacet
facet normal 0.0 0.0 0.0
  outer loop
    vertex -10.934403419494629 -2.150400400161743 20.793601989746094
    vertex -10.934403419494629 -2.150400400161743 19.200002670288086
    vertex -10.800002098083496 -2.0736002922058105 19.200002670288086
  endloop
endfacet
facet normal 0.0 0.0 0.0
  outer loop
    vertex -10.665603637695312 -1.996800422668457 19.200002670288086
    vertex -10.665603637695312 -1.996800422668457 20.793601989746094
    vertex -10.800002098083496 -2.0736002922058105 20.793601989746094
  endloop
endfacet
facet normal 0.0 0.0 0.0
  outer loop
    vertex -10.800002098083496 -2.0736002922058105 20.793601989746094
    vertex -10.800002098083496 -2.0736002922058105 19.200002670288086
    vertex -10.665603637695312 -1.996800422668457 19.200002670288086
  endloop
endfacet
facet normal 0.0 0.0 0.0
  outer loop
    vertex -10.531203269958496 -1.9008004665374756 19.200002670288086
    vertex -10.531203269958496 -1.9008004665374756 20.793601989746094
    vertex -10.665603637695312 -1.996800422668457 20.793601989746094
  endloop
endfacet
facet normal 0.0 0.0 0.0
  outer loop
    vertex -10.665603637695312 -1.996800422668457 20.793601989746094
    vertex -10.665603637695312 -1.996800422668457 19.200002670288086
    vertex -10.531203269958496 -1.9008004665374756 19.200002670288086
  endloop
endfacet
facet normal 0.0 0.0 0.0
  outer loop
    vertex -10.416003227233887 -1.804800271987915 19.200002670288086
    vertex -10.416003227233887 -1.804800271987915 20.793601989746094
    vertex -10.531203269958496 -1.9008004665374756 20.793601989746094
  endloop
endfacet
facet normal 0.0 0.0 0.0
  outer loop
    vertex -10.531203269958496 -1.9008004665374756 20.793601989746094
    vertex -10.531203269958496 -1.9008004665374756 19.200002670288086
    vertex -10.416003227233887 -1.804800271987915 19.200002670288086
  endloop
endfacet
facet normal 0.0 0.0 0.0
  outer loop
    vertex -10.300803184509277 -1.7088004350662231 19.200002670288086
    vertex -10.300803184509277 -1.7088004350662231 20.793601989746094
    vertex -10.416003227233887 -1.804800271987915 20.793601989746094
  endloop
endfacet
facet normal 0.0 0.0 0.0
  outer loop
    vertex -10.416003227233887 -1.804800271987915 20.793601989746094
    vertex -10.416003227233887 -1.804800271987915 19.200002670288086
    vertex -10.320003509521484 -1.728000283241272 19.200002670288086
  endloop
endfacet
facet normal 0.0 0.0 0.0
  outer loop
    vertex -10.416003227233887 -1.804800271987915 20.793601989746094
    vertex -10.320003509521484 -1.728000283241272 19.200002670288086
    vertex -10.300803184509277 -1.7088004350662231 19.200002670288086
  endloop
endfacet
facet normal 0.0 0.0 0.0
  outer loop
    vertex -10.204802513122559 -1.5936005115509033 19.200002670288086
    vertex -10.300803184509277 -1.7088004350662231 20.793601989746094
    vertex -10.300803184509277 -1.7088004350662231 19.200002670288086
  endloop
endfacet
facet normal 0.0 0.0 0.0
  outer loop
    vertex -10.300803184509277 -1.7088004350662231 20.793601989746094
    vertex -10.204802513122559 -1.5936005115509033 19.200002670288086
    vertex -10.204802513122559 -1.5936005115509033 20.793601989746094
  endloop
endfacet
facet normal 0.0 0.0 0.0
  outer loop
    vertex -10.089603424072266 -1.459200382232666 19.200002670288086
    vertex -10.204802513122559 -1.5936005115509033 20.793601989746094
    vertex -10.204802513122559 -1.5936005115509033 19.200002670288086
  endloop
endfacet
facet normal 0.0 0.0 0.0
  outer loop
    vertex -10.204802513122559 -1.5936005115509033 20.793601989746094
    vertex -10.089603424072266 -1.459200382232666 19.200002670288086
    vertex -10.089603424072266 -1.459200382232666 20.793601989746094
  endloop
endfacet
facet normal 0.0 0.0 0.0
  outer loop
    vertex -10.012803077697754 -1.3440003395080566 19.200002670288086
    vertex -10.089603424072266 -1.459200382232666 20.793601989746094
    vertex -10.089603424072266 -1.459200382232666 19.200002670288086
  endloop
endfacet
facet normal 0.0 0.0 0.0
  outer loop
    vertex -10.089603424072266 -1.459200382232666 20.793601989746094
    vertex -10.012803077697754 -1.3440003395080566 19.200002670288086
    vertex -10.012803077697754 -1.3440003395080566 20.793601989746094
  endloop
endfacet
facet normal 0.0 0.0 0.0
  outer loop
    vertex -9.916803359985352 -1.2096002101898193 19.200002670288086
    vertex -10.012803077697754 -1.3440003395080566 20.793601989746094
    vertex -10.012803077697754 -1.3440003395080566 19.200002670288086
  endloop
endfacet
facet normal 0.0 0.0 0.0
  outer loop
    vertex -10.012803077697754 -1.3440003395080566 20.793601989746094
    vertex -9.916803359985352 -1.2096002101898193 19.200002670288086
    vertex -9.916803359985352 -1.2096002101898193 20.793601989746094
  endloop
endfacet
facet normal 0.0 0.0 0.0
  outer loop
    vertex -9.84000301361084 -1.0560002326965332 19.200002670288086
    vertex -9.916803359985352 -1.2096002101898193 20.793601989746094
    vertex -9.916803359985352 -1.2096002101898193 19.200002670288086
  endloop
endfacet
facet normal 0.0 0.0 0.0
  outer loop
    vertex -9.916803359985352 -1.2096002101898193 20.793601989746094
    vertex -9.84000301361084 -1.0560002326965332 19.200002670288086
    vertex -9.84000301361084 -1.0560002326965332 20.793601989746094
  endloop
endfacet
facet normal 0.0 0.0 0.0
  outer loop
    vertex -9.782402992248535 -0.9215999841690063 19.200002670288086
    vertex -9.84000301361084 -1.0560002326965332 20.793601989746094
    vertex -9.84000301361084 -1.0560002326965332 19.200002670288086
  endloop
endfacet
facet normal 0.0 0.0 0.0
  outer loop
    vertex -9.84000301361084 -1.0560002326965332 20.793601989746094
    vertex -9.782402992248535 -0.9215999841690063 19.200002670288086
    vertex -9.782402992248535 -0.9216000437736511 20.793601989746094
  endloop
endfacet
facet normal 0.0 0.0 0.0
  outer loop
    vertex -9.724802017211914 -0.7680000066757202 19.200002670288086
    vertex -9.782402992248535 -0.9216000437736511 20.793601989746094
    vertex -9.782402992248535 -0.9215999841690063 19.200002670288086
  endloop
endfacet
facet normal 0.0 0.0 0.0
  outer loop
    vertex -9.782402992248535 -0.9216000437736511 20.793601989746094
    vertex -9.724802017211914 -0.7680000066757202 19.200002670288086
    vertex -9.724802017211914 -0.768000066280365 20.793601989746094
  endloop
endfacet
facet normal 0.0 0.0 0.0
  outer loop
    vertex -9.686402320861816 -0.6336001753807068 19.200002670288086
    vertex -9.724802017211914 -0.768000066280365 20.793601989746094
    vertex -9.724802017211914 -0.7680000066757202 19.200002670288086
  endloop
endfacet
facet normal 0.0 0.0 0.0
  outer loop
    vertex -9.724802017211914 -0.768000066280365 20.793601989746094
    vertex -9.686402320861816 -0.6336001753807068 19.200002670288086
    vertex -9.686402320861816 -0.6336002349853516 20.793601989746094
  endloop
endfacet
facet normal 0.0 0.0 0.0
  outer loop
    vertex -9.648002624511719 -0.47999995946884155 19.200002670288086
    vertex -9.686402320861816 -0.6336002349853516 20.793601989746094
    vertex -9.686402320861816 -0.6336001753807068 19.200002670288086
  endloop
endfacet
facet normal 0.0 0.0 0.0
  outer loop
    vertex -9.686402320861816 -0.6336002349853516 20.793601989746094
    vertex -9.648002624511719 -0.47999995946884155 19.200002670288086
    vertex -9.648002624511719 -0.47999998927116394 20.793601989746094
  endloop
endfacet
facet normal 0.0 0.0 0.0
  outer loop
    vertex -9.628803253173828 -0.30720043182373047 19.200002670288086
    vertex -9.648002624511719 -0.47999998927116394 20.793601989746094
    vertex -9.648002624511719 -0.47999995946884155 19.200002670288086
  endloop
endfacet
facet normal 0.0 0.0 0.0
  outer loop
    vertex -9.648002624511719 -0.47999998927116394 20.793601989746094
    vertex -9.628803253173828 -0.30720043182373047 19.200002670288086
    vertex -9.628803253173828 -0.30720046162605286 20.793601989746094
  endloop
endfacet
facet normal 0.0 0.0 0.0
  outer loop
    vertex -9.609602928161621 -0.15360014140605927 19.200002670288086
    vertex -9.628803253173828 -0.30720046162605286 20.793601989746094
    vertex -9.628803253173828 -0.30720043182373047 19.200002670288086
  endloop
endfacet
facet normal 0.0 0.0 0.0
  outer loop
    vertex -9.628803253173828 -0.30720046162605286 20.793601989746094
    vertex -9.609602928161621 -0.15360014140605927 19.200002670288086
    vertex -9.609602928161621 -0.15360017120838165 20.793601989746094
  endloop
endfacet
facet normal 0.0 0.0 0.0
  outer loop
    vertex -9.609602928161621 -1.612495026392935e-07 19.200002670288086
    vertex -9.609602928161621 -0.15360017120838165 20.793601989746094
    vertex -9.609602928161621 -0.15360014140605927 19.200002670288086
  endloop
endfacet
facet normal 0.0 0.0 0.0
  outer loop
    vertex -9.609602928161621 -0.15360017120838165 20.793601989746094
    vertex -9.609602928161621 -1.612495026392935e-07 19.200002670288086
    vertex -9.609602928161621 -1.9814839902210224e-07 20.793601989746094
  endloop
endfacet
facet normal 0.0 0.0 0.0
  outer loop
    vertex -1.6032007932662964 0.153599813580513 19.200002670288086
    vertex -1.6032007932662964 -1.9814839902210224e-07 20.793601989746094
    vertex -1.6032007932662964 -1.612495026392935e-07 19.200002670288086
  endloop
endfacet
facet normal 0.0 0.0 0.0
  outer loop
    vertex -1.6032007932662964 -1.9814839902210224e-07 20.793601989746094
    vertex -1.6032007932662964 0.153599813580513 19.200002670288086
    vertex -1.6032007932662964 0.1535997837781906 20.793601989746094
  endloop
endfacet
facet normal 0.0 0.0 0.0
  outer loop
    vertex -1.6224006414413452 0.2688000798225403 19.200002670288086
    vertex -1.6032007932662964 0.1535997837781906 20.793601989746094
    vertex -1.6032007932662964 0.153599813580513 19.200002670288086
  endloop
endfacet
facet normal 0.0 0.0 0.0
  outer loop
    vertex -1.6224006414413452 0.30719977617263794 19.200002670288086
    vertex -1.6032007932662964 0.1535997837781906 20.793601989746094
    vertex -1.6224006414413452 0.2688000798225403 19.200002670288086
  endloop
endfacet
facet normal 0.0 0.0 0.0
  outer loop
    vertex -1.6032007932662964 0.1535997837781906 20.793601989746094
    vertex -1.6224006414413452 0.30719977617263794 19.200002670288086
    vertex -1.6224006414413452 0.30719974637031555 20.793601989746094
  endloop
endfacet
facet normal 0.0 0.0 0.0
  outer loop
    vertex -1.641600489616394 0.4607997536659241 19.200002670288086
    vertex -1.6224006414413452 0.30719974637031555 20.793601989746094
    vertex -1.6224006414413452 0.30719977617263794 19.200002670288086
  endloop
endfacet
facet normal 0.0 0.0 0.0
  outer loop
    vertex -1.6224006414413452 0.30719974637031555 20.793601989746094
    vertex -1.641600489616394 0.4607997536659241 19.200002670288086
    vertex -1.641600489616394 0.4607997238636017 20.793601989746094
  endloop
endfacet
facet normal 0.0 0.0 0.0
  outer loop
    vertex -1.6800001859664917 0.614399790763855 19.200002670288086
    vertex -1.641600489616394 0.4607997238636017 20.793601989746094
    vertex -1.641600489616394 0.4607997536659241 19.200002670288086
  endloop
endfacet
facet normal 0.0 0.0 0.0
  outer loop
    vertex -1.641600489616394 0.4607997238636017 20.793601989746094
    vertex -1.6800001859664917 0.614399790763855 19.200002670288086
    vertex -1.6800001859664917 0.6143997311592102 20.793601989746094
  endloop
endfacet
facet normal 0.0 0.0 0.0
  outer loop
    vertex -1.7183998823165894 0.768000066280365 19.200002670288086
    vertex -1.6800001859664917 0.6143997311592102 20.793601989746094
    vertex -1.6800001859664917 0.614399790763855 19.200002670288086
  endloop
endfacet
facet normal 0.0 0.0 0.0
  outer loop
    vertex -1.6800001859664917 0.6143997311592102 20.793601989746094
    vertex -1.7183998823165894 0.768000066280365 19.200002670288086
    vertex -1.7183998823165894 0.7680000066757202 20.793601989746094
  endloop
endfacet
facet normal 0.0 0.0 0.0
  outer loop
    vertex -1.7759994268417358 0.9216000437736511 19.200002670288086
    vertex -1.7183998823165894 0.7680000066757202 20.793601989746094
    vertex -1.7183998823165894 0.768000066280365 19.200002670288086
  endloop
endfacet
facet normal 0.0 0.0 0.0
  outer loop
    vertex -1.7183998823165894 0.7680000066757202 20.793601989746094
    vertex -1.7759994268417358 0.9216000437736511 19.200002670288086
    vertex -1.7759994268417358 0.9215999841690063 20.793601989746094
  endloop
endfacet
facet normal 0.0 0.0 0.0
  outer loop
    vertex -1.8528012037277222 1.055999994277954 19.200002670288086
    vertex -1.7759994268417358 0.9215999841690063 20.793601989746094
    vertex -1.7759994268417358 0.9216000437736511 19.200002670288086
  endloop
endfacet
facet normal 0.0 0.0 0.0
  outer loop
    vertex -1.7759994268417358 0.9215999841690063 20.793601989746094
    vertex -1.8528012037277222 1.055999994277954 19.200002670288086
    vertex -1.8528012037277222 1.055999994277954 20.793601989746094
  endloop
endfacet
facet normal 0.0 0.0 0.0
  outer loop
    vertex -1.9296005964279175 1.1903996467590332 19.200002670288086
    vertex -1.8528012037277222 1.055999994277954 20.793601989746094
    vertex -1.8528012037277222 1.055999994277954 19.200002670288086
  endloop
endfacet
facet normal 0.0 0.0 0.0
  outer loop
    vertex -1.8528012037277222 1.055999994277954 20.793601989746094
    vertex -1.9296005964279175 1.1903996467590332 19.200002670288086
    vertex -1.9296005964279175 1.1903996467590332 20.793601989746094
  endloop
endfacet
facet normal 0.0 0.0 0.0
  outer loop
    vertex -2.0064001083374023 1.3247997760772705 19.200002670288086
    vertex -1.9296005964279175 1.1903996467590332 20.793601989746094
    vertex -1.9296005964279175 1.1903996467590332 19.200002670288086
  endloop
endfacet
facet normal 0.0 0.0 0.0
  outer loop
    vertex -1.9296005964279175 1.1903996467590332 20.793601989746094
    vertex -2.0064001083374023 1.3247997760772705 19.200002670288086
    vertex -2.0064001083374023 1.3247997760772705 20.793601989746094
  endloop
endfacet
facet normal 0.0 0.0 0.0
  outer loop
    vertex -2.1023993492126465 1.4591999053955078 19.200002670288086
    vertex -2.0064001083374023 1.3247997760772705 20.793601989746094
    vertex -2.0064001083374023 1.3247997760772705 19.200002670288086
  endloop
endfacet
facet normal 0.0 0.0 0.0
  outer loop
    vertex -2.0064001083374023 1.3247997760772705 20.793601989746094
    vertex -2.1023993492126465 1.4591999053955078 19.200002670288086
    vertex -2.1023993492126465 1.4591999053955078 20.793601989746094
  endloop
endfacet
facet normal 0.0 0.0 0.0
  outer loop
    vertex -2.1983985900878906 1.5744001865386963 19.200002670288086
    vertex -2.1023993492126465 1.4591999053955078 20.793601989746094
    vertex -2.1023993492126465 1.4591999053955078 19.200002670288086
  endloop
endfacet
facet normal 0.0 0.0 0.0
  outer loop
    vertex -2.1023993492126465 1.4591999053955078 20.793601989746094
    vertex -2.1983985900878906 1.5744001865386963 19.200002670288086
    vertex -2.1983985900878906 1.5744001865386963 20.793601989746094
  endloop
endfacet
facet normal 0.0 0.0 0.0
  outer loop
    vertex -2.294402599334717 1.6895997524261475 19.200002670288086
    vertex -2.1983985900878906 1.5744001865386963 20.793601989746094
    vertex -2.1983985900878906 1.5744001865386963 19.200002670288086
  endloop
endfacet
facet normal 0.0 0.0 0.0
  outer loop
    vertex -2.1983985900878906 1.5744001865386963 20.793601989746094
    vertex -2.294402599334717 1.6895997524261475 19.200002670288086
    vertex -2.294402599334717 1.6895997524261475 20.793601989746094
  endloop
endfacet
facet normal 0.0 0.0 0.0
  outer loop
    vertex -2.4095993041992188 1.804800033569336 20.793601989746094
    vertex -2.294402599334717 1.6895997524261475 20.793601989746094
    vertex -2.4095993041992188 1.804800033569336 19.200002670288086
  endloop
endfacet
facet normal 0.0 0.0 0.0
  outer loop
    vertex -2.294402599334717 1.6895997524261475 19.200002670288086
    vertex -2.4095993041992188 1.804800033569336 19.200002670288086
    vertex -2.294402599334717 1.6895997524261475 20.793601989746094
  endloop
endfacet
facet normal 0.0 0.0 0.0
  outer loop
    vertex -2.5440006256103516 1.9007999897003174 20.793601989746094
    vertex -2.4095993041992188 1.804800033569336 20.793601989746094
    vertex -2.5440006256103516 1.9007999897003174 19.200002670288086
  endloop
endfacet
facet normal 0.0 0.0 0.0
  outer loop
    vertex -2.4095993041992188 1.804800033569336 19.200002670288086
    vertex -2.5440006256103516 1.9007999897003174 19.200002670288086
    vertex -2.4095993041992188 1.804800033569336 20.793601989746094
  endloop
endfacet
facet normal 0.0 0.0 0.0
  outer loop
    vertex -2.6591997146606445 1.9967997074127197 20.793601989746094
    vertex -2.5440006256103516 1.9007999897003174 20.793601989746094
    vertex -2.6591997146606445 1.9967997074127197 19.200002670288086
  endloop
endfacet
facet normal 0.0 0.0 0.0
  outer loop
    vertex -2.5440006256103516 1.9007999897003174 19.200002670288086
    vertex -2.6591997146606445 1.9967997074127197 19.200002670288086
    vertex -2.5440006256103516 1.9007999897003174 20.793601989746094
  endloop
endfacet
facet normal 0.0 0.0 0.0
  outer loop
    vertex -2.7936010360717773 2.0735998153686523 20.793601989746094
    vertex -2.6591997146606445 1.9967997074127197 20.793601989746094
    vertex -2.7936010360717773 2.0735998153686523 19.200002670288086
  endloop
endfacet
facet normal 0.0 0.0 0.0
  outer loop
    vertex -2.6591997146606445 1.9967997074127197 19.200002670288086
    vertex -2.7936010360717773 2.0735998153686523 19.200002670288086
    vertex -2.6591997146606445 1.9967997074127197 20.793601989746094
  endloop
endfacet
facet normal 0.0 0.0 0.0
  outer loop
    vertex -2.947199821472168 2.150400400161743 20.793601989746094
    vertex -2.7936010360717773 2.0735998153686523 20.793601989746094
    vertex -2.947199821472168 2.150400400161743 19.200002670288086
  endloop
endfacet
facet normal 0.0 0.0 0.0
  outer loop
    vertex -2.7936010360717773 2.0735998153686523 19.200002670288086
    vertex -2.947199821472168 2.150400400161743 19.200002670288086
    vertex -2.7936010360717773 2.0735998153686523 20.793601989746094
  endloop
endfacet
facet normal 0.0 0.0 0.0
  outer loop
    vertex -3.0815987586975098 2.2079999446868896 20.793601989746094
    vertex -2.947199821472168 2.150400400161743 20.793601989746094
    vertex -3.0815987586975098 2.2079999446868896 19.200002670288086
  endloop
endfacet
facet normal 0.0 0.0 0.0
  outer loop
    vertex -2.947199821472168 2.150400400161743 19.200002670288086
    vertex -3.0815987586975098 2.2079999446868896 19.200002670288086
    vertex -2.947199821472168 2.150400400161743 20.793601989746094
  endloop
endfacet
facet normal 0.0 0.0 0.0
  outer loop
    vertex -3.2352001667022705 2.2655999660491943 20.793601989746094
    vertex -3.0815987586975098 2.2079999446868896 20.793601989746094
    vertex -3.2352001667022705 2.2655999660491943 19.200002670288086
  endloop
endfacet
facet normal 0.0 0.0 0.0
  outer loop
    vertex -3.0815987586975098 2.2079999446868896 19.200002670288086
    vertex -3.2352001667022705 2.2655999660491943 19.200002670288086
    vertex -3.0815987586975098 2.2079999446868896 20.793601989746094
  endloop
endfacet
facet normal 0.0 0.0 0.0
  outer loop
    vertex -3.3696014881134033 2.323200225830078 20.793601989746094
    vertex -3.2352001667022705 2.2655999660491943 20.793601989746094
    vertex -3.3696014881134033 2.323200225830078 19.200002670288086
  endloop
endfacet
facet normal 0.0 0.0 0.0
  outer loop
    vertex -3.2352001667022705 2.2655999660491943 19.200002670288086
    vertex -3.3696014881134033 2.323200225830078 19.200002670288086
    vertex -3.2352001667022705 2.2655999660491943 20.793601989746094
  endloop
endfacet
facet normal 0.0 0.0 0.0
  outer loop
    vertex -3.523200273513794 2.342400074005127 20.793601989746094
    vertex -3.3696014881134033 2.323200225830078 20.793601989746094
    vertex -3.523200273513794 2.342400074005127 19.200002670288086
  endloop
endfacet
facet normal 0.0 0.0 0.0
  outer loop
    vertex -3.3696014881134033 2.323200225830078 19.200002670288086
    vertex -3.523200273513794 2.342400074005127 19.200002670288086
    vertex -3.3696014881134033 2.323200225830078 20.793601989746094
  endloop
endfacet
facet normal 0.0 0.0 0.0
  outer loop
    vertex -3.6960012912750244 2.380800247192383 20.793601989746094
    vertex -3.523200273513794 2.342400074005127 20.793601989746094
    vertex -3.6960012912750244 2.380800247192383 19.200002670288086
  endloop
endfacet
facet normal 0.0 0.0 0.0
  outer loop
    vertex -3.523200273513794 2.342400074005127 19.200002670288086
    vertex -3.6960012912750244 2.380800247192383 19.200002670288086
    vertex -3.523200273513794 2.342400074005127 20.793601989746094
  endloop
endfacet
facet normal 0.0 0.0 0.0
  outer loop
    vertex -3.849602460861206 2.3999996185302734 20.793601989746094
    vertex -3.6960012912750244 2.380800247192383 20.793601989746094
    vertex -3.849602460861206 2.3999996185302734 19.200002670288086
  endloop
endfacet
facet normal 0.0 0.0 0.0
  outer loop
    vertex -3.6960012912750244 2.380800247192383 19.200002670288086
    vertex -3.849602460861206 2.3999996185302734 19.200002670288086
    vertex -3.6960012912750244 2.380800247192383 20.793601989746094
  endloop
endfacet
facet normal 0.0 0.0 0.0
  outer loop
    vertex -4.003202438354492 2.3999996185302734 20.793601989746094
    vertex -3.849602460861206 2.3999996185302734 20.793601989746094
    vertex -4.003202438354492 2.3999996185302734 19.200002670288086
  endloop
endfacet
facet normal 0.0 0.0 0.0
  outer loop
    vertex -3.849602460861206 2.3999996185302734 19.200002670288086
    vertex -4.003202438354492 2.3999996185302734 19.200002670288086
    vertex -3.849602460861206 2.3999996185302734 20.793601989746094
  endloop
endfacet
facet normal 0.0 0.0 0.0
  outer loop
    vertex -4.156802654266357 2.3999996185302734 20.793601989746094
    vertex -4.003202438354492 2.3999996185302734 20.793601989746094
    vertex -4.156802654266357 2.3999996185302734 19.200002670288086
  endloop
endfacet
facet normal 0.0 0.0 0.0
  outer loop
    vertex -4.003202438354492 2.3999996185302734 19.200002670288086
    vertex -4.156802654266357 2.3999996185302734 19.200002670288086
    vertex -4.003202438354492 2.3999996185302734 20.793601989746094
  endloop
endfacet
facet normal 0.0 0.0 0.0
  outer loop
    vertex -4.310400009155273 2.380800247192383 20.793601989746094
    vertex -4.156802654266357 2.3999996185302734 20.793601989746094
    vertex -4.310400009155273 2.380800247192383 19.200002670288086
  endloop
endfacet
facet normal 0.0 0.0 0.0
  outer loop
    vertex -4.156802654266357 2.3999996185302734 19.200002670288086
    vertex -4.310400009155273 2.380800247192383 19.200002670288086
    vertex -4.156802654266357 2.3999996185302734 20.793601989746094
  endloop
endfacet
facet normal 0.0 0.0 0.0
  outer loop
    vertex -4.464001178741455 2.342400074005127 20.793601989746094
    vertex -4.310400009155273 2.380800247192383 20.793601989746094
    vertex -4.464001178741455 2.342400074005127 19.200002670288086
  endloop
endfacet
facet normal 0.0 0.0 0.0
  outer loop
    vertex -4.310400009155273 2.380800247192383 19.200002670288086
    vertex -4.464001178741455 2.342400074005127 19.200002670288086
    vertex -4.310400009155273 2.380800247192383 20.793601989746094
  endloop
endfacet
facet normal 0.0 0.0 0.0
  outer loop
    vertex -4.61760139465332 2.323200225830078 20.793601989746094
    vertex -4.464001178741455 2.342400074005127 20.793601989746094
    vertex -4.61760139465332 2.323200225830078 19.200002670288086
  endloop
endfacet
facet normal 0.0 0.0 0.0
  outer loop
    vertex -4.464001178741455 2.342400074005127 19.200002670288086
    vertex -4.61760139465332 2.323200225830078 19.200002670288086
    vertex -4.464001178741455 2.342400074005127 20.793601989746094
  endloop
endfacet
facet normal 0.0 0.0 0.0
  outer loop
    vertex -4.771201133728027 2.2655999660491943 20.793601989746094
    vertex -4.61760139465332 2.323200225830078 20.793601989746094
    vertex -4.771201133728027 2.2655999660491943 19.200002670288086
  endloop
endfacet
facet normal 0.0 0.0 0.0
  outer loop
    vertex -4.61760139465332 2.323200225830078 19.200002670288086
    vertex -4.771201133728027 2.2655999660491943 19.200002670288086
    vertex -4.61760139465332 2.323200225830078 20.793601989746094
  endloop
endfacet
facet normal 0.0 0.0 0.0
  outer loop
    vertex -4.924801349639893 2.2079999446868896 20.793601989746094
    vertex -4.771201133728027 2.2655999660491943 20.793601989746094
    vertex -4.924801349639893 2.2079999446868896 19.200002670288086
  endloop
endfacet
facet normal 0.0 0.0 0.0
  outer loop
    vertex -4.771201133728027 2.2655999660491943 19.200002670288086
    vertex -4.924801349639893 2.2079999446868896 19.200002670288086
    vertex -4.771201133728027 2.2655999660491943 20.793601989746094
  endloop
endfacet
facet normal 0.0 0.0 0.0
  outer loop
    vertex -5.059201717376709 2.150400400161743 20.793601989746094
    vertex -4.924801349639893 2.2079999446868896 20.793601989746094
    vertex -5.059201717376709 2.150400400161743 19.200002670288086
  endloop
endfacet
facet normal 0.0 0.0 0.0
  outer loop
    vertex -4.924801349639893 2.2079999446868896 19.200002670288086
    vertex -5.059201717376709 2.150400400161743 19.200002670288086
    vertex -4.924801349639893 2.2079999446868896 20.793601989746094
  endloop
endfacet
facet normal 0.0 0.0 0.0
  outer loop
    vertex -5.193601608276367 2.0735998153686523 20.793601989746094
    vertex -5.059201717376709 2.150400400161743 20.793601989746094
    vertex -5.193601608276367 2.0735998153686523 19.200002670288086
  endloop
endfacet
facet normal 0.0 0.0 0.0
  outer loop
    vertex -5.059201717376709 2.150400400161743 19.200002670288086
    vertex -5.193601608276367 2.0735998153686523 19.200002670288086
    vertex -5.059201717376709 2.150400400161743 20.793601989746094
  endloop
endfacet
facet normal 0.0 0.0 0.0
  outer loop
    vertex -5.328001976013184 1.9967997074127197 20.793601989746094
    vertex -5.193601608276367 2.0735998153686523 20.793601989746094
    vertex -5.328001976013184 1.9967997074127197 19.200002670288086
  endloop
endfacet
facet normal 0.0 0.0 0.0
  outer loop
    vertex -5.193601608276367 2.0735998153686523 19.200002670288086
    vertex -5.328001976013184 1.9967997074127197 19.200002670288086
    vertex -5.193601608276367 2.0735998153686523 20.793601989746094
  endloop
endfacet
facet normal 0.0 0.0 0.0
  outer loop
    vertex -5.462401866912842 1.9007999897003174 20.793601989746094
    vertex -5.328001976013184 1.9967997074127197 20.793601989746094
    vertex -5.462401866912842 1.9007999897003174 19.200002670288086
  endloop
endfacet
facet normal 0.0 0.0 0.0
  outer loop
    vertex -5.328001976013184 1.9967997074127197 19.200002670288086
    vertex -5.462401866912842 1.9007999897003174 19.200002670288086
    vertex -5.328001976013184 1.9967997074127197 20.793601989746094
  endloop
endfacet
facet normal 0.0 0.0 0.0
  outer loop
    vertex -5.577600955963135 1.804800033569336 20.793601989746094
    vertex -5.462401866912842 1.9007999897003174 20.793601989746094
    vertex -5.577600955963135 1.804800033569336 19.200002670288086
  endloop
endfacet
facet normal 0.0 0.0 0.0
  outer loop
    vertex -5.462401866912842 1.9007999897003174 19.200002670288086
    vertex -5.577600955963135 1.804800033569336 19.200002670288086
    vertex -5.462401866912842 1.9007999897003174 20.793601989746094
  endloop
endfacet
facet normal 0.0 0.0 0.0
  outer loop
    vertex -5.692801475524902 1.6895997524261475 20.793601989746094
    vertex -5.577600955963135 1.804800033569336 20.793601989746094
    vertex -5.692801475524902 1.6895997524261475 19.200002670288086
  endloop
endfacet
facet normal 0.0 0.0 0.0
  outer loop
    vertex -5.577600955963135 1.804800033569336 19.200002670288086
    vertex -5.692801475524902 1.6895997524261475 19.200002670288086
    vertex -5.577600955963135 1.804800033569336 20.793601989746094
  endloop
endfacet
facet normal 0.0 0.0 0.0
  outer loop
    vertex -5.808001518249512 1.5744001865386963 20.793601989746094
    vertex -5.692801475524902 1.6895997524261475 20.793601989746094
    vertex -5.808001518249512 1.5744001865386963 19.200002670288086
  endloop
endfacet
facet normal 0.0 0.0 0.0
  outer loop
    vertex -5.692801475524902 1.6895997524261475 19.200002670288086
    vertex -5.808001518249512 1.5744001865386963 19.200002670288086
    vertex -5.692801475524902 1.6895997524261475 20.793601989746094
  endloop
endfacet
facet normal 0.0 0.0 0.0
  outer loop
    vertex -5.9040021896362305 1.4591999053955078 20.793601989746094
    vertex -5.808001518249512 1.5744001865386963 20.793601989746094
    vertex -5.9040021896362305 1.4591999053955078 19.200002670288086
  endloop
endfacet
facet normal 0.0 0.0 0.0
  outer loop
    vertex -5.808001518249512 1.5744001865386963 19.200002670288086
    vertex -5.9040021896362305 1.4591999053955078 19.200002670288086
    vertex -5.808001518249512 1.5744001865386963 20.793601989746094
  endloop
endfacet
facet normal 0.0 0.0 0.0
  outer loop
    vertex -6.000001430511475 1.3247997760772705 20.793601989746094
    vertex -5.9040021896362305 1.4591999053955078 20.793601989746094
    vertex -6.000001430511475 1.3247997760772705 19.200002670288086
  endloop
endfacet
facet normal 0.0 0.0 0.0
  outer loop
    vertex -5.9040021896362305 1.4591999053955078 19.200002670288086
    vertex -6.000001430511475 1.3247997760772705 19.200002670288086
    vertex -5.9040021896362305 1.4591999053955078 20.793601989746094
  endloop
endfacet
facet normal 0.0 0.0 0.0
  outer loop
    vertex -6.076801776885986 1.1903996467590332 20.793601989746094
    vertex -6.000001430511475 1.3247997760772705 20.793601989746094
    vertex -6.076801776885986 1.1903996467590332 19.200002670288086
  endloop
endfacet
facet normal 0.0 0.0 0.0
  outer loop
    vertex -6.000001430511475 1.3247997760772705 19.200002670288086
    vertex -6.076801776885986 1.1903996467590332 19.200002670288086
    vertex -6.000001430511475 1.3247997760772705 20.793601989746094
  endloop
endfacet
facet normal 0.0 0.0 0.0
  outer loop
    vertex -6.153602600097656 1.055999994277954 20.793601989746094
    vertex -6.076801776885986 1.1903996467590332 20.793601989746094
    vertex -6.153602600097656 1.055999994277954 19.200002670288086
  endloop
endfacet
facet normal 0.0 0.0 0.0
  outer loop
    vertex -6.076801776885986 1.1903996467590332 19.200002670288086
    vertex -6.153602600097656 1.055999994277954 19.200002670288086
    vertex -6.076801776885986 1.1903996467590332 20.793601989746094
  endloop
endfacet
facet normal 0.0 0.0 0.0
  outer loop
    vertex -6.211202144622803 0.9215999841690063 20.793601989746094
    vertex -6.153602600097656 1.055999994277954 20.793601989746094
    vertex -6.211202144622803 0.9216000437736511 19.200002670288086
  endloop
endfacet
facet normal 0.0 0.0 0.0
  outer loop
    vertex -6.172802448272705 1.0175998210906982 19.200002670288086
    vertex -6.211202144622803 0.9216000437736511 19.200002670288086
    vertex -6.153602600097656 1.055999994277954 20.793601989746094
  endloop
endfacet
facet normal 0.0 0.0 0.0
  outer loop
    vertex -6.153602600097656 1.055999994277954 19.200002670288086
    vertex -6.172802448272705 1.0175998210906982 19.200002670288086
    vertex -6.153602600097656 1.055999994277954 20.793601989746094
  endloop
endfacet
facet normal 0.0 0.0 0.0
  outer loop
    vertex -6.268801689147949 0.7680000066757202 20.793601989746094
    vertex -6.211202144622803 0.9215999841690063 20.793601989746094
    vertex -6.268801689147949 0.768000066280365 19.200002670288086
  endloop
endfacet
facet normal 0.0 0.0 0.0
  outer loop
    vertex -6.211202144622803 0.9216000437736511 19.200002670288086
    vertex -6.268801689147949 0.768000066280365 19.200002670288086
    vertex -6.211202144622803 0.9215999841690063 20.793601989746094
  endloop
endfacet
facet normal 0.0 0.0 0.0
  outer loop
    vertex -6.32640266418457 0.6143997311592102 20.793601989746094
    vertex -6.268801689147949 0.7680000066757202 20.793601989746094
    vertex -6.32640266418457 0.614399790763855 19.200002670288086
  endloop
endfacet
facet normal 0.0 0.0 0.0
  outer loop
    vertex -6.268801689147949 0.768000066280365 19.200002670288086
    vertex -6.32640266418457 0.614399790763855 19.200002670288086
    vertex -6.268801689147949 0.7680000066757202 20.793601989746094
  endloop
endfacet
facet normal 0.0 0.0 0.0
  outer loop
    vertex -6.345602512359619 0.4607997238636017 20.793601989746094
    vertex -6.32640266418457 0.6143997311592102 20.793601989746094
    vertex -6.345602512359619 0.4607997536659241 19.200002670288086
  endloop
endfacet
facet normal 0.0 0.0 0.0
  outer loop
    vertex -6.32640266418457 0.614399790763855 19.200002670288086
    vertex -6.345602512359619 0.4607997536659241 19.200002670288086
    vertex -6.32640266418457 0.6143997311592102 20.793601989746094
  endloop
endfacet
facet normal 0.0 0.0 0.0
  outer loop
    vertex -6.384002208709717 0.30719974637031555 20.793601989746094
    vertex -6.345602512359619 0.4607997238636017 20.793601989746094
    vertex -6.384002208709717 0.30719977617263794 19.200002670288086
  endloop
endfacet
facet normal 0.0 0.0 0.0
  outer loop
    vertex -6.345602512359619 0.4607997536659241 19.200002670288086
    vertex -6.384002208709717 0.30719977617263794 19.200002670288086
    vertex -6.345602512359619 0.4607997238636017 20.793601989746094
  endloop
endfacet
facet normal 0.0 0.0 0.0
  outer loop
    vertex -6.403202056884766 0.1535997837781906 20.793601989746094
    vertex -6.384002208709717 0.30719974637031555 20.793601989746094
    vertex -6.403202056884766 0.153599813580513 19.200002670288086
  endloop
endfacet
facet normal 0.0 0.0 0.0
  outer loop
    vertex -6.384002208709717 0.30719977617263794 19.200002670288086
    vertex -6.403202056884766 0.153599813580513 19.200002670288086
    vertex -6.384002208709717 0.30719974637031555 20.793601989746094
  endloop
endfacet
facet normal 0.0 0.0 0.0
  outer loop
    vertex -6.403202056884766 -1.9814839902210224e-07 20.793601989746094
    vertex -6.403202056884766 0.1535997837781906 20.793601989746094
    vertex -6.403202056884766 -1.612495026392935e-07 19.200002670288086
  endloop
endfacet
facet normal 0.0 0.0 0.0
  outer loop
    vertex -6.403202056884766 0.153599813580513 19.200002670288086
    vertex -6.403202056884766 -1.612495026392935e-07 19.200002670288086
    vertex -6.403202056884766 0.1535997837781906 20.793601989746094
  endloop
endfacet
facet normal 0.0 0.0 0.0
  outer loop
    vertex -6.403202056884766 -0.15360017120838165 20.793601989746094
    vertex -6.403202056884766 -1.9814839902210224e-07 20.793601989746094
    vertex -6.403202056884766 -0.15360014140605927 19.200002670288086
  endloop
endfacet
facet normal 0.0 0.0 0.0
  outer loop
    vertex -6.403202056884766 -1.612495026392935e-07 19.200002670288086
    vertex -6.403202056884766 -0.15360014140605927 19.200002670288086
    vertex -6.403202056884766 -1.9814839902210224e-07 20.793601989746094
  endloop
endfacet
facet normal 0.0 0.0 0.0
  outer loop
    vertex -6.384002208709717 -0.30720046162605286 20.793601989746094
    vertex -6.403202056884766 -0.15360017120838165 20.793601989746094
    vertex -6.384002208709717 -0.30720043182373047 19.200002670288086
  endloop
endfacet
facet normal 0.0 0.0 0.0
  outer loop
    vertex -6.403202056884766 -0.15360014140605927 19.200002670288086
    vertex -6.384002208709717 -0.30720043182373047 19.200002670288086
    vertex -6.403202056884766 -0.15360017120838165 20.793601989746094
  endloop
endfacet
facet normal 0.0 0.0 0.0
  outer loop
    vertex -6.345602512359619 -0.47999998927116394 20.793601989746094
    vertex -6.384002208709717 -0.30720046162605286 20.793601989746094
    vertex -6.345602512359619 -0.47999995946884155 19.200002670288086
  endloop
endfacet
facet normal 0.0 0.0 0.0
  outer loop
    vertex -6.384002208709717 -0.30720043182373047 19.200002670288086
    vertex -6.345602512359619 -0.47999995946884155 19.200002670288086
    vertex -6.384002208709717 -0.30720046162605286 20.793601989746094
  endloop
endfacet
facet normal 0.0 0.0 0.0
  outer loop
    vertex -6.32640266418457 -0.6336002349853516 20.793601989746094
    vertex -6.345602512359619 -0.47999998927116394 20.793601989746094
    vertex -6.32640266418457 -0.6336001753807068 19.200002670288086
  endloop
endfacet
facet normal 0.0 0.0 0.0
  outer loop
    vertex -6.345602512359619 -0.47999995946884155 19.200002670288086
    vertex -6.32640266418457 -0.6336001753807068 19.200002670288086
    vertex -6.345602512359619 -0.47999998927116394 20.793601989746094
  endloop
endfacet
facet normal 0.0 0.0 0.0
  outer loop
    vertex -6.268801689147949 -0.768000066280365 20.793601989746094
    vertex -6.32640266418457 -0.6336002349853516 20.793601989746094
    vertex -6.268801689147949 -0.7680000066757202 19.200002670288086
  endloop
endfacet
facet normal 0.0 0.0 0.0
  outer loop
    vertex -6.32640266418457 -0.6336001753807068 19.200002670288086
    vertex -6.268801689147949 -0.7680000066757202 19.200002670288086
    vertex -6.32640266418457 -0.6336002349853516 20.793601989746094
  endloop
endfacet
facet normal 0.0 0.0 0.0
  outer loop
    vertex -6.211202144622803 -0.9216000437736511 20.793601989746094
    vertex -6.268801689147949 -0.768000066280365 20.793601989746094
    vertex -6.211202144622803 -0.9215999841690063 19.200002670288086
  endloop
endfacet
facet normal 0.0 0.0 0.0
  outer loop
    vertex -6.268801689147949 -0.7680000066757202 19.200002670288086
    vertex -6.211202144622803 -0.9215999841690063 19.200002670288086
    vertex -6.268801689147949 -0.768000066280365 20.793601989746094
  endloop
endfacet
facet normal 0.0 0.0 0.0
  outer loop
    vertex -6.153602600097656 -1.0560002326965332 20.793601989746094
    vertex -6.211202144622803 -0.9216000437736511 20.793601989746094
    vertex -6.153602600097656 -1.0560002326965332 19.200002670288086
  endloop
endfacet
facet normal 0.0 0.0 0.0
  outer loop
    vertex -6.172802448272705 -1.0368001461029053 19.200002670288086
    vertex -6.153602600097656 -1.0560002326965332 19.200002670288086
    vertex -6.211202144622803 -0.9216000437736511 20.793601989746094
  endloop
endfacet
facet normal 0.0 0.0 0.0
  outer loop
    vertex -6.211202144622803 -0.9215999841690063 19.200002670288086
    vertex -6.172802448272705 -1.0368001461029053 19.200002670288086
    vertex -6.211202144622803 -0.9216000437736511 20.793601989746094
  endloop
endfacet
facet normal 0.0 0.0 0.0
  outer loop
    vertex -6.076801776885986 -1.2096002101898193 20.793601989746094
    vertex -6.153602600097656 -1.0560002326965332 20.793601989746094
    vertex -6.076801776885986 -1.2096002101898193 19.200002670288086
  endloop
endfacet
facet normal 0.0 0.0 0.0
  outer loop
    vertex -6.153602600097656 -1.0560002326965332 19.200002670288086
    vertex -6.076801776885986 -1.2096002101898193 19.200002670288086
    vertex -6.153602600097656 -1.0560002326965332 20.793601989746094
  endloop
endfacet
facet normal 0.0 0.0 0.0
  outer loop
    vertex -6.000001430511475 -1.3440003395080566 20.793601989746094
    vertex -6.076801776885986 -1.2096002101898193 20.793601989746094
    vertex -6.000001430511475 -1.3440003395080566 19.200002670288086
  endloop
endfacet
facet normal 0.0 0.0 0.0
  outer loop
    vertex -6.076801776885986 -1.2096002101898193 19.200002670288086
    vertex -6.000001430511475 -1.3440003395080566 19.200002670288086
    vertex -6.076801776885986 -1.2096002101898193 20.793601989746094
  endloop
endfacet
facet normal 0.0 0.0 0.0
  outer loop
    vertex -5.9040021896362305 -1.459200382232666 20.793601989746094
    vertex -6.000001430511475 -1.3440003395080566 20.793601989746094
    vertex -5.9040021896362305 -1.459200382232666 19.200002670288086
  endloop
endfacet
facet normal 0.0 0.0 0.0
  outer loop
    vertex -6.000001430511475 -1.3440003395080566 19.200002670288086
    vertex -5.9040021896362305 -1.459200382232666 19.200002670288086
    vertex -6.000001430511475 -1.3440003395080566 20.793601989746094
  endloop
endfacet
facet normal 0.0 0.0 0.0
  outer loop
    vertex -5.808001518249512 -1.5936005115509033 20.793601989746094
    vertex -5.9040021896362305 -1.459200382232666 20.793601989746094
    vertex -5.808001518249512 -1.5936005115509033 19.200002670288086
  endloop
endfacet
facet normal 0.0 0.0 0.0
  outer loop
    vertex -5.9040021896362305 -1.459200382232666 19.200002670288086
    vertex -5.808001518249512 -1.5936005115509033 19.200002670288086
    vertex -5.9040021896362305 -1.459200382232666 20.793601989746094
  endloop
endfacet
facet normal 0.0 0.0 0.0
  outer loop
    vertex -5.692801475524902 -1.7088004350662231 20.793601989746094
    vertex -5.808001518249512 -1.5936005115509033 20.793601989746094
    vertex -5.692801475524902 -1.7088004350662231 19.200002670288086
  endloop
endfacet
facet normal 0.0 0.0 0.0
  outer loop
    vertex -5.808001518249512 -1.5936005115509033 19.200002670288086
    vertex -5.692801475524902 -1.7088004350662231 19.200002670288086
    vertex -5.808001518249512 -1.5936005115509033 20.793601989746094
  endloop
endfacet
facet normal 0.0 0.0 0.0
  outer loop
    vertex -5.577600955963135 -1.804800271987915 19.200002670288086
    vertex -5.577600955963135 -1.804800271987915 20.793601989746094
    vertex -5.692801475524902 -1.7088004350662231 20.793601989746094
  endloop
endfacet
facet normal 0.0 0.0 0.0
  outer loop
    vertex -5.692801475524902 -1.7088004350662231 20.793601989746094
    vertex -5.692801475524902 -1.7088004350662231 19.200002670288086
    vertex -5.577600955963135 -1.804800271987915 19.200002670288086
  endloop
endfacet
facet normal 0.0 0.0 0.0
  outer loop
    vertex -5.462401866912842 -1.9008004665374756 19.200002670288086
    vertex -5.462401866912842 -1.9008004665374756 20.793601989746094
    vertex -5.577600955963135 -1.804800271987915 20.793601989746094
  endloop
endfacet
facet normal 0.0 0.0 0.0
  outer loop
    vertex -5.577600955963135 -1.804800271987915 20.793601989746094
    vertex -5.577600955963135 -1.804800271987915 19.200002670288086
    vertex -5.462401866912842 -1.9008004665374756 19.200002670288086
  endloop
endfacet
facet normal 0.0 0.0 0.0
  outer loop
    vertex -5.328001976013184 -1.996800422668457 19.200002670288086
    vertex -5.328001976013184 -1.996800422668457 20.793601989746094
    vertex -5.462401866912842 -1.9008004665374756 20.793601989746094
  endloop
endfacet
facet normal 0.0 0.0 0.0
  outer loop
    vertex -5.462401866912842 -1.9008004665374756 20.793601989746094
    vertex -5.462401866912842 -1.9008004665374756 19.200002670288086
    vertex -5.328001976013184 -1.996800422668457 19.200002670288086
  endloop
endfacet
facet normal 0.0 0.0 0.0
  outer loop
    vertex -5.193601608276367 -2.0736002922058105 19.200002670288086
    vertex -5.193601608276367 -2.0736002922058105 20.793601989746094
    vertex -5.328001976013184 -1.996800422668457 20.793601989746094
  endloop
endfacet
facet normal 0.0 0.0 0.0
  outer loop
    vertex -5.328001976013184 -1.996800422668457 20.793601989746094
    vertex -5.328001976013184 -1.996800422668457 19.200002670288086
    vertex -5.193601608276367 -2.0736002922058105 19.200002670288086
  endloop
endfacet
facet normal 0.0 0.0 0.0
  outer loop
    vertex -5.059201717376709 -2.150400400161743 19.200002670288086
    vertex -5.059201717376709 -2.150400400161743 20.793601989746094
    vertex -5.193601608276367 -2.0736002922058105 20.793601989746094
  endloop
endfacet
facet normal 0.0 0.0 0.0
  outer loop
    vertex -5.193601608276367 -2.0736002922058105 20.793601989746094
    vertex -5.193601608276367 -2.0736002922058105 19.200002670288086
    vertex -5.059201717376709 -2.150400400161743 19.200002670288086
  endloop
endfacet
facet normal 0.0 0.0 0.0
  outer loop
    vertex -4.924801349639893 -2.2272002696990967 19.200002670288086
    vertex -4.924801349639893 -2.2272002696990967 20.793601989746094
    vertex -5.059201717376709 -2.150400400161743 20.793601989746094
  endloop
endfacet
facet normal 0.0 0.0 0.0
  outer loop
    vertex -5.059201717376709 -2.150400400161743 20.793601989746094
    vertex -5.059201717376709 -2.150400400161743 19.200002670288086
    vertex -4.924801349639893 -2.2272002696990967 19.200002670288086
  endloop
endfacet
facet normal 0.0 0.0 0.0
  outer loop
    vertex -4.771201133728027 -2.2848005294799805 19.200002670288086
    vertex -4.771201133728027 -2.2848005294799805 20.793601989746094
    vertex -4.924801349639893 -2.2272002696990967 20.793601989746094
  endloop
endfacet
facet normal 0.0 0.0 0.0
  outer loop
    vertex -4.924801349639893 -2.2272002696990967 20.793601989746094
    vertex -4.924801349639893 -2.2272002696990967 19.200002670288086
    vertex -4.771201133728027 -2.2848005294799805 19.200002670288086
  endloop
endfacet
facet normal 0.0 0.0 0.0
  outer loop
    vertex -4.61760139465332 -2.3232004642486572 19.200002670288086
    vertex -4.61760139465332 -2.3232004642486572 20.793601989746094
    vertex -4.771201133728027 -2.2848005294799805 20.793601989746094
  endloop
endfacet
facet normal 0.0 0.0 0.0
  outer loop
    vertex -4.771201133728027 -2.2848005294799805 20.793601989746094
    vertex -4.771201133728027 -2.2848005294799805 19.200002670288086
    vertex -4.61760139465332 -2.3232004642486572 19.200002670288086
  endloop
endfacet
facet normal 0.0 0.0 0.0
  outer loop
    vertex -4.464001178741455 -2.361600399017334 19.200002670288086
    vertex -4.464001178741455 -2.361600399017334 20.793601989746094
    vertex -4.61760139465332 -2.3232004642486572 20.793601989746094
  endloop
endfacet
facet normal 0.0 0.0 0.0
  outer loop
    vertex -4.61760139465332 -2.3232004642486572 20.793601989746094
    vertex -4.61760139465332 -2.3232004642486572 19.200002670288086
    vertex -4.464001178741455 -2.361600399017334 19.200002670288086
  endloop
endfacet
facet normal 0.0 0.0 0.0
  outer loop
    vertex -4.310400009155273 -2.380800247192383 19.200002670288086
    vertex -4.310400009155273 -2.380800247192383 20.793601989746094
    vertex -4.464001178741455 -2.361600399017334 20.793601989746094
  endloop
endfacet
facet normal 0.0 0.0 0.0
  outer loop
    vertex -4.464001178741455 -2.361600399017334 20.793601989746094
    vertex -4.464001178741455 -2.361600399017334 19.200002670288086
    vertex -4.310400009155273 -2.380800247192383 19.200002670288086
  endloop
endfacet
facet normal 0.0 0.0 0.0
  outer loop
    vertex -4.156802654266357 -2.4000003337860107 19.200002670288086
    vertex -4.156802654266357 -2.4000003337860107 20.793601989746094
    vertex -4.310400009155273 -2.380800247192383 20.793601989746094
  endloop
endfacet
facet normal 0.0 0.0 0.0
  outer loop
    vertex -4.310400009155273 -2.380800247192383 20.793601989746094
    vertex -4.310400009155273 -2.380800247192383 19.200002670288086
    vertex -4.156802654266357 -2.4000003337860107 19.200002670288086
  endloop
endfacet
facet normal 0.0 0.0 0.0
  outer loop
    vertex -4.003202438354492 -2.4000003337860107 19.200002670288086
    vertex -4.003202438354492 -2.4000003337860107 20.793601989746094
    vertex -4.156802654266357 -2.4000003337860107 20.793601989746094
  endloop
endfacet
facet normal 0.0 0.0 0.0
  outer loop
    vertex -4.156802654266357 -2.4000003337860107 20.793601989746094
    vertex -4.156802654266357 -2.4000003337860107 19.200002670288086
    vertex -4.003202438354492 -2.4000003337860107 19.200002670288086
  endloop
endfacet
facet normal 0.0 0.0 0.0
  outer loop
    vertex -3.849602460861206 -2.4000003337860107 19.200002670288086
    vertex -3.849602460861206 -2.4000003337860107 20.793601989746094
    vertex -4.003202438354492 -2.4000003337860107 20.793601989746094
  endloop
endfacet
facet normal 0.0 0.0 0.0
  outer loop
    vertex -4.003202438354492 -2.4000003337860107 20.793601989746094
    vertex -4.003202438354492 -2.4000003337860107 19.200002670288086
    vertex -3.849602460861206 -2.4000003337860107 19.200002670288086
  endloop
endfacet
facet normal 0.0 0.0 0.0
  outer loop
    vertex -3.6960012912750244 -2.380800247192383 19.200002670288086
    vertex -3.6960012912750244 -2.380800247192383 20.793601989746094
    vertex -3.849602460861206 -2.4000003337860107 20.793601989746094
  endloop
endfacet
facet normal 0.0 0.0 0.0
  outer loop
    vertex -3.849602460861206 -2.4000003337860107 20.793601989746094
    vertex -3.849602460861206 -2.4000003337860107 19.200002670288086
    vertex -3.6960012912750244 -2.380800247192383 19.200002670288086
  endloop
endfacet
facet normal 0.0 0.0 0.0
  outer loop
    vertex -3.523200273513794 -2.361600399017334 19.200002670288086
    vertex -3.523200273513794 -2.361600399017334 20.793601989746094
    vertex -3.6960012912750244 -2.380800247192383 20.793601989746094
  endloop
endfacet
facet normal 0.0 0.0 0.0
  outer loop
    vertex -3.6960012912750244 -2.380800247192383 20.793601989746094
    vertex -3.6960012912750244 -2.380800247192383 19.200002670288086
    vertex -3.523200273513794 -2.361600399017334 19.200002670288086
  endloop
endfacet
facet normal 0.0 0.0 0.0
  outer loop
    vertex -3.3696014881134033 -2.3232004642486572 19.200002670288086
    vertex -3.3696014881134033 -2.3232004642486572 20.793601989746094
    vertex -3.523200273513794 -2.361600399017334 20.793601989746094
  endloop
endfacet
facet normal 0.0 0.0 0.0
  outer loop
    vertex -3.523200273513794 -2.361600399017334 20.793601989746094
    vertex -3.523200273513794 -2.361600399017334 19.200002670288086
    vertex -3.3696014881134033 -2.3232004642486572 19.200002670288086
  endloop
endfacet
facet normal 0.0 0.0 0.0
  outer loop
    vertex -3.2352001667022705 -2.2848005294799805 19.200002670288086
    vertex -3.2352001667022705 -2.2848005294799805 20.793601989746094
    vertex -3.3696014881134033 -2.3232004642486572 20.793601989746094
  endloop
endfacet
facet normal 0.0 0.0 0.0
  outer loop
    vertex -3.3696014881134033 -2.3232004642486572 20.793601989746094
    vertex -3.3696014881134033 -2.3232004642486572 19.200002670288086
    vertex -3.2352001667022705 -2.2848005294799805 19.200002670288086
  endloop
endfacet
facet normal 0.0 0.0 0.0
  outer loop
    vertex -3.0815987586975098 -2.2272002696990967 19.200002670288086
    vertex -3.0815987586975098 -2.2272002696990967 20.793601989746094
    vertex -3.2352001667022705 -2.2848005294799805 20.793601989746094
  endloop
endfacet
facet normal 0.0 0.0 0.0
  outer loop
    vertex -3.2352001667022705 -2.2848005294799805 20.793601989746094
    vertex -3.2352001667022705 -2.2848005294799805 19.200002670288086
    vertex -3.0815987586975098 -2.2272002696990967 19.200002670288086
  endloop
endfacet
facet normal 0.0 0.0 0.0
  outer loop
    vertex -2.947199821472168 -2.150400400161743 19.200002670288086
    vertex -2.947199821472168 -2.150400400161743 20.793601989746094
    vertex -3.0815987586975098 -2.2272002696990967 20.793601989746094
  endloop
endfacet
facet normal 0.0 0.0 0.0
  outer loop
    vertex -3.0815987586975098 -2.2272002696990967 20.793601989746094
    vertex -3.0815987586975098 -2.2272002696990967 19.200002670288086
    vertex -2.947199821472168 -2.150400400161743 19.200002670288086
  endloop
endfacet
facet normal 0.0 0.0 0.0
  outer loop
    vertex -2.7936010360717773 -2.0736002922058105 19.200002670288086
    vertex -2.7936010360717773 -2.0736002922058105 20.793601989746094
    vertex -2.947199821472168 -2.150400400161743 20.793601989746094
  endloop
endfacet
facet normal 0.0 0.0 0.0
  outer loop
    vertex -2.947199821472168 -2.150400400161743 20.793601989746094
    vertex -2.947199821472168 -2.150400400161743 19.200002670288086
    vertex -2.7936010360717773 -2.0736002922058105 19.200002670288086
  endloop
endfacet
facet normal 0.0 0.0 0.0
  outer loop
    vertex -2.6591997146606445 -1.996800422668457 19.200002670288086
    vertex -2.6591997146606445 -1.996800422668457 20.793601989746094
    vertex -2.7936010360717773 -2.0736002922058105 20.793601989746094
  endloop
endfacet
facet normal 0.0 0.0 0.0
  outer loop
    vertex -2.7936010360717773 -2.0736002922058105 20.793601989746094
    vertex -2.7936010360717773 -2.0736002922058105 19.200002670288086
    vertex -2.6591997146606445 -1.996800422668457 19.200002670288086
  endloop
endfacet
facet normal 0.0 0.0 0.0
  outer loop
    vertex -2.5440006256103516 -1.9008004665374756 19.200002670288086
    vertex -2.5440006256103516 -1.9008004665374756 20.793601989746094
    vertex -2.6591997146606445 -1.996800422668457 20.793601989746094
  endloop
endfacet
facet normal 0.0 0.0 0.0
  outer loop
    vertex -2.6591997146606445 -1.996800422668457 20.793601989746094
    vertex -2.6591997146606445 -1.996800422668457 19.200002670288086
    vertex -2.5440006256103516 -1.9008004665374756 19.200002670288086
  endloop
endfacet
facet normal 0.0 0.0 0.0
  outer loop
    vertex -2.4095993041992188 -1.804800271987915 19.200002670288086
    vertex -2.4095993041992188 -1.804800271987915 20.793601989746094
    vertex -2.5440006256103516 -1.9008004665374756 20.793601989746094
  endloop
endfacet
facet normal 0.0 0.0 0.0
  outer loop
    vertex -2.5440006256103516 -1.9008004665374756 20.793601989746094
    vertex -2.5440006256103516 -1.9008004665374756 19.200002670288086
    vertex -2.4095993041992188 -1.804800271987915 19.200002670288086
  endloop
endfacet
facet normal 0.0 0.0 0.0
  outer loop
    vertex -2.294402599334717 -1.7088004350662231 19.200002670288086
    vertex -2.294402599334717 -1.7088004350662231 20.793601989746094
    vertex -2.4095993041992188 -1.804800271987915 20.793601989746094
  endloop
endfacet
facet normal 0.0 0.0 0.0
  outer loop
    vertex -2.4095993041992188 -1.804800271987915 20.793601989746094
    vertex -2.4095993041992188 -1.804800271987915 19.200002670288086
    vertex -2.294402599334717 -1.7088004350662231 19.200002670288086
  endloop
endfacet
facet normal 0.0 0.0 0.0
  outer loop
    vertex -2.1983985900878906 -1.5936005115509033 19.200002670288086
    vertex -2.294402599334717 -1.7088004350662231 20.793601989746094
    vertex -2.294402599334717 -1.7088004350662231 19.200002670288086
  endloop
endfacet
facet normal 0.0 0.0 0.0
  outer loop
    vertex -2.294402599334717 -1.7088004350662231 20.793601989746094
    vertex -2.1983985900878906 -1.5936005115509033 19.200002670288086
    vertex -2.1983985900878906 -1.5936005115509033 20.793601989746094
  endloop
endfacet
facet normal 0.0 0.0 0.0
  outer loop
    vertex -2.1023993492126465 -1.459200382232666 19.200002670288086
    vertex -2.1983985900878906 -1.5936005115509033 20.793601989746094
    vertex -2.1983985900878906 -1.5936005115509033 19.200002670288086
  endloop
endfacet
facet normal 0.0 0.0 0.0
  outer loop
    vertex -2.1983985900878906 -1.5936005115509033 20.793601989746094
    vertex -2.1023993492126465 -1.459200382232666 19.200002670288086
    vertex -2.1023993492126465 -1.459200382232666 20.793601989746094
  endloop
endfacet
facet normal 0.0 0.0 0.0
  outer loop
    vertex -2.0064001083374023 -1.3440003395080566 19.200002670288086
    vertex -2.1023993492126465 -1.459200382232666 20.793601989746094
    vertex -2.1023993492126465 -1.459200382232666 19.200002670288086
  endloop
endfacet
facet normal 0.0 0.0 0.0
  outer loop
    vertex -2.1023993492126465 -1.459200382232666 20.793601989746094
    vertex -2.0064001083374023 -1.3440003395080566 19.200002670288086
    vertex -2.0064001083374023 -1.3440003395080566 20.793601989746094
  endloop
endfacet
facet normal 0.0 0.0 0.0
  outer loop
    vertex -1.9296005964279175 -1.2096002101898193 19.200002670288086
    vertex -2.0064001083374023 -1.3440003395080566 20.793601989746094
    vertex -2.0064001083374023 -1.3440003395080566 19.200002670288086
  endloop
endfacet
facet normal 0.0 0.0 0.0
  outer loop
    vertex -2.0064001083374023 -1.3440003395080566 20.793601989746094
    vertex -1.9296005964279175 -1.2096002101898193 19.200002670288086
    vertex -1.9296005964279175 -1.2096002101898193 20.793601989746094
  endloop
endfacet
facet normal 0.0 0.0 0.0
  outer loop
    vertex -1.8528012037277222 -1.0560002326965332 19.200002670288086
    vertex -1.9296005964279175 -1.2096002101898193 20.793601989746094
    vertex -1.9296005964279175 -1.2096002101898193 19.200002670288086
  endloop
endfacet
facet normal 0.0 0.0 0.0
  outer loop
    vertex -1.9296005964279175 -1.2096002101898193 20.793601989746094
    vertex -1.8528012037277222 -1.0560002326965332 19.200002670288086
    vertex -1.8528012037277222 -1.0560002326965332 20.793601989746094
  endloop
endfacet
facet normal 0.0 0.0 0.0
  outer loop
    vertex -1.7759994268417358 -0.9215999841690063 19.200002670288086
    vertex -1.8528012037277222 -1.0560002326965332 20.793601989746094
    vertex -1.8528012037277222 -1.0560002326965332 19.200002670288086
  endloop
endfacet
facet normal 0.0 0.0 0.0
  outer loop
    vertex -1.8528012037277222 -1.0560002326965332 20.793601989746094
    vertex -1.7759994268417358 -0.9215999841690063 19.200002670288086
    vertex -1.7759994268417358 -0.9216000437736511 20.793601989746094
  endloop
endfacet
facet normal 0.0 0.0 0.0
  outer loop
    vertex -1.7183998823165894 -0.7680000066757202 19.200002670288086
    vertex -1.7759994268417358 -0.9216000437736511 20.793601989746094
    vertex -1.7759994268417358 -0.9215999841690063 19.200002670288086
  endloop
endfacet
facet normal 0.0 0.0 0.0
  outer loop
    vertex -1.7759994268417358 -0.9216000437736511 20.793601989746094
    vertex -1.7183998823165894 -0.7680000066757202 19.200002670288086
    vertex -1.7183998823165894 -0.768000066280365 20.793601989746094
  endloop
endfacet
facet normal 0.0 0.0 0.0
  outer loop
    vertex -1.6800001859664917 -0.6336001753807068 19.200002670288086
    vertex -1.7183998823165894 -0.768000066280365 20.793601989746094
    vertex -1.7183998823165894 -0.7680000066757202 19.200002670288086
  endloop
endfacet
facet normal 0.0 0.0 0.0
  outer loop
    vertex -1.7183998823165894 -0.768000066280365 20.793601989746094
    vertex -1.6800001859664917 -0.6336001753807068 19.200002670288086
    vertex -1.6800001859664917 -0.6336002349853516 20.793601989746094
  endloop
endfacet
facet normal 0.0 0.0 0.0
  outer loop
    vertex -1.641600489616394 -0.47999995946884155 19.200002670288086
    vertex -1.6800001859664917 -0.6336002349853516 20.793601989746094
    vertex -1.6800001859664917 -0.6336001753807068 19.200002670288086
  endloop
endfacet
facet normal 0.0 0.0 0.0
  outer loop
    vertex -1.6800001859664917 -0.6336002349853516 20.793601989746094
    vertex -1.641600489616394 -0.47999995946884155 19.200002670288086
    vertex -1.641600489616394 -0.47999998927116394 20.793601989746094
  endloop
endfacet
facet normal 0.0 0.0 0.0
  outer loop
    vertex -1.6224006414413452 -0.30720043182373047 19.200002670288086
    vertex -1.641600489616394 -0.47999998927116394 20.793601989746094
    vertex -1.641600489616394 -0.47999995946884155 19.200002670288086
  endloop
endfacet
facet normal 0.0 0.0 0.0
  outer loop
    vertex -1.641600489616394 -0.47999998927116394 20.793601989746094
    vertex -1.6224006414413452 -0.30720043182373047 19.200002670288086
    vertex -1.6224006414413452 -0.30720046162605286 20.793601989746094
  endloop
endfacet
facet normal 0.0 0.0 0.0
  outer loop
    vertex -1.6224006414413452 -0.26880013942718506 19.200002670288086
    vertex -1.6224006414413452 -0.30720046162605286 20.793601989746094
    vertex -1.6224006414413452 -0.30720043182373047 19.200002670288086
  endloop
endfacet
facet normal 0.0 0.0 0.0
  outer loop
    vertex -1.6032007932662964 -0.15360014140605927 19.200002670288086
    vertex -1.6224006414413452 -0.30720046162605286 20.793601989746094
    vertex -1.6224006414413452 -0.26880013942718506 19.200002670288086
  endloop
endfacet
facet normal 0.0 0.0 0.0
  outer loop
    vertex -1.6224006414413452 -0.30720046162605286 20.793601989746094
    vertex -1.6032007932662964 -0.15360014140605927 19.200002670288086
    vertex -1.6032007932662964 -0.15360017120838165 20.793601989746094
  endloop
endfacet
facet normal 0.0 0.0 0.0
  outer loop
    vertex -1.6032007932662964 -1.612495026392935e-07 19.200002670288086
    vertex -1.6032007932662964 -0.15360017120838165 20.793601989746094
    vertex -1.6032007932662964 -0.15360014140605927 19.200002670288086
  endloop
endfacet
facet normal 0.0 0.0 0.0
  outer loop
    vertex -1.6032007932662964 -0.15360017120838165 20.793601989746094
    vertex -1.6032007932662964 -1.612495026392935e-07 19.200002670288086
    vertex -1.6032007932662964 -1.9814839902210224e-07 20.793601989746094
  endloop
endfacet
facet normal 0.0 0.0 0.0
  outer loop
    vertex 6.403202056884766 0.153599813580513 19.200002670288086
    vertex 6.403202056884766 -1.9814839902210224e-07 20.793601989746094
    vertex 6.403202056884766 -1.612495026392935e-07 19.200002670288086
  endloop
endfacet
facet normal 0.0 0.0 0.0
  outer loop
    vertex 6.403202056884766 -1.9814839902210224e-07 20.793601989746094
    vertex 6.403202056884766 0.153599813580513 19.200002670288086
    vertex 6.403202056884766 0.1535997837781906 20.793601989746094
  endloop
endfacet
facet normal 0.0 0.0 0.0
  outer loop
    vertex 6.383999824523926 0.30719977617263794 19.200002670288086
    vertex 6.403202056884766 0.1535997837781906 20.793601989746094
    vertex 6.403202056884766 0.153599813580513 19.200002670288086
  endloop
endfacet
facet normal 0.0 0.0 0.0
  outer loop
    vertex 6.403202056884766 0.1535997837781906 20.793601989746094
    vertex 6.383999824523926 0.30719977617263794 19.200002670288086
    vertex 6.383999824523926 0.30719974637031555 20.793601989746094
  endloop
endfacet
facet normal 0.0 0.0 0.0
  outer loop
    vertex 6.345600128173828 0.4607997536659241 19.200002670288086
    vertex 6.383999824523926 0.30719974637031555 20.793601989746094
    vertex 6.383999824523926 0.30719977617263794 19.200002670288086
  endloop
endfacet
facet normal 0.0 0.0 0.0
  outer loop
    vertex 6.383999824523926 0.30719974637031555 20.793601989746094
    vertex 6.345600128173828 0.4607997536659241 19.200002670288086
    vertex 6.345600128173828 0.4607997238636017 20.793601989746094
  endloop
endfacet
facet normal 0.0 0.0 0.0
  outer loop
    vertex 6.32640266418457 0.614399790763855 19.200002670288086
    vertex 6.345600128173828 0.4607997238636017 20.793601989746094
    vertex 6.345600128173828 0.4607997536659241 19.200002670288086
  endloop
endfacet
facet normal 0.0 0.0 0.0
  outer loop
    vertex 6.345600128173828 0.4607997238636017 20.793601989746094
    vertex 6.32640266418457 0.614399790763855 19.200002670288086
    vertex 6.32640266418457 0.6143997311592102 20.793601989746094
  endloop
endfacet
facet normal 0.0 0.0 0.0
  outer loop
    vertex 6.268803119659424 0.768000066280365 19.200002670288086
    vertex 6.32640266418457 0.6143997311592102 20.793601989746094
    vertex 6.32640266418457 0.614399790763855 19.200002670288086
  endloop
endfacet
facet normal 0.0 0.0 0.0
  outer loop
    vertex 6.32640266418457 0.6143997311592102 20.793601989746094
    vertex 6.268803119659424 0.768000066280365 19.200002670288086
    vertex 6.268803119659424 0.7680000066757202 20.793601989746094
  endloop
endfacet
facet normal 0.0 0.0 0.0
  outer loop
    vertex 6.211200714111328 0.9216000437736511 19.200002670288086
    vertex 6.268803119659424 0.7680000066757202 20.793601989746094
    vertex 6.268803119659424 0.768000066280365 19.200002670288086
  endloop
endfacet
facet normal 0.0 0.0 0.0
  outer loop
    vertex 6.268803119659424 0.7680000066757202 20.793601989746094
    vertex 6.211200714111328 0.9216000437736511 19.200002670288086
    vertex 6.211200714111328 0.9215999841690063 20.793601989746094
  endloop
endfacet
facet normal 0.0 0.0 0.0
  outer loop
    vertex 6.1728010177612305 1.0175998210906982 19.200002670288086
    vertex 6.211200714111328 0.9215999841690063 20.793601989746094
    vertex 6.211200714111328 0.9216000437736511 19.200002670288086
  endloop
endfacet
facet normal 0.0 0.0 0.0
  outer loop
    vertex 6.153601169586182 1.055999994277954 19.200002670288086
    vertex 6.211200714111328 0.9215999841690063 20.793601989746094
    vertex 6.1728010177612305 1.0175998210906982 19.200002670288086
  endloop
endfacet
facet normal 0.0 0.0 0.0
  outer loop
    vertex 6.211200714111328 0.9215999841690063 20.793601989746094
    vertex 6.153601169586182 1.055999994277954 19.200002670288086
    vertex 6.153601169586182 1.055999994277954 20.793601989746094
  endloop
endfacet
facet normal 0.0 0.0 0.0
  outer loop
    vertex 6.076801776885986 1.1903996467590332 19.200002670288086
    vertex 6.153601169586182 1.055999994277954 20.793601989746094
    vertex 6.153601169586182 1.055999994277954 19.200002670288086
  endloop
endfacet
facet normal 0.0 0.0 0.0
  outer loop
    vertex 6.153601169586182 1.055999994277954 20.793601989746094
    vertex 6.076801776885986 1.1903996467590332 19.200002670288086
    vertex 6.076801776885986 1.1903996467590332 20.793601989746094
  endloop
endfacet
facet normal 0.0 0.0 0.0
  outer loop
    vertex 6.0 1.3247997760772705 19.200002670288086
    vertex 6.076801776885986 1.1903996467590332 20.793601989746094
    vertex 6.076801776885986 1.1903996467590332 19.200002670288086
  endloop
endfacet
facet normal 0.0 0.0 0.0
  outer loop
    vertex 6.076801776885986 1.1903996467590332 20.793601989746094
    vertex 6.0 1.3247997760772705 19.200002670288086
    vertex 6.0 1.3247997760772705 20.793601989746094
  endloop
endfacet
facet normal 0.0 0.0 0.0
  outer loop
    vertex 5.904000759124756 1.4591999053955078 19.200002670288086
    vertex 6.0 1.3247997760772705 20.793601989746094
    vertex 6.0 1.3247997760772705 19.200002670288086
  endloop
endfacet
facet normal 0.0 0.0 0.0
  outer loop
    vertex 6.0 1.3247997760772705 20.793601989746094
    vertex 5.904000759124756 1.4591999053955078 19.200002670288086
    vertex 5.904000759124756 1.4591999053955078 20.793601989746094
  endloop
endfacet
facet normal 0.0 0.0 0.0
  outer loop
    vertex 5.808001518249512 1.5744001865386963 19.200002670288086
    vertex 5.904000759124756 1.4591999053955078 20.793601989746094
    vertex 5.904000759124756 1.4591999053955078 19.200002670288086
  endloop
endfacet
facet normal 0.0 0.0 0.0
  outer loop
    vertex 5.904000759124756 1.4591999053955078 20.793601989746094
    vertex 5.808001518249512 1.5744001865386963 19.200002670288086
    vertex 5.808001518249512 1.5744001865386963 20.793601989746094
  endloop
endfacet
facet normal 0.0 0.0 0.0
  outer loop
    vertex 5.692802429199219 1.6895997524261475 19.200002670288086
    vertex 5.808001518249512 1.5744001865386963 20.793601989746094
    vertex 5.808001518249512 1.5744001865386963 19.200002670288086
  endloop
endfacet
facet normal 0.0 0.0 0.0
  outer loop
    vertex 5.808001518249512 1.5744001865386963 20.793601989746094
    vertex 5.692802429199219 1.6895997524261475 19.200002670288086
    vertex 5.692802429199219 1.6895997524261475 20.793601989746094
  endloop
endfacet
facet normal 0.0 0.0 0.0
  outer loop
    vertex 5.577600955963135 1.804800033569336 20.793601989746094
    vertex 5.692802429199219 1.6895997524261475 20.793601989746094
    vertex 5.577600955963135 1.804800033569336 19.200002670288086
  endloop
endfacet
facet normal 0.0 0.0 0.0
  outer loop
    vertex 5.692802429199219 1.6895997524261475 19.200002670288086
    vertex 5.577600955963135 1.804800033569336 19.200002670288086
    vertex 5.692802429199219 1.6895997524261475 20.793601989746094
  endloop
endfacet
facet normal 0.0 0.0 0.0
  outer loop
    vertex 5.462399482727051 1.9007999897003174 20.793601989746094
    vertex 5.577600955963135 1.804800033569336 20.793601989746094
    vertex 5.462399482727051 1.9007999897003174 19.200002670288086
  endloop
endfacet
facet normal 0.0 0.0 0.0
  outer loop
    vertex 5.577600955963135 1.804800033569336 19.200002670288086
    vertex 5.462399482727051 1.9007999897003174 19.200002670288086
    vertex 5.577600955963135 1.804800033569336 20.793601989746094
  endloop
endfacet
facet normal 0.0 0.0 0.0
  outer loop
    vertex 5.328000545501709 1.9967997074127197 20.793601989746094
    vertex 5.462399482727051 1.9007999897003174 20.793601989746094
    vertex 5.328000545501709 1.9967997074127197 19.200002670288086
  endloop
endfacet
facet normal 0.0 0.0 0.0
  outer loop
    vertex 5.462399482727051 1.9007999897003174 19.200002670288086
    vertex 5.328000545501709 1.9967997074127197 19.200002670288086
    vertex 5.462399482727051 1.9007999897003174 20.793601989746094
  endloop
endfacet
facet normal 0.0 0.0 0.0
  outer loop
    vertex 5.193601608276367 2.0735998153686523 20.793601989746094
    vertex 5.328000545501709 1.9967997074127197 20.793601989746094
    vertex 5.193601608276367 2.0735998153686523 19.200002670288086
  endloop
endfacet
facet normal 0.0 0.0 0.0
  outer loop
    vertex 5.328000545501709 1.9967997074127197 19.200002670288086
    vertex 5.193601608276367 2.0735998153686523 19.200002670288086
    vertex 5.328000545501709 1.9967997074127197 20.793601989746094
  endloop
endfacet
facet normal 0.0 0.0 0.0
  outer loop
    vertex 5.059202671051025 2.150400400161743 20.793601989746094
    vertex 5.193601608276367 2.0735998153686523 20.793601989746094
    vertex 5.059202671051025 2.150400400161743 19.200002670288086
  endloop
endfacet
facet normal 0.0 0.0 0.0
  outer loop
    vertex 5.193601608276367 2.0735998153686523 19.200002670288086
    vertex 5.059202671051025 2.150400400161743 19.200002670288086
    vertex 5.193601608276367 2.0735998153686523 20.793601989746094
  endloop
endfacet
facet normal 0.0 0.0 0.0
  outer loop
    vertex 4.924801349639893 2.2079999446868896 20.793601989746094
    vertex 5.059202671051025 2.150400400161743 20.793601989746094
    vertex 4.924801349639893 2.2079999446868896 19.200002670288086
  endloop
endfacet
facet normal 0.0 0.0 0.0
  outer loop
    vertex 5.059202671051025 2.150400400161743 19.200002670288086
    vertex 4.924801349639893 2.2079999446868896 19.200002670288086
    vertex 5.059202671051025 2.150400400161743 20.793601989746094
  endloop
endfacet
facet normal 0.0 0.0 0.0
  outer loop
    vertex 4.771200180053711 2.2655999660491943 20.793601989746094
    vertex 4.924801349639893 2.2079999446868896 20.793601989746094
    vertex 4.771200180053711 2.2655999660491943 19.200002670288086
  endloop
endfacet
facet normal 0.0 0.0 0.0
  outer loop
    vertex 4.924801349639893 2.2079999446868896 19.200002670288086
    vertex 4.771200180053711 2.2655999660491943 19.200002670288086
    vertex 4.924801349639893 2.2079999446868896 20.793601989746094
  endloop
endfacet
facet normal 0.0 0.0 0.0
  outer loop
    vertex 4.61760139465332 2.323200225830078 20.793601989746094
    vertex 4.771200180053711 2.2655999660491943 20.793601989746094
    vertex 4.61760139465332 2.323200225830078 19.200002670288086
  endloop
endfacet
facet normal 0.0 0.0 0.0
  outer loop
    vertex 4.771200180053711 2.2655999660491943 19.200002670288086
    vertex 4.61760139465332 2.323200225830078 19.200002670288086
    vertex 4.771200180053711 2.2655999660491943 20.793601989746094
  endloop
endfacet
facet normal 0.0 0.0 0.0
  outer loop
    vertex 4.46400260925293 2.342400074005127 20.793601989746094
    vertex 4.61760139465332 2.323200225830078 20.793601989746094
    vertex 4.46400260925293 2.342400074005127 19.200002670288086
  endloop
endfacet
facet normal 0.0 0.0 0.0
  outer loop
    vertex 4.61760139465332 2.323200225830078 19.200002670288086
    vertex 4.46400260925293 2.342400074005127 19.200002670288086
    vertex 4.61760139465332 2.323200225830078 20.793601989746094
  endloop
endfacet
facet normal 0.0 0.0 0.0
  outer loop
    vertex 4.310401439666748 2.380800247192383 20.793601989746094
    vertex 4.46400260925293 2.342400074005127 20.793601989746094
    vertex 4.310401439666748 2.380800247192383 19.200002670288086
  endloop
endfacet
facet normal 0.0 0.0 0.0
  outer loop
    vertex 4.46400260925293 2.342400074005127 19.200002670288086
    vertex 4.310401439666748 2.380800247192383 19.200002670288086
    vertex 4.46400260925293 2.342400074005127 20.793601989746094
  endloop
endfacet
facet normal 0.0 0.0 0.0
  outer loop
    vertex 4.156800270080566 2.3999996185302734 20.793601989746094
    vertex 4.310401439666748 2.380800247192383 20.793601989746094
    vertex 4.156800270080566 2.3999996185302734 19.200002670288086
  endloop
endfacet
facet normal 0.0 0.0 0.0
  outer loop
    vertex 4.310401439666748 2.380800247192383 19.200002670288086
    vertex 4.156800270080566 2.3999996185302734 19.200002670288086
    vertex 4.310401439666748 2.380800247192383 20.793601989746094
  endloop
endfacet
facet normal 0.0 0.0 0.0
  outer loop
    vertex 4.003201484680176 2.3999996185302734 20.793601989746094
    vertex 4.156800270080566 2.3999996185302734 20.793601989746094
    vertex 4.003201484680176 2.3999996185302734 19.200002670288086
  endloop
endfacet
facet normal 0.0 0.0 0.0
  outer loop
    vertex 4.156800270080566 2.3999996185302734 19.200002670288086
    vertex 4.003201484680176 2.3999996185302734 19.200002670288086
    vertex 4.156800270080566 2.3999996185302734 20.793601989746094
  endloop
endfacet
facet normal 0.0 0.0 0.0
  outer loop
    vertex 3.849600076675415 2.3999996185302734 20.793601989746094
    vertex 4.003201484680176 2.3999996185302734 20.793601989746094
    vertex 3.849600076675415 2.3999996185302734 19.200002670288086
  endloop
endfacet
facet normal 0.0 0.0 0.0
  outer loop
    vertex 4.003201484680176 2.3999996185302734 19.200002670288086
    vertex 3.849600076675415 2.3999996185302734 19.200002670288086
    vertex 4.003201484680176 2.3999996185302734 20.793601989746094
  endloop
endfacet
facet normal 0.0 0.0 0.0
  outer loop
    vertex 3.6960012912750244 2.380800247192383 20.793601989746094
    vertex 3.849600076675415 2.3999996185302734 20.793601989746094
    vertex 3.6960012912750244 2.380800247192383 19.200002670288086
  endloop
endfacet
facet normal 0.0 0.0 0.0
  outer loop
    vertex 3.849600076675415 2.3999996185302734 19.200002670288086
    vertex 3.6960012912750244 2.380800247192383 19.200002670288086
    vertex 3.849600076675415 2.3999996185302734 20.793601989746094
  endloop
endfacet
facet normal 0.0 0.0 0.0
  outer loop
    vertex 3.523200273513794 2.342400074005127 20.793601989746094
    vertex 3.6960012912750244 2.380800247192383 20.793601989746094
    vertex 3.523200273513794 2.342400074005127 19.200002670288086
  endloop
endfacet
facet normal 0.0 0.0 0.0
  outer loop
    vertex 3.6960012912750244 2.380800247192383 19.200002670288086
    vertex 3.523200273513794 2.342400074005127 19.200002670288086
    vertex 3.6960012912750244 2.380800247192383 20.793601989746094
  endloop
endfacet
facet normal 0.0 0.0 0.0
  outer loop
    vertex 3.3696014881134033 2.323200225830078 20.793601989746094
    vertex 3.523200273513794 2.342400074005127 20.793601989746094
    vertex 3.3696014881134033 2.323200225830078 19.200002670288086
  endloop
endfacet
facet normal 0.0 0.0 0.0
  outer loop
    vertex 3.523200273513794 2.342400074005127 19.200002670288086
    vertex 3.3696014881134033 2.323200225830078 19.200002670288086
    vertex 3.523200273513794 2.342400074005127 20.793601989746094
  endloop
endfacet
facet normal 0.0 0.0 0.0
  outer loop
    vertex 3.2352025508880615 2.2655999660491943 20.793601989746094
    vertex 3.3696014881134033 2.323200225830078 20.793601989746094
    vertex 3.2352025508880615 2.2655999660491943 19.200002670288086
  endloop
endfacet
facet normal 0.0 0.0 0.0
  outer loop
    vertex 3.3696014881134033 2.323200225830078 19.200002670288086
    vertex 3.2352025508880615 2.2655999660491943 19.200002670288086
    vertex 3.3696014881134033 2.323200225830078 20.793601989746094
  endloop
endfacet
facet normal 0.0 0.0 0.0
  outer loop
    vertex 3.081601142883301 2.2079999446868896 20.793601989746094
    vertex 3.2352025508880615 2.2655999660491943 20.793601989746094
    vertex 3.081601142883301 2.2079999446868896 19.200002670288086
  endloop
endfacet
facet normal 0.0 0.0 0.0
  outer loop
    vertex 3.2352025508880615 2.2655999660491943 19.200002670288086
    vertex 3.081601142883301 2.2079999446868896 19.200002670288086
    vertex 3.2352025508880615 2.2655999660491943 20.793601989746094
  endloop
endfacet
facet normal 0.0 0.0 0.0
  outer loop
    vertex 2.947202205657959 2.150400400161743 20.793601989746094
    vertex 3.081601142883301 2.2079999446868896 20.793601989746094
    vertex 2.947202205657959 2.150400400161743 19.200002670288086
  endloop
endfacet
facet normal 0.0 0.0 0.0
  outer loop
    vertex 3.081601142883301 2.2079999446868896 19.200002670288086
    vertex 2.947202205657959 2.150400400161743 19.200002670288086
    vertex 3.081601142883301 2.2079999446868896 20.793601989746094
  endloop
endfacet
facet normal 0.0 0.0 0.0
  outer loop
    vertex 2.7936010360717773 2.0735998153686523 20.793601989746094
    vertex 2.947202205657959 2.150400400161743 20.793601989746094
    vertex 2.7936010360717773 2.0735998153686523 19.200002670288086
  endloop
endfacet
facet normal 0.0 0.0 0.0
  outer loop
    vertex 2.947202205657959 2.150400400161743 19.200002670288086
    vertex 2.7936010360717773 2.0735998153686523 19.200002670288086
    vertex 2.947202205657959 2.150400400161743 20.793601989746094
  endloop
endfacet
facet normal 0.0 0.0 0.0
  outer loop
    vertex 2.6591997146606445 1.9967997074127197 20.793601989746094
    vertex 2.7936010360717773 2.0735998153686523 20.793601989746094
    vertex 2.6591997146606445 1.9967997074127197 19.200002670288086
  endloop
endfacet
facet normal 0.0 0.0 0.0
  outer loop
    vertex 2.7936010360717773 2.0735998153686523 19.200002670288086
    vertex 2.6591997146606445 1.9967997074127197 19.200002670288086
    vertex 2.7936010360717773 2.0735998153686523 20.793601989746094
  endloop
endfacet
facet normal 0.0 0.0 0.0
  outer loop
    vertex 2.5440006256103516 1.9007999897003174 20.793601989746094
    vertex 2.6591997146606445 1.9967997074127197 20.793601989746094
    vertex 2.5440006256103516 1.9007999897003174 19.200002670288086
  endloop
endfacet
facet normal 0.0 0.0 0.0
  outer loop
    vertex 2.6591997146606445 1.9967997074127197 19.200002670288086
    vertex 2.5440006256103516 1.9007999897003174 19.200002670288086
    vertex 2.6591997146606445 1.9967997074127197 20.793601989746094
  endloop
endfacet
facet normal 0.0 0.0 0.0
  outer loop
    vertex 2.4096016883850098 1.804800033569336 20.793601989746094
    vertex 2.5440006256103516 1.9007999897003174 20.793601989746094
    vertex 2.4096016883850098 1.804800033569336 19.200002670288086
  endloop
endfacet
facet normal 0.0 0.0 0.0
  outer loop
    vertex 2.5440006256103516 1.9007999897003174 19.200002670288086
    vertex 2.4096016883850098 1.804800033569336 19.200002670288086
    vertex 2.5440006256103516 1.9007999897003174 20.793601989746094
  endloop
endfacet
facet normal 0.0 0.0 0.0
  outer loop
    vertex 2.294400215148926 1.6895997524261475 20.793601989746094
    vertex 2.4096016883850098 1.804800033569336 20.793601989746094
    vertex 2.294400215148926 1.6895997524261475 19.200002670288086
  endloop
endfacet
facet normal 0.0 0.0 0.0
  outer loop
    vertex 2.4096016883850098 1.804800033569336 19.200002670288086
    vertex 2.294400215148926 1.6895997524261475 19.200002670288086
    vertex 2.4096016883850098 1.804800033569336 20.793601989746094
  endloop
endfacet
facet normal 0.0 0.0 0.0
  outer loop
    vertex 2.1984009742736816 1.5744001865386963 20.793601989746094
    vertex 2.294400215148926 1.6895997524261475 20.793601989746094
    vertex 2.1984009742736816 1.5744001865386963 19.200002670288086
  endloop
endfacet
facet normal 0.0 0.0 0.0
  outer loop
    vertex 2.294400215148926 1.6895997524261475 19.200002670288086
    vertex 2.1984009742736816 1.5744001865386963 19.200002670288086
    vertex 2.294400215148926 1.6895997524261475 20.793601989746094
  endloop
endfacet
facet normal 0.0 0.0 0.0
  outer loop
    vertex 2.1024017333984375 1.4591999053955078 20.793601989746094
    vertex 2.1984009742736816 1.5744001865386963 20.793601989746094
    vertex 2.1024017333984375 1.4591999053955078 19.200002670288086
  endloop
endfacet
facet normal 0.0 0.0 0.0
  outer loop
    vertex 2.1984009742736816 1.5744001865386963 19.200002670288086
    vertex 2.1024017333984375 1.4591999053955078 19.200002670288086
    vertex 2.1984009742736816 1.5744001865386963 20.793601989746094
  endloop
endfacet
facet normal 0.0 0.0 0.0
  outer loop
    vertex 2.0064001083374023 1.3247997760772705 20.793601989746094
    vertex 2.1024017333984375 1.4591999053955078 20.793601989746094
    vertex 2.0064001083374023 1.3247997760772705 19.200002670288086
  endloop
endfacet
facet normal 0.0 0.0 0.0
  outer loop
    vertex 2.1024017333984375 1.4591999053955078 19.200002670288086
    vertex 2.0064001083374023 1.3247997760772705 19.200002670288086
    vertex 2.1024017333984375 1.4591999053955078 20.793601989746094
  endloop
endfacet
facet normal 0.0 0.0 0.0
  outer loop
    vertex 1.9296005964279175 1.1903996467590332 20.793601989746094
    vertex 2.0064001083374023 1.3247997760772705 20.793601989746094
    vertex 1.9296005964279175 1.1903996467590332 19.200002670288086
  endloop
endfacet
facet normal 0.0 0.0 0.0
  outer loop
    vertex 2.0064001083374023 1.3247997760772705 19.200002670288086
    vertex 1.9296005964279175 1.1903996467590332 19.200002670288086
    vertex 2.0064001083374023 1.3247997760772705 20.793601989746094
  endloop
endfacet
facet normal 0.0 0.0 0.0
  outer loop
    vertex 1.8528012037277222 1.055999994277954 20.793601989746094
    vertex 1.9296005964279175 1.1903996467590332 20.793601989746094
    vertex 1.8528012037277222 1.055999994277954 19.200002670288086
  endloop
endfacet
facet normal 0.0 0.0 0.0
  outer loop
    vertex 1.9296005964279175 1.1903996467590332 19.200002670288086
    vertex 1.8528012037277222 1.055999994277954 19.200002670288086
    vertex 1.9296005964279175 1.1903996467590332 20.793601989746094
  endloop
endfacet
facet normal 0.0 0.0 0.0
  outer loop
    vertex 1.7759994268417358 0.9215999841690063 20.793601989746094
    vertex 1.8528012037277222 1.055999994277954 20.793601989746094
    vertex 1.7759994268417358 0.9216000437736511 19.200002670288086
  endloop
endfacet
facet normal 0.0 0.0 0.0
  outer loop
    vertex 1.8528012037277222 1.055999994277954 19.200002670288086
    vertex 1.7759994268417358 0.9216000437736511 19.200002670288086
    vertex 1.8528012037277222 1.055999994277954 20.793601989746094
  endloop
endfacet
facet normal 0.0 0.0 0.0
  outer loop
    vertex 1.7184022665023804 0.7680000066757202 20.793601989746094
    vertex 1.7759994268417358 0.9215999841690063 20.793601989746094
    vertex 1.7184022665023804 0.768000066280365 19.200002670288086
  endloop
endfacet
facet normal 0.0 0.0 0.0
  outer loop
    vertex 1.7759994268417358 0.9216000437736511 19.200002670288086
    vertex 1.7184022665023804 0.768000066280365 19.200002670288086
    vertex 1.7759994268417358 0.9215999841690063 20.793601989746094
  endloop
endfacet
facet normal 0.0 0.0 0.0
  outer loop
    vertex 1.6800001859664917 0.6143997311592102 20.793601989746094
    vertex 1.7184022665023804 0.7680000066757202 20.793601989746094
    vertex 1.6800001859664917 0.614399790763855 19.200002670288086
  endloop
endfacet
facet normal 0.0 0.0 0.0
  outer loop
    vertex 1.7184022665023804 0.768000066280365 19.200002670288086
    vertex 1.6800001859664917 0.614399790763855 19.200002670288086
    vertex 1.7184022665023804 0.7680000066757202 20.793601989746094
  endloop
endfacet
facet normal 0.0 0.0 0.0
  outer loop
    vertex 1.641600489616394 0.4607997238636017 20.793601989746094
    vertex 1.6800001859664917 0.6143997311592102 20.793601989746094
    vertex 1.641600489616394 0.4607997536659241 19.200002670288086
  endloop
endfacet
facet normal 0.0 0.0 0.0
  outer loop
    vertex 1.6800001859664917 0.614399790763855 19.200002670288086
    vertex 1.641600489616394 0.4607997536659241 19.200002670288086
    vertex 1.6800001859664917 0.6143997311592102 20.793601989746094
  endloop
endfacet
facet normal 0.0 0.0 0.0
  outer loop
    vertex 1.6224006414413452 0.30719974637031555 20.793601989746094
    vertex 1.641600489616394 0.4607997238636017 20.793601989746094
    vertex 1.6224006414413452 0.30719977617263794 19.200002670288086
  endloop
endfacet
facet normal 0.0 0.0 0.0
  outer loop
    vertex 1.641600489616394 0.4607997536659241 19.200002670288086
    vertex 1.6224006414413452 0.30719977617263794 19.200002670288086
    vertex 1.641600489616394 0.4607997238636017 20.793601989746094
  endloop
endfacet
facet normal 0.0 0.0 0.0
  outer loop
    vertex 1.6032007932662964 0.1535997837781906 20.793601989746094
    vertex 1.6224006414413452 0.30719974637031555 20.793601989746094
    vertex 1.6032007932662964 0.153599813580513 19.200002670288086
  endloop
endfacet
facet normal 0.0 0.0 0.0
  outer loop
    vertex 1.6224006414413452 0.2688000798225403 19.200002670288086
    vertex 1.6032007932662964 0.153599813580513 19.200002670288086
    vertex 1.6224006414413452 0.30719974637031555 20.793601989746094
  endloop
endfacet
facet normal 0.0 0.0 0.0
  outer loop
    vertex 1.6224006414413452 0.30719977617263794 19.200002670288086
    vertex 1.6224006414413452 0.2688000798225403 19.200002670288086
    vertex 1.6224006414413452 0.30719974637031555 20.793601989746094
  endloop
endfacet
facet normal 0.0 0.0 0.0
  outer loop
    vertex 1.6032007932662964 -1.9814839902210224e-07 20.793601989746094
    vertex 1.6032007932662964 0.1535997837781906 20.793601989746094
    vertex 1.6032007932662964 -1.612495026392935e-07 19.200002670288086
  endloop
endfacet
facet normal 0.0 0.0 0.0
  outer loop
    vertex 1.6032007932662964 0.153599813580513 19.200002670288086
    vertex 1.6032007932662964 -1.612495026392935e-07 19.200002670288086
    vertex 1.6032007932662964 0.1535997837781906 20.793601989746094
  endloop
endfacet
facet normal 0.0 0.0 0.0
  outer loop
    vertex 1.6032007932662964 -0.15360017120838165 20.793601989746094
    vertex 1.6032007932662964 -1.9814839902210224e-07 20.793601989746094
    vertex 1.6032007932662964 -0.15360014140605927 19.200002670288086
  endloop
endfacet
facet normal 0.0 0.0 0.0
  outer loop
    vertex 1.6032007932662964 -1.612495026392935e-07 19.200002670288086
    vertex 1.6032007932662964 -0.15360014140605927 19.200002670288086
    vertex 1.6032007932662964 -1.9814839902210224e-07 20.793601989746094
  endloop
endfacet
facet normal 0.0 0.0 0.0
  outer loop
    vertex 1.6224006414413452 -0.30720046162605286 20.793601989746094
    vertex 1.6032007932662964 -0.15360017120838165 20.793601989746094
    vertex 1.6224006414413452 -0.30720043182373047 19.200002670288086
  endloop
endfacet
facet normal 0.0 0.0 0.0
  outer loop
    vertex 1.6224006414413452 -0.26880013942718506 19.200002670288086
    vertex 1.6224006414413452 -0.30720043182373047 19.200002670288086
    vertex 1.6032007932662964 -0.15360017120838165 20.793601989746094
  endloop
endfacet
facet normal 0.0 0.0 0.0
  outer loop
    vertex 1.6032007932662964 -0.15360014140605927 19.200002670288086
    vertex 1.6224006414413452 -0.26880013942718506 19.200002670288086
    vertex 1.6032007932662964 -0.15360017120838165 20.793601989746094
  endloop
endfacet
facet normal 0.0 0.0 0.0
  outer loop
    vertex 1.641600489616394 -0.47999998927116394 20.793601989746094
    vertex 1.6224006414413452 -0.30720046162605286 20.793601989746094
    vertex 1.641600489616394 -0.47999995946884155 19.200002670288086
  endloop
endfacet
facet normal 0.0 0.0 0.0
  outer loop
    vertex 1.6224006414413452 -0.30720043182373047 19.200002670288086
    vertex 1.641600489616394 -0.47999995946884155 19.200002670288086
    vertex 1.6224006414413452 -0.30720046162605286 20.793601989746094
  endloop
endfacet
facet normal 0.0 0.0 0.0
  outer loop
    vertex 1.6800001859664917 -0.6336002349853516 20.793601989746094
    vertex 1.641600489616394 -0.47999998927116394 20.793601989746094
    vertex 1.6800001859664917 -0.6336001753807068 19.200002670288086
  endloop
endfacet
facet normal 0.0 0.0 0.0
  outer loop
    vertex 1.641600489616394 -0.47999995946884155 19.200002670288086
    vertex 1.6800001859664917 -0.6336001753807068 19.200002670288086
    vertex 1.641600489616394 -0.47999998927116394 20.793601989746094
  endloop
endfacet
facet normal 0.0 0.0 0.0
  outer loop
    vertex 1.7184022665023804 -0.768000066280365 20.793601989746094
    vertex 1.6800001859664917 -0.6336002349853516 20.793601989746094
    vertex 1.7184022665023804 -0.7680000066757202 19.200002670288086
  endloop
endfacet
facet normal 0.0 0.0 0.0
  outer loop
    vertex 1.6800001859664917 -0.6336001753807068 19.200002670288086
    vertex 1.7184022665023804 -0.7680000066757202 19.200002670288086
    vertex 1.6800001859664917 -0.6336002349853516 20.793601989746094
  endloop
endfacet
facet normal 0.0 0.0 0.0
  outer loop
    vertex 1.7759994268417358 -0.9216000437736511 20.793601989746094
    vertex 1.7184022665023804 -0.768000066280365 20.793601989746094
    vertex 1.7759994268417358 -0.9215999841690063 19.200002670288086
  endloop
endfacet
facet normal 0.0 0.0 0.0
  outer loop
    vertex 1.7184022665023804 -0.7680000066757202 19.200002670288086
    vertex 1.7759994268417358 -0.9215999841690063 19.200002670288086
    vertex 1.7184022665023804 -0.768000066280365 20.793601989746094
  endloop
endfacet
facet normal 0.0 0.0 0.0
  outer loop
    vertex 1.8528012037277222 -1.0560002326965332 20.793601989746094
    vertex 1.7759994268417358 -0.9216000437736511 20.793601989746094
    vertex 1.8528012037277222 -1.0560002326965332 19.200002670288086
  endloop
endfacet
facet normal 0.0 0.0 0.0
  outer loop
    vertex 1.7759994268417358 -0.9215999841690063 19.200002670288086
    vertex 1.8528012037277222 -1.0560002326965332 19.200002670288086
    vertex 1.7759994268417358 -0.9216000437736511 20.793601989746094
  endloop
endfacet
facet normal 0.0 0.0 0.0
  outer loop
    vertex 1.9296005964279175 -1.2096002101898193 20.793601989746094
    vertex 1.8528012037277222 -1.0560002326965332 20.793601989746094
    vertex 1.9296005964279175 -1.2096002101898193 19.200002670288086
  endloop
endfacet
facet normal 0.0 0.0 0.0
  outer loop
    vertex 1.8528012037277222 -1.0560002326965332 19.200002670288086
    vertex 1.9296005964279175 -1.2096002101898193 19.200002670288086
    vertex 1.8528012037277222 -1.0560002326965332 20.793601989746094
  endloop
endfacet
facet normal 0.0 0.0 0.0
  outer loop
    vertex 2.0064001083374023 -1.3440003395080566 20.793601989746094
    vertex 1.9296005964279175 -1.2096002101898193 20.793601989746094
    vertex 2.0064001083374023 -1.3440003395080566 19.200002670288086
  endloop
endfacet
facet normal 0.0 0.0 0.0
  outer loop
    vertex 1.9296005964279175 -1.2096002101898193 19.200002670288086
    vertex 2.0064001083374023 -1.3440003395080566 19.200002670288086
    vertex 1.9296005964279175 -1.2096002101898193 20.793601989746094
  endloop
endfacet
facet normal 0.0 0.0 0.0
  outer loop
    vertex 2.1024017333984375 -1.459200382232666 20.793601989746094
    vertex 2.0064001083374023 -1.3440003395080566 20.793601989746094
    vertex 2.1024017333984375 -1.459200382232666 19.200002670288086
  endloop
endfacet
facet normal 0.0 0.0 0.0
  outer loop
    vertex 2.0064001083374023 -1.3440003395080566 19.200002670288086
    vertex 2.1024017333984375 -1.459200382232666 19.200002670288086
    vertex 2.0064001083374023 -1.3440003395080566 20.793601989746094
  endloop
endfacet
facet normal 0.0 0.0 0.0
  outer loop
    vertex 2.1984009742736816 -1.5936005115509033 20.793601989746094
    vertex 2.1024017333984375 -1.459200382232666 20.793601989746094
    vertex 2.1984009742736816 -1.5936005115509033 19.200002670288086
  endloop
endfacet
facet normal 0.0 0.0 0.0
  outer loop
    vertex 2.1024017333984375 -1.459200382232666 19.200002670288086
    vertex 2.1984009742736816 -1.5936005115509033 19.200002670288086
    vertex 2.1024017333984375 -1.459200382232666 20.793601989746094
  endloop
endfacet
facet normal 0.0 0.0 0.0
  outer loop
    vertex 2.294400215148926 -1.7088004350662231 20.793601989746094
    vertex 2.1984009742736816 -1.5936005115509033 20.793601989746094
    vertex 2.294400215148926 -1.7088004350662231 19.200002670288086
  endloop
endfacet
facet normal 0.0 0.0 0.0
  outer loop
    vertex 2.1984009742736816 -1.5936005115509033 19.200002670288086
    vertex 2.294400215148926 -1.7088004350662231 19.200002670288086
    vertex 2.1984009742736816 -1.5936005115509033 20.793601989746094
  endloop
endfacet
facet normal 0.0 0.0 0.0
  outer loop
    vertex 2.4096016883850098 -1.804800271987915 19.200002670288086
    vertex 2.4096016883850098 -1.804800271987915 20.793601989746094
    vertex 2.294400215148926 -1.7088004350662231 20.793601989746094
  endloop
endfacet
facet normal 0.0 0.0 0.0
  outer loop
    vertex 2.294400215148926 -1.7088004350662231 20.793601989746094
    vertex 2.294400215148926 -1.7088004350662231 19.200002670288086
    vertex 2.4096016883850098 -1.804800271987915 19.200002670288086
  endloop
endfacet
facet normal 0.0 0.0 0.0
  outer loop
    vertex 2.5440006256103516 -1.9008004665374756 19.200002670288086
    vertex 2.5440006256103516 -1.9008004665374756 20.793601989746094
    vertex 2.4096016883850098 -1.804800271987915 20.793601989746094
  endloop
endfacet
facet normal 0.0 0.0 0.0
  outer loop
    vertex 2.4096016883850098 -1.804800271987915 20.793601989746094
    vertex 2.4096016883850098 -1.804800271987915 19.200002670288086
    vertex 2.5440006256103516 -1.9008004665374756 19.200002670288086
  endloop
endfacet
facet normal 0.0 0.0 0.0
  outer loop
    vertex 2.6591997146606445 -1.996800422668457 19.200002670288086
    vertex 2.6591997146606445 -1.996800422668457 20.793601989746094
    vertex 2.5440006256103516 -1.9008004665374756 20.793601989746094
  endloop
endfacet
facet normal 0.0 0.0 0.0
  outer loop
    vertex 2.5440006256103516 -1.9008004665374756 20.793601989746094
    vertex 2.5440006256103516 -1.9008004665374756 19.200002670288086
    vertex 2.6591997146606445 -1.996800422668457 19.200002670288086
  endloop
endfacet
facet normal 0.0 0.0 0.0
  outer loop
    vertex 2.7936010360717773 -2.0736002922058105 19.200002670288086
    vertex 2.7936010360717773 -2.0736002922058105 20.793601989746094
    vertex 2.6591997146606445 -1.996800422668457 20.793601989746094
  endloop
endfacet
facet normal 0.0 0.0 0.0
  outer loop
    vertex 2.6591997146606445 -1.996800422668457 20.793601989746094
    vertex 2.6591997146606445 -1.996800422668457 19.200002670288086
    vertex 2.7936010360717773 -2.0736002922058105 19.200002670288086
  endloop
endfacet
facet normal 0.0 0.0 0.0
  outer loop
    vertex 2.947202205657959 -2.150400400161743 19.200002670288086
    vertex 2.947202205657959 -2.150400400161743 20.793601989746094
    vertex 2.7936010360717773 -2.0736002922058105 20.793601989746094
  endloop
endfacet
facet normal 0.0 0.0 0.0
  outer loop
    vertex 2.7936010360717773 -2.0736002922058105 20.793601989746094
    vertex 2.7936010360717773 -2.0736002922058105 19.200002670288086
    vertex 2.947202205657959 -2.150400400161743 19.200002670288086
  endloop
endfacet
facet normal 0.0 0.0 0.0
  outer loop
    vertex 3.081601142883301 -2.2272002696990967 19.200002670288086
    vertex 3.081601142883301 -2.2272002696990967 20.793601989746094
    vertex 2.947202205657959 -2.150400400161743 20.793601989746094
  endloop
endfacet
facet normal 0.0 0.0 0.0
  outer loop
    vertex 2.947202205657959 -2.150400400161743 20.793601989746094
    vertex 2.947202205657959 -2.150400400161743 19.200002670288086
    vertex 3.081601142883301 -2.2272002696990967 19.200002670288086
  endloop
endfacet
facet normal 0.0 0.0 0.0
  outer loop
    vertex 3.2352025508880615 -2.2848005294799805 19.200002670288086
    vertex 3.2352025508880615 -2.2848005294799805 20.793601989746094
    vertex 3.081601142883301 -2.2272002696990967 20.793601989746094
  endloop
endfacet
facet normal 0.0 0.0 0.0
  outer loop
    vertex 3.081601142883301 -2.2272002696990967 20.793601989746094
    vertex 3.081601142883301 -2.2272002696990967 19.200002670288086
    vertex 3.2352025508880615 -2.2848005294799805 19.200002670288086
  endloop
endfacet
facet normal 0.0 0.0 0.0
  outer loop
    vertex 3.3696014881134033 -2.3232004642486572 19.200002670288086
    vertex 3.3696014881134033 -2.3232004642486572 20.793601989746094
    vertex 3.2352025508880615 -2.2848005294799805 20.793601989746094
  endloop
endfacet
facet normal 0.0 0.0 0.0
  outer loop
    vertex 3.2352025508880615 -2.2848005294799805 20.793601989746094
    vertex 3.2352025508880615 -2.2848005294799805 19.200002670288086
    vertex 3.3696014881134033 -2.3232004642486572 19.200002670288086
  endloop
endfacet
facet normal 0.0 0.0 0.0
  outer loop
    vertex 3.523200273513794 -2.361600399017334 19.200002670288086
    vertex 3.523200273513794 -2.361600399017334 20.793601989746094
    vertex 3.3696014881134033 -2.3232004642486572 20.793601989746094
  endloop
endfacet
facet normal 0.0 0.0 0.0
  outer loop
    vertex 3.3696014881134033 -2.3232004642486572 20.793601989746094
    vertex 3.3696014881134033 -2.3232004642486572 19.200002670288086
    vertex 3.523200273513794 -2.361600399017334 19.200002670288086
  endloop
endfacet
facet normal 0.0 0.0 0.0
  outer loop
    vertex 3.6960012912750244 -2.380800247192383 19.200002670288086
    vertex 3.6960012912750244 -2.380800247192383 20.793601989746094
    vertex 3.523200273513794 -2.361600399017334 20.793601989746094
  endloop
endfacet
facet normal 0.0 0.0 0.0
  outer loop
    vertex 3.523200273513794 -2.361600399017334 20.793601989746094
    vertex 3.523200273513794 -2.361600399017334 19.200002670288086
    vertex 3.6960012912750244 -2.380800247192383 19.200002670288086
  endloop
endfacet
facet normal 0.0 0.0 0.0
  outer loop
    vertex 3.849600076675415 -2.4000003337860107 19.200002670288086
    vertex 3.849600076675415 -2.4000003337860107 20.793601989746094
    vertex 3.6960012912750244 -2.380800247192383 20.793601989746094
  endloop
endfacet
facet normal 0.0 0.0 0.0
  outer loop
    vertex 3.6960012912750244 -2.380800247192383 20.793601989746094
    vertex 3.6960012912750244 -2.380800247192383 19.200002670288086
    vertex 3.849600076675415 -2.4000003337860107 19.200002670288086
  endloop
endfacet
facet normal 0.0 0.0 0.0
  outer loop
    vertex 4.003201484680176 -2.4000003337860107 19.200002670288086
    vertex 4.003201484680176 -2.4000003337860107 20.793601989746094
    vertex 3.849600076675415 -2.4000003337860107 20.793601989746094
  endloop
endfacet
facet normal 0.0 0.0 0.0
  outer loop
    vertex 3.849600076675415 -2.4000003337860107 20.793601989746094
    vertex 3.849600076675415 -2.4000003337860107 19.200002670288086
    vertex 4.003201484680176 -2.4000003337860107 19.200002670288086
  endloop
endfacet
facet normal 0.0 0.0 0.0
  outer loop
    vertex 4.156800270080566 -2.4000003337860107 19.200002670288086
    vertex 4.156800270080566 -2.4000003337860107 20.793601989746094
    vertex 4.003201484680176 -2.4000003337860107 20.793601989746094
  endloop
endfacet
facet normal 0.0 0.0 0.0
  outer loop
    vertex 4.003201484680176 -2.4000003337860107 20.793601989746094
    vertex 4.003201484680176 -2.4000003337860107 19.200002670288086
    vertex 4.156800270080566 -2.4000003337860107 19.200002670288086
  endloop
endfacet
facet normal 0.0 0.0 0.0
  outer loop
    vertex 4.310401439666748 -2.380800247192383 19.200002670288086
    vertex 4.310401439666748 -2.380800247192383 20.793601989746094
    vertex 4.156800270080566 -2.4000003337860107 20.793601989746094
  endloop
endfacet
facet normal 0.0 0.0 0.0
  outer loop
    vertex 4.156800270080566 -2.4000003337860107 20.793601989746094
    vertex 4.156800270080566 -2.4000003337860107 19.200002670288086
    vertex 4.310401439666748 -2.380800247192383 19.200002670288086
  endloop
endfacet
facet normal 0.0 0.0 0.0
  outer loop
    vertex 4.46400260925293 -2.361600399017334 19.200002670288086
    vertex 4.46400260925293 -2.361600399017334 20.793601989746094
    vertex 4.310401439666748 -2.380800247192383 20.793601989746094
  endloop
endfacet
facet normal 0.0 0.0 0.0
  outer loop
    vertex 4.310401439666748 -2.380800247192383 20.793601989746094
    vertex 4.310401439666748 -2.380800247192383 19.200002670288086
    vertex 4.46400260925293 -2.361600399017334 19.200002670288086
  endloop
endfacet
facet normal 0.0 0.0 0.0
  outer loop
    vertex 4.61760139465332 -2.3232004642486572 19.200002670288086
    vertex 4.61760139465332 -2.3232004642486572 20.793601989746094
    vertex 4.46400260925293 -2.361600399017334 20.793601989746094
  endloop
endfacet
facet normal 0.0 0.0 0.0
  outer loop
    vertex 4.46400260925293 -2.361600399017334 20.793601989746094
    vertex 4.46400260925293 -2.361600399017334 19.200002670288086
    vertex 4.61760139465332 -2.3232004642486572 19.200002670288086
  endloop
endfacet
facet normal 0.0 0.0 0.0
  outer loop
    vertex 4.771200180053711 -2.2848005294799805 19.200002670288086
    vertex 4.771200180053711 -2.2848005294799805 20.793601989746094
    vertex 4.61760139465332 -2.3232004642486572 20.793601989746094
  endloop
endfacet
facet normal 0.0 0.0 0.0
  outer loop
    vertex 4.61760139465332 -2.3232004642486572 20.793601989746094
    vertex 4.61760139465332 -2.3232004642486572 19.200002670288086
    vertex 4.771200180053711 -2.2848005294799805 19.200002670288086
  endloop
endfacet
facet normal 0.0 0.0 0.0
  outer loop
    vertex 4.924801349639893 -2.2272002696990967 19.200002670288086
    vertex 4.924801349639893 -2.2272002696990967 20.793601989746094
    vertex 4.771200180053711 -2.2848005294799805 20.793601989746094
  endloop
endfacet
facet normal 0.0 0.0 0.0
  outer loop
    vertex 4.771200180053711 -2.2848005294799805 20.793601989746094
    vertex 4.771200180053711 -2.2848005294799805 19.200002670288086
    vertex 4.924801349639893 -2.2272002696990967 19.200002670288086
  endloop
endfacet
facet normal 0.0 0.0 0.0
  outer loop
    vertex 5.059202671051025 -2.150400400161743 19.200002670288086
    vertex 5.059202671051025 -2.150400400161743 20.793601989746094
    vertex 4.924801349639893 -2.2272002696990967 20.793601989746094
  endloop
endfacet
facet normal 0.0 0.0 0.0
  outer loop
    vertex 4.924801349639893 -2.2272002696990967 20.793601989746094
    vertex 4.924801349639893 -2.2272002696990967 19.200002670288086
    vertex 5.059202671051025 -2.150400400161743 19.200002670288086
  endloop
endfacet
facet normal 0.0 0.0 0.0
  outer loop
    vertex 5.193601608276367 -2.0736002922058105 19.200002670288086
    vertex 5.193601608276367 -2.0736002922058105 20.793601989746094
    vertex 5.059202671051025 -2.150400400161743 20.793601989746094
  endloop
endfacet
facet normal 0.0 0.0 0.0
  outer loop
    vertex 5.059202671051025 -2.150400400161743 20.793601989746094
    vertex 5.059202671051025 -2.150400400161743 19.200002670288086
    vertex 5.193601608276367 -2.0736002922058105 19.200002670288086
  endloop
endfacet
facet normal 0.0 0.0 0.0
  outer loop
    vertex 5.328000545501709 -1.996800422668457 19.200002670288086
    vertex 5.328000545501709 -1.996800422668457 20.793601989746094
    vertex 5.193601608276367 -2.0736002922058105 20.793601989746094
  endloop
endfacet
facet normal 0.0 0.0 0.0
  outer loop
    vertex 5.193601608276367 -2.0736002922058105 20.793601989746094
    vertex 5.193601608276367 -2.0736002922058105 19.200002670288086
    vertex 5.328000545501709 -1.996800422668457 19.200002670288086
  endloop
endfacet
facet normal 0.0 0.0 0.0
  outer loop
    vertex 5.462399482727051 -1.9008004665374756 19.200002670288086
    vertex 5.462399482727051 -1.9008004665374756 20.793601989746094
    vertex 5.328000545501709 -1.996800422668457 20.793601989746094
  endloop
endfacet
facet normal 0.0 0.0 0.0
  outer loop
    vertex 5.328000545501709 -1.996800422668457 20.793601989746094
    vertex 5.328000545501709 -1.996800422668457 19.200002670288086
    vertex 5.462399482727051 -1.9008004665374756 19.200002670288086
  endloop
endfacet
facet normal 0.0 0.0 0.0
  outer loop
    vertex 5.577600955963135 -1.804800271987915 19.200002670288086
    vertex 5.577600955963135 -1.804800271987915 20.793601989746094
    vertex 5.462399482727051 -1.9008004665374756 20.793601989746094
  endloop
endfacet
facet normal 0.0 0.0 0.0
  outer loop
    vertex 5.462399482727051 -1.9008004665374756 20.793601989746094
    vertex 5.462399482727051 -1.9008004665374756 19.200002670288086
    vertex 5.577600955963135 -1.804800271987915 19.200002670288086
  endloop
endfacet
facet normal 0.0 0.0 0.0
  outer loop
    vertex 5.692802429199219 -1.7088004350662231 19.200002670288086
    vertex 5.692802429199219 -1.7088004350662231 20.793601989746094
    vertex 5.577600955963135 -1.804800271987915 20.793601989746094
  endloop
endfacet
facet normal 0.0 0.0 0.0
  outer loop
    vertex 5.577600955963135 -1.804800271987915 20.793601989746094
    vertex 5.577600955963135 -1.804800271987915 19.200002670288086
    vertex 5.692802429199219 -1.7088004350662231 19.200002670288086
  endloop
endfacet
facet normal 0.0 0.0 0.0
  outer loop
    vertex 5.808001518249512 -1.5936005115509033 19.200002670288086
    vertex 5.692802429199219 -1.7088004350662231 20.793601989746094
    vertex 5.692802429199219 -1.7088004350662231 19.200002670288086
  endloop
endfacet
facet normal 0.0 0.0 0.0
  outer loop
    vertex 5.692802429199219 -1.7088004350662231 20.793601989746094
    vertex 5.808001518249512 -1.5936005115509033 19.200002670288086
    vertex 5.808001518249512 -1.5936005115509033 20.793601989746094
  endloop
endfacet
facet normal 0.0 0.0 0.0
  outer loop
    vertex 5.904000759124756 -1.459200382232666 19.200002670288086
    vertex 5.808001518249512 -1.5936005115509033 20.793601989746094
    vertex 5.808001518249512 -1.5936005115509033 19.200002670288086
  endloop
endfacet
facet normal 0.0 0.0 0.0
  outer loop
    vertex 5.808001518249512 -1.5936005115509033 20.793601989746094
    vertex 5.904000759124756 -1.459200382232666 19.200002670288086
    vertex 5.904000759124756 -1.459200382232666 20.793601989746094
  endloop
endfacet
facet normal 0.0 0.0 0.0
  outer loop
    vertex 6.0 -1.3440003395080566 19.200002670288086
    vertex 5.904000759124756 -1.459200382232666 20.793601989746094
    vertex 5.904000759124756 -1.459200382232666 19.200002670288086
  endloop
endfacet
facet normal 0.0 0.0 0.0
  outer loop
    vertex 5.904000759124756 -1.459200382232666 20.793601989746094
    vertex 6.0 -1.3440003395080566 19.200002670288086
    vertex 6.0 -1.3440003395080566 20.793601989746094
  endloop
endfacet
facet normal 0.0 0.0 0.0
  outer loop
    vertex 6.076801776885986 -1.2096002101898193 19.200002670288086
    vertex 6.0 -1.3440003395080566 20.793601989746094
    vertex 6.0 -1.3440003395080566 19.200002670288086
  endloop
endfacet
facet normal 0.0 0.0 0.0
  outer loop
    vertex 6.0 -1.3440003395080566 20.793601989746094
    vertex 6.076801776885986 -1.2096002101898193 19.200002670288086
    vertex 6.076801776885986 -1.2096002101898193 20.793601989746094
  endloop
endfacet
facet normal 0.0 0.0 0.0
  outer loop
    vertex 6.153601169586182 -1.0560002326965332 19.200002670288086
    vertex 6.076801776885986 -1.2096002101898193 20.793601989746094
    vertex 6.076801776885986 -1.2096002101898193 19.200002670288086
  endloop
endfacet
facet normal 0.0 0.0 0.0
  outer loop
    vertex 6.076801776885986 -1.2096002101898193 20.793601989746094
    vertex 6.153601169586182 -1.0560002326965332 19.200002670288086
    vertex 6.153601169586182 -1.0560002326965332 20.793601989746094
  endloop
endfacet
facet normal 0.0 0.0 0.0
  outer loop
    vertex 6.1728010177612305 -1.0368001461029053 19.200002670288086
    vertex 6.153601169586182 -1.0560002326965332 20.793601989746094
    vertex 6.153601169586182 -1.0560002326965332 19.200002670288086
  endloop
endfacet
facet normal 0.0 0.0 0.0
  outer loop
    vertex 6.211200714111328 -0.9215999841690063 19.200002670288086
    vertex 6.153601169586182 -1.0560002326965332 20.793601989746094
    vertex 6.1728010177612305 -1.0368001461029053 19.200002670288086
  endloop
endfacet
facet normal 0.0 0.0 0.0
  outer loop
    vertex 6.153601169586182 -1.0560002326965332 20.793601989746094
    vertex 6.211200714111328 -0.9215999841690063 19.200002670288086
    vertex 6.211200714111328 -0.9216000437736511 20.793601989746094
  endloop
endfacet
facet normal 0.0 0.0 0.0
  outer loop
    vertex 6.268803119659424 -0.7680000066757202 19.200002670288086
    vertex 6.211200714111328 -0.9216000437736511 20.793601989746094
    vertex 6.211200714111328 -0.9215999841690063 19.200002670288086
  endloop
endfacet
facet normal 0.0 0.0 0.0
  outer loop
    vertex 6.211200714111328 -0.9216000437736511 20.793601989746094
    vertex 6.268803119659424 -0.7680000066757202 19.200002670288086
    vertex 6.268803119659424 -0.768000066280365 20.793601989746094
  endloop
endfacet
facet normal 0.0 0.0 0.0
  outer loop
    vertex 6.32640266418457 -0.6336001753807068 19.200002670288086
    vertex 6.268803119659424 -0.768000066280365 20.793601989746094
    vertex 6.268803119659424 -0.7680000066757202 19.200002670288086
  endloop
endfacet
facet normal 0.0 0.0 0.0
  outer loop
    vertex 6.268803119659424 -0.768000066280365 20.793601989746094
    vertex 6.32640266418457 -0.6336001753807068 19.200002670288086
    vertex 6.32640266418457 -0.6336002349853516 20.793601989746094
  endloop
endfacet
facet normal 0.0 0.0 0.0
  outer loop
    vertex 6.345600128173828 -0.47999995946884155 19.200002670288086
    vertex 6.32640266418457 -0.6336002349853516 20.793601989746094
    vertex 6.32640266418457 -0.6336001753807068 19.200002670288086
  endloop
endfacet
facet normal 0.0 0.0 0.0
  outer loop
    vertex 6.32640266418457 -0.6336002349853516 20.793601989746094
    vertex 6.345600128173828 -0.47999995946884155 19.200002670288086
    vertex 6.345600128173828 -0.47999998927116394 20.793601989746094
  endloop
endfacet
facet normal 0.0 0.0 0.0
  outer loop
    vertex 6.383999824523926 -0.30720043182373047 19.200002670288086
    vertex 6.345600128173828 -0.47999998927116394 20.793601989746094
    vertex 6.345600128173828 -0.47999995946884155 19.200002670288086
  endloop
endfacet
facet normal 0.0 0.0 0.0
  outer loop
    vertex 6.345600128173828 -0.47999998927116394 20.793601989746094
    vertex 6.383999824523926 -0.30720043182373047 19.200002670288086
    vertex 6.383999824523926 -0.30720046162605286 20.793601989746094
  endloop
endfacet
facet normal 0.0 0.0 0.0
  outer loop
    vertex 6.403202056884766 -0.15360014140605927 19.200002670288086
    vertex 6.383999824523926 -0.30720046162605286 20.793601989746094
    vertex 6.383999824523926 -0.30720043182373047 19.200002670288086
  endloop
endfacet
facet normal 0.0 0.0 0.0
  outer loop
    vertex 6.383999824523926 -0.30720046162605286 20.793601989746094
    vertex 6.403202056884766 -0.15360014140605927 19.200002670288086
    vertex 6.403202056884766 -0.15360017120838165 20.793601989746094
  endloop
endfacet
facet normal 0.0 0.0 0.0
  outer loop
    vertex 6.403202056884766 -1.612495026392935e-07 19.200002670288086
    vertex 6.403202056884766 -0.15360017120838165 20.793601989746094
    vertex 6.403202056884766 -0.15360014140605927 19.200002670288086
  endloop
endfacet
facet normal 0.0 0.0 0.0
  outer loop
    vertex 6.403202056884766 -0.15360017120838165 20.793601989746094
    vertex 6.403202056884766 -1.612495026392935e-07 19.200002670288086
    vertex 6.403202056884766 -1.9814839902210224e-07 20.793601989746094
  endloop
endfacet
facet normal 0.0 0.0 0.0
  outer loop
    vertex 14.39040470123291 0.153599813580513 19.200002670288086
    vertex 14.409602165222168 -1.9814839902210224e-07 20.793601989746094
    vertex 14.409602165222168 -1.612495026392935e-07 19.200002670288086
  endloop
endfacet
facet normal 0.0 0.0 0.0
  outer loop
    vertex 14.409602165222168 -1.9814839902210224e-07 20.793601989746094
    vertex 14.39040470123291 0.153599813580513 19.200002670288086
    vertex 14.39040470123291 0.1535997837781906 20.793601989746094
  endloop
endfacet
facet normal 0.0 0.0 0.0
  outer loop
    vertex 14.371204376220703 0.30719977617263794 19.200002670288086
    vertex 14.39040470123291 0.1535997837781906 20.793601989746094
    vertex 14.39040470123291 0.153599813580513 19.200002670288086
  endloop
endfacet
facet normal 0.0 0.0 0.0
  outer loop
    vertex 14.39040470123291 0.1535997837781906 20.793601989746094
    vertex 14.371204376220703 0.30719977617263794 19.200002670288086
    vertex 14.371204376220703 0.30719974637031555 20.793601989746094
  endloop
endfacet
facet normal 0.0 0.0 0.0
  outer loop
    vertex 14.352005004882812 0.4607997536659241 19.200002670288086
    vertex 14.371204376220703 0.30719974637031555 20.793601989746094
    vertex 14.371204376220703 0.30719977617263794 19.200002670288086
  endloop
endfacet
facet normal 0.0 0.0 0.0
  outer loop
    vertex 14.371204376220703 0.30719974637031555 20.793601989746094
    vertex 14.352005004882812 0.4607997536659241 19.200002670288086
    vertex 14.352005004882812 0.4607997238636017 20.793601989746094
  endloop
endfacet
facet normal 0.0 0.0 0.0
  outer loop
    vertex 14.313605308532715 0.614399790763855 19.200002670288086
    vertex 14.352005004882812 0.4607997238636017 20.793601989746094
    vertex 14.352005004882812 0.4607997536659241 19.200002670288086
  endloop
endfacet
facet normal 0.0 0.0 0.0
  outer loop
    vertex 14.352005004882812 0.4607997238636017 20.793601989746094
    vertex 14.313605308532715 0.614399790763855 19.200002670288086
    vertex 14.313605308532715 0.6143997311592102 20.793601989746094
  endloop
endfacet
facet normal 0.0 0.0 0.0
  outer loop
    vertex 14.275205612182617 0.768000066280365 19.200002670288086
    vertex 14.313605308532715 0.6143997311592102 20.793601989746094
    vertex 14.313605308532715 0.614399790763855 19.200002670288086
  endloop
endfacet
facet normal 0.0 0.0 0.0
  outer loop
    vertex 14.313605308532715 0.6143997311592102 20.793601989746094
    vertex 14.275205612182617 0.768000066280365 19.200002670288086
    vertex 14.275205612182617 0.7680000066757202 20.793601989746094
  endloop
endfacet
facet normal 0.0 0.0 0.0
  outer loop
    vertex 14.23680305480957 0.8832000494003296 19.200002670288086
    vertex 14.275205612182617 0.7680000066757202 20.793601989746094
    vertex 14.275205612182617 0.768000066280365 19.200002670288086
  endloop
endfacet
facet normal 0.0 0.0 0.0
  outer loop
    vertex 14.21760368347168 0.9216000437736511 19.200002670288086
    vertex 14.275205612182617 0.7680000066757202 20.793601989746094
    vertex 14.23680305480957 0.8832000494003296 19.200002670288086
  endloop
endfacet
facet normal 0.0 0.0 0.0
  outer loop
    vertex 14.275205612182617 0.7680000066757202 20.793601989746094
    vertex 14.21760368347168 0.9216000437736511 19.200002670288086
    vertex 14.21760368347168 0.9215999841690063 20.793601989746094
  endloop
endfacet
facet normal 0.0 0.0 0.0
  outer loop
    vertex 14.160003662109375 1.055999994277954 19.200002670288086
    vertex 14.21760368347168 0.9215999841690063 20.793601989746094
    vertex 14.21760368347168 0.9216000437736511 19.200002670288086
  endloop
endfacet
facet normal 0.0 0.0 0.0
  outer loop
    vertex 14.21760368347168 0.9215999841690063 20.793601989746094
    vertex 14.160003662109375 1.055999994277954 19.200002670288086
    vertex 14.160003662109375 1.055999994277954 20.793601989746094
  endloop
endfacet
facet normal 0.0 0.0 0.0
  outer loop
    vertex 14.083202362060547 1.1903996467590332 19.200002670288086
    vertex 14.160003662109375 1.055999994277954 20.793601989746094
    vertex 14.160003662109375 1.055999994277954 19.200002670288086
  endloop
endfacet
facet normal 0.0 0.0 0.0
  outer loop
    vertex 14.160003662109375 1.055999994277954 20.793601989746094
    vertex 14.083202362060547 1.1903996467590332 19.200002670288086
    vertex 14.083202362060547 1.1903996467590332 20.793601989746094
  endloop
endfacet
facet normal 0.0 0.0 0.0
  outer loop
    vertex 13.987202644348145 1.3247997760772705 19.200002670288086
    vertex 14.083202362060547 1.1903996467590332 20.793601989746094
    vertex 14.083202362060547 1.1903996467590332 19.200002670288086
  endloop
endfacet
facet normal 0.0 0.0 0.0
  outer loop
    vertex 14.083202362060547 1.1903996467590332 20.793601989746094
    vertex 13.987202644348145 1.3247997760772705 19.200002670288086
    vertex 13.987202644348145 1.3247997760772705 20.793601989746094
  endloop
endfacet
facet normal 0.0 0.0 0.0
  outer loop
    vertex 13.91040325164795 1.4591999053955078 19.200002670288086
    vertex 13.987202644348145 1.3247997760772705 20.793601989746094
    vertex 13.987202644348145 1.3247997760772705 19.200002670288086
  endloop
endfacet
facet normal 0.0 0.0 0.0
  outer loop
    vertex 13.987202644348145 1.3247997760772705 20.793601989746094
    vertex 13.91040325164795 1.4591999053955078 19.200002670288086
    vertex 13.91040325164795 1.4591999053955078 20.793601989746094
  endloop
endfacet
facet normal 0.0 0.0 0.0
  outer loop
    vertex 13.795202255249023 1.5744001865386963 19.200002670288086
    vertex 13.91040325164795 1.4591999053955078 20.793601989746094
    vertex 13.91040325164795 1.4591999053955078 19.200002670288086
  endloop
endfacet
facet normal 0.0 0.0 0.0
  outer loop
    vertex 13.91040325164795 1.4591999053955078 20.793601989746094
    vertex 13.795202255249023 1.5744001865386963 19.200002670288086
    vertex 13.795202255249023 1.5744001865386963 20.793601989746094
  endloop
endfacet
facet normal 0.0 0.0 0.0
  outer loop
    vertex 13.699202537536621 1.6895997524261475 19.200002670288086
    vertex 13.795202255249023 1.5744001865386963 20.793601989746094
    vertex 13.795202255249023 1.5744001865386963 19.200002670288086
  endloop
endfacet
facet normal 0.0 0.0 0.0
  outer loop
    vertex 13.795202255249023 1.5744001865386963 20.793601989746094
    vertex 13.699202537536621 1.6895997524261475 19.200002670288086
    vertex 13.699202537536621 1.6895997524261475 20.793601989746094
  endloop
endfacet
facet normal 0.0 0.0 0.0
  outer loop
    vertex 13.584003448486328 1.804800033569336 20.793601989746094
    vertex 13.699202537536621 1.6895997524261475 20.793601989746094
    vertex 13.584003448486328 1.804800033569336 19.200002670288086
  endloop
endfacet
facet normal 0.0 0.0 0.0
  outer loop
    vertex 13.699202537536621 1.6895997524261475 19.200002670288086
    vertex 13.584003448486328 1.804800033569336 19.200002670288086
    vertex 13.699202537536621 1.6895997524261475 20.793601989746094
  endloop
endfacet
facet normal 0.0 0.0 0.0
  outer loop
    vertex 13.468804359436035 1.9007999897003174 20.793601989746094
    vertex 13.584003448486328 1.804800033569336 20.793601989746094
    vertex 13.468804359436035 1.9007999897003174 19.200002670288086
  endloop
endfacet
facet normal 0.0 0.0 0.0
  outer loop
    vertex 13.584003448486328 1.804800033569336 19.200002670288086
    vertex 13.468804359436035 1.9007999897003174 19.200002670288086
    vertex 13.584003448486328 1.804800033569336 20.793601989746094
  endloop
endfacet
facet normal 0.0 0.0 0.0
  outer loop
    vertex 13.334403038024902 1.9967997074127197 20.793601989746094
    vertex 13.468804359436035 1.9007999897003174 20.793601989746094
    vertex 13.334403038024902 1.9967997074127197 19.200002670288086
  endloop
endfacet
facet normal 0.0 0.0 0.0
  outer loop
    vertex 13.468804359436035 1.9007999897003174 19.200002670288086
    vertex 13.334403038024902 1.9967997074127197 19.200002670288086
    vertex 13.468804359436035 1.9007999897003174 20.793601989746094
  endloop
endfacet
facet normal 0.0 0.0 0.0
  outer loop
    vertex 13.20000171661377 2.0735998153686523 20.793601989746094
    vertex 13.334403038024902 1.9967997074127197 20.793601989746094
    vertex 13.20000171661377 2.0735998153686523 19.200002670288086
  endloop
endfacet
facet normal 0.0 0.0 0.0
  outer loop
    vertex 13.334403038024902 1.9967997074127197 19.200002670288086
    vertex 13.20000171661377 2.0735998153686523 19.200002670288086
    vertex 13.334403038024902 1.9967997074127197 20.793601989746094
  endloop
endfacet
facet normal 0.0 0.0 0.0
  outer loop
    vertex 13.065603256225586 2.150400400161743 20.793601989746094
    vertex 13.20000171661377 2.0735998153686523 20.793601989746094
    vertex 13.065603256225586 2.150400400161743 19.200002670288086
  endloop
endfacet
facet normal 0.0 0.0 0.0
  outer loop
    vertex 13.20000171661377 2.0735998153686523 19.200002670288086
    vertex 13.065603256225586 2.150400400161743 19.200002670288086
    vertex 13.20000171661377 2.0735998153686523 20.793601989746094
  endloop
endfacet
facet normal 0.0 0.0 0.0
  outer loop
    vertex 12.912001609802246 2.2079999446868896 20.793601989746094
    vertex 13.065603256225586 2.150400400161743 20.793601989746094
    vertex 12.912001609802246 2.2079999446868896 19.200002670288086
  endloop
endfacet
facet normal 0.0 0.0 0.0
  outer loop
    vertex 13.065603256225586 2.150400400161743 19.200002670288086
    vertex 13.027203559875488 2.1695995330810547 19.200002670288086
    vertex 13.065603256225586 2.150400400161743 20.793601989746094
  endloop
endfacet
facet normal 0.0 0.0 0.0
  outer loop
    vertex 12.912001609802246 2.2079999446868896 19.200002670288086
    vertex 13.065603256225586 2.150400400161743 20.793601989746094
    vertex 13.027203559875488 2.1695995330810547 19.200002670288086
  endloop
endfacet
facet normal 0.0 0.0 0.0
  outer loop
    vertex 12.777603149414062 2.2655999660491943 20.793601989746094
    vertex 12.912001609802246 2.2079999446868896 20.793601989746094
    vertex 12.777603149414062 2.2655999660491943 19.200002670288086
  endloop
endfacet
facet normal 0.0 0.0 0.0
  outer loop
    vertex 12.912001609802246 2.2079999446868896 19.200002670288086
    vertex 12.777603149414062 2.2655999660491943 19.200002670288086
    vertex 12.912001609802246 2.2079999446868896 20.793601989746094
  endloop
endfacet
facet normal 0.0 0.0 0.0
  outer loop
    vertex 12.624004364013672 2.323200225830078 20.793601989746094
    vertex 12.777603149414062 2.2655999660491943 20.793601989746094
    vertex 12.624004364013672 2.323200225830078 19.200002670288086
  endloop
endfacet
facet normal 0.0 0.0 0.0
  outer loop
    vertex 12.777603149414062 2.2655999660491943 19.200002670288086
    vertex 12.624004364013672 2.323200225830078 19.200002670288086
    vertex 12.777603149414062 2.2655999660491943 20.793601989746094
  endloop
endfacet
facet normal 0.0 0.0 0.0
  outer loop
    vertex 12.470402717590332 2.342400074005127 20.793601989746094
    vertex 12.624004364013672 2.323200225830078 20.793601989746094
    vertex 12.470402717590332 2.342400074005127 19.200002670288086
  endloop
endfacet
facet normal 0.0 0.0 0.0
  outer loop
    vertex 12.624004364013672 2.323200225830078 19.200002670288086
    vertex 12.470402717590332 2.342400074005127 19.200002670288086
    vertex 12.624004364013672 2.323200225830078 20.793601989746094
  endloop
endfacet
facet normal 0.0 0.0 0.0
  outer loop
    vertex 12.316801071166992 2.380800247192383 20.793601989746094
    vertex 12.470402717590332 2.342400074005127 20.793601989746094
    vertex 12.316801071166992 2.380800247192383 19.200002670288086
  endloop
endfacet
facet normal 0.0 0.0 0.0
  outer loop
    vertex 12.470402717590332 2.342400074005127 19.200002670288086
    vertex 12.316801071166992 2.380800247192383 19.200002670288086
    vertex 12.470402717590332 2.342400074005127 20.793601989746094
  endloop
endfacet
facet normal 0.0 0.0 0.0
  outer loop
    vertex 12.16320514678955 2.3999996185302734 20.793601989746094
    vertex 12.316801071166992 2.380800247192383 20.793601989746094
    vertex 12.16320514678955 2.3999996185302734 19.200002670288086
  endloop
endfacet
facet normal 0.0 0.0 0.0
  outer loop
    vertex 12.316801071166992 2.380800247192383 19.200002670288086
    vertex 12.16320514678955 2.3999996185302734 19.200002670288086
    vertex 12.316801071166992 2.380800247192383 20.793601989746094
  endloop
endfacet
facet normal 0.0 0.0 0.0
  outer loop
    vertex 12.009603500366211 2.3999996185302734 20.793601989746094
    vertex 12.16320514678955 2.3999996185302734 20.793601989746094
    vertex 12.009603500366211 2.3999996185302734 19.200002670288086
  endloop
endfacet
facet normal 0.0 0.0 0.0
  outer loop
    vertex 12.16320514678955 2.3999996185302734 19.200002670288086
    vertex 12.009603500366211 2.3999996185302734 19.200002670288086
    vertex 12.16320514678955 2.3999996185302734 20.793601989746094
  endloop
endfacet
facet normal 0.0 0.0 0.0
  outer loop
    vertex 11.83680248260498 2.3999996185302734 20.793601989746094
    vertex 12.009603500366211 2.3999996185302734 20.793601989746094
    vertex 11.83680248260498 2.3999996185302734 19.200002670288086
  endloop
endfacet
facet normal 0.0 0.0 0.0
  outer loop
    vertex 12.009603500366211 2.3999996185302734 19.200002670288086
    vertex 11.83680248260498 2.3999996185302734 19.200002670288086
    vertex 12.009603500366211 2.3999996185302734 20.793601989746094
  endloop
endfacet
facet normal 0.0 0.0 0.0
  outer loop
    vertex 11.683201789855957 2.380800247192383 20.793601989746094
    vertex 11.83680248260498 2.3999996185302734 20.793601989746094
    vertex 11.683201789855957 2.380800247192383 19.200002670288086
  endloop
endfacet
facet normal 0.0 0.0 0.0
  outer loop
    vertex 11.83680248260498 2.3999996185302734 19.200002670288086
    vertex 11.683201789855957 2.380800247192383 19.200002670288086
    vertex 11.83680248260498 2.3999996185302734 20.793601989746094
  endloop
endfacet
facet normal 0.0 0.0 0.0
  outer loop
    vertex 11.5296049118042 2.342400074005127 20.793601989746094
    vertex 11.683201789855957 2.380800247192383 20.793601989746094
    vertex 11.5296049118042 2.342400074005127 19.200002670288086
  endloop
endfacet
facet normal 0.0 0.0 0.0
  outer loop
    vertex 11.683201789855957 2.380800247192383 19.200002670288086
    vertex 11.5296049118042 2.342400074005127 19.200002670288086
    vertex 11.683201789855957 2.380800247192383 20.793601989746094
  endloop
endfacet
facet normal 0.0 0.0 0.0
  outer loop
    vertex 11.376004219055176 2.323200225830078 20.793601989746094
    vertex 11.5296049118042 2.342400074005127 20.793601989746094
    vertex 11.376004219055176 2.323200225830078 19.200002670288086
  endloop
endfacet
facet normal 0.0 0.0 0.0
  outer loop
    vertex 11.5296049118042 2.342400074005127 19.200002670288086
    vertex 11.376004219055176 2.323200225830078 19.200002670288086
    vertex 11.5296049118042 2.342400074005127 20.793601989746094
  endloop
endfacet
facet normal 0.0 0.0 0.0
  outer loop
    vertex 11.222402572631836 2.2655999660491943 20.793601989746094
    vertex 11.376004219055176 2.323200225830078 20.793601989746094
    vertex 11.222402572631836 2.2655999660491943 19.200002670288086
  endloop
endfacet
facet normal 0.0 0.0 0.0
  outer loop
    vertex 11.376004219055176 2.323200225830078 19.200002670288086
    vertex 11.222402572631836 2.2655999660491943 19.200002670288086
    vertex 11.376004219055176 2.323200225830078 20.793601989746094
  endloop
endfacet
facet normal 0.0 0.0 0.0
  outer loop
    vertex 11.088004112243652 2.2079999446868896 20.793601989746094
    vertex 11.222402572631836 2.2655999660491943 20.793601989746094
    vertex 11.088004112243652 2.2079999446868896 19.200002670288086
  endloop
endfacet
facet normal 0.0 0.0 0.0
  outer loop
    vertex 11.222402572631836 2.2655999660491943 19.200002670288086
    vertex 11.088004112243652 2.2079999446868896 19.200002670288086
    vertex 11.222402572631836 2.2655999660491943 20.793601989746094
  endloop
endfacet
facet normal 0.0 0.0 0.0
  outer loop
    vertex 10.934402465820312 2.150400400161743 20.793601989746094
    vertex 11.088004112243652 2.2079999446868896 20.793601989746094
    vertex 10.934402465820312 2.150400400161743 19.200002670288086
  endloop
endfacet
facet normal 0.0 0.0 0.0
  outer loop
    vertex 11.088004112243652 2.2079999446868896 19.200002670288086
    vertex 10.97280216217041 2.1695995330810547 19.200002670288086
    vertex 11.088004112243652 2.2079999446868896 20.793601989746094
  endloop
endfacet
facet normal 0.0 0.0 0.0
  outer loop
    vertex 10.934402465820312 2.150400400161743 19.200002670288086
    vertex 11.088004112243652 2.2079999446868896 20.793601989746094
    vertex 10.97280216217041 2.1695995330810547 19.200002670288086
  endloop
endfacet
facet normal 0.0 0.0 0.0
  outer loop
    vertex 10.80000114440918 2.0735998153686523 20.793601989746094
    vertex 10.934402465820312 2.150400400161743 20.793601989746094
    vertex 10.80000114440918 2.0735998153686523 19.200002670288086
  endloop
endfacet
facet normal 0.0 0.0 0.0
  outer loop
    vertex 10.934402465820312 2.150400400161743 19.200002670288086
    vertex 10.80000114440918 2.0735998153686523 19.200002670288086
    vertex 10.934402465820312 2.150400400161743 20.793601989746094
  endloop
endfacet
facet normal 0.0 0.0 0.0
  outer loop
    vertex 10.665602684020996 1.9967997074127197 20.793601989746094
    vertex 10.80000114440918 2.0735998153686523 20.793601989746094
    vertex 10.665602684020996 1.9967997074127197 19.200002670288086
  endloop
endfacet
facet normal 0.0 0.0 0.0
  outer loop
    vertex 10.80000114440918 2.0735998153686523 19.200002670288086
    vertex 10.665602684020996 1.9967997074127197 19.200002670288086
    vertex 10.80000114440918 2.0735998153686523 20.793601989746094
  endloop
endfacet
facet normal 0.0 0.0 0.0
  outer loop
    vertex 10.531203269958496 1.9007999897003174 20.793601989746094
    vertex 10.665602684020996 1.9967997074127197 20.793601989746094
    vertex 10.531203269958496 1.9007999897003174 19.200002670288086
  endloop
endfacet
facet normal 0.0 0.0 0.0
  outer loop
    vertex 10.665602684020996 1.9967997074127197 19.200002670288086
    vertex 10.531203269958496 1.9007999897003174 19.200002670288086
    vertex 10.665602684020996 1.9967997074127197 20.793601989746094
  endloop
endfacet
facet normal 0.0 0.0 0.0
  outer loop
    vertex 10.41600227355957 1.804800033569336 20.793601989746094
    vertex 10.531203269958496 1.9007999897003174 20.793601989746094
    vertex 10.41600227355957 1.804800033569336 19.200002670288086
  endloop
endfacet
facet normal 0.0 0.0 0.0
  outer loop
    vertex 10.531203269958496 1.9007999897003174 19.200002670288086
    vertex 10.41600227355957 1.804800033569336 19.200002670288086
    vertex 10.531203269958496 1.9007999897003174 20.793601989746094
  endloop
endfacet
facet normal 0.0 0.0 0.0
  outer loop
    vertex 10.300803184509277 1.6895997524261475 20.793601989746094
    vertex 10.41600227355957 1.804800033569336 20.793601989746094
    vertex 10.300803184509277 1.6895997524261475 19.200002670288086
  endloop
endfacet
facet normal 0.0 0.0 0.0
  outer loop
    vertex 10.41600227355957 1.804800033569336 19.200002670288086
    vertex 10.320002555847168 1.7280001640319824 19.200002670288086
    vertex 10.41600227355957 1.804800033569336 20.793601989746094
  endloop
endfacet
facet normal 0.0 0.0 0.0
  outer loop
    vertex 10.300803184509277 1.6895997524261475 19.200002670288086
    vertex 10.41600227355957 1.804800033569336 20.793601989746094
    vertex 10.320002555847168 1.7280001640319824 19.200002670288086
  endloop
endfacet
facet normal 0.0 0.0 0.0
  outer loop
    vertex 10.204803466796875 1.5744001865386963 20.793601989746094
    vertex 10.300803184509277 1.6895997524261475 20.793601989746094
    vertex 10.204803466796875 1.5744001865386963 19.200002670288086
  endloop
endfacet
facet normal 0.0 0.0 0.0
  outer loop
    vertex 10.300803184509277 1.6895997524261475 19.200002670288086
    vertex 10.204803466796875 1.5744001865386963 19.200002670288086
    vertex 10.300803184509277 1.6895997524261475 20.793601989746094
  endloop
endfacet
facet normal 0.0 0.0 0.0
  outer loop
    vertex 10.08960247039795 1.4591999053955078 20.793601989746094
    vertex 10.204803466796875 1.5744001865386963 20.793601989746094
    vertex 10.08960247039795 1.4591999053955078 19.200002670288086
  endloop
endfacet
facet normal 0.0 0.0 0.0
  outer loop
    vertex 10.204803466796875 1.5744001865386963 19.200002670288086
    vertex 10.08960247039795 1.4591999053955078 19.200002670288086
    vertex 10.204803466796875 1.5744001865386963 20.793601989746094
  endloop
endfacet
facet normal 0.0 0.0 0.0
  outer loop
    vertex 10.012803077697754 1.3247997760772705 20.793601989746094
    vertex 10.08960247039795 1.4591999053955078 20.793601989746094
    vertex 10.012803077697754 1.3247997760772705 19.200002670288086
  endloop
endfacet
facet normal 0.0 0.0 0.0
  outer loop
    vertex 10.08960247039795 1.4591999053955078 19.200002670288086
    vertex 10.012803077697754 1.3247997760772705 19.200002670288086
    vertex 10.08960247039795 1.4591999053955078 20.793601989746094
  endloop
endfacet
facet normal 0.0 0.0 0.0
  outer loop
    vertex 9.916800498962402 1.1903996467590332 20.793601989746094
    vertex 10.012803077697754 1.3247997760772705 20.793601989746094
    vertex 9.916800498962402 1.1903996467590332 19.200002670288086
  endloop
endfacet
facet normal 0.0 0.0 0.0
  outer loop
    vertex 10.012803077697754 1.3247997760772705 19.200002670288086
    vertex 9.916800498962402 1.1903996467590332 19.200002670288086
    vertex 10.012803077697754 1.3247997760772705 20.793601989746094
  endloop
endfacet
facet normal 0.0 0.0 0.0
  outer loop
    vertex 9.840001106262207 1.055999994277954 20.793601989746094
    vertex 9.916800498962402 1.1903996467590332 20.793601989746094
    vertex 9.840001106262207 1.055999994277954 19.200002670288086
  endloop
endfacet
facet normal 0.0 0.0 0.0
  outer loop
    vertex 9.916800498962402 1.1903996467590332 19.200002670288086
    vertex 9.840001106262207 1.055999994277954 19.200002670288086
    vertex 9.916800498962402 1.1903996467590332 20.793601989746094
  endloop
endfacet
facet normal 0.0 0.0 0.0
  outer loop
    vertex 9.782402038574219 0.9215999841690063 20.793601989746094
    vertex 9.840001106262207 1.055999994277954 20.793601989746094
    vertex 9.782402038574219 0.9216000437736511 19.200002670288086
  endloop
endfacet
facet normal 0.0 0.0 0.0
  outer loop
    vertex 9.840001106262207 1.055999994277954 19.200002670288086
    vertex 9.782402038574219 0.9216000437736511 19.200002670288086
    vertex 9.840001106262207 1.055999994277954 20.793601989746094
  endloop
endfacet
facet normal 0.0 0.0 0.0
  outer loop
    vertex 9.724802017211914 0.7680000066757202 20.793601989746094
    vertex 9.782402038574219 0.9215999841690063 20.793601989746094
    vertex 9.724802017211914 0.768000066280365 19.200002670288086
  endloop
endfacet
facet normal 0.0 0.0 0.0
  outer loop
    vertex 9.782402038574219 0.9216000437736511 19.200002670288086
    vertex 9.724802017211914 0.768000066280365 19.200002670288086
    vertex 9.782402038574219 0.9215999841690063 20.793601989746094
  endloop
endfacet
facet normal 0.0 0.0 0.0
  outer loop
    vertex 9.686402320861816 0.6143997311592102 20.793601989746094
    vertex 9.724802017211914 0.7680000066757202 20.793601989746094
    vertex 9.686402320861816 0.614399790763855 19.200002670288086
  endloop
endfacet
facet normal 0.0 0.0 0.0
  outer loop
    vertex 9.724802017211914 0.768000066280365 19.200002670288086
    vertex 9.686402320861816 0.614399790763855 19.200002670288086
    vertex 9.724802017211914 0.7680000066757202 20.793601989746094
  endloop
endfacet
facet normal 0.0 0.0 0.0
  outer loop
    vertex 9.648002624511719 0.4607997238636017 20.793601989746094
    vertex 9.686402320861816 0.6143997311592102 20.793601989746094
    vertex 9.648002624511719 0.4607997536659241 19.200002670288086
  endloop
endfacet
facet normal 0.0 0.0 0.0
  outer loop
    vertex 9.686402320861816 0.614399790763855 19.200002670288086
    vertex 9.648002624511719 0.4607997536659241 19.200002670288086
    vertex 9.686402320861816 0.6143997311592102 20.793601989746094
  endloop
endfacet
facet normal 0.0 0.0 0.0
  outer loop
    vertex 9.628800392150879 0.30719974637031555 20.793601989746094
    vertex 9.648002624511719 0.4607997238636017 20.793601989746094
    vertex 9.628800392150879 0.30719977617263794 19.200002670288086
  endloop
endfacet
facet normal 0.0 0.0 0.0
  outer loop
    vertex 9.648002624511719 0.4607997536659241 19.200002670288086
    vertex 9.628800392150879 0.30719977617263794 19.200002670288086
    vertex 9.648002624511719 0.4607997238636017 20.793601989746094
  endloop
endfacet
facet normal 0.0 0.0 0.0
  outer loop
    vertex 9.609602928161621 0.1535997837781906 20.793601989746094
    vertex 9.628800392150879 0.30719974637031555 20.793601989746094
    vertex 9.609602928161621 0.153599813580513 19.200002670288086
  endloop
endfacet
facet normal 0.0 0.0 0.0
  outer loop
    vertex 9.628800392150879 0.30719977617263794 19.200002670288086
    vertex 9.609602928161621 0.153599813580513 19.200002670288086
    vertex 9.628800392150879 0.30719974637031555 20.793601989746094
  endloop
endfacet
facet normal 0.0 0.0 0.0
  outer loop
    vertex 9.609602928161621 -1.9814839902210224e-07 20.793601989746094
    vertex 9.609602928161621 0.1535997837781906 20.793601989746094
    vertex 9.609602928161621 -1.612495026392935e-07 19.200002670288086
  endloop
endfacet
facet normal 0.0 0.0 0.0
  outer loop
    vertex 9.609602928161621 0.153599813580513 19.200002670288086
    vertex 9.609602928161621 -1.612495026392935e-07 19.200002670288086
    vertex 9.609602928161621 0.1535997837781906 20.793601989746094
  endloop
endfacet
facet normal 0.0 0.0 0.0
  outer loop
    vertex 9.609602928161621 -0.15360017120838165 20.793601989746094
    vertex 9.609602928161621 -1.9814839902210224e-07 20.793601989746094
    vertex 9.609602928161621 -0.15360014140605927 19.200002670288086
  endloop
endfacet
facet normal 0.0 0.0 0.0
  outer loop
    vertex 9.609602928161621 -1.612495026392935e-07 19.200002670288086
    vertex 9.609602928161621 -0.15360014140605927 19.200002670288086
    vertex 9.609602928161621 -1.9814839902210224e-07 20.793601989746094
  endloop
endfacet
facet normal 0.0 0.0 0.0
  outer loop
    vertex 9.628800392150879 -0.30720046162605286 20.793601989746094
    vertex 9.609602928161621 -0.15360017120838165 20.793601989746094
    vertex 9.628800392150879 -0.30720043182373047 19.200002670288086
  endloop
endfacet
facet normal 0.0 0.0 0.0
  outer loop
    vertex 9.609602928161621 -0.15360014140605927 19.200002670288086
    vertex 9.628800392150879 -0.30720043182373047 19.200002670288086
    vertex 9.609602928161621 -0.15360017120838165 20.793601989746094
  endloop
endfacet
facet normal 0.0 0.0 0.0
  outer loop
    vertex 9.648002624511719 -0.47999998927116394 20.793601989746094
    vertex 9.628800392150879 -0.30720046162605286 20.793601989746094
    vertex 9.648002624511719 -0.47999995946884155 19.200002670288086
  endloop
endfacet
facet normal 0.0 0.0 0.0
  outer loop
    vertex 9.628800392150879 -0.30720043182373047 19.200002670288086
    vertex 9.648002624511719 -0.47999995946884155 19.200002670288086
    vertex 9.628800392150879 -0.30720046162605286 20.793601989746094
  endloop
endfacet
facet normal 0.0 0.0 0.0
  outer loop
    vertex 9.686402320861816 -0.6336002349853516 20.793601989746094
    vertex 9.648002624511719 -0.47999998927116394 20.793601989746094
    vertex 9.686402320861816 -0.6336001753807068 19.200002670288086
  endloop
endfacet
facet normal 0.0 0.0 0.0
  outer loop
    vertex 9.648002624511719 -0.47999995946884155 19.200002670288086
    vertex 9.686402320861816 -0.6336001753807068 19.200002670288086
    vertex 9.648002624511719 -0.47999998927116394 20.793601989746094
  endloop
endfacet
facet normal 0.0 0.0 0.0
  outer loop
    vertex 9.724802017211914 -0.768000066280365 20.793601989746094
    vertex 9.686402320861816 -0.6336002349853516 20.793601989746094
    vertex 9.724802017211914 -0.7680000066757202 19.200002670288086
  endloop
endfacet
facet normal 0.0 0.0 0.0
  outer loop
    vertex 9.686402320861816 -0.6336001753807068 19.200002670288086
    vertex 9.724802017211914 -0.7680000066757202 19.200002670288086
    vertex 9.686402320861816 -0.6336002349853516 20.793601989746094
  endloop
endfacet
facet normal 0.0 0.0 0.0
  outer loop
    vertex 9.782402038574219 -0.9216000437736511 20.793601989746094
    vertex 9.724802017211914 -0.768000066280365 20.793601989746094
    vertex 9.782402038574219 -0.9215999841690063 19.200002670288086
  endloop
endfacet
facet normal 0.0 0.0 0.0
  outer loop
    vertex 9.724802017211914 -0.7680000066757202 19.200002670288086
    vertex 9.782402038574219 -0.9215999841690063 19.200002670288086
    vertex 9.724802017211914 -0.768000066280365 20.793601989746094
  endloop
endfacet
facet normal 0.0 0.0 0.0
  outer loop
    vertex 9.840001106262207 -1.0560002326965332 20.793601989746094
    vertex 9.782402038574219 -0.9216000437736511 20.793601989746094
    vertex 9.840001106262207 -1.0560002326965332 19.200002670288086
  endloop
endfacet
facet normal 0.0 0.0 0.0
  outer loop
    vertex 9.782402038574219 -0.9215999841690063 19.200002670288086
    vertex 9.840001106262207 -1.0560002326965332 19.200002670288086
    vertex 9.782402038574219 -0.9216000437736511 20.793601989746094
  endloop
endfacet
facet normal 0.0 0.0 0.0
  outer loop
    vertex 9.916800498962402 -1.2096002101898193 20.793601989746094
    vertex 9.840001106262207 -1.0560002326965332 20.793601989746094
    vertex 9.916800498962402 -1.2096002101898193 19.200002670288086
  endloop
endfacet
facet normal 0.0 0.0 0.0
  outer loop
    vertex 9.840001106262207 -1.0560002326965332 19.200002670288086
    vertex 9.916800498962402 -1.2096002101898193 19.200002670288086
    vertex 9.840001106262207 -1.0560002326965332 20.793601989746094
  endloop
endfacet
facet normal 0.0 0.0 0.0
  outer loop
    vertex 10.012803077697754 -1.3440003395080566 20.793601989746094
    vertex 9.916800498962402 -1.2096002101898193 20.793601989746094
    vertex 10.012803077697754 -1.3440003395080566 19.200002670288086
  endloop
endfacet
facet normal 0.0 0.0 0.0
  outer loop
    vertex 9.916800498962402 -1.2096002101898193 19.200002670288086
    vertex 10.012803077697754 -1.3440003395080566 19.200002670288086
    vertex 9.916800498962402 -1.2096002101898193 20.793601989746094
  endloop
endfacet
facet normal 0.0 0.0 0.0
  outer loop
    vertex 10.08960247039795 -1.459200382232666 20.793601989746094
    vertex 10.012803077697754 -1.3440003395080566 20.793601989746094
    vertex 10.08960247039795 -1.459200382232666 19.200002670288086
  endloop
endfacet
facet normal 0.0 0.0 0.0
  outer loop
    vertex 10.012803077697754 -1.3440003395080566 19.200002670288086
    vertex 10.08960247039795 -1.459200382232666 19.200002670288086
    vertex 10.012803077697754 -1.3440003395080566 20.793601989746094
  endloop
endfacet
facet normal 0.0 0.0 0.0
  outer loop
    vertex 10.204803466796875 -1.5936005115509033 20.793601989746094
    vertex 10.08960247039795 -1.459200382232666 20.793601989746094
    vertex 10.204803466796875 -1.5936005115509033 19.200002670288086
  endloop
endfacet
facet normal 0.0 0.0 0.0
  outer loop
    vertex 10.08960247039795 -1.459200382232666 19.200002670288086
    vertex 10.204803466796875 -1.5936005115509033 19.200002670288086
    vertex 10.08960247039795 -1.459200382232666 20.793601989746094
  endloop
endfacet
facet normal 0.0 0.0 0.0
  outer loop
    vertex 10.300803184509277 -1.7088004350662231 20.793601989746094
    vertex 10.204803466796875 -1.5936005115509033 20.793601989746094
    vertex 10.300803184509277 -1.7088004350662231 19.200002670288086
  endloop
endfacet
facet normal 0.0 0.0 0.0
  outer loop
    vertex 10.204803466796875 -1.5936005115509033 19.200002670288086
    vertex 10.300803184509277 -1.7088004350662231 19.200002670288086
    vertex 10.204803466796875 -1.5936005115509033 20.793601989746094
  endloop
endfacet
facet normal 0.0 0.0 0.0
  outer loop
    vertex 10.41600227355957 -1.804800271987915 19.200002670288086
    vertex 10.41600227355957 -1.804800271987915 20.793601989746094
    vertex 10.300803184509277 -1.7088004350662231 20.793601989746094
  endloop
endfacet
facet normal 0.0 0.0 0.0
  outer loop
    vertex 10.300803184509277 -1.7088004350662231 20.793601989746094
    vertex 10.300803184509277 -1.7088004350662231 19.200002670288086
    vertex 10.320002555847168 -1.728000283241272 19.200002670288086
  endloop
endfacet
facet normal 0.0 0.0 0.0
  outer loop
    vertex 10.300803184509277 -1.7088004350662231 20.793601989746094
    vertex 10.320002555847168 -1.728000283241272 19.200002670288086
    vertex 10.41600227355957 -1.804800271987915 19.200002670288086
  endloop
endfacet
facet normal 0.0 0.0 0.0
  outer loop
    vertex 10.531203269958496 -1.9008004665374756 19.200002670288086
    vertex 10.531203269958496 -1.9008004665374756 20.793601989746094
    vertex 10.41600227355957 -1.804800271987915 20.793601989746094
  endloop
endfacet
facet normal 0.0 0.0 0.0
  outer loop
    vertex 10.41600227355957 -1.804800271987915 20.793601989746094
    vertex 10.41600227355957 -1.804800271987915 19.200002670288086
    vertex 10.531203269958496 -1.9008004665374756 19.200002670288086
  endloop
endfacet
facet normal 0.0 0.0 0.0
  outer loop
    vertex 10.665602684020996 -1.996800422668457 19.200002670288086
    vertex 10.665602684020996 -1.996800422668457 20.793601989746094
    vertex 10.531203269958496 -1.9008004665374756 20.793601989746094
  endloop
endfacet
facet normal 0.0 0.0 0.0
  outer loop
    vertex 10.531203269958496 -1.9008004665374756 20.793601989746094
    vertex 10.531203269958496 -1.9008004665374756 19.200002670288086
    vertex 10.665602684020996 -1.996800422668457 19.200002670288086
  endloop
endfacet
facet normal 0.0 0.0 0.0
  outer loop
    vertex 10.80000114440918 -2.0736002922058105 19.200002670288086
    vertex 10.80000114440918 -2.0736002922058105 20.793601989746094
    vertex 10.665602684020996 -1.996800422668457 20.793601989746094
  endloop
endfacet
facet normal 0.0 0.0 0.0
  outer loop
    vertex 10.665602684020996 -1.996800422668457 20.793601989746094
    vertex 10.665602684020996 -1.996800422668457 19.200002670288086
    vertex 10.80000114440918 -2.0736002922058105 19.200002670288086
  endloop
endfacet
facet normal 0.0 0.0 0.0
  outer loop
    vertex 10.934402465820312 -2.150400400161743 19.200002670288086
    vertex 10.934402465820312 -2.150400400161743 20.793601989746094
    vertex 10.80000114440918 -2.0736002922058105 20.793601989746094
  endloop
endfacet
facet normal 0.0 0.0 0.0
  outer loop
    vertex 10.80000114440918 -2.0736002922058105 20.793601989746094
    vertex 10.80000114440918 -2.0736002922058105 19.200002670288086
    vertex 10.934402465820312 -2.150400400161743 19.200002670288086
  endloop
endfacet
facet normal 0.0 0.0 0.0
  outer loop
    vertex 11.088004112243652 -2.2272002696990967 19.200002670288086
    vertex 11.088004112243652 -2.2272002696990967 20.793601989746094
    vertex 10.934402465820312 -2.150400400161743 20.793601989746094
  endloop
endfacet
facet normal 0.0 0.0 0.0
  outer loop
    vertex 10.934402465820312 -2.150400400161743 20.793601989746094
    vertex 10.934402465820312 -2.150400400161743 19.200002670288086
    vertex 10.97280216217041 -2.169600248336792 19.200002670288086
  endloop
endfacet
facet normal 0.0 0.0 0.0
  outer loop
    vertex 10.934402465820312 -2.150400400161743 20.793601989746094
    vertex 10.97280216217041 -2.169600248336792 19.200002670288086
    vertex 11.088004112243652 -2.2272002696990967 19.200002670288086
  endloop
endfacet
facet normal 0.0 0.0 0.0
  outer loop
    vertex 11.222402572631836 -2.2848005294799805 19.200002670288086
    vertex 11.222402572631836 -2.2848005294799805 20.793601989746094
    vertex 11.088004112243652 -2.2272002696990967 20.793601989746094
  endloop
endfacet
facet normal 0.0 0.0 0.0
  outer loop
    vertex 11.088004112243652 -2.2272002696990967 20.793601989746094
    vertex 11.088004112243652 -2.2272002696990967 19.200002670288086
    vertex 11.222402572631836 -2.2848005294799805 19.200002670288086
  endloop
endfacet
facet normal 0.0 0.0 0.0
  outer loop
    vertex 11.376004219055176 -2.3232004642486572 19.200002670288086
    vertex 11.376004219055176 -2.3232004642486572 20.793601989746094
    vertex 11.222402572631836 -2.2848005294799805 20.793601989746094
  endloop
endfacet
facet normal 0.0 0.0 0.0
  outer loop
    vertex 11.222402572631836 -2.2848005294799805 20.793601989746094
    vertex 11.222402572631836 -2.2848005294799805 19.200002670288086
    vertex 11.376004219055176 -2.3232004642486572 19.200002670288086
  endloop
endfacet
facet normal 0.0 0.0 0.0
  outer loop
    vertex 11.5296049118042 -2.361600399017334 19.200002670288086
    vertex 11.5296049118042 -2.361600399017334 20.793601989746094
    vertex 11.376004219055176 -2.3232004642486572 20.793601989746094
  endloop
endfacet
facet normal 0.0 0.0 0.0
  outer loop
    vertex 11.376004219055176 -2.3232004642486572 20.793601989746094
    vertex 11.376004219055176 -2.3232004642486572 19.200002670288086
    vertex 11.5296049118042 -2.361600399017334 19.200002670288086
  endloop
endfacet
facet normal 0.0 0.0 0.0
  outer loop
    vertex 11.683201789855957 -2.380800247192383 19.200002670288086
    vertex 11.683201789855957 -2.380800247192383 20.793601989746094
    vertex 11.5296049118042 -2.361600399017334 20.793601989746094
  endloop
endfacet
facet normal 0.0 0.0 0.0
  outer loop
    vertex 11.5296049118042 -2.361600399017334 20.793601989746094
    vertex 11.5296049118042 -2.361600399017334 19.200002670288086
    vertex 11.683201789855957 -2.380800247192383 19.200002670288086
  endloop
endfacet
facet normal 0.0 0.0 0.0
  outer loop
    vertex 11.83680248260498 -2.4000003337860107 19.200002670288086
    vertex 11.83680248260498 -2.4000003337860107 20.793601989746094
    vertex 11.683201789855957 -2.380800247192383 20.793601989746094
  endloop
endfacet
facet normal 0.0 0.0 0.0
  outer loop
    vertex 11.683201789855957 -2.380800247192383 20.793601989746094
    vertex 11.683201789855957 -2.380800247192383 19.200002670288086
    vertex 11.83680248260498 -2.4000003337860107 19.200002670288086
  endloop
endfacet
facet normal 0.0 0.0 0.0
  outer loop
    vertex 12.009603500366211 -2.4000003337860107 19.200002670288086
    vertex 12.009603500366211 -2.4000003337860107 20.793601989746094
    vertex 11.83680248260498 -2.4000003337860107 20.793601989746094
  endloop
endfacet
facet normal 0.0 0.0 0.0
  outer loop
    vertex 11.83680248260498 -2.4000003337860107 20.793601989746094
    vertex 11.83680248260498 -2.4000003337860107 19.200002670288086
    vertex 12.009603500366211 -2.4000003337860107 19.200002670288086
  endloop
endfacet
facet normal 0.0 0.0 0.0
  outer loop
    vertex 12.16320514678955 -2.4000003337860107 19.200002670288086
    vertex 12.16320514678955 -2.4000003337860107 20.793601989746094
    vertex 12.009603500366211 -2.4000003337860107 20.793601989746094
  endloop
endfacet
facet normal 0.0 0.0 0.0
  outer loop
    vertex 12.009603500366211 -2.4000003337860107 20.793601989746094
    vertex 12.009603500366211 -2.4000003337860107 19.200002670288086
    vertex 12.16320514678955 -2.4000003337860107 19.200002670288086
  endloop
endfacet
facet normal 0.0 0.0 0.0
  outer loop
    vertex 12.316801071166992 -2.380800247192383 19.200002670288086
    vertex 12.316801071166992 -2.380800247192383 20.793601989746094
    vertex 12.16320514678955 -2.4000003337860107 20.793601989746094
  endloop
endfacet
facet normal 0.0 0.0 0.0
  outer loop
    vertex 12.16320514678955 -2.4000003337860107 20.793601989746094
    vertex 12.16320514678955 -2.4000003337860107 19.200002670288086
    vertex 12.316801071166992 -2.380800247192383 19.200002670288086
  endloop
endfacet
facet normal 0.0 0.0 0.0
  outer loop
    vertex 12.470402717590332 -2.361600399017334 19.200002670288086
    vertex 12.470402717590332 -2.361600399017334 20.793601989746094
    vertex 12.316801071166992 -2.380800247192383 20.793601989746094
  endloop
endfacet
facet normal 0.0 0.0 0.0
  outer loop
    vertex 12.316801071166992 -2.380800247192383 20.793601989746094
    vertex 12.316801071166992 -2.380800247192383 19.200002670288086
    vertex 12.470402717590332 -2.361600399017334 19.200002670288086
  endloop
endfacet
facet normal 0.0 0.0 0.0
  outer loop
    vertex 12.624004364013672 -2.3232004642486572 19.200002670288086
    vertex 12.624004364013672 -2.3232004642486572 20.793601989746094
    vertex 12.470402717590332 -2.361600399017334 20.793601989746094
  endloop
endfacet
facet normal 0.0 0.0 0.0
  outer loop
    vertex 12.470402717590332 -2.361600399017334 20.793601989746094
    vertex 12.470402717590332 -2.361600399017334 19.200002670288086
    vertex 12.624004364013672 -2.3232004642486572 19.200002670288086
  endloop
endfacet
facet normal 0.0 0.0 0.0
  outer loop
    vertex 12.777603149414062 -2.2848005294799805 19.200002670288086
    vertex 12.777603149414062 -2.2848005294799805 20.793601989746094
    vertex 12.624004364013672 -2.3232004642486572 20.793601989746094
  endloop
endfacet
facet normal 0.0 0.0 0.0
  outer loop
    vertex 12.624004364013672 -2.3232004642486572 20.793601989746094
    vertex 12.624004364013672 -2.3232004642486572 19.200002670288086
    vertex 12.777603149414062 -2.2848005294799805 19.200002670288086
  endloop
endfacet
facet normal 0.0 0.0 0.0
  outer loop
    vertex 12.912001609802246 -2.2272002696990967 19.200002670288086
    vertex 12.912001609802246 -2.2272002696990967 20.793601989746094
    vertex 12.777603149414062 -2.2848005294799805 20.793601989746094
  endloop
endfacet
facet normal 0.0 0.0 0.0
  outer loop
    vertex 12.777603149414062 -2.2848005294799805 20.793601989746094
    vertex 12.777603149414062 -2.2848005294799805 19.200002670288086
    vertex 12.912001609802246 -2.2272002696990967 19.200002670288086
  endloop
endfacet
facet normal 0.0 0.0 0.0
  outer loop
    vertex 13.065603256225586 -2.150400400161743 19.200002670288086
    vertex 13.065603256225586 -2.150400400161743 20.793601989746094
    vertex 12.912001609802246 -2.2272002696990967 20.793601989746094
  endloop
endfacet
facet normal 0.0 0.0 0.0
  outer loop
    vertex 12.912001609802246 -2.2272002696990967 20.793601989746094
    vertex 12.912001609802246 -2.2272002696990967 19.200002670288086
    vertex 13.027203559875488 -2.169600248336792 19.200002670288086
  endloop
endfacet
facet normal 0.0 0.0 0.0
  outer loop
    vertex 12.912001609802246 -2.2272002696990967 20.793601989746094
    vertex 13.027203559875488 -2.169600248336792 19.200002670288086
    vertex 13.065603256225586 -2.150400400161743 19.200002670288086
  endloop
endfacet
facet normal 0.0 0.0 0.0
  outer loop
    vertex 13.20000171661377 -2.0736002922058105 19.200002670288086
    vertex 13.20000171661377 -2.0736002922058105 20.793601989746094
    vertex 13.065603256225586 -2.150400400161743 20.793601989746094
  endloop
endfacet
facet normal 0.0 0.0 0.0
  outer loop
    vertex 13.065603256225586 -2.150400400161743 20.793601989746094
    vertex 13.065603256225586 -2.150400400161743 19.200002670288086
    vertex 13.20000171661377 -2.0736002922058105 19.200002670288086
  endloop
endfacet
facet normal 0.0 0.0 0.0
  outer loop
    vertex 13.334403038024902 -1.996800422668457 19.200002670288086
    vertex 13.334403038024902 -1.996800422668457 20.793601989746094
    vertex 13.20000171661377 -2.0736002922058105 20.793601989746094
  endloop
endfacet
facet normal 0.0 0.0 0.0
  outer loop
    vertex 13.20000171661377 -2.0736002922058105 20.793601989746094
    vertex 13.20000171661377 -2.0736002922058105 19.200002670288086
    vertex 13.334403038024902 -1.996800422668457 19.200002670288086
  endloop
endfacet
facet normal 0.0 0.0 0.0
  outer loop
    vertex 13.468804359436035 -1.9008004665374756 19.200002670288086
    vertex 13.468804359436035 -1.9008004665374756 20.793601989746094
    vertex 13.334403038024902 -1.996800422668457 20.793601989746094
  endloop
endfacet
facet normal 0.0 0.0 0.0
  outer loop
    vertex 13.334403038024902 -1.996800422668457 20.793601989746094
    vertex 13.334403038024902 -1.996800422668457 19.200002670288086
    vertex 13.468804359436035 -1.9008004665374756 19.200002670288086
  endloop
endfacet
facet normal 0.0 0.0 0.0
  outer loop
    vertex 13.584003448486328 -1.804800271987915 19.200002670288086
    vertex 13.584003448486328 -1.804800271987915 20.793601989746094
    vertex 13.468804359436035 -1.9008004665374756 20.793601989746094
  endloop
endfacet
facet normal 0.0 0.0 0.0
  outer loop
    vertex 13.468804359436035 -1.9008004665374756 20.793601989746094
    vertex 13.468804359436035 -1.9008004665374756 19.200002670288086
    vertex 13.584003448486328 -1.804800271987915 19.200002670288086
  endloop
endfacet
facet normal 0.0 0.0 0.0
  outer loop
    vertex 13.699202537536621 -1.7088004350662231 19.200002670288086
    vertex 13.699202537536621 -1.7088004350662231 20.793601989746094
    vertex 13.584003448486328 -1.804800271987915 20.793601989746094
  endloop
endfacet
facet normal 0.0 0.0 0.0
  outer loop
    vertex 13.584003448486328 -1.804800271987915 20.793601989746094
    vertex 13.584003448486328 -1.804800271987915 19.200002670288086
    vertex 13.699202537536621 -1.7088004350662231 19.200002670288086
  endloop
endfacet
facet normal 0.0 0.0 0.0
  outer loop
    vertex 13.795202255249023 -1.5936005115509033 19.200002670288086
    vertex 13.699202537536621 -1.7088004350662231 20.793601989746094
    vertex 13.699202537536621 -1.7088004350662231 19.200002670288086
  endloop
endfacet
facet normal 0.0 0.0 0.0
  outer loop
    vertex 13.699202537536621 -1.7088004350662231 20.793601989746094
    vertex 13.795202255249023 -1.5936005115509033 19.200002670288086
    vertex 13.795202255249023 -1.5936005115509033 20.793601989746094
  endloop
endfacet
facet normal 0.0 0.0 0.0
  outer loop
    vertex 13.91040325164795 -1.459200382232666 19.200002670288086
    vertex 13.795202255249023 -1.5936005115509033 20.793601989746094
    vertex 13.795202255249023 -1.5936005115509033 19.200002670288086
  endloop
endfacet
facet normal 0.0 0.0 0.0
  outer loop
    vertex 13.795202255249023 -1.5936005115509033 20.793601989746094
    vertex 13.91040325164795 -1.459200382232666 19.200002670288086
    vertex 13.91040325164795 -1.459200382232666 20.793601989746094
  endloop
endfacet
facet normal 0.0 0.0 0.0
  outer loop
    vertex 13.987202644348145 -1.3440003395080566 19.200002670288086
    vertex 13.91040325164795 -1.459200382232666 20.793601989746094
    vertex 13.91040325164795 -1.459200382232666 19.200002670288086
  endloop
endfacet
facet normal 0.0 0.0 0.0
  outer loop
    vertex 13.91040325164795 -1.459200382232666 20.793601989746094
    vertex 13.987202644348145 -1.3440003395080566 19.200002670288086
    vertex 13.987202644348145 -1.3440003395080566 20.793601989746094
  endloop
endfacet
facet normal 0.0 0.0 0.0
  outer loop
    vertex 14.083202362060547 -1.2096002101898193 19.200002670288086
    vertex 13.987202644348145 -1.3440003395080566 20.793601989746094
    vertex 13.987202644348145 -1.3440003395080566 19.200002670288086
  endloop
endfacet
facet normal 0.0 0.0 0.0
  outer loop
    vertex 13.987202644348145 -1.3440003395080566 20.793601989746094
    vertex 14.083202362060547 -1.2096002101898193 19.200002670288086
    vertex 14.083202362060547 -1.2096002101898193 20.793601989746094
  endloop
endfacet
facet normal 0.0 0.0 0.0
  outer loop
    vertex 14.160003662109375 -1.0560002326965332 19.200002670288086
    vertex 14.083202362060547 -1.2096002101898193 20.793601989746094
    vertex 14.083202362060547 -1.2096002101898193 19.200002670288086
  endloop
endfacet
facet normal 0.0 0.0 0.0
  outer loop
    vertex 14.083202362060547 -1.2096002101898193 20.793601989746094
    vertex 14.160003662109375 -1.0560002326965332 19.200002670288086
    vertex 14.160003662109375 -1.0560002326965332 20.793601989746094
  endloop
endfacet
facet normal 0.0 0.0 0.0
  outer loop
    vertex 14.21760368347168 -0.9215999841690063 19.200002670288086
    vertex 14.160003662109375 -1.0560002326965332 20.793601989746094
    vertex 14.160003662109375 -1.0560002326965332 19.200002670288086
  endloop
endfacet
facet normal 0.0 0.0 0.0
  outer loop
    vertex 14.160003662109375 -1.0560002326965332 20.793601989746094
    vertex 14.21760368347168 -0.9215999841690063 19.200002670288086
    vertex 14.21760368347168 -0.9216000437736511 20.793601989746094
  endloop
endfacet
facet normal 0.0 0.0 0.0
  outer loop
    vertex 14.275205612182617 -0.7680000066757202 19.200002670288086
    vertex 14.21760368347168 -0.9216000437736511 20.793601989746094
    vertex 14.21760368347168 -0.9215999841690063 19.200002670288086
  endloop
endfacet
facet normal 0.0 0.0 0.0
  outer loop
    vertex 14.21760368347168 -0.9216000437736511 20.793601989746094
    vertex 14.275205612182617 -0.7680000066757202 19.200002670288086
    vertex 14.275205612182617 -0.768000066280365 20.793601989746094
  endloop
endfacet
facet normal 0.0 0.0 0.0
  outer loop
    vertex 14.313605308532715 -0.6336001753807068 19.200002670288086
    vertex 14.275205612182617 -0.768000066280365 20.793601989746094
    vertex 14.275205612182617 -0.7680000066757202 19.200002670288086
  endloop
endfacet
facet normal 0.0 0.0 0.0
  outer loop
    vertex 14.275205612182617 -0.768000066280365 20.793601989746094
    vertex 14.313605308532715 -0.6336001753807068 19.200002670288086
    vertex 14.313605308532715 -0.6336002349853516 20.793601989746094
  endloop
endfacet
facet normal 0.0 0.0 0.0
  outer loop
    vertex 14.352005004882812 -0.47999995946884155 19.200002670288086
    vertex 14.313605308532715 -0.6336002349853516 20.793601989746094
    vertex 14.313605308532715 -0.6336001753807068 19.200002670288086
  endloop
endfacet
facet normal 0.0 0.0 0.0
  outer loop
    vertex 14.313605308532715 -0.6336002349853516 20.793601989746094
    vertex 14.352005004882812 -0.47999995946884155 19.200002670288086
    vertex 14.352005004882812 -0.47999998927116394 20.793601989746094
  endloop
endfacet
facet normal 0.0 0.0 0.0
  outer loop
    vertex 14.371204376220703 -0.30720043182373047 19.200002670288086
    vertex 14.352005004882812 -0.47999998927116394 20.793601989746094
    vertex 14.352005004882812 -0.47999995946884155 19.200002670288086
  endloop
endfacet
facet normal 0.0 0.0 0.0
  outer loop
    vertex 14.352005004882812 -0.47999998927116394 20.793601989746094
    vertex 14.371204376220703 -0.30720043182373047 19.200002670288086
    vertex 14.371204376220703 -0.30720046162605286 20.793601989746094
  endloop
endfacet
facet normal 0.0 0.0 0.0
  outer loop
    vertex 14.39040470123291 -0.15360014140605927 19.200002670288086
    vertex 14.371204376220703 -0.30720046162605286 20.793601989746094
    vertex 14.371204376220703 -0.30720043182373047 19.200002670288086
  endloop
endfacet
facet normal 0.0 0.0 0.0
  outer loop
    vertex 14.371204376220703 -0.30720046162605286 20.793601989746094
    vertex 14.39040470123291 -0.15360014140605927 19.200002670288086
    vertex 14.39040470123291 -0.15360017120838165 20.793601989746094
  endloop
endfacet
facet normal 0.0 0.0 0.0
  outer loop
    vertex 14.409602165222168 -1.612495026392935e-07 19.200002670288086
    vertex 14.39040470123291 -0.15360017120838165 20.793601989746094
    vertex 14.39040470123291 -0.15360014140605927 19.200002670288086
  endloop
endfacet
facet normal 0.0 0.0 0.0
  outer loop
    vertex 14.39040470123291 -0.15360017120838165 20.793601989746094
    vertex 14.409602165222168 -1.612495026392935e-07 19.200002670288086
    vertex 14.409602165222168 -1.9814839902210224e-07 20.793601989746094
  endloop
endfacet
facet normal 0.0 0.0 0.0
  outer loop
    vertex 22.396806716918945 0.153599813580513 19.200002670288086
    vertex 22.396806716918945 -1.9814839902210224e-07 20.793601989746094
    vertex 22.396806716918945 -1.612495026392935e-07 19.200002670288086
  endloop
endfacet
facet normal 0.0 0.0 0.0
  outer loop
    vertex 22.396806716918945 -1.9814839902210224e-07 20.793601989746094
    vertex 22.396806716918945 0.153599813580513 19.200002670288086
    vertex 22.396806716918945 0.1535997837781906 20.793601989746094
  endloop
endfacet
facet normal 0.0 0.0 0.0
  outer loop
    vertex 22.377609252929688 0.30719977617263794 19.200002670288086
    vertex 22.396806716918945 0.1535997837781906 20.793601989746094
    vertex 22.396806716918945 0.153599813580513 19.200002670288086
  endloop
endfacet
facet normal 0.0 0.0 0.0
  outer loop
    vertex 22.396806716918945 0.1535997837781906 20.793601989746094
    vertex 22.377609252929688 0.30719977617263794 19.200002670288086
    vertex 22.377609252929688 0.30719974637031555 20.793601989746094
  endloop
endfacet
facet normal 0.0 0.0 0.0
  outer loop
    vertex 22.358402252197266 0.4607997536659241 19.200002670288086
    vertex 22.377609252929688 0.30719974637031555 20.793601989746094
    vertex 22.377609252929688 0.30719977617263794 19.200002670288086
  endloop
endfacet
facet normal 0.0 0.0 0.0
  outer loop
    vertex 22.377609252929688 0.30719974637031555 20.793601989746094
    vertex 22.358402252197266 0.4607997536659241 19.200002670288086
    vertex 22.358402252197266 0.4607997238636017 20.793601989746094
  endloop
endfacet
facet normal 0.0 0.0 0.0
  outer loop
    vertex 22.32000732421875 0.614399790763855 19.200002670288086
    vertex 22.358402252197266 0.4607997238636017 20.793601989746094
    vertex 22.358402252197266 0.4607997536659241 19.200002670288086
  endloop
endfacet
facet normal 0.0 0.0 0.0
  outer loop
    vertex 22.358402252197266 0.4607997238636017 20.793601989746094
    vertex 22.32000732421875 0.614399790763855 19.200002670288086
    vertex 22.32000732421875 0.6143997311592102 20.793601989746094
  endloop
endfacet
facet normal 0.0 0.0 0.0
  outer loop
    vertex 22.28160285949707 0.768000066280365 19.200002670288086
    vertex 22.32000732421875 0.6143997311592102 20.793601989746094
    vertex 22.32000732421875 0.614399790763855 19.200002670288086
  endloop
endfacet
facet normal 0.0 0.0 0.0
  outer loop
    vertex 22.32000732421875 0.6143997311592102 20.793601989746094
    vertex 22.28160285949707 0.768000066280365 19.200002670288086
    vertex 22.28160285949707 0.7680000066757202 20.793601989746094
  endloop
endfacet
facet normal 0.0 0.0 0.0
  outer loop
    vertex 22.22400665283203 0.9216000437736511 19.200002670288086
    vertex 22.28160285949707 0.7680000066757202 20.793601989746094
    vertex 22.28160285949707 0.768000066280365 19.200002670288086
  endloop
endfacet
facet normal 0.0 0.0 0.0
  outer loop
    vertex 22.28160285949707 0.7680000066757202 20.793601989746094
    vertex 22.22400665283203 0.9216000437736511 19.200002670288086
    vertex 22.22400665283203 0.9215999841690063 20.793601989746094
  endloop
endfacet
facet normal 0.0 0.0 0.0
  outer loop
    vertex 22.147207260131836 1.055999994277954 19.200002670288086
    vertex 22.22400665283203 0.9215999841690063 20.793601989746094
    vertex 22.22400665283203 0.9216000437736511 19.200002670288086
  endloop
endfacet
facet normal 0.0 0.0 0.0
  outer loop
    vertex 22.22400665283203 0.9215999841690063 20.793601989746094
    vertex 22.147207260131836 1.055999994277954 19.200002670288086
    vertex 22.147207260131836 1.055999994277954 20.793601989746094
  endloop
endfacet
facet normal 0.0 0.0 0.0
  outer loop
    vertex 22.07040786743164 1.1903996467590332 19.200002670288086
    vertex 22.147207260131836 1.055999994277954 20.793601989746094
    vertex 22.147207260131836 1.055999994277954 19.200002670288086
  endloop
endfacet
facet normal 0.0 0.0 0.0
  outer loop
    vertex 22.147207260131836 1.055999994277954 20.793601989746094
    vertex 22.07040786743164 1.1903996467590332 19.200002670288086
    vertex 22.07040786743164 1.1903996467590332 20.793601989746094
  endloop
endfacet
facet normal 0.0 0.0 0.0
  outer loop
    vertex 21.993608474731445 1.3247997760772705 19.200002670288086
    vertex 22.07040786743164 1.1903996467590332 20.793601989746094
    vertex 22.07040786743164 1.1903996467590332 19.200002670288086
  endloop
endfacet
facet normal 0.0 0.0 0.0
  outer loop
    vertex 22.07040786743164 1.1903996467590332 20.793601989746094
    vertex 21.993608474731445 1.3247997760772705 19.200002670288086
    vertex 21.993608474731445 1.3247997760772705 20.793601989746094
  endloop
endfacet
facet normal 0.0 0.0 0.0
  outer loop
    vertex 21.897605895996094 1.4591999053955078 19.200002670288086
    vertex 21.993608474731445 1.3247997760772705 20.793601989746094
    vertex 21.993608474731445 1.3247997760772705 19.200002670288086
  endloop
endfacet
facet normal 0.0 0.0 0.0
  outer loop
    vertex 21.993608474731445 1.3247997760772705 20.793601989746094
    vertex 21.897605895996094 1.4591999053955078 19.200002670288086
    vertex 21.897605895996094 1.4591999053955078 20.793601989746094
  endloop
endfacet
facet normal 0.0 0.0 0.0
  outer loop
    vertex 21.80160903930664 1.5744001865386963 19.200002670288086
    vertex 21.897605895996094 1.4591999053955078 20.793601989746094
    vertex 21.897605895996094 1.4591999053955078 19.200002670288086
  endloop
endfacet
facet normal 0.0 0.0 0.0
  outer loop
    vertex 21.897605895996094 1.4591999053955078 20.793601989746094
    vertex 21.80160903930664 1.5744001865386963 19.200002670288086
    vertex 21.80160903930664 1.5744001865386963 20.793601989746094
  endloop
endfacet
facet normal 0.0 0.0 0.0
  outer loop
    vertex 21.705608367919922 1.6895997524261475 19.200002670288086
    vertex 21.80160903930664 1.5744001865386963 20.793601989746094
    vertex 21.80160903930664 1.5744001865386963 19.200002670288086
  endloop
endfacet
facet normal 0.0 0.0 0.0
  outer loop
    vertex 21.80160903930664 1.5744001865386963 20.793601989746094
    vertex 21.705608367919922 1.6895997524261475 19.200002670288086
    vertex 21.705608367919922 1.6895997524261475 20.793601989746094
  endloop
endfacet
facet normal 0.0 0.0 0.0
  outer loop
    vertex 21.590404510498047 1.804800033569336 20.793601989746094
    vertex 21.705608367919922 1.6895997524261475 20.793601989746094
    vertex 21.590404510498047 1.804800033569336 19.200002670288086
  endloop
endfacet
facet normal 0.0 0.0 0.0
  outer loop
    vertex 21.705608367919922 1.6895997524261475 19.200002670288086
    vertex 21.590404510498047 1.804800033569336 19.200002670288086
    vertex 21.705608367919922 1.6895997524261475 20.793601989746094
  endloop
endfacet
facet normal 0.0 0.0 0.0
  outer loop
    vertex 21.45600700378418 1.9007999897003174 20.793601989746094
    vertex 21.590404510498047 1.804800033569336 20.793601989746094
    vertex 21.45600700378418 1.9007999897003174 19.200002670288086
  endloop
endfacet
facet normal 0.0 0.0 0.0
  outer loop
    vertex 21.590404510498047 1.804800033569336 19.200002670288086
    vertex 21.45600700378418 1.9007999897003174 19.200002670288086
    vertex 21.590404510498047 1.804800033569336 20.793601989746094
  endloop
endfacet
facet normal 0.0 0.0 0.0
  outer loop
    vertex 21.340803146362305 1.9967997074127197 20.793601989746094
    vertex 21.45600700378418 1.9007999897003174 20.793601989746094
    vertex 21.340803146362305 1.9967997074127197 19.200002670288086
  endloop
endfacet
facet normal 0.0 0.0 0.0
  outer loop
    vertex 21.45600700378418 1.9007999897003174 19.200002670288086
    vertex 21.340803146362305 1.9967997074127197 19.200002670288086
    vertex 21.45600700378418 1.9007999897003174 20.793601989746094
  endloop
endfacet
facet normal 0.0 0.0 0.0
  outer loop
    vertex 21.20640754699707 2.0735998153686523 20.793601989746094
    vertex 21.340803146362305 1.9967997074127197 20.793601989746094
    vertex 21.20640754699707 2.0735998153686523 19.200002670288086
  endloop
endfacet
facet normal 0.0 0.0 0.0
  outer loop
    vertex 21.340803146362305 1.9967997074127197 19.200002670288086
    vertex 21.20640754699707 2.0735998153686523 19.200002670288086
    vertex 21.340803146362305 1.9967997074127197 20.793601989746094
  endloop
endfacet
facet normal 0.0 0.0 0.0
  outer loop
    vertex 21.05280876159668 2.150400400161743 20.793601989746094
    vertex 21.20640754699707 2.0735998153686523 20.793601989746094
    vertex 21.05280876159668 2.150400400161743 19.200002670288086
  endloop
endfacet
facet normal 0.0 0.0 0.0
  outer loop
    vertex 21.20640754699707 2.0735998153686523 19.200002670288086
    vertex 21.05280876159668 2.150400400161743 19.200002670288086
    vertex 21.20640754699707 2.0735998153686523 20.793601989746094
  endloop
endfacet
facet normal 0.0 0.0 0.0
  outer loop
    vertex 20.918407440185547 2.2079999446868896 20.793601989746094
    vertex 21.05280876159668 2.150400400161743 20.793601989746094
    vertex 20.918407440185547 2.2079999446868896 19.200002670288086
  endloop
endfacet
facet normal 0.0 0.0 0.0
  outer loop
    vertex 21.05280876159668 2.150400400161743 19.200002670288086
    vertex 20.918407440185547 2.2079999446868896 19.200002670288086
    vertex 21.05280876159668 2.150400400161743 20.793601989746094
  endloop
endfacet
facet normal 0.0 0.0 0.0
  outer loop
    vertex 20.764802932739258 2.2655999660491943 20.793601989746094
    vertex 20.918407440185547 2.2079999446868896 20.793601989746094
    vertex 20.764802932739258 2.2655999660491943 19.200002670288086
  endloop
endfacet
facet normal 0.0 0.0 0.0
  outer loop
    vertex 20.918407440185547 2.2079999446868896 19.200002670288086
    vertex 20.764802932739258 2.2655999660491943 19.200002670288086
    vertex 20.918407440185547 2.2079999446868896 20.793601989746094
  endloop
endfacet
facet normal 0.0 0.0 0.0
  outer loop
    vertex 20.630407333374023 2.323200225830078 20.793601989746094
    vertex 20.764802932739258 2.2655999660491943 20.793601989746094
    vertex 20.630407333374023 2.323200225830078 19.200002670288086
  endloop
endfacet
facet normal 0.0 0.0 0.0
  outer loop
    vertex 20.764802932739258 2.2655999660491943 19.200002670288086
    vertex 20.630407333374023 2.323200225830078 19.200002670288086
    vertex 20.764802932739258 2.2655999660491943 20.793601989746094
  endloop
endfacet
facet normal 0.0 0.0 0.0
  outer loop
    vertex 20.476808547973633 2.342400074005127 20.793601989746094
    vertex 20.630407333374023 2.323200225830078 20.793601989746094
    vertex 20.476808547973633 2.342400074005127 19.200002670288086
  endloop
endfacet
facet normal 0.0 0.0 0.0
  outer loop
    vertex 20.630407333374023 2.323200225830078 19.200002670288086
    vertex 20.476808547973633 2.342400074005127 19.200002670288086
    vertex 20.630407333374023 2.323200225830078 20.793601989746094
  endloop
endfacet
facet normal 0.0 0.0 0.0
  outer loop
    vertex 20.304006576538086 2.380800247192383 20.793601989746094
    vertex 20.476808547973633 2.342400074005127 20.793601989746094
    vertex 20.304006576538086 2.380800247192383 19.200002670288086
  endloop
endfacet
facet normal 0.0 0.0 0.0
  outer loop
    vertex 20.476808547973633 2.342400074005127 19.200002670288086
    vertex 20.304006576538086 2.380800247192383 19.200002670288086
    vertex 20.476808547973633 2.342400074005127 20.793601989746094
  endloop
endfacet
facet normal 0.0 0.0 0.0
  outer loop
    vertex 20.15040397644043 2.3999996185302734 20.793601989746094
    vertex 20.304006576538086 2.380800247192383 20.793601989746094
    vertex 20.15040397644043 2.3999996185302734 19.200002670288086
  endloop
endfacet
facet normal 0.0 0.0 0.0
  outer loop
    vertex 20.304006576538086 2.380800247192383 19.200002670288086
    vertex 20.15040397644043 2.3999996185302734 19.200002670288086
    vertex 20.304006576538086 2.380800247192383 20.793601989746094
  endloop
endfacet
facet normal 0.0 0.0 0.0
  outer loop
    vertex 19.996803283691406 2.3999996185302734 20.793601989746094
    vertex 20.15040397644043 2.3999996185302734 20.793601989746094
    vertex 19.996803283691406 2.3999996185302734 19.200002670288086
  endloop
endfacet
facet normal 0.0 0.0 0.0
  outer loop
    vertex 20.15040397644043 2.3999996185302734 19.200002670288086
    vertex 19.996803283691406 2.3999996185302734 19.200002670288086
    vertex 20.15040397644043 2.3999996185302734 20.793601989746094
  endloop
endfacet
facet normal 0.0 0.0 0.0
  outer loop
    vertex 19.843204498291016 2.3999996185302734 20.793601989746094
    vertex 19.996803283691406 2.3999996185302734 20.793601989746094
    vertex 19.843204498291016 2.3999996185302734 19.200002670288086
  endloop
endfacet
facet normal 0.0 0.0 0.0
  outer loop
    vertex 19.996803283691406 2.3999996185302734 19.200002670288086
    vertex 19.843204498291016 2.3999996185302734 19.200002670288086
    vertex 19.996803283691406 2.3999996185302734 20.793601989746094
  endloop
endfacet
facet normal 0.0 0.0 0.0
  outer loop
    vertex 19.689605712890625 2.380800247192383 20.793601989746094
    vertex 19.843204498291016 2.3999996185302734 20.793601989746094
    vertex 19.689605712890625 2.380800247192383 19.200002670288086
  endloop
endfacet
facet normal 0.0 0.0 0.0
  outer loop
    vertex 19.843204498291016 2.3999996185302734 19.200002670288086
    vertex 19.689605712890625 2.380800247192383 19.200002670288086
    vertex 19.843204498291016 2.3999996185302734 20.793601989746094
  endloop
endfacet
facet normal 0.0 0.0 0.0
  outer loop
    vertex 19.536006927490234 2.342400074005127 20.793601989746094
    vertex 19.689605712890625 2.380800247192383 20.793601989746094
    vertex 19.536006927490234 2.342400074005127 19.200002670288086
  endloop
endfacet
facet normal 0.0 0.0 0.0
  outer loop
    vertex 19.689605712890625 2.380800247192383 19.200002670288086
    vertex 19.536006927490234 2.342400074005127 19.200002670288086
    vertex 19.689605712890625 2.380800247192383 20.793601989746094
  endloop
endfacet
facet normal 0.0 0.0 0.0
  outer loop
    vertex 19.382404327392578 2.323200225830078 20.793601989746094
    vertex 19.536006927490234 2.342400074005127 20.793601989746094
    vertex 19.382404327392578 2.323200225830078 19.200002670288086
  endloop
endfacet
facet normal 0.0 0.0 0.0
  outer loop
    vertex 19.536006927490234 2.342400074005127 19.200002670288086
    vertex 19.382404327392578 2.323200225830078 19.200002670288086
    vertex 19.536006927490234 2.342400074005127 20.793601989746094
  endloop
endfacet
facet normal 0.0 0.0 0.0
  outer loop
    vertex 19.228805541992188 2.2655999660491943 20.793601989746094
    vertex 19.382404327392578 2.323200225830078 20.793601989746094
    vertex 19.228805541992188 2.2655999660491943 19.200002670288086
  endloop
endfacet
facet normal 0.0 0.0 0.0
  outer loop
    vertex 19.382404327392578 2.323200225830078 19.200002670288086
    vertex 19.228805541992188 2.2655999660491943 19.200002670288086
    vertex 19.382404327392578 2.323200225830078 20.793601989746094
  endloop
endfacet
facet normal 0.0 0.0 0.0
  outer loop
    vertex 19.0752010345459 2.2079999446868896 20.793601989746094
    vertex 19.228805541992188 2.2655999660491943 20.793601989746094
    vertex 19.0752010345459 2.2079999446868896 19.200002670288086
  endloop
endfacet
facet normal 0.0 0.0 0.0
  outer loop
    vertex 19.228805541992188 2.2655999660491943 19.200002670288086
    vertex 19.0752010345459 2.2079999446868896 19.200002670288086
    vertex 19.228805541992188 2.2655999660491943 20.793601989746094
  endloop
endfacet
facet normal 0.0 0.0 0.0
  outer loop
    vertex 18.940805435180664 2.150400400161743 20.793601989746094
    vertex 19.0752010345459 2.2079999446868896 20.793601989746094
    vertex 18.940805435180664 2.150400400161743 19.200002670288086
  endloop
endfacet
facet normal 0.0 0.0 0.0
  outer loop
    vertex 19.0752010345459 2.2079999446868896 19.200002670288086
    vertex 18.940805435180664 2.150400400161743 19.200002670288086
    vertex 19.0752010345459 2.2079999446868896 20.793601989746094
  endloop
endfacet
facet normal 0.0 0.0 0.0
  outer loop
    vertex 18.80640411376953 2.0735998153686523 20.793601989746094
    vertex 18.940805435180664 2.150400400161743 20.793601989746094
    vertex 18.80640411376953 2.0735998153686523 19.200002670288086
  endloop
endfacet
facet normal 0.0 0.0 0.0
  outer loop
    vertex 18.940805435180664 2.150400400161743 19.200002670288086
    vertex 18.80640411376953 2.0735998153686523 19.200002670288086
    vertex 18.940805435180664 2.150400400161743 20.793601989746094
  endloop
endfacet
facet normal 0.0 0.0 0.0
  outer loop
    vertex 18.672006607055664 1.9967997074127197 20.793601989746094
    vertex 18.80640411376953 2.0735998153686523 20.793601989746094
    vertex 18.672006607055664 1.9967997074127197 19.200002670288086
  endloop
endfacet
facet normal 0.0 0.0 0.0
  outer loop
    vertex 18.80640411376953 2.0735998153686523 19.200002670288086
    vertex 18.672006607055664 1.9967997074127197 19.200002670288086
    vertex 18.80640411376953 2.0735998153686523 20.793601989746094
  endloop
endfacet
facet normal 0.0 0.0 0.0
  outer loop
    vertex 18.53760528564453 1.9007999897003174 20.793601989746094
    vertex 18.672006607055664 1.9967997074127197 20.793601989746094
    vertex 18.53760528564453 1.9007999897003174 19.200002670288086
  endloop
endfacet
facet normal 0.0 0.0 0.0
  outer loop
    vertex 18.672006607055664 1.9967997074127197 19.200002670288086
    vertex 18.53760528564453 1.9007999897003174 19.200002670288086
    vertex 18.672006607055664 1.9967997074127197 20.793601989746094
  endloop
endfacet
facet normal 0.0 0.0 0.0
  outer loop
    vertex 18.422407150268555 1.804800033569336 20.793601989746094
    vertex 18.53760528564453 1.9007999897003174 20.793601989746094
    vertex 18.422407150268555 1.804800033569336 19.200002670288086
  endloop
endfacet
facet normal 0.0 0.0 0.0
  outer loop
    vertex 18.53760528564453 1.9007999897003174 19.200002670288086
    vertex 18.422407150268555 1.804800033569336 19.200002670288086
    vertex 18.53760528564453 1.9007999897003174 20.793601989746094
  endloop
endfacet
facet normal 0.0 0.0 0.0
  outer loop
    vertex 18.30720329284668 1.6895997524261475 20.793601989746094
    vertex 18.422407150268555 1.804800033569336 20.793601989746094
    vertex 18.30720329284668 1.6895997524261475 19.200002670288086
  endloop
endfacet
facet normal 0.0 0.0 0.0
  outer loop
    vertex 18.422407150268555 1.804800033569336 19.200002670288086
    vertex 18.30720329284668 1.6895997524261475 19.200002670288086
    vertex 18.422407150268555 1.804800033569336 20.793601989746094
  endloop
endfacet
facet normal 0.0 0.0 0.0
  outer loop
    vertex 18.19200325012207 1.5744001865386963 20.793601989746094
    vertex 18.30720329284668 1.6895997524261475 20.793601989746094
    vertex 18.19200325012207 1.5744001865386963 19.200002670288086
  endloop
endfacet
facet normal 0.0 0.0 0.0
  outer loop
    vertex 18.30720329284668 1.6895997524261475 19.200002670288086
    vertex 18.19200325012207 1.5744001865386963 19.200002670288086
    vertex 18.30720329284668 1.6895997524261475 20.793601989746094
  endloop
endfacet
facet normal 0.0 0.0 0.0
  outer loop
    vertex 18.096006393432617 1.4591999053955078 20.793601989746094
    vertex 18.19200325012207 1.5744001865386963 20.793601989746094
    vertex 18.096006393432617 1.4591999053955078 19.200002670288086
  endloop
endfacet
facet normal 0.0 0.0 0.0
  outer loop
    vertex 18.19200325012207 1.5744001865386963 19.200002670288086
    vertex 18.096006393432617 1.4591999053955078 19.200002670288086
    vertex 18.19200325012207 1.5744001865386963 20.793601989746094
  endloop
endfacet
facet normal 0.0 0.0 0.0
  outer loop
    vertex 18.0000057220459 1.3247997760772705 20.793601989746094
    vertex 18.096006393432617 1.4591999053955078 20.793601989746094
    vertex 18.0000057220459 1.3247997760772705 19.200002670288086
  endloop
endfacet
facet normal 0.0 0.0 0.0
  outer loop
    vertex 18.096006393432617 1.4591999053955078 19.200002670288086
    vertex 18.0000057220459 1.3247997760772705 19.200002670288086
    vertex 18.096006393432617 1.4591999053955078 20.793601989746094
  endloop
endfacet
facet normal 0.0 0.0 0.0
  outer loop
    vertex 17.923206329345703 1.1903996467590332 20.793601989746094
    vertex 18.0000057220459 1.3247997760772705 20.793601989746094
    vertex 17.923206329345703 1.1903996467590332 19.200002670288086
  endloop
endfacet
facet normal 0.0 0.0 0.0
  outer loop
    vertex 18.0000057220459 1.3247997760772705 19.200002670288086
    vertex 17.923206329345703 1.1903996467590332 19.200002670288086
    vertex 18.0000057220459 1.3247997760772705 20.793601989746094
  endloop
endfacet
facet normal 0.0 0.0 0.0
  outer loop
    vertex 17.846406936645508 1.055999994277954 20.793601989746094
    vertex 17.923206329345703 1.1903996467590332 20.793601989746094
    vertex 17.846406936645508 1.055999994277954 19.200002670288086
  endloop
endfacet
facet normal 0.0 0.0 0.0
  outer loop
    vertex 17.923206329345703 1.1903996467590332 19.200002670288086
    vertex 17.846406936645508 1.055999994277954 19.200002670288086
    vertex 17.923206329345703 1.1903996467590332 20.793601989746094
  endloop
endfacet
facet normal 0.0 0.0 0.0
  outer loop
    vertex 17.78880500793457 0.9215999841690063 20.793601989746094
    vertex 17.846406936645508 1.055999994277954 20.793601989746094
    vertex 17.78880500793457 0.9216000437736511 19.200002670288086
  endloop
endfacet
facet normal 0.0 0.0 0.0
  outer loop
    vertex 17.846406936645508 1.055999994277954 19.200002670288086
    vertex 17.78880500793457 0.9216000437736511 19.200002670288086
    vertex 17.846406936645508 1.055999994277954 20.793601989746094
  endloop
endfacet
facet normal 0.0 0.0 0.0
  outer loop
    vertex 17.731203079223633 0.7680000066757202 20.793601989746094
    vertex 17.78880500793457 0.9215999841690063 20.793601989746094
    vertex 17.731203079223633 0.768000066280365 19.200002670288086
  endloop
endfacet
facet normal 0.0 0.0 0.0
  outer loop
    vertex 17.78880500793457 0.9216000437736511 19.200002670288086
    vertex 17.731203079223633 0.768000066280365 19.200002670288086
    vertex 17.78880500793457 0.9215999841690063 20.793601989746094
  endloop
endfacet
facet normal 0.0 0.0 0.0
  outer loop
    vertex 17.67360496520996 0.6143997311592102 20.793601989746094
    vertex 17.731203079223633 0.7680000066757202 20.793601989746094
    vertex 17.67360496520996 0.614399790763855 19.200002670288086
  endloop
endfacet
facet normal 0.0 0.0 0.0
  outer loop
    vertex 17.731203079223633 0.768000066280365 19.200002670288086
    vertex 17.67360496520996 0.614399790763855 19.200002670288086
    vertex 17.731203079223633 0.7680000066757202 20.793601989746094
  endloop
endfacet
facet normal 0.0 0.0 0.0
  outer loop
    vertex 17.654407501220703 0.4607997238636017 20.793601989746094
    vertex 17.67360496520996 0.6143997311592102 20.793601989746094
    vertex 17.654407501220703 0.4607997536659241 19.200002670288086
  endloop
endfacet
facet normal 0.0 0.0 0.0
  outer loop
    vertex 17.67360496520996 0.614399790763855 19.200002670288086
    vertex 17.654407501220703 0.4607997536659241 19.200002670288086
    vertex 17.67360496520996 0.6143997311592102 20.793601989746094
  endloop
endfacet
facet normal 0.0 0.0 0.0
  outer loop
    vertex 17.616003036499023 0.30719974637031555 20.793601989746094
    vertex 17.654407501220703 0.4607997238636017 20.793601989746094
    vertex 17.616003036499023 0.30719977617263794 19.200002670288086
  endloop
endfacet
facet normal 0.0 0.0 0.0
  outer loop
    vertex 17.654407501220703 0.4607997536659241 19.200002670288086
    vertex 17.616003036499023 0.30719977617263794 19.200002670288086
    vertex 17.654407501220703 0.4607997238636017 20.793601989746094
  endloop
endfacet
facet normal 0.0 0.0 0.0
  outer loop
    vertex 17.596805572509766 0.1535997837781906 20.793601989746094
    vertex 17.616003036499023 0.30719974637031555 20.793601989746094
    vertex 17.596805572509766 0.153599813580513 19.200002670288086
  endloop
endfacet
facet normal 0.0 0.0 0.0
  outer loop
    vertex 17.616003036499023 0.30719977617263794 19.200002670288086
    vertex 17.596805572509766 0.153599813580513 19.200002670288086
    vertex 17.616003036499023 0.30719974637031555 20.793601989746094
  endloop
endfacet
facet normal 0.0 0.0 0.0
  outer loop
    vertex 17.596805572509766 -1.9814839902210224e-07 20.793601989746094
    vertex 17.596805572509766 0.1535997837781906 20.793601989746094
    vertex 17.596805572509766 -1.612495026392935e-07 19.200002670288086
  endloop
endfacet
facet normal 0.0 0.0 0.0
  outer loop
    vertex 17.596805572509766 0.153599813580513 19.200002670288086
    vertex 17.596805572509766 -1.612495026392935e-07 19.200002670288086
    vertex 17.596805572509766 0.1535997837781906 20.793601989746094
  endloop
endfacet
facet normal 0.0 0.0 0.0
  outer loop
    vertex 17.596805572509766 -0.15360017120838165 20.793601989746094
    vertex 17.596805572509766 -1.9814839902210224e-07 20.793601989746094
    vertex 17.596805572509766 -0.15360014140605927 19.200002670288086
  endloop
endfacet
facet normal 0.0 0.0 0.0
  outer loop
    vertex 17.596805572509766 -1.612495026392935e-07 19.200002670288086
    vertex 17.596805572509766 -0.15360014140605927 19.200002670288086
    vertex 17.596805572509766 -1.9814839902210224e-07 20.793601989746094
  endloop
endfacet
facet normal 0.0 0.0 0.0
  outer loop
    vertex 17.616003036499023 -0.30720046162605286 20.793601989746094
    vertex 17.596805572509766 -0.15360017120838165 20.793601989746094
    vertex 17.616003036499023 -0.30720043182373047 19.200002670288086
  endloop
endfacet
facet normal 0.0 0.0 0.0
  outer loop
    vertex 17.596805572509766 -0.15360014140605927 19.200002670288086
    vertex 17.616003036499023 -0.30720043182373047 19.200002670288086
    vertex 17.596805572509766 -0.15360017120838165 20.793601989746094
  endloop
endfacet
facet normal 0.0 0.0 0.0
  outer loop
    vertex 17.654407501220703 -0.47999998927116394 20.793601989746094
    vertex 17.616003036499023 -0.30720046162605286 20.793601989746094
    vertex 17.654407501220703 -0.47999995946884155 19.200002670288086
  endloop
endfacet
facet normal 0.0 0.0 0.0
  outer loop
    vertex 17.616003036499023 -0.30720043182373047 19.200002670288086
    vertex 17.654407501220703 -0.47999995946884155 19.200002670288086
    vertex 17.616003036499023 -0.30720046162605286 20.793601989746094
  endloop
endfacet
facet normal 0.0 0.0 0.0
  outer loop
    vertex 17.67360496520996 -0.6336002349853516 20.793601989746094
    vertex 17.654407501220703 -0.47999998927116394 20.793601989746094
    vertex 17.67360496520996 -0.6336001753807068 19.200002670288086
  endloop
endfacet
facet normal 0.0 0.0 0.0
  outer loop
    vertex 17.654407501220703 -0.47999995946884155 19.200002670288086
    vertex 17.67360496520996 -0.6336001753807068 19.200002670288086
    vertex 17.654407501220703 -0.47999998927116394 20.793601989746094
  endloop
endfacet
facet normal 0.0 0.0 0.0
  outer loop
    vertex 17.731203079223633 -0.768000066280365 20.793601989746094
    vertex 17.67360496520996 -0.6336002349853516 20.793601989746094
    vertex 17.731203079223633 -0.7680000066757202 19.200002670288086
  endloop
endfacet
facet normal 0.0 0.0 0.0
  outer loop
    vertex 17.67360496520996 -0.6336001753807068 19.200002670288086
    vertex 17.731203079223633 -0.7680000066757202 19.200002670288086
    vertex 17.67360496520996 -0.6336002349853516 20.793601989746094
  endloop
endfacet
facet normal 0.0 0.0 0.0
  outer loop
    vertex 17.78880500793457 -0.9216000437736511 20.793601989746094
    vertex 17.731203079223633 -0.768000066280365 20.793601989746094
    vertex 17.78880500793457 -0.9215999841690063 19.200002670288086
  endloop
endfacet
facet normal 0.0 0.0 0.0
  outer loop
    vertex 17.769607543945312 -0.8832002878189087 19.200002670288086
    vertex 17.78880500793457 -0.9215999841690063 19.200002670288086
    vertex 17.731203079223633 -0.768000066280365 20.793601989746094
  endloop
endfacet
facet normal 0.0 0.0 0.0
  outer loop
    vertex 17.731203079223633 -0.7680000066757202 19.200002670288086
    vertex 17.769607543945312 -0.8832002878189087 19.200002670288086
    vertex 17.731203079223633 -0.768000066280365 20.793601989746094
  endloop
endfacet
facet normal 0.0 0.0 0.0
  outer loop
    vertex 17.846406936645508 -1.0560002326965332 20.793601989746094
    vertex 17.78880500793457 -0.9216000437736511 20.793601989746094
    vertex 17.846406936645508 -1.0560002326965332 19.200002670288086
  endloop
endfacet
facet normal 0.0 0.0 0.0
  outer loop
    vertex 17.78880500793457 -0.9215999841690063 19.200002670288086
    vertex 17.846406936645508 -1.0560002326965332 19.200002670288086
    vertex 17.78880500793457 -0.9216000437736511 20.793601989746094
  endloop
endfacet
facet normal 0.0 0.0 0.0
  outer loop
    vertex 17.923206329345703 -1.2096002101898193 20.793601989746094
    vertex 17.846406936645508 -1.0560002326965332 20.793601989746094
    vertex 17.923206329345703 -1.2096002101898193 19.200002670288086
  endloop
endfacet
facet normal 0.0 0.0 0.0
  outer loop
    vertex 17.846406936645508 -1.0560002326965332 19.200002670288086
    vertex 17.923206329345703 -1.2096002101898193 19.200002670288086
    vertex 17.846406936645508 -1.0560002326965332 20.793601989746094
  endloop
endfacet
facet normal 0.0 0.0 0.0
  outer loop
    vertex 18.0000057220459 -1.3440003395080566 20.793601989746094
    vertex 17.923206329345703 -1.2096002101898193 20.793601989746094
    vertex 18.0000057220459 -1.3440003395080566 19.200002670288086
  endloop
endfacet
facet normal 0.0 0.0 0.0
  outer loop
    vertex 17.923206329345703 -1.2096002101898193 19.200002670288086
    vertex 18.0000057220459 -1.3440003395080566 19.200002670288086
    vertex 17.923206329345703 -1.2096002101898193 20.793601989746094
  endloop
endfacet
facet normal 0.0 0.0 0.0
  outer loop
    vertex 18.096006393432617 -1.459200382232666 20.793601989746094
    vertex 18.0000057220459 -1.3440003395080566 20.793601989746094
    vertex 18.096006393432617 -1.459200382232666 19.200002670288086
  endloop
endfacet
facet normal 0.0 0.0 0.0
  outer loop
    vertex 18.0000057220459 -1.3440003395080566 19.200002670288086
    vertex 18.096006393432617 -1.459200382232666 19.200002670288086
    vertex 18.0000057220459 -1.3440003395080566 20.793601989746094
  endloop
endfacet
facet normal 0.0 0.0 0.0
  outer loop
    vertex 18.19200325012207 -1.5936005115509033 20.793601989746094
    vertex 18.096006393432617 -1.459200382232666 20.793601989746094
    vertex 18.19200325012207 -1.5936005115509033 19.200002670288086
  endloop
endfacet
facet normal 0.0 0.0 0.0
  outer loop
    vertex 18.096006393432617 -1.459200382232666 19.200002670288086
    vertex 18.19200325012207 -1.5936005115509033 19.200002670288086
    vertex 18.096006393432617 -1.459200382232666 20.793601989746094
  endloop
endfacet
facet normal 0.0 0.0 0.0
  outer loop
    vertex 18.30720329284668 -1.7088004350662231 20.793601989746094
    vertex 18.19200325012207 -1.5936005115509033 20.793601989746094
    vertex 18.30720329284668 -1.7088004350662231 19.200002670288086
  endloop
endfacet
facet normal 0.0 0.0 0.0
  outer loop
    vertex 18.19200325012207 -1.5936005115509033 19.200002670288086
    vertex 18.30720329284668 -1.7088004350662231 19.200002670288086
    vertex 18.19200325012207 -1.5936005115509033 20.793601989746094
  endloop
endfacet
facet normal 0.0 0.0 0.0
  outer loop
    vertex 18.422407150268555 -1.804800271987915 19.200002670288086
    vertex 18.422407150268555 -1.804800271987915 20.793601989746094
    vertex 18.30720329284668 -1.7088004350662231 20.793601989746094
  endloop
endfacet
facet normal 0.0 0.0 0.0
  outer loop
    vertex 18.30720329284668 -1.7088004350662231 20.793601989746094
    vertex 18.30720329284668 -1.7088004350662231 19.200002670288086
    vertex 18.422407150268555 -1.804800271987915 19.200002670288086
  endloop
endfacet
facet normal 0.0 0.0 0.0
  outer loop
    vertex 18.53760528564453 -1.9008004665374756 19.200002670288086
    vertex 18.53760528564453 -1.9008004665374756 20.793601989746094
    vertex 18.422407150268555 -1.804800271987915 20.793601989746094
  endloop
endfacet
facet normal 0.0 0.0 0.0
  outer loop
    vertex 18.422407150268555 -1.804800271987915 20.793601989746094
    vertex 18.422407150268555 -1.804800271987915 19.200002670288086
    vertex 18.53760528564453 -1.9008004665374756 19.200002670288086
  endloop
endfacet
facet normal 0.0 0.0 0.0
  outer loop
    vertex 18.672006607055664 -1.996800422668457 19.200002670288086
    vertex 18.672006607055664 -1.996800422668457 20.793601989746094
    vertex 18.53760528564453 -1.9008004665374756 20.793601989746094
  endloop
endfacet
facet normal 0.0 0.0 0.0
  outer loop
    vertex 18.53760528564453 -1.9008004665374756 20.793601989746094
    vertex 18.53760528564453 -1.9008004665374756 19.200002670288086
    vertex 18.672006607055664 -1.996800422668457 19.200002670288086
  endloop
endfacet
facet normal 0.0 0.0 0.0
  outer loop
    vertex 18.80640411376953 -2.0736002922058105 19.200002670288086
    vertex 18.80640411376953 -2.0736002922058105 20.793601989746094
    vertex 18.672006607055664 -1.996800422668457 20.793601989746094
  endloop
endfacet
facet normal 0.0 0.0 0.0
  outer loop
    vertex 18.672006607055664 -1.996800422668457 20.793601989746094
    vertex 18.672006607055664 -1.996800422668457 19.200002670288086
    vertex 18.80640411376953 -2.0736002922058105 19.200002670288086
  endloop
endfacet
facet normal 0.0 0.0 0.0
  outer loop
    vertex 18.940805435180664 -2.150400400161743 19.200002670288086
    vertex 18.940805435180664 -2.150400400161743 20.793601989746094
    vertex 18.80640411376953 -2.0736002922058105 20.793601989746094
  endloop
endfacet
facet normal 0.0 0.0 0.0
  outer loop
    vertex 18.80640411376953 -2.0736002922058105 20.793601989746094
    vertex 18.80640411376953 -2.0736002922058105 19.200002670288086
    vertex 18.940805435180664 -2.150400400161743 19.200002670288086
  endloop
endfacet
facet normal 0.0 0.0 0.0
  outer loop
    vertex 19.0752010345459 -2.2272002696990967 19.200002670288086
    vertex 19.0752010345459 -2.2272002696990967 20.793601989746094
    vertex 18.940805435180664 -2.150400400161743 20.793601989746094
  endloop
endfacet
facet normal 0.0 0.0 0.0
  outer loop
    vertex 18.940805435180664 -2.150400400161743 20.793601989746094
    vertex 18.940805435180664 -2.150400400161743 19.200002670288086
    vertex 19.0752010345459 -2.2272002696990967 19.200002670288086
  endloop
endfacet
facet normal 0.0 0.0 0.0
  outer loop
    vertex 19.228805541992188 -2.2848005294799805 19.200002670288086
    vertex 19.228805541992188 -2.2848005294799805 20.793601989746094
    vertex 19.0752010345459 -2.2272002696990967 20.793601989746094
  endloop
endfacet
facet normal 0.0 0.0 0.0
  outer loop
    vertex 19.0752010345459 -2.2272002696990967 20.793601989746094
    vertex 19.0752010345459 -2.2272002696990967 19.200002670288086
    vertex 19.228805541992188 -2.2848005294799805 19.200002670288086
  endloop
endfacet
facet normal 0.0 0.0 0.0
  outer loop
    vertex 19.382404327392578 -2.3232004642486572 19.200002670288086
    vertex 19.382404327392578 -2.3232004642486572 20.793601989746094
    vertex 19.228805541992188 -2.2848005294799805 20.793601989746094
  endloop
endfacet
facet normal 0.0 0.0 0.0
  outer loop
    vertex 19.228805541992188 -2.2848005294799805 20.793601989746094
    vertex 19.228805541992188 -2.2848005294799805 19.200002670288086
    vertex 19.382404327392578 -2.3232004642486572 19.200002670288086
  endloop
endfacet
facet normal 0.0 0.0 0.0
  outer loop
    vertex 19.536006927490234 -2.361600399017334 19.200002670288086
    vertex 19.536006927490234 -2.361600399017334 20.793601989746094
    vertex 19.382404327392578 -2.3232004642486572 20.793601989746094
  endloop
endfacet
facet normal 0.0 0.0 0.0
  outer loop
    vertex 19.382404327392578 -2.3232004642486572 20.793601989746094
    vertex 19.382404327392578 -2.3232004642486572 19.200002670288086
    vertex 19.536006927490234 -2.361600399017334 19.200002670288086
  endloop
endfacet
facet normal 0.0 0.0 0.0
  outer loop
    vertex 19.689605712890625 -2.380800247192383 19.200002670288086
    vertex 19.689605712890625 -2.380800247192383 20.793601989746094
    vertex 19.536006927490234 -2.361600399017334 20.793601989746094
  endloop
endfacet
facet normal 0.0 0.0 0.0
  outer loop
    vertex 19.536006927490234 -2.361600399017334 20.793601989746094
    vertex 19.536006927490234 -2.361600399017334 19.200002670288086
    vertex 19.689605712890625 -2.380800247192383 19.200002670288086
  endloop
endfacet
facet normal 0.0 0.0 0.0
  outer loop
    vertex 19.843204498291016 -2.4000003337860107 19.200002670288086
    vertex 19.843204498291016 -2.4000003337860107 20.793601989746094
    vertex 19.689605712890625 -2.380800247192383 20.793601989746094
  endloop
endfacet
facet normal 0.0 0.0 0.0
  outer loop
    vertex 19.689605712890625 -2.380800247192383 20.793601989746094
    vertex 19.689605712890625 -2.380800247192383 19.200002670288086
    vertex 19.843204498291016 -2.4000003337860107 19.200002670288086
  endloop
endfacet
facet normal 0.0 0.0 0.0
  outer loop
    vertex 19.996803283691406 -2.4000003337860107 19.200002670288086
    vertex 19.996803283691406 -2.4000003337860107 20.793601989746094
    vertex 19.843204498291016 -2.4000003337860107 20.793601989746094
  endloop
endfacet
facet normal 0.0 0.0 0.0
  outer loop
    vertex 19.843204498291016 -2.4000003337860107 20.793601989746094
    vertex 19.843204498291016 -2.4000003337860107 19.200002670288086
    vertex 19.996803283691406 -2.4000003337860107 19.200002670288086
  endloop
endfacet
facet normal 0.0 0.0 0.0
  outer loop
    vertex 20.15040397644043 -2.4000003337860107 19.200002670288086
    vertex 20.15040397644043 -2.4000003337860107 20.793601989746094
    vertex 19.996803283691406 -2.4000003337860107 20.793601989746094
  endloop
endfacet
facet normal 0.0 0.0 0.0
  outer loop
    vertex 19.996803283691406 -2.4000003337860107 20.793601989746094
    vertex 19.996803283691406 -2.4000003337860107 19.200002670288086
    vertex 20.15040397644043 -2.4000003337860107 19.200002670288086
  endloop
endfacet
facet normal 0.0 0.0 0.0
  outer loop
    vertex 20.304006576538086 -2.380800247192383 19.200002670288086
    vertex 20.304006576538086 -2.380800247192383 20.793601989746094
    vertex 20.15040397644043 -2.4000003337860107 20.793601989746094
  endloop
endfacet
facet normal 0.0 0.0 0.0
  outer loop
    vertex 20.15040397644043 -2.4000003337860107 20.793601989746094
    vertex 20.15040397644043 -2.4000003337860107 19.200002670288086
    vertex 20.304006576538086 -2.380800247192383 19.200002670288086
  endloop
endfacet
facet normal 0.0 0.0 0.0
  outer loop
    vertex 20.476808547973633 -2.361600399017334 19.200002670288086
    vertex 20.476808547973633 -2.361600399017334 20.793601989746094
    vertex 20.304006576538086 -2.380800247192383 20.793601989746094
  endloop
endfacet
facet normal 0.0 0.0 0.0
  outer loop
    vertex 20.304006576538086 -2.380800247192383 20.793601989746094
    vertex 20.304006576538086 -2.380800247192383 19.200002670288086
    vertex 20.476808547973633 -2.361600399017334 19.200002670288086
  endloop
endfacet
facet normal 0.0 0.0 0.0
  outer loop
    vertex 20.630407333374023 -2.3232004642486572 19.200002670288086
    vertex 20.630407333374023 -2.3232004642486572 20.793601989746094
    vertex 20.476808547973633 -2.361600399017334 20.793601989746094
  endloop
endfacet
facet normal 0.0 0.0 0.0
  outer loop
    vertex 20.476808547973633 -2.361600399017334 20.793601989746094
    vertex 20.476808547973633 -2.361600399017334 19.200002670288086
    vertex 20.630407333374023 -2.3232004642486572 19.200002670288086
  endloop
endfacet
facet normal 0.0 0.0 0.0
  outer loop
    vertex 20.764802932739258 -2.2848005294799805 19.200002670288086
    vertex 20.764802932739258 -2.2848005294799805 20.793601989746094
    vertex 20.630407333374023 -2.3232004642486572 20.793601989746094
  endloop
endfacet
facet normal 0.0 0.0 0.0
  outer loop
    vertex 20.630407333374023 -2.3232004642486572 20.793601989746094
    vertex 20.630407333374023 -2.3232004642486572 19.200002670288086
    vertex 20.764802932739258 -2.2848005294799805 19.200002670288086
  endloop
endfacet
facet normal 0.0 0.0 0.0
  outer loop
    vertex 20.918407440185547 -2.2272002696990967 19.200002670288086
    vertex 20.918407440185547 -2.2272002696990967 20.793601989746094
    vertex 20.764802932739258 -2.2848005294799805 20.793601989746094
  endloop
endfacet
facet normal 0.0 0.0 0.0
  outer loop
    vertex 20.764802932739258 -2.2848005294799805 20.793601989746094
    vertex 20.764802932739258 -2.2848005294799805 19.200002670288086
    vertex 20.918407440185547 -2.2272002696990967 19.200002670288086
  endloop
endfacet
facet normal 0.0 0.0 0.0
  outer loop
    vertex 21.05280876159668 -2.150400400161743 19.200002670288086
    vertex 21.05280876159668 -2.150400400161743 20.793601989746094
    vertex 20.918407440185547 -2.2272002696990967 20.793601989746094
  endloop
endfacet
facet normal 0.0 0.0 0.0
  outer loop
    vertex 20.918407440185547 -2.2272002696990967 20.793601989746094
    vertex 20.918407440185547 -2.2272002696990967 19.200002670288086
    vertex 21.05280876159668 -2.150400400161743 19.200002670288086
  endloop
endfacet
facet normal 0.0 0.0 0.0
  outer loop
    vertex 21.20640754699707 -2.0736002922058105 19.200002670288086
    vertex 21.20640754699707 -2.0736002922058105 20.793601989746094
    vertex 21.05280876159668 -2.150400400161743 20.793601989746094
  endloop
endfacet
facet normal 0.0 0.0 0.0
  outer loop
    vertex 21.05280876159668 -2.150400400161743 20.793601989746094
    vertex 21.05280876159668 -2.150400400161743 19.200002670288086
    vertex 21.20640754699707 -2.0736002922058105 19.200002670288086
  endloop
endfacet
facet normal 0.0 0.0 0.0
  outer loop
    vertex 21.340803146362305 -1.996800422668457 19.200002670288086
    vertex 21.340803146362305 -1.996800422668457 20.793601989746094
    vertex 21.20640754699707 -2.0736002922058105 20.793601989746094
  endloop
endfacet
facet normal 0.0 0.0 0.0
  outer loop
    vertex 21.20640754699707 -2.0736002922058105 20.793601989746094
    vertex 21.20640754699707 -2.0736002922058105 19.200002670288086
    vertex 21.340803146362305 -1.996800422668457 19.200002670288086
  endloop
endfacet
facet normal 0.0 0.0 0.0
  outer loop
    vertex 21.45600700378418 -1.9008004665374756 19.200002670288086
    vertex 21.45600700378418 -1.9008004665374756 20.793601989746094
    vertex 21.340803146362305 -1.996800422668457 20.793601989746094
  endloop
endfacet
facet normal 0.0 0.0 0.0
  outer loop
    vertex 21.340803146362305 -1.996800422668457 20.793601989746094
    vertex 21.340803146362305 -1.996800422668457 19.200002670288086
    vertex 21.45600700378418 -1.9008004665374756 19.200002670288086
  endloop
endfacet
facet normal 0.0 0.0 0.0
  outer loop
    vertex 21.590404510498047 -1.804800271987915 19.200002670288086
    vertex 21.590404510498047 -1.804800271987915 20.793601989746094
    vertex 21.45600700378418 -1.9008004665374756 20.793601989746094
  endloop
endfacet
facet normal 0.0 0.0 0.0
  outer loop
    vertex 21.45600700378418 -1.9008004665374756 20.793601989746094
    vertex 21.45600700378418 -1.9008004665374756 19.200002670288086
    vertex 21.590404510498047 -1.804800271987915 19.200002670288086
  endloop
endfacet
facet normal 0.0 0.0 0.0
  outer loop
    vertex 21.705608367919922 -1.7088004350662231 19.200002670288086
    vertex 21.705608367919922 -1.7088004350662231 20.793601989746094
    vertex 21.590404510498047 -1.804800271987915 20.793601989746094
  endloop
endfacet
facet normal 0.0 0.0 0.0
  outer loop
    vertex 21.590404510498047 -1.804800271987915 20.793601989746094
    vertex 21.590404510498047 -1.804800271987915 19.200002670288086
    vertex 21.705608367919922 -1.7088004350662231 19.200002670288086
  endloop
endfacet
facet normal 0.0 0.0 0.0
  outer loop
    vertex 21.80160903930664 -1.5936005115509033 19.200002670288086
    vertex 21.705608367919922 -1.7088004350662231 20.793601989746094
    vertex 21.705608367919922 -1.7088004350662231 19.200002670288086
  endloop
endfacet
facet normal 0.0 0.0 0.0
  outer loop
    vertex 21.705608367919922 -1.7088004350662231 20.793601989746094
    vertex 21.80160903930664 -1.5936005115509033 19.200002670288086
    vertex 21.80160903930664 -1.5936005115509033 20.793601989746094
  endloop
endfacet
facet normal 0.0 0.0 0.0
  outer loop
    vertex 21.897605895996094 -1.459200382232666 19.200002670288086
    vertex 21.80160903930664 -1.5936005115509033 20.793601989746094
    vertex 21.80160903930664 -1.5936005115509033 19.200002670288086
  endloop
endfacet
facet normal 0.0 0.0 0.0
  outer loop
    vertex 21.80160903930664 -1.5936005115509033 20.793601989746094
    vertex 21.897605895996094 -1.459200382232666 19.200002670288086
    vertex 21.897605895996094 -1.459200382232666 20.793601989746094
  endloop
endfacet
facet normal 0.0 0.0 0.0
  outer loop
    vertex 21.993608474731445 -1.3440003395080566 19.200002670288086
    vertex 21.897605895996094 -1.459200382232666 20.793601989746094
    vertex 21.897605895996094 -1.459200382232666 19.200002670288086
  endloop
endfacet
facet normal 0.0 0.0 0.0
  outer loop
    vertex 21.897605895996094 -1.459200382232666 20.793601989746094
    vertex 21.993608474731445 -1.3440003395080566 19.200002670288086
    vertex 21.993608474731445 -1.3440003395080566 20.793601989746094
  endloop
endfacet
facet normal 0.0 0.0 0.0
  outer loop
    vertex 22.07040786743164 -1.2096002101898193 19.200002670288086
    vertex 21.993608474731445 -1.3440003395080566 20.793601989746094
    vertex 21.993608474731445 -1.3440003395080566 19.200002670288086
  endloop
endfacet
facet normal 0.0 0.0 0.0
  outer loop
    vertex 21.993608474731445 -1.3440003395080566 20.793601989746094
    vertex 22.07040786743164 -1.2096002101898193 19.200002670288086
    vertex 22.07040786743164 -1.2096002101898193 20.793601989746094
  endloop
endfacet
facet normal 0.0 0.0 0.0
  outer loop
    vertex 22.147207260131836 -1.0560002326965332 19.200002670288086
    vertex 22.07040786743164 -1.2096002101898193 20.793601989746094
    vertex 22.07040786743164 -1.2096002101898193 19.200002670288086
  endloop
endfacet
facet normal 0.0 0.0 0.0
  outer loop
    vertex 22.07040786743164 -1.2096002101898193 20.793601989746094
    vertex 22.147207260131836 -1.0560002326965332 19.200002670288086
    vertex 22.147207260131836 -1.0560002326965332 20.793601989746094
  endloop
endfacet
facet normal 0.0 0.0 0.0
  outer loop
    vertex 22.22400665283203 -0.9215999841690063 19.200002670288086
    vertex 22.147207260131836 -1.0560002326965332 20.793601989746094
    vertex 22.147207260131836 -1.0560002326965332 19.200002670288086
  endloop
endfacet
facet normal 0.0 0.0 0.0
  outer loop
    vertex 22.147207260131836 -1.0560002326965332 20.793601989746094
    vertex 22.22400665283203 -0.9215999841690063 19.200002670288086
    vertex 22.22400665283203 -0.9216000437736511 20.793601989746094
  endloop
endfacet
facet normal 0.0 0.0 0.0
  outer loop
    vertex 22.28160285949707 -0.7680000066757202 19.200002670288086
    vertex 22.22400665283203 -0.9216000437736511 20.793601989746094
    vertex 22.22400665283203 -0.9215999841690063 19.200002670288086
  endloop
endfacet
facet normal 0.0 0.0 0.0
  outer loop
    vertex 22.22400665283203 -0.9216000437736511 20.793601989746094
    vertex 22.28160285949707 -0.7680000066757202 19.200002670288086
    vertex 22.28160285949707 -0.768000066280365 20.793601989746094
  endloop
endfacet
facet normal 0.0 0.0 0.0
  outer loop
    vertex 22.32000732421875 -0.6336001753807068 19.200002670288086
    vertex 22.28160285949707 -0.768000066280365 20.793601989746094
    vertex 22.28160285949707 -0.7680000066757202 19.200002670288086
  endloop
endfacet
facet normal 0.0 0.0 0.0
  outer loop
    vertex 22.28160285949707 -0.768000066280365 20.793601989746094
    vertex 22.32000732421875 -0.6336001753807068 19.200002670288086
    vertex 22.32000732421875 -0.6336002349853516 20.793601989746094
  endloop
endfacet
facet normal 0.0 0.0 0.0
  outer loop
    vertex 22.358402252197266 -0.47999995946884155 19.200002670288086
    vertex 22.32000732421875 -0.6336002349853516 20.793601989746094
    vertex 22.32000732421875 -0.6336001753807068 19.200002670288086
  endloop
endfacet
facet normal 0.0 0.0 0.0
  outer loop
    vertex 22.32000732421875 -0.6336002349853516 20.793601989746094
    vertex 22.358402252197266 -0.47999995946884155 19.200002670288086
    vertex 22.358402252197266 -0.47999998927116394 20.793601989746094
  endloop
endfacet
facet normal 0.0 0.0 0.0
  outer loop
    vertex 22.377609252929688 -0.30720043182373047 19.200002670288086
    vertex 22.358402252197266 -0.47999998927116394 20.793601989746094
    vertex 22.358402252197266 -0.47999995946884155 19.200002670288086
  endloop
endfacet
facet normal 0.0 0.0 0.0
  outer loop
    vertex 22.358402252197266 -0.47999998927116394 20.793601989746094
    vertex 22.377609252929688 -0.30720043182373047 19.200002670288086
    vertex 22.377609252929688 -0.30720046162605286 20.793601989746094
  endloop
endfacet
facet normal 0.0 0.0 0.0
  outer loop
    vertex 22.396806716918945 -0.15360014140605927 19.200002670288086
    vertex 22.377609252929688 -0.30720046162605286 20.793601989746094
    vertex 22.377609252929688 -0.30720043182373047 19.200002670288086
  endloop
endfacet
facet normal 0.0 0.0 0.0
  outer loop
    vertex 22.377609252929688 -0.30720046162605286 20.793601989746094
    vertex 22.396806716918945 -0.15360014140605927 19.200002670288086
    vertex 22.396806716918945 -0.15360017120838165 20.793601989746094
  endloop
endfacet
facet normal 0.0 0.0 0.0
  outer loop
    vertex 22.396806716918945 -1.612495026392935e-07 19.200002670288086
    vertex 22.396806716918945 -0.15360017120838165 20.793601989746094
    vertex 22.396806716918945 -0.15360014140605927 19.200002670288086
  endloop
endfacet
facet normal 0.0 0.0 0.0
  outer loop
    vertex 22.396806716918945 -0.15360017120838165 20.793601989746094
    vertex 22.396806716918945 -1.612495026392935e-07 19.200002670288086
    vertex 22.396806716918945 -1.9814839902210224e-07 20.793601989746094
  endloop
endfacet
facet normal 0.0 0.0 0.0
  outer loop
    vertex 9.609602928161621 -1.9814839902210224e-07 20.793601989746094
    vertex 12.009603500366211 -1.9814839902210224e-07 20.793601989746094
    vertex 9.609602928161621 0.1535997837781906 20.793601989746094
  endloop
endfacet
facet normal 0.0 0.0 0.0
  outer loop
    vertex 22.377609252929688 -0.30720046162605286 20.793601989746094
    vertex 22.396806716918945 -0.15360017120838165 20.793601989746094
    vertex 19.996803283691406 -1.9814839902210224e-07 20.793601989746094
  endloop
endfacet
facet normal 0.0 0.0 0.0
  outer loop
    vertex 22.396806716918945 -1.9814839902210224e-07 20.793601989746094
    vertex 19.996803283691406 -1.9814839902210224e-07 20.793601989746094
    vertex 22.396806716918945 -0.15360017120838165 20.793601989746094
  endloop
endfacet
facet normal 0.0 0.0 0.0
  outer loop
    vertex 17.596805572509766 -1.9814839902210224e-07 20.793601989746094
    vertex 19.996803283691406 -1.9814839902210224e-07 20.793601989746094
    vertex 17.596805572509766 0.1535997837781906 20.793601989746094
  endloop
endfacet
facet normal 0.0 0.0 0.0
  outer loop
    vertex 22.358402252197266 -0.47999998927116394 20.793601989746094
    vertex 22.377609252929688 -0.30720046162605286 20.793601989746094
    vertex 19.996803283691406 -1.9814839902210224e-07 20.793601989746094
  endloop
endfacet
facet normal 0.0 0.0 0.0
  outer loop
    vertex 22.32000732421875 -0.6336002349853516 20.793601989746094
    vertex 22.358402252197266 -0.47999998927116394 20.793601989746094
    vertex 19.996803283691406 -1.9814839902210224e-07 20.793601989746094
  endloop
endfacet
facet normal 0.0 0.0 0.0
  outer loop
    vertex 22.28160285949707 -0.768000066280365 20.793601989746094
    vertex 22.32000732421875 -0.6336002349853516 20.793601989746094
    vertex 19.996803283691406 -1.9814839902210224e-07 20.793601989746094
  endloop
endfacet
facet normal 0.0 0.0 0.0
  outer loop
    vertex 22.22400665283203 -0.9216000437736511 20.793601989746094
    vertex 22.28160285949707 -0.768000066280365 20.793601989746094
    vertex 19.996803283691406 -1.9814839902210224e-07 20.793601989746094
  endloop
endfacet
facet normal 0.0 0.0 0.0
  outer loop
    vertex 22.147207260131836 -1.0560002326965332 20.793601989746094
    vertex 22.22400665283203 -0.9216000437736511 20.793601989746094
    vertex 19.996803283691406 -1.9814839902210224e-07 20.793601989746094
  endloop
endfacet
facet normal 0.0 0.0 0.0
  outer loop
    vertex 22.07040786743164 -1.2096002101898193 20.793601989746094
    vertex 22.147207260131836 -1.0560002326965332 20.793601989746094
    vertex 19.996803283691406 -1.9814839902210224e-07 20.793601989746094
  endloop
endfacet
facet normal 0.0 0.0 0.0
  outer loop
    vertex 21.993608474731445 -1.3440003395080566 20.793601989746094
    vertex 22.07040786743164 -1.2096002101898193 20.793601989746094
    vertex 19.996803283691406 -1.9814839902210224e-07 20.793601989746094
  endloop
endfacet
facet normal 0.0 0.0 0.0
  outer loop
    vertex 21.897605895996094 -1.459200382232666 20.793601989746094
    vertex 21.993608474731445 -1.3440003395080566 20.793601989746094
    vertex 19.996803283691406 -1.9814839902210224e-07 20.793601989746094
  endloop
endfacet
facet normal 0.0 0.0 0.0
  outer loop
    vertex 21.80160903930664 -1.5936005115509033 20.793601989746094
    vertex 21.897605895996094 -1.459200382232666 20.793601989746094
    vertex 19.996803283691406 -1.9814839902210224e-07 20.793601989746094
  endloop
endfacet
facet normal 0.0 0.0 0.0
  outer loop
    vertex 21.705608367919922 -1.7088004350662231 20.793601989746094
    vertex 21.80160903930664 -1.5936005115509033 20.793601989746094
    vertex 19.996803283691406 -1.9814839902210224e-07 20.793601989746094
  endloop
endfacet
facet normal 0.0 0.0 0.0
  outer loop
    vertex 21.590404510498047 -1.804800271987915 20.793601989746094
    vertex 21.705608367919922 -1.7088004350662231 20.793601989746094
    vertex 19.996803283691406 -1.9814839902210224e-07 20.793601989746094
  endloop
endfacet
facet normal 0.0 0.0 0.0
  outer loop
    vertex 21.45600700378418 -1.9008004665374756 20.793601989746094
    vertex 21.590404510498047 -1.804800271987915 20.793601989746094
    vertex 19.996803283691406 -1.9814839902210224e-07 20.793601989746094
  endloop
endfacet
facet normal 0.0 0.0 0.0
  outer loop
    vertex 21.340803146362305 -1.996800422668457 20.793601989746094
    vertex 21.45600700378418 -1.9008004665374756 20.793601989746094
    vertex 19.996803283691406 -1.9814839902210224e-07 20.793601989746094
  endloop
endfacet
facet normal 0.0 0.0 0.0
  outer loop
    vertex 21.20640754699707 -2.0736002922058105 20.793601989746094
    vertex 21.340803146362305 -1.996800422668457 20.793601989746094
    vertex 19.996803283691406 -1.9814839902210224e-07 20.793601989746094
  endloop
endfacet
facet normal 0.0 0.0 0.0
  outer loop
    vertex 21.05280876159668 -2.150400400161743 20.793601989746094
    vertex 21.20640754699707 -2.0736002922058105 20.793601989746094
    vertex 19.996803283691406 -1.9814839902210224e-07 20.793601989746094
  endloop
endfacet
facet normal 0.0 0.0 0.0
  outer loop
    vertex 20.918407440185547 -2.2272002696990967 20.793601989746094
    vertex 21.05280876159668 -2.150400400161743 20.793601989746094
    vertex 19.996803283691406 -1.9814839902210224e-07 20.793601989746094
  endloop
endfacet
facet normal 0.0 0.0 0.0
  outer loop
    vertex 20.764802932739258 -2.2848005294799805 20.793601989746094
    vertex 20.918407440185547 -2.2272002696990967 20.793601989746094
    vertex 19.996803283691406 -1.9814839902210224e-07 20.793601989746094
  endloop
endfacet
facet normal 0.0 0.0 0.0
  outer loop
    vertex 20.630407333374023 -2.3232004642486572 20.793601989746094
    vertex 20.764802932739258 -2.2848005294799805 20.793601989746094
    vertex 19.996803283691406 -1.9814839902210224e-07 20.793601989746094
  endloop
endfacet
facet normal 0.0 0.0 0.0
  outer loop
    vertex 20.476808547973633 -2.361600399017334 20.793601989746094
    vertex 20.630407333374023 -2.3232004642486572 20.793601989746094
    vertex 19.996803283691406 -1.9814839902210224e-07 20.793601989746094
  endloop
endfacet
facet normal 0.0 0.0 0.0
  outer loop
    vertex 20.304006576538086 -2.380800247192383 20.793601989746094
    vertex 20.476808547973633 -2.361600399017334 20.793601989746094
    vertex 19.996803283691406 -1.9814839902210224e-07 20.793601989746094
  endloop
endfacet
facet normal 0.0 0.0 0.0
  outer loop
    vertex 20.15040397644043 -2.4000003337860107 20.793601989746094
    vertex 20.304006576538086 -2.380800247192383 20.793601989746094
    vertex 19.996803283691406 -1.9814839902210224e-07 20.793601989746094
  endloop
endfacet
facet normal 0.0 0.0 0.0
  outer loop
    vertex 19.996803283691406 -2.4000003337860107 20.793601989746094
    vertex 20.15040397644043 -2.4000003337860107 20.793601989746094
    vertex 19.996803283691406 -1.9814839902210224e-07 20.793601989746094
  endloop
endfacet
facet normal 0.0 0.0 0.0
  outer loop
    vertex 19.996803283691406 -1.9814839902210224e-07 20.793601989746094
    vertex 19.843204498291016 -2.4000003337860107 20.793601989746094
    vertex 19.996803283691406 -2.4000003337860107 20.793601989746094
  endloop
endfacet
facet normal 0.0 0.0 0.0
  outer loop
    vertex 19.996803283691406 -1.9814839902210224e-07 20.793601989746094
    vertex 19.689605712890625 -2.380800247192383 20.793601989746094
    vertex 19.843204498291016 -2.4000003337860107 20.793601989746094
  endloop
endfacet
facet normal 0.0 0.0 0.0
  outer loop
    vertex 19.996803283691406 -1.9814839902210224e-07 20.793601989746094
    vertex 19.536006927490234 -2.361600399017334 20.793601989746094
    vertex 19.689605712890625 -2.380800247192383 20.793601989746094
  endloop
endfacet
facet normal 0.0 0.0 0.0
  outer loop
    vertex 19.996803283691406 -1.9814839902210224e-07 20.793601989746094
    vertex 19.382404327392578 -2.3232004642486572 20.793601989746094
    vertex 19.536006927490234 -2.361600399017334 20.793601989746094
  endloop
endfacet
facet normal 0.0 0.0 0.0
  outer loop
    vertex 19.996803283691406 -1.9814839902210224e-07 20.793601989746094
    vertex 19.228805541992188 -2.2848005294799805 20.793601989746094
    vertex 19.382404327392578 -2.3232004642486572 20.793601989746094
  endloop
endfacet
facet normal 0.0 0.0 0.0
  outer loop
    vertex 19.996803283691406 -1.9814839902210224e-07 20.793601989746094
    vertex 19.0752010345459 -2.2272002696990967 20.793601989746094
    vertex 19.228805541992188 -2.2848005294799805 20.793601989746094
  endloop
endfacet
facet normal 0.0 0.0 0.0
  outer loop
    vertex 19.996803283691406 -1.9814839902210224e-07 20.793601989746094
    vertex 18.940805435180664 -2.150400400161743 20.793601989746094
    vertex 19.0752010345459 -2.2272002696990967 20.793601989746094
  endloop
endfacet
facet normal 0.0 0.0 0.0
  outer loop
    vertex 19.996803283691406 -1.9814839902210224e-07 20.793601989746094
    vertex 18.80640411376953 -2.0736002922058105 20.793601989746094
    vertex 18.940805435180664 -2.150400400161743 20.793601989746094
  endloop
endfacet
facet normal 0.0 0.0 0.0
  outer loop
    vertex 19.996803283691406 -1.9814839902210224e-07 20.793601989746094
    vertex 18.672006607055664 -1.996800422668457 20.793601989746094
    vertex 18.80640411376953 -2.0736002922058105 20.793601989746094
  endloop
endfacet
facet normal 0.0 0.0 0.0
  outer loop
    vertex 19.996803283691406 -1.9814839902210224e-07 20.793601989746094
    vertex 18.53760528564453 -1.9008004665374756 20.793601989746094
    vertex 18.672006607055664 -1.996800422668457 20.793601989746094
  endloop
endfacet
facet normal 0.0 0.0 0.0
  outer loop
    vertex 19.996803283691406 -1.9814839902210224e-07 20.793601989746094
    vertex 18.422407150268555 -1.804800271987915 20.793601989746094
    vertex 18.53760528564453 -1.9008004665374756 20.793601989746094
  endloop
endfacet
facet normal 0.0 0.0 0.0
  outer loop
    vertex 19.996803283691406 -1.9814839902210224e-07 20.793601989746094
    vertex 18.30720329284668 -1.7088004350662231 20.793601989746094
    vertex 18.422407150268555 -1.804800271987915 20.793601989746094
  endloop
endfacet
facet normal 0.0 0.0 0.0
  outer loop
    vertex 19.996803283691406 -1.9814839902210224e-07 20.793601989746094
    vertex 18.19200325012207 -1.5936005115509033 20.793601989746094
    vertex 18.30720329284668 -1.7088004350662231 20.793601989746094
  endloop
endfacet
facet normal 0.0 0.0 0.0
  outer loop
    vertex 19.996803283691406 -1.9814839902210224e-07 20.793601989746094
    vertex 18.096006393432617 -1.459200382232666 20.793601989746094
    vertex 18.19200325012207 -1.5936005115509033 20.793601989746094
  endloop
endfacet
facet normal 0.0 0.0 0.0
  outer loop
    vertex 19.996803283691406 -1.9814839902210224e-07 20.793601989746094
    vertex 18.0000057220459 -1.3440003395080566 20.793601989746094
    vertex 18.096006393432617 -1.459200382232666 20.793601989746094
  endloop
endfacet
facet normal 0.0 0.0 0.0
  outer loop
    vertex 19.996803283691406 -1.9814839902210224e-07 20.793601989746094
    vertex 17.923206329345703 -1.2096002101898193 20.793601989746094
    vertex 18.0000057220459 -1.3440003395080566 20.793601989746094
  endloop
endfacet
facet normal 0.0 0.0 0.0
  outer loop
    vertex 19.996803283691406 -1.9814839902210224e-07 20.793601989746094
    vertex 17.846406936645508 -1.0560002326965332 20.793601989746094
    vertex 17.923206329345703 -1.2096002101898193 20.793601989746094
  endloop
endfacet
facet normal 0.0 0.0 0.0
  outer loop
    vertex 19.996803283691406 -1.9814839902210224e-07 20.793601989746094
    vertex 17.78880500793457 -0.9216000437736511 20.793601989746094
    vertex 17.846406936645508 -1.0560002326965332 20.793601989746094
  endloop
endfacet
facet normal 0.0 0.0 0.0
  outer loop
    vertex 19.996803283691406 -1.9814839902210224e-07 20.793601989746094
    vertex 17.731203079223633 -0.768000066280365 20.793601989746094
    vertex 17.78880500793457 -0.9216000437736511 20.793601989746094
  endloop
endfacet
facet normal 0.0 0.0 0.0
  outer loop
    vertex 19.996803283691406 -1.9814839902210224e-07 20.793601989746094
    vertex 17.67360496520996 -0.6336002349853516 20.793601989746094
    vertex 17.731203079223633 -0.768000066280365 20.793601989746094
  endloop
endfacet
facet normal 0.0 0.0 0.0
  outer loop
    vertex 19.996803283691406 -1.9814839902210224e-07 20.793601989746094
    vertex 17.654407501220703 -0.47999998927116394 20.793601989746094
    vertex 17.67360496520996 -0.6336002349853516 20.793601989746094
  endloop
endfacet
facet normal 0.0 0.0 0.0
  outer loop
    vertex 19.996803283691406 -1.9814839902210224e-07 20.793601989746094
    vertex 17.616003036499023 -0.30720046162605286 20.793601989746094
    vertex 17.654407501220703 -0.47999998927116394 20.793601989746094
  endloop
endfacet
facet normal 0.0 0.0 0.0
  outer loop
    vertex 19.996803283691406 -1.9814839902210224e-07 20.793601989746094
    vertex 17.596805572509766 -0.15360017120838165 20.793601989746094
    vertex 17.616003036499023 -0.30720046162605286 20.793601989746094
  endloop
endfacet
facet normal 0.0 0.0 0.0
  outer loop
    vertex 19.996803283691406 -1.9814839902210224e-07 20.793601989746094
    vertex 17.596805572509766 -1.9814839902210224e-07 20.793601989746094
    vertex 17.596805572509766 -0.15360017120838165 20.793601989746094
  endloop
endfacet
facet normal 0.0 0.0 0.0
  outer loop
    vertex 14.409602165222168 -1.9814839902210224e-07 20.793601989746094
    vertex 12.009603500366211 -1.9814839902210224e-07 20.793601989746094
    vertex 14.39040470123291 -0.15360017120838165 20.793601989746094
  endloop
endfacet
facet normal 0.0 0.0 0.0
  outer loop
    vertex 17.616003036499023 0.30719974637031555 20.793601989746094
    vertex 17.596805572509766 0.1535997837781906 20.793601989746094
    vertex 19.996803283691406 -1.9814839902210224e-07 20.793601989746094
  endloop
endfacet
facet normal 0.0 0.0 0.0
  outer loop
    vertex 17.654407501220703 0.4607997238636017 20.793601989746094
    vertex 17.616003036499023 0.30719974637031555 20.793601989746094
    vertex 19.996803283691406 -1.9814839902210224e-07 20.793601989746094
  endloop
endfacet
facet normal 0.0 0.0 0.0
  outer loop
    vertex 17.67360496520996 0.6143997311592102 20.793601989746094
    vertex 17.654407501220703 0.4607997238636017 20.793601989746094
    vertex 19.996803283691406 -1.9814839902210224e-07 20.793601989746094
  endloop
endfacet
facet normal 0.0 0.0 0.0
  outer loop
    vertex 17.731203079223633 0.7680000066757202 20.793601989746094
    vertex 17.67360496520996 0.6143997311592102 20.793601989746094
    vertex 19.996803283691406 -1.9814839902210224e-07 20.793601989746094
  endloop
endfacet
facet normal 0.0 0.0 0.0
  outer loop
    vertex 17.78880500793457 0.9215999841690063 20.793601989746094
    vertex 17.731203079223633 0.7680000066757202 20.793601989746094
    vertex 19.996803283691406 -1.9814839902210224e-07 20.793601989746094
  endloop
endfacet
facet normal 0.0 0.0 0.0
  outer loop
    vertex 17.846406936645508 1.055999994277954 20.793601989746094
    vertex 17.78880500793457 0.9215999841690063 20.793601989746094
    vertex 19.996803283691406 -1.9814839902210224e-07 20.793601989746094
  endloop
endfacet
facet normal 0.0 0.0 0.0
  outer loop
    vertex 17.923206329345703 1.1903996467590332 20.793601989746094
    vertex 17.846406936645508 1.055999994277954 20.793601989746094
    vertex 19.996803283691406 -1.9814839902210224e-07 20.793601989746094
  endloop
endfacet
facet normal 0.0 0.0 0.0
  outer loop
    vertex 18.0000057220459 1.3247997760772705 20.793601989746094
    vertex 17.923206329345703 1.1903996467590332 20.793601989746094
    vertex 19.996803283691406 -1.9814839902210224e-07 20.793601989746094
  endloop
endfacet
facet normal 0.0 0.0 0.0
  outer loop
    vertex 18.096006393432617 1.4591999053955078 20.793601989746094
    vertex 18.0000057220459 1.3247997760772705 20.793601989746094
    vertex 19.996803283691406 -1.9814839902210224e-07 20.793601989746094
  endloop
endfacet
facet normal 0.0 0.0 0.0
  outer loop
    vertex 18.19200325012207 1.5744001865386963 20.793601989746094
    vertex 18.096006393432617 1.4591999053955078 20.793601989746094
    vertex 19.996803283691406 -1.9814839902210224e-07 20.793601989746094
  endloop
endfacet
facet normal 0.0 0.0 0.0
  outer loop
    vertex 18.30720329284668 1.6895997524261475 20.793601989746094
    vertex 18.19200325012207 1.5744001865386963 20.793601989746094
    vertex 19.996803283691406 -1.9814839902210224e-07 20.793601989746094
  endloop
endfacet
facet normal 0.0 0.0 0.0
  outer loop
    vertex 18.422407150268555 1.804800033569336 20.793601989746094
    vertex 18.30720329284668 1.6895997524261475 20.793601989746094
    vertex 19.996803283691406 -1.9814839902210224e-07 20.793601989746094
  endloop
endfacet
facet normal 0.0 0.0 0.0
  outer loop
    vertex 18.53760528564453 1.9007999897003174 20.793601989746094
    vertex 18.422407150268555 1.804800033569336 20.793601989746094
    vertex 19.996803283691406 -1.9814839902210224e-07 20.793601989746094
  endloop
endfacet
facet normal 0.0 0.0 0.0
  outer loop
    vertex 18.672006607055664 1.9967997074127197 20.793601989746094
    vertex 18.53760528564453 1.9007999897003174 20.793601989746094
    vertex 19.996803283691406 -1.9814839902210224e-07 20.793601989746094
  endloop
endfacet
facet normal 0.0 0.0 0.0
  outer loop
    vertex 18.80640411376953 2.0735998153686523 20.793601989746094
    vertex 18.672006607055664 1.9967997074127197 20.793601989746094
    vertex 19.996803283691406 -1.9814839902210224e-07 20.793601989746094
  endloop
endfacet
facet normal 0.0 0.0 0.0
  outer loop
    vertex 18.940805435180664 2.150400400161743 20.793601989746094
    vertex 18.80640411376953 2.0735998153686523 20.793601989746094
    vertex 19.996803283691406 -1.9814839902210224e-07 20.793601989746094
  endloop
endfacet
facet normal 0.0 0.0 0.0
  outer loop
    vertex 19.0752010345459 2.2079999446868896 20.793601989746094
    vertex 18.940805435180664 2.150400400161743 20.793601989746094
    vertex 19.996803283691406 -1.9814839902210224e-07 20.793601989746094
  endloop
endfacet
facet normal 0.0 0.0 0.0
  outer loop
    vertex 19.228805541992188 2.2655999660491943 20.793601989746094
    vertex 19.0752010345459 2.2079999446868896 20.793601989746094
    vertex 19.996803283691406 -1.9814839902210224e-07 20.793601989746094
  endloop
endfacet
facet normal 0.0 0.0 0.0
  outer loop
    vertex 19.382404327392578 2.323200225830078 20.793601989746094
    vertex 19.228805541992188 2.2655999660491943 20.793601989746094
    vertex 19.996803283691406 -1.9814839902210224e-07 20.793601989746094
  endloop
endfacet
facet normal 0.0 0.0 0.0
  outer loop
    vertex 19.536006927490234 2.342400074005127 20.793601989746094
    vertex 19.382404327392578 2.323200225830078 20.793601989746094
    vertex 19.996803283691406 -1.9814839902210224e-07 20.793601989746094
  endloop
endfacet
facet normal 0.0 0.0 0.0
  outer loop
    vertex 19.689605712890625 2.380800247192383 20.793601989746094
    vertex 19.536006927490234 2.342400074005127 20.793601989746094
    vertex 19.996803283691406 -1.9814839902210224e-07 20.793601989746094
  endloop
endfacet
facet normal 0.0 0.0 0.0
  outer loop
    vertex 19.843204498291016 2.3999996185302734 20.793601989746094
    vertex 19.689605712890625 2.380800247192383 20.793601989746094
    vertex 19.996803283691406 -1.9814839902210224e-07 20.793601989746094
  endloop
endfacet
facet normal 0.0 0.0 0.0
  outer loop
    vertex 19.996803283691406 2.3999996185302734 20.793601989746094
    vertex 19.843204498291016 2.3999996185302734 20.793601989746094
    vertex 19.996803283691406 -1.9814839902210224e-07 20.793601989746094
  endloop
endfacet
facet normal 0.0 0.0 0.0
  outer loop
    vertex 19.996803283691406 -1.9814839902210224e-07 20.793601989746094
    vertex 20.15040397644043 2.3999996185302734 20.793601989746094
    vertex 19.996803283691406 2.3999996185302734 20.793601989746094
  endloop
endfacet
facet normal 0.0 0.0 0.0
  outer loop
    vertex 19.996803283691406 -1.9814839902210224e-07 20.793601989746094
    vertex 20.304006576538086 2.380800247192383 20.793601989746094
    vertex 20.15040397644043 2.3999996185302734 20.793601989746094
  endloop
endfacet
facet normal 0.0 0.0 0.0
  outer loop
    vertex 19.996803283691406 -1.9814839902210224e-07 20.793601989746094
    vertex 20.476808547973633 2.342400074005127 20.793601989746094
    vertex 20.304006576538086 2.380800247192383 20.793601989746094
  endloop
endfacet
facet normal 0.0 0.0 0.0
  outer loop
    vertex 19.996803283691406 -1.9814839902210224e-07 20.793601989746094
    vertex 20.630407333374023 2.323200225830078 20.793601989746094
    vertex 20.476808547973633 2.342400074005127 20.793601989746094
  endloop
endfacet
facet normal 0.0 0.0 0.0
  outer loop
    vertex 19.996803283691406 -1.9814839902210224e-07 20.793601989746094
    vertex 20.764802932739258 2.2655999660491943 20.793601989746094
    vertex 20.630407333374023 2.323200225830078 20.793601989746094
  endloop
endfacet
facet normal 0.0 0.0 0.0
  outer loop
    vertex 19.996803283691406 -1.9814839902210224e-07 20.793601989746094
    vertex 20.918407440185547 2.2079999446868896 20.793601989746094
    vertex 20.764802932739258 2.2655999660491943 20.793601989746094
  endloop
endfacet
facet normal 0.0 0.0 0.0
  outer loop
    vertex 19.996803283691406 -1.9814839902210224e-07 20.793601989746094
    vertex 21.05280876159668 2.150400400161743 20.793601989746094
    vertex 20.918407440185547 2.2079999446868896 20.793601989746094
  endloop
endfacet
facet normal 0.0 0.0 0.0
  outer loop
    vertex 19.996803283691406 -1.9814839902210224e-07 20.793601989746094
    vertex 21.20640754699707 2.0735998153686523 20.793601989746094
    vertex 21.05280876159668 2.150400400161743 20.793601989746094
  endloop
endfacet
facet normal 0.0 0.0 0.0
  outer loop
    vertex 19.996803283691406 -1.9814839902210224e-07 20.793601989746094
    vertex 21.340803146362305 1.9967997074127197 20.793601989746094
    vertex 21.20640754699707 2.0735998153686523 20.793601989746094
  endloop
endfacet
facet normal 0.0 0.0 0.0
  outer loop
    vertex 19.996803283691406 -1.9814839902210224e-07 20.793601989746094
    vertex 21.45600700378418 1.9007999897003174 20.793601989746094
    vertex 21.340803146362305 1.9967997074127197 20.793601989746094
  endloop
endfacet
facet normal 0.0 0.0 0.0
  outer loop
    vertex 19.996803283691406 -1.9814839902210224e-07 20.793601989746094
    vertex 21.590404510498047 1.804800033569336 20.793601989746094
    vertex 21.45600700378418 1.9007999897003174 20.793601989746094
  endloop
endfacet
facet normal 0.0 0.0 0.0
  outer loop
    vertex 19.996803283691406 -1.9814839902210224e-07 20.793601989746094
    vertex 21.705608367919922 1.6895997524261475 20.793601989746094
    vertex 21.590404510498047 1.804800033569336 20.793601989746094
  endloop
endfacet
facet normal 0.0 0.0 0.0
  outer loop
    vertex 19.996803283691406 -1.9814839902210224e-07 20.793601989746094
    vertex 21.80160903930664 1.5744001865386963 20.793601989746094
    vertex 21.705608367919922 1.6895997524261475 20.793601989746094
  endloop
endfacet
facet normal 0.0 0.0 0.0
  outer loop
    vertex 19.996803283691406 -1.9814839902210224e-07 20.793601989746094
    vertex 21.897605895996094 1.4591999053955078 20.793601989746094
    vertex 21.80160903930664 1.5744001865386963 20.793601989746094
  endloop
endfacet
facet normal 0.0 0.0 0.0
  outer loop
    vertex 19.996803283691406 -1.9814839902210224e-07 20.793601989746094
    vertex 21.993608474731445 1.3247997760772705 20.793601989746094
    vertex 21.897605895996094 1.4591999053955078 20.793601989746094
  endloop
endfacet
facet normal 0.0 0.0 0.0
  outer loop
    vertex 19.996803283691406 -1.9814839902210224e-07 20.793601989746094
    vertex 22.07040786743164 1.1903996467590332 20.793601989746094
    vertex 21.993608474731445 1.3247997760772705 20.793601989746094
  endloop
endfacet
facet normal 0.0 0.0 0.0
  outer loop
    vertex 19.996803283691406 -1.9814839902210224e-07 20.793601989746094
    vertex 22.147207260131836 1.055999994277954 20.793601989746094
    vertex 22.07040786743164 1.1903996467590332 20.793601989746094
  endloop
endfacet
facet normal 0.0 0.0 0.0
  outer loop
    vertex 19.996803283691406 -1.9814839902210224e-07 20.793601989746094
    vertex 22.22400665283203 0.9215999841690063 20.793601989746094
    vertex 22.147207260131836 1.055999994277954 20.793601989746094
  endloop
endfacet
facet normal 0.0 0.0 0.0
  outer loop
    vertex 19.996803283691406 -1.9814839902210224e-07 20.793601989746094
    vertex 22.28160285949707 0.7680000066757202 20.793601989746094
    vertex 22.22400665283203 0.9215999841690063 20.793601989746094
  endloop
endfacet
facet normal 0.0 0.0 0.0
  outer loop
    vertex 19.996803283691406 -1.9814839902210224e-07 20.793601989746094
    vertex 22.32000732421875 0.6143997311592102 20.793601989746094
    vertex 22.28160285949707 0.7680000066757202 20.793601989746094
  endloop
endfacet
facet normal 0.0 0.0 0.0
  outer loop
    vertex 19.996803283691406 -1.9814839902210224e-07 20.793601989746094
    vertex 22.358402252197266 0.4607997238636017 20.793601989746094
    vertex 22.32000732421875 0.6143997311592102 20.793601989746094
  endloop
endfacet
facet normal 0.0 0.0 0.0
  outer loop
    vertex 19.996803283691406 -1.9814839902210224e-07 20.793601989746094
    vertex 22.377609252929688 0.30719974637031555 20.793601989746094
    vertex 22.358402252197266 0.4607997238636017 20.793601989746094
  endloop
endfacet
facet normal 0.0 0.0 0.0
  outer loop
    vertex 19.996803283691406 -1.9814839902210224e-07 20.793601989746094
    vertex 22.396806716918945 -1.9814839902210224e-07 20.793601989746094
    vertex 22.396806716918945 0.1535997837781906 20.793601989746094
  endloop
endfacet
facet normal 0.0 0.0 0.0
  outer loop
    vertex 19.996803283691406 -1.9814839902210224e-07 20.793601989746094
    vertex 22.396806716918945 0.1535997837781906 20.793601989746094
    vertex 22.377609252929688 0.30719974637031555 20.793601989746094
  endloop
endfacet
facet normal 0.0 0.0 0.0
  outer loop
    vertex 14.371204376220703 -0.30720046162605286 20.793601989746094
    vertex 14.39040470123291 -0.15360017120838165 20.793601989746094
    vertex 12.009603500366211 -1.9814839902210224e-07 20.793601989746094
  endloop
endfacet
facet normal 0.0 0.0 0.0
  outer loop
    vertex 1.6032007932662964 -1.9814839902210224e-07 20.793601989746094
    vertex 4.003201484680176 -1.9814839902210224e-07 20.793601989746094
    vertex 1.6032007932662964 0.1535997837781906 20.793601989746094
  endloop
endfacet
facet normal 0.0 0.0 0.0
  outer loop
    vertex 14.352005004882812 -0.47999998927116394 20.793601989746094
    vertex 14.371204376220703 -0.30720046162605286 20.793601989746094
    vertex 12.009603500366211 -1.9814839902210224e-07 20.793601989746094
  endloop
endfacet
facet normal 0.0 0.0 0.0
  outer loop
    vertex 14.313605308532715 -0.6336002349853516 20.793601989746094
    vertex 14.352005004882812 -0.47999998927116394 20.793601989746094
    vertex 12.009603500366211 -1.9814839902210224e-07 20.793601989746094
  endloop
endfacet
facet normal 0.0 0.0 0.0
  outer loop
    vertex 14.275205612182617 -0.768000066280365 20.793601989746094
    vertex 14.313605308532715 -0.6336002349853516 20.793601989746094
    vertex 12.009603500366211 -1.9814839902210224e-07 20.793601989746094
  endloop
endfacet
facet normal 0.0 0.0 0.0
  outer loop
    vertex 14.21760368347168 -0.9216000437736511 20.793601989746094
    vertex 14.275205612182617 -0.768000066280365 20.793601989746094
    vertex 12.009603500366211 -1.9814839902210224e-07 20.793601989746094
  endloop
endfacet
facet normal 0.0 0.0 0.0
  outer loop
    vertex 14.160003662109375 -1.0560002326965332 20.793601989746094
    vertex 14.21760368347168 -0.9216000437736511 20.793601989746094
    vertex 12.009603500366211 -1.9814839902210224e-07 20.793601989746094
  endloop
endfacet
facet normal 0.0 0.0 0.0
  outer loop
    vertex 14.083202362060547 -1.2096002101898193 20.793601989746094
    vertex 14.160003662109375 -1.0560002326965332 20.793601989746094
    vertex 12.009603500366211 -1.9814839902210224e-07 20.793601989746094
  endloop
endfacet
facet normal 0.0 0.0 0.0
  outer loop
    vertex 13.987202644348145 -1.3440003395080566 20.793601989746094
    vertex 14.083202362060547 -1.2096002101898193 20.793601989746094
    vertex 12.009603500366211 -1.9814839902210224e-07 20.793601989746094
  endloop
endfacet
facet normal 0.0 0.0 0.0
  outer loop
    vertex 13.91040325164795 -1.459200382232666 20.793601989746094
    vertex 13.987202644348145 -1.3440003395080566 20.793601989746094
    vertex 12.009603500366211 -1.9814839902210224e-07 20.793601989746094
  endloop
endfacet
facet normal 0.0 0.0 0.0
  outer loop
    vertex 13.795202255249023 -1.5936005115509033 20.793601989746094
    vertex 13.91040325164795 -1.459200382232666 20.793601989746094
    vertex 12.009603500366211 -1.9814839902210224e-07 20.793601989746094
  endloop
endfacet
facet normal 0.0 0.0 0.0
  outer loop
    vertex 13.699202537536621 -1.7088004350662231 20.793601989746094
    vertex 13.795202255249023 -1.5936005115509033 20.793601989746094
    vertex 12.009603500366211 -1.9814839902210224e-07 20.793601989746094
  endloop
endfacet
facet normal 0.0 0.0 0.0
  outer loop
    vertex 13.584003448486328 -1.804800271987915 20.793601989746094
    vertex 13.699202537536621 -1.7088004350662231 20.793601989746094
    vertex 12.009603500366211 -1.9814839902210224e-07 20.793601989746094
  endloop
endfacet
facet normal 0.0 0.0 0.0
  outer loop
    vertex 13.468804359436035 -1.9008004665374756 20.793601989746094
    vertex 13.584003448486328 -1.804800271987915 20.793601989746094
    vertex 12.009603500366211 -1.9814839902210224e-07 20.793601989746094
  endloop
endfacet
facet normal 0.0 0.0 0.0
  outer loop
    vertex 13.334403038024902 -1.996800422668457 20.793601989746094
    vertex 13.468804359436035 -1.9008004665374756 20.793601989746094
    vertex 12.009603500366211 -1.9814839902210224e-07 20.793601989746094
  endloop
endfacet
facet normal 0.0 0.0 0.0
  outer loop
    vertex 13.20000171661377 -2.0736002922058105 20.793601989746094
    vertex 13.334403038024902 -1.996800422668457 20.793601989746094
    vertex 12.009603500366211 -1.9814839902210224e-07 20.793601989746094
  endloop
endfacet
facet normal 0.0 0.0 0.0
  outer loop
    vertex 13.065603256225586 -2.150400400161743 20.793601989746094
    vertex 13.20000171661377 -2.0736002922058105 20.793601989746094
    vertex 12.009603500366211 -1.9814839902210224e-07 20.793601989746094
  endloop
endfacet
facet normal 0.0 0.0 0.0
  outer loop
    vertex 12.912001609802246 -2.2272002696990967 20.793601989746094
    vertex 13.065603256225586 -2.150400400161743 20.793601989746094
    vertex 12.009603500366211 -1.9814839902210224e-07 20.793601989746094
  endloop
endfacet
facet normal 0.0 0.0 0.0
  outer loop
    vertex 12.777603149414062 -2.2848005294799805 20.793601989746094
    vertex 12.912001609802246 -2.2272002696990967 20.793601989746094
    vertex 12.009603500366211 -1.9814839902210224e-07 20.793601989746094
  endloop
endfacet
facet normal 0.0 0.0 0.0
  outer loop
    vertex 12.624004364013672 -2.3232004642486572 20.793601989746094
    vertex 12.777603149414062 -2.2848005294799805 20.793601989746094
    vertex 12.009603500366211 -1.9814839902210224e-07 20.793601989746094
  endloop
endfacet
facet normal 0.0 0.0 0.0
  outer loop
    vertex 12.470402717590332 -2.361600399017334 20.793601989746094
    vertex 12.624004364013672 -2.3232004642486572 20.793601989746094
    vertex 12.009603500366211 -1.9814839902210224e-07 20.793601989746094
  endloop
endfacet
facet normal 0.0 0.0 0.0
  outer loop
    vertex 12.316801071166992 -2.380800247192383 20.793601989746094
    vertex 12.470402717590332 -2.361600399017334 20.793601989746094
    vertex 12.009603500366211 -1.9814839902210224e-07 20.793601989746094
  endloop
endfacet
facet normal 0.0 0.0 0.0
  outer loop
    vertex 12.16320514678955 -2.4000003337860107 20.793601989746094
    vertex 12.316801071166992 -2.380800247192383 20.793601989746094
    vertex 12.009603500366211 -1.9814839902210224e-07 20.793601989746094
  endloop
endfacet
facet normal 0.0 0.0 0.0
  outer loop
    vertex 12.009603500366211 -1.9814839902210224e-07 20.793601989746094
    vertex 11.83680248260498 -2.4000003337860107 20.793601989746094
    vertex 12.009603500366211 -2.4000003337860107 20.793601989746094
  endloop
endfacet
facet normal 0.0 0.0 0.0
  outer loop
    vertex 12.009603500366211 -2.4000003337860107 20.793601989746094
    vertex 12.16320514678955 -2.4000003337860107 20.793601989746094
    vertex 12.009603500366211 -1.9814839902210224e-07 20.793601989746094
  endloop
endfacet
facet normal 0.0 0.0 0.0
  outer loop
    vertex 12.009603500366211 -1.9814839902210224e-07 20.793601989746094
    vertex 11.683201789855957 -2.380800247192383 20.793601989746094
    vertex 11.83680248260498 -2.4000003337860107 20.793601989746094
  endloop
endfacet
facet normal 0.0 0.0 0.0
  outer loop
    vertex 12.009603500366211 -1.9814839902210224e-07 20.793601989746094
    vertex 11.5296049118042 -2.361600399017334 20.793601989746094
    vertex 11.683201789855957 -2.380800247192383 20.793601989746094
  endloop
endfacet
facet normal 0.0 0.0 0.0
  outer loop
    vertex 12.009603500366211 -1.9814839902210224e-07 20.793601989746094
    vertex 11.376004219055176 -2.3232004642486572 20.793601989746094
    vertex 11.5296049118042 -2.361600399017334 20.793601989746094
  endloop
endfacet
facet normal 0.0 0.0 0.0
  outer loop
    vertex 12.009603500366211 -1.9814839902210224e-07 20.793601989746094
    vertex 11.222402572631836 -2.2848005294799805 20.793601989746094
    vertex 11.376004219055176 -2.3232004642486572 20.793601989746094
  endloop
endfacet
facet normal 0.0 0.0 0.0
  outer loop
    vertex 12.009603500366211 -1.9814839902210224e-07 20.793601989746094
    vertex 11.088004112243652 -2.2272002696990967 20.793601989746094
    vertex 11.222402572631836 -2.2848005294799805 20.793601989746094
  endloop
endfacet
facet normal 0.0 0.0 0.0
  outer loop
    vertex 12.009603500366211 -1.9814839902210224e-07 20.793601989746094
    vertex 10.934402465820312 -2.150400400161743 20.793601989746094
    vertex 11.088004112243652 -2.2272002696990967 20.793601989746094
  endloop
endfacet
facet normal 0.0 0.0 0.0
  outer loop
    vertex 12.009603500366211 -1.9814839902210224e-07 20.793601989746094
    vertex 10.80000114440918 -2.0736002922058105 20.793601989746094
    vertex 10.934402465820312 -2.150400400161743 20.793601989746094
  endloop
endfacet
facet normal 0.0 0.0 0.0
  outer loop
    vertex 12.009603500366211 -1.9814839902210224e-07 20.793601989746094
    vertex 10.665602684020996 -1.996800422668457 20.793601989746094
    vertex 10.80000114440918 -2.0736002922058105 20.793601989746094
  endloop
endfacet
facet normal 0.0 0.0 0.0
  outer loop
    vertex 12.009603500366211 -1.9814839902210224e-07 20.793601989746094
    vertex 10.531203269958496 -1.9008004665374756 20.793601989746094
    vertex 10.665602684020996 -1.996800422668457 20.793601989746094
  endloop
endfacet
facet normal 0.0 0.0 0.0
  outer loop
    vertex 12.009603500366211 -1.9814839902210224e-07 20.793601989746094
    vertex 10.41600227355957 -1.804800271987915 20.793601989746094
    vertex 10.531203269958496 -1.9008004665374756 20.793601989746094
  endloop
endfacet
facet normal 0.0 0.0 0.0
  outer loop
    vertex 12.009603500366211 -1.9814839902210224e-07 20.793601989746094
    vertex 10.300803184509277 -1.7088004350662231 20.793601989746094
    vertex 10.41600227355957 -1.804800271987915 20.793601989746094
  endloop
endfacet
facet normal 0.0 0.0 0.0
  outer loop
    vertex 12.009603500366211 -1.9814839902210224e-07 20.793601989746094
    vertex 10.204803466796875 -1.5936005115509033 20.793601989746094
    vertex 10.300803184509277 -1.7088004350662231 20.793601989746094
  endloop
endfacet
facet normal 0.0 0.0 0.0
  outer loop
    vertex 12.009603500366211 -1.9814839902210224e-07 20.793601989746094
    vertex 10.08960247039795 -1.459200382232666 20.793601989746094
    vertex 10.204803466796875 -1.5936005115509033 20.793601989746094
  endloop
endfacet
facet normal 0.0 0.0 0.0
  outer loop
    vertex 12.009603500366211 -1.9814839902210224e-07 20.793601989746094
    vertex 10.012803077697754 -1.3440003395080566 20.793601989746094
    vertex 10.08960247039795 -1.459200382232666 20.793601989746094
  endloop
endfacet
facet normal 0.0 0.0 0.0
  outer loop
    vertex 12.009603500366211 -1.9814839902210224e-07 20.793601989746094
    vertex 9.916800498962402 -1.2096002101898193 20.793601989746094
    vertex 10.012803077697754 -1.3440003395080566 20.793601989746094
  endloop
endfacet
facet normal 0.0 0.0 0.0
  outer loop
    vertex 12.009603500366211 -1.9814839902210224e-07 20.793601989746094
    vertex 9.840001106262207 -1.0560002326965332 20.793601989746094
    vertex 9.916800498962402 -1.2096002101898193 20.793601989746094
  endloop
endfacet
facet normal 0.0 0.0 0.0
  outer loop
    vertex 12.009603500366211 -1.9814839902210224e-07 20.793601989746094
    vertex 9.782402038574219 -0.9216000437736511 20.793601989746094
    vertex 9.840001106262207 -1.0560002326965332 20.793601989746094
  endloop
endfacet
facet normal 0.0 0.0 0.0
  outer loop
    vertex 12.009603500366211 -1.9814839902210224e-07 20.793601989746094
    vertex 9.724802017211914 -0.768000066280365 20.793601989746094
    vertex 9.782402038574219 -0.9216000437736511 20.793601989746094
  endloop
endfacet
facet normal 0.0 0.0 0.0
  outer loop
    vertex 12.009603500366211 -1.9814839902210224e-07 20.793601989746094
    vertex 9.686402320861816 -0.6336002349853516 20.793601989746094
    vertex 9.724802017211914 -0.768000066280365 20.793601989746094
  endloop
endfacet
facet normal 0.0 0.0 0.0
  outer loop
    vertex 12.009603500366211 -1.9814839902210224e-07 20.793601989746094
    vertex 9.648002624511719 -0.47999998927116394 20.793601989746094
    vertex 9.686402320861816 -0.6336002349853516 20.793601989746094
  endloop
endfacet
facet normal 0.0 0.0 0.0
  outer loop
    vertex 12.009603500366211 -1.9814839902210224e-07 20.793601989746094
    vertex 9.628800392150879 -0.30720046162605286 20.793601989746094
    vertex 9.648002624511719 -0.47999998927116394 20.793601989746094
  endloop
endfacet
facet normal 0.0 0.0 0.0
  outer loop
    vertex 12.009603500366211 -1.9814839902210224e-07 20.793601989746094
    vertex 9.609602928161621 -0.15360017120838165 20.793601989746094
    vertex 9.628800392150879 -0.30720046162605286 20.793601989746094
  endloop
endfacet
facet normal 0.0 0.0 0.0
  outer loop
    vertex 12.009603500366211 -1.9814839902210224e-07 20.793601989746094
    vertex 9.609602928161621 -1.9814839902210224e-07 20.793601989746094
    vertex 9.609602928161621 -0.15360017120838165 20.793601989746094
  endloop
endfacet
facet normal 0.0 0.0 0.0
  outer loop
    vertex 6.403202056884766 -1.9814839902210224e-07 20.793601989746094
    vertex 4.003201484680176 -1.9814839902210224e-07 20.793601989746094
    vertex 6.403202056884766 -0.15360017120838165 20.793601989746094
  endloop
endfacet
facet normal 0.0 0.0 0.0
  outer loop
    vertex 9.628800392150879 0.30719974637031555 20.793601989746094
    vertex 9.609602928161621 0.1535997837781906 20.793601989746094
    vertex 12.009603500366211 -1.9814839902210224e-07 20.793601989746094
  endloop
endfacet
facet normal 0.0 0.0 0.0
  outer loop
    vertex 9.648002624511719 0.4607997238636017 20.793601989746094
    vertex 9.628800392150879 0.30719974637031555 20.793601989746094
    vertex 12.009603500366211 -1.9814839902210224e-07 20.793601989746094
  endloop
endfacet
facet normal 0.0 0.0 0.0
  outer loop
    vertex 9.686402320861816 0.6143997311592102 20.793601989746094
    vertex 9.648002624511719 0.4607997238636017 20.793601989746094
    vertex 12.009603500366211 -1.9814839902210224e-07 20.793601989746094
  endloop
endfacet
facet normal 0.0 0.0 0.0
  outer loop
    vertex 9.724802017211914 0.7680000066757202 20.793601989746094
    vertex 9.686402320861816 0.6143997311592102 20.793601989746094
    vertex 12.009603500366211 -1.9814839902210224e-07 20.793601989746094
  endloop
endfacet
facet normal 0.0 0.0 0.0
  outer loop
    vertex 9.782402038574219 0.9215999841690063 20.793601989746094
    vertex 9.724802017211914 0.7680000066757202 20.793601989746094
    vertex 12.009603500366211 -1.9814839902210224e-07 20.793601989746094
  endloop
endfacet
facet normal 0.0 0.0 0.0
  outer loop
    vertex 9.840001106262207 1.055999994277954 20.793601989746094
    vertex 9.782402038574219 0.9215999841690063 20.793601989746094
    vertex 12.009603500366211 -1.9814839902210224e-07 20.793601989746094
  endloop
endfacet
facet normal 0.0 0.0 0.0
  outer loop
    vertex 9.916800498962402 1.1903996467590332 20.793601989746094
    vertex 9.840001106262207 1.055999994277954 20.793601989746094
    vertex 12.009603500366211 -1.9814839902210224e-07 20.793601989746094
  endloop
endfacet
facet normal 0.0 0.0 0.0
  outer loop
    vertex 10.012803077697754 1.3247997760772705 20.793601989746094
    vertex 9.916800498962402 1.1903996467590332 20.793601989746094
    vertex 12.009603500366211 -1.9814839902210224e-07 20.793601989746094
  endloop
endfacet
facet normal 0.0 0.0 0.0
  outer loop
    vertex 10.08960247039795 1.4591999053955078 20.793601989746094
    vertex 10.012803077697754 1.3247997760772705 20.793601989746094
    vertex 12.009603500366211 -1.9814839902210224e-07 20.793601989746094
  endloop
endfacet
facet normal 0.0 0.0 0.0
  outer loop
    vertex 10.204803466796875 1.5744001865386963 20.793601989746094
    vertex 10.08960247039795 1.4591999053955078 20.793601989746094
    vertex 12.009603500366211 -1.9814839902210224e-07 20.793601989746094
  endloop
endfacet
facet normal 0.0 0.0 0.0
  outer loop
    vertex 10.300803184509277 1.6895997524261475 20.793601989746094
    vertex 10.204803466796875 1.5744001865386963 20.793601989746094
    vertex 12.009603500366211 -1.9814839902210224e-07 20.793601989746094
  endloop
endfacet
facet normal 0.0 0.0 0.0
  outer loop
    vertex 10.41600227355957 1.804800033569336 20.793601989746094
    vertex 10.300803184509277 1.6895997524261475 20.793601989746094
    vertex 12.009603500366211 -1.9814839902210224e-07 20.793601989746094
  endloop
endfacet
facet normal 0.0 0.0 0.0
  outer loop
    vertex 10.531203269958496 1.9007999897003174 20.793601989746094
    vertex 10.41600227355957 1.804800033569336 20.793601989746094
    vertex 12.009603500366211 -1.9814839902210224e-07 20.793601989746094
  endloop
endfacet
facet normal 0.0 0.0 0.0
  outer loop
    vertex 10.665602684020996 1.9967997074127197 20.793601989746094
    vertex 10.531203269958496 1.9007999897003174 20.793601989746094
    vertex 12.009603500366211 -1.9814839902210224e-07 20.793601989746094
  endloop
endfacet
facet normal 0.0 0.0 0.0
  outer loop
    vertex 10.80000114440918 2.0735998153686523 20.793601989746094
    vertex 10.665602684020996 1.9967997074127197 20.793601989746094
    vertex 12.009603500366211 -1.9814839902210224e-07 20.793601989746094
  endloop
endfacet
facet normal 0.0 0.0 0.0
  outer loop
    vertex 10.934402465820312 2.150400400161743 20.793601989746094
    vertex 10.80000114440918 2.0735998153686523 20.793601989746094
    vertex 12.009603500366211 -1.9814839902210224e-07 20.793601989746094
  endloop
endfacet
facet normal 0.0 0.0 0.0
  outer loop
    vertex 11.088004112243652 2.2079999446868896 20.793601989746094
    vertex 10.934402465820312 2.150400400161743 20.793601989746094
    vertex 12.009603500366211 -1.9814839902210224e-07 20.793601989746094
  endloop
endfacet
facet normal 0.0 0.0 0.0
  outer loop
    vertex 11.222402572631836 2.2655999660491943 20.793601989746094
    vertex 11.088004112243652 2.2079999446868896 20.793601989746094
    vertex 12.009603500366211 -1.9814839902210224e-07 20.793601989746094
  endloop
endfacet
facet normal 0.0 0.0 0.0
  outer loop
    vertex 11.376004219055176 2.323200225830078 20.793601989746094
    vertex 11.222402572631836 2.2655999660491943 20.793601989746094
    vertex 12.009603500366211 -1.9814839902210224e-07 20.793601989746094
  endloop
endfacet
facet normal 0.0 0.0 0.0
  outer loop
    vertex 11.5296049118042 2.342400074005127 20.793601989746094
    vertex 11.376004219055176 2.323200225830078 20.793601989746094
    vertex 12.009603500366211 -1.9814839902210224e-07 20.793601989746094
  endloop
endfacet
facet normal 0.0 0.0 0.0
  outer loop
    vertex 11.683201789855957 2.380800247192383 20.793601989746094
    vertex 11.5296049118042 2.342400074005127 20.793601989746094
    vertex 12.009603500366211 -1.9814839902210224e-07 20.793601989746094
  endloop
endfacet
facet normal 0.0 0.0 0.0
  outer loop
    vertex 11.83680248260498 2.3999996185302734 20.793601989746094
    vertex 11.683201789855957 2.380800247192383 20.793601989746094
    vertex 12.009603500366211 -1.9814839902210224e-07 20.793601989746094
  endloop
endfacet
facet normal 0.0 0.0 0.0
  outer loop
    vertex 12.009603500366211 2.3999996185302734 20.793601989746094
    vertex 11.83680248260498 2.3999996185302734 20.793601989746094
    vertex 12.009603500366211 -1.9814839902210224e-07 20.793601989746094
  endloop
endfacet
facet normal 0.0 0.0 0.0
  outer loop
    vertex 12.009603500366211 -1.9814839902210224e-07 20.793601989746094
    vertex 12.16320514678955 2.3999996185302734 20.793601989746094
    vertex 12.009603500366211 2.3999996185302734 20.793601989746094
  endloop
endfacet
facet normal 0.0 0.0 0.0
  outer loop
    vertex 12.009603500366211 -1.9814839902210224e-07 20.793601989746094
    vertex 12.316801071166992 2.380800247192383 20.793601989746094
    vertex 12.16320514678955 2.3999996185302734 20.793601989746094
  endloop
endfacet
facet normal 0.0 0.0 0.0
  outer loop
    vertex 12.009603500366211 -1.9814839902210224e-07 20.793601989746094
    vertex 12.470402717590332 2.342400074005127 20.793601989746094
    vertex 12.316801071166992 2.380800247192383 20.793601989746094
  endloop
endfacet
facet normal 0.0 0.0 0.0
  outer loop
    vertex 12.009603500366211 -1.9814839902210224e-07 20.793601989746094
    vertex 12.624004364013672 2.323200225830078 20.793601989746094
    vertex 12.470402717590332 2.342400074005127 20.793601989746094
  endloop
endfacet
facet normal 0.0 0.0 0.0
  outer loop
    vertex 12.009603500366211 -1.9814839902210224e-07 20.793601989746094
    vertex 12.777603149414062 2.2655999660491943 20.793601989746094
    vertex 12.624004364013672 2.323200225830078 20.793601989746094
  endloop
endfacet
facet normal 0.0 0.0 0.0
  outer loop
    vertex 12.009603500366211 -1.9814839902210224e-07 20.793601989746094
    vertex 12.912001609802246 2.2079999446868896 20.793601989746094
    vertex 12.777603149414062 2.2655999660491943 20.793601989746094
  endloop
endfacet
facet normal 0.0 0.0 0.0
  outer loop
    vertex 12.009603500366211 -1.9814839902210224e-07 20.793601989746094
    vertex 13.065603256225586 2.150400400161743 20.793601989746094
    vertex 12.912001609802246 2.2079999446868896 20.793601989746094
  endloop
endfacet
facet normal 0.0 0.0 0.0
  outer loop
    vertex 12.009603500366211 -1.9814839902210224e-07 20.793601989746094
    vertex 13.20000171661377 2.0735998153686523 20.793601989746094
    vertex 13.065603256225586 2.150400400161743 20.793601989746094
  endloop
endfacet
facet normal 0.0 0.0 0.0
  outer loop
    vertex 12.009603500366211 -1.9814839902210224e-07 20.793601989746094
    vertex 13.334403038024902 1.9967997074127197 20.793601989746094
    vertex 13.20000171661377 2.0735998153686523 20.793601989746094
  endloop
endfacet
facet normal 0.0 0.0 0.0
  outer loop
    vertex 12.009603500366211 -1.9814839902210224e-07 20.793601989746094
    vertex 13.468804359436035 1.9007999897003174 20.793601989746094
    vertex 13.334403038024902 1.9967997074127197 20.793601989746094
  endloop
endfacet
facet normal 0.0 0.0 0.0
  outer loop
    vertex 12.009603500366211 -1.9814839902210224e-07 20.793601989746094
    vertex 13.584003448486328 1.804800033569336 20.793601989746094
    vertex 13.468804359436035 1.9007999897003174 20.793601989746094
  endloop
endfacet
facet normal 0.0 0.0 0.0
  outer loop
    vertex 12.009603500366211 -1.9814839902210224e-07 20.793601989746094
    vertex 13.699202537536621 1.6895997524261475 20.793601989746094
    vertex 13.584003448486328 1.804800033569336 20.793601989746094
  endloop
endfacet
facet normal 0.0 0.0 0.0
  outer loop
    vertex 12.009603500366211 -1.9814839902210224e-07 20.793601989746094
    vertex 13.795202255249023 1.5744001865386963 20.793601989746094
    vertex 13.699202537536621 1.6895997524261475 20.793601989746094
  endloop
endfacet
facet normal 0.0 0.0 0.0
  outer loop
    vertex 12.009603500366211 -1.9814839902210224e-07 20.793601989746094
    vertex 13.91040325164795 1.4591999053955078 20.793601989746094
    vertex 13.795202255249023 1.5744001865386963 20.793601989746094
  endloop
endfacet
facet normal 0.0 0.0 0.0
  outer loop
    vertex 12.009603500366211 -1.9814839902210224e-07 20.793601989746094
    vertex 13.987202644348145 1.3247997760772705 20.793601989746094
    vertex 13.91040325164795 1.4591999053955078 20.793601989746094
  endloop
endfacet
facet normal 0.0 0.0 0.0
  outer loop
    vertex 12.009603500366211 -1.9814839902210224e-07 20.793601989746094
    vertex 14.083202362060547 1.1903996467590332 20.793601989746094
    vertex 13.987202644348145 1.3247997760772705 20.793601989746094
  endloop
endfacet
facet normal 0.0 0.0 0.0
  outer loop
    vertex 12.009603500366211 -1.9814839902210224e-07 20.793601989746094
    vertex 14.160003662109375 1.055999994277954 20.793601989746094
    vertex 14.083202362060547 1.1903996467590332 20.793601989746094
  endloop
endfacet
facet normal 0.0 0.0 0.0
  outer loop
    vertex 12.009603500366211 -1.9814839902210224e-07 20.793601989746094
    vertex 14.21760368347168 0.9215999841690063 20.793601989746094
    vertex 14.160003662109375 1.055999994277954 20.793601989746094
  endloop
endfacet
facet normal 0.0 0.0 0.0
  outer loop
    vertex 12.009603500366211 -1.9814839902210224e-07 20.793601989746094
    vertex 14.275205612182617 0.7680000066757202 20.793601989746094
    vertex 14.21760368347168 0.9215999841690063 20.793601989746094
  endloop
endfacet
facet normal 0.0 0.0 0.0
  outer loop
    vertex 12.009603500366211 -1.9814839902210224e-07 20.793601989746094
    vertex 14.313605308532715 0.6143997311592102 20.793601989746094
    vertex 14.275205612182617 0.7680000066757202 20.793601989746094
  endloop
endfacet
facet normal 0.0 0.0 0.0
  outer loop
    vertex 12.009603500366211 -1.9814839902210224e-07 20.793601989746094
    vertex 14.352005004882812 0.4607997238636017 20.793601989746094
    vertex 14.313605308532715 0.6143997311592102 20.793601989746094
  endloop
endfacet
facet normal 0.0 0.0 0.0
  outer loop
    vertex 12.009603500366211 -1.9814839902210224e-07 20.793601989746094
    vertex 14.409602165222168 -1.9814839902210224e-07 20.793601989746094
    vertex 14.39040470123291 0.1535997837781906 20.793601989746094
  endloop
endfacet
facet normal 0.0 0.0 0.0
  outer loop
    vertex 12.009603500366211 -1.9814839902210224e-07 20.793601989746094
    vertex 14.371204376220703 0.30719974637031555 20.793601989746094
    vertex 14.352005004882812 0.4607997238636017 20.793601989746094
  endloop
endfacet
facet normal 0.0 0.0 0.0
  outer loop
    vertex 12.009603500366211 -1.9814839902210224e-07 20.793601989746094
    vertex 14.39040470123291 0.1535997837781906 20.793601989746094
    vertex 14.371204376220703 0.30719974637031555 20.793601989746094
  endloop
endfacet
facet normal 0.0 0.0 0.0
  outer loop
    vertex 6.383999824523926 -0.30720046162605286 20.793601989746094
    vertex 6.403202056884766 -0.15360017120838165 20.793601989746094
    vertex 4.003201484680176 -1.9814839902210224e-07 20.793601989746094
  endloop
endfacet
facet normal 0.0 0.0 0.0
  outer loop
    vertex -6.403202056884766 -1.9814839902210224e-07 20.793601989746094
    vertex -4.003202438354492 -1.9814839902210224e-07 20.793601989746094
    vertex -6.403202056884766 0.1535997837781906 20.793601989746094
  endloop
endfacet
facet normal 0.0 0.0 0.0
  outer loop
    vertex 6.345600128173828 -0.47999998927116394 20.793601989746094
    vertex 6.383999824523926 -0.30720046162605286 20.793601989746094
    vertex 4.003201484680176 -1.9814839902210224e-07 20.793601989746094
  endloop
endfacet
facet normal 0.0 0.0 0.0
  outer loop
    vertex 6.32640266418457 -0.6336002349853516 20.793601989746094
    vertex 6.345600128173828 -0.47999998927116394 20.793601989746094
    vertex 4.003201484680176 -1.9814839902210224e-07 20.793601989746094
  endloop
endfacet
facet normal 0.0 0.0 0.0
  outer loop
    vertex 6.268803119659424 -0.768000066280365 20.793601989746094
    vertex 6.32640266418457 -0.6336002349853516 20.793601989746094
    vertex 4.003201484680176 -1.9814839902210224e-07 20.793601989746094
  endloop
endfacet
facet normal 0.0 0.0 0.0
  outer loop
    vertex 6.211200714111328 -0.9216000437736511 20.793601989746094
    vertex 6.268803119659424 -0.768000066280365 20.793601989746094
    vertex 4.003201484680176 -1.9814839902210224e-07 20.793601989746094
  endloop
endfacet
facet normal 0.0 0.0 0.0
  outer loop
    vertex 6.153601169586182 -1.0560002326965332 20.793601989746094
    vertex 6.211200714111328 -0.9216000437736511 20.793601989746094
    vertex 4.003201484680176 -1.9814839902210224e-07 20.793601989746094
  endloop
endfacet
facet normal 0.0 0.0 0.0
  outer loop
    vertex 6.076801776885986 -1.2096002101898193 20.793601989746094
    vertex 6.153601169586182 -1.0560002326965332 20.793601989746094
    vertex 4.003201484680176 -1.9814839902210224e-07 20.793601989746094
  endloop
endfacet
facet normal 0.0 0.0 0.0
  outer loop
    vertex 6.0 -1.3440003395080566 20.793601989746094
    vertex 6.076801776885986 -1.2096002101898193 20.793601989746094
    vertex 4.003201484680176 -1.9814839902210224e-07 20.793601989746094
  endloop
endfacet
facet normal 0.0 0.0 0.0
  outer loop
    vertex 5.904000759124756 -1.459200382232666 20.793601989746094
    vertex 6.0 -1.3440003395080566 20.793601989746094
    vertex 4.003201484680176 -1.9814839902210224e-07 20.793601989746094
  endloop
endfacet
facet normal 0.0 0.0 0.0
  outer loop
    vertex 5.808001518249512 -1.5936005115509033 20.793601989746094
    vertex 5.904000759124756 -1.459200382232666 20.793601989746094
    vertex 4.003201484680176 -1.9814839902210224e-07 20.793601989746094
  endloop
endfacet
facet normal 0.0 0.0 0.0
  outer loop
    vertex 5.692802429199219 -1.7088004350662231 20.793601989746094
    vertex 5.808001518249512 -1.5936005115509033 20.793601989746094
    vertex 4.003201484680176 -1.9814839902210224e-07 20.793601989746094
  endloop
endfacet
facet normal 0.0 0.0 0.0
  outer loop
    vertex 5.577600955963135 -1.804800271987915 20.793601989746094
    vertex 5.692802429199219 -1.7088004350662231 20.793601989746094
    vertex 4.003201484680176 -1.9814839902210224e-07 20.793601989746094
  endloop
endfacet
facet normal 0.0 0.0 0.0
  outer loop
    vertex 5.462399482727051 -1.9008004665374756 20.793601989746094
    vertex 5.577600955963135 -1.804800271987915 20.793601989746094
    vertex 4.003201484680176 -1.9814839902210224e-07 20.793601989746094
  endloop
endfacet
facet normal 0.0 0.0 0.0
  outer loop
    vertex 5.328000545501709 -1.996800422668457 20.793601989746094
    vertex 5.462399482727051 -1.9008004665374756 20.793601989746094
    vertex 4.003201484680176 -1.9814839902210224e-07 20.793601989746094
  endloop
endfacet
facet normal 0.0 0.0 0.0
  outer loop
    vertex 5.193601608276367 -2.0736002922058105 20.793601989746094
    vertex 5.328000545501709 -1.996800422668457 20.793601989746094
    vertex 4.003201484680176 -1.9814839902210224e-07 20.793601989746094
  endloop
endfacet
facet normal 0.0 0.0 0.0
  outer loop
    vertex 5.059202671051025 -2.150400400161743 20.793601989746094
    vertex 5.193601608276367 -2.0736002922058105 20.793601989746094
    vertex 4.003201484680176 -1.9814839902210224e-07 20.793601989746094
  endloop
endfacet
facet normal 0.0 0.0 0.0
  outer loop
    vertex 4.924801349639893 -2.2272002696990967 20.793601989746094
    vertex 5.059202671051025 -2.150400400161743 20.793601989746094
    vertex 4.003201484680176 -1.9814839902210224e-07 20.793601989746094
  endloop
endfacet
facet normal 0.0 0.0 0.0
  outer loop
    vertex 4.771200180053711 -2.2848005294799805 20.793601989746094
    vertex 4.924801349639893 -2.2272002696990967 20.793601989746094
    vertex 4.003201484680176 -1.9814839902210224e-07 20.793601989746094
  endloop
endfacet
facet normal 0.0 0.0 0.0
  outer loop
    vertex 4.61760139465332 -2.3232004642486572 20.793601989746094
    vertex 4.771200180053711 -2.2848005294799805 20.793601989746094
    vertex 4.003201484680176 -1.9814839902210224e-07 20.793601989746094
  endloop
endfacet
facet normal 0.0 0.0 0.0
  outer loop
    vertex 4.46400260925293 -2.361600399017334 20.793601989746094
    vertex 4.61760139465332 -2.3232004642486572 20.793601989746094
    vertex 4.003201484680176 -1.9814839902210224e-07 20.793601989746094
  endloop
endfacet
facet normal 0.0 0.0 0.0
  outer loop
    vertex 4.310401439666748 -2.380800247192383 20.793601989746094
    vertex 4.46400260925293 -2.361600399017334 20.793601989746094
    vertex 4.003201484680176 -1.9814839902210224e-07 20.793601989746094
  endloop
endfacet
facet normal 0.0 0.0 0.0
  outer loop
    vertex 4.156800270080566 -2.4000003337860107 20.793601989746094
    vertex 4.310401439666748 -2.380800247192383 20.793601989746094
    vertex 4.003201484680176 -1.9814839902210224e-07 20.793601989746094
  endloop
endfacet
facet normal 0.0 0.0 0.0
  outer loop
    vertex 4.003201484680176 -1.9814839902210224e-07 20.793601989746094
    vertex 3.849600076675415 -2.4000003337860107 20.793601989746094
    vertex 4.003201484680176 -2.4000003337860107 20.793601989746094
  endloop
endfacet
facet normal 0.0 0.0 0.0
  outer loop
    vertex 4.003201484680176 -2.4000003337860107 20.793601989746094
    vertex 4.156800270080566 -2.4000003337860107 20.793601989746094
    vertex 4.003201484680176 -1.9814839902210224e-07 20.793601989746094
  endloop
endfacet
facet normal 0.0 0.0 0.0
  outer loop
    vertex 4.003201484680176 -1.9814839902210224e-07 20.793601989746094
    vertex 3.6960012912750244 -2.380800247192383 20.793601989746094
    vertex 3.849600076675415 -2.4000003337860107 20.793601989746094
  endloop
endfacet
facet normal 0.0 0.0 0.0
  outer loop
    vertex 4.003201484680176 -1.9814839902210224e-07 20.793601989746094
    vertex 3.523200273513794 -2.361600399017334 20.793601989746094
    vertex 3.6960012912750244 -2.380800247192383 20.793601989746094
  endloop
endfacet
facet normal 0.0 0.0 0.0
  outer loop
    vertex 4.003201484680176 -1.9814839902210224e-07 20.793601989746094
    vertex 3.3696014881134033 -2.3232004642486572 20.793601989746094
    vertex 3.523200273513794 -2.361600399017334 20.793601989746094
  endloop
endfacet
facet normal 0.0 0.0 0.0
  outer loop
    vertex 4.003201484680176 -1.9814839902210224e-07 20.793601989746094
    vertex 3.2352025508880615 -2.2848005294799805 20.793601989746094
    vertex 3.3696014881134033 -2.3232004642486572 20.793601989746094
  endloop
endfacet
facet normal 0.0 0.0 0.0
  outer loop
    vertex 4.003201484680176 -1.9814839902210224e-07 20.793601989746094
    vertex 3.081601142883301 -2.2272002696990967 20.793601989746094
    vertex 3.2352025508880615 -2.2848005294799805 20.793601989746094
  endloop
endfacet
facet normal 0.0 0.0 0.0
  outer loop
    vertex 4.003201484680176 -1.9814839902210224e-07 20.793601989746094
    vertex 2.947202205657959 -2.150400400161743 20.793601989746094
    vertex 3.081601142883301 -2.2272002696990967 20.793601989746094
  endloop
endfacet
facet normal 0.0 0.0 0.0
  outer loop
    vertex 4.003201484680176 -1.9814839902210224e-07 20.793601989746094
    vertex 2.7936010360717773 -2.0736002922058105 20.793601989746094
    vertex 2.947202205657959 -2.150400400161743 20.793601989746094
  endloop
endfacet
facet normal 0.0 0.0 0.0
  outer loop
    vertex 4.003201484680176 -1.9814839902210224e-07 20.793601989746094
    vertex 2.6591997146606445 -1.996800422668457 20.793601989746094
    vertex 2.7936010360717773 -2.0736002922058105 20.793601989746094
  endloop
endfacet
facet normal 0.0 0.0 0.0
  outer loop
    vertex 4.003201484680176 -1.9814839902210224e-07 20.793601989746094
    vertex 2.5440006256103516 -1.9008004665374756 20.793601989746094
    vertex 2.6591997146606445 -1.996800422668457 20.793601989746094
  endloop
endfacet
facet normal 0.0 0.0 0.0
  outer loop
    vertex 4.003201484680176 -1.9814839902210224e-07 20.793601989746094
    vertex 2.4096016883850098 -1.804800271987915 20.793601989746094
    vertex 2.5440006256103516 -1.9008004665374756 20.793601989746094
  endloop
endfacet
facet normal 0.0 0.0 0.0
  outer loop
    vertex 4.003201484680176 -1.9814839902210224e-07 20.793601989746094
    vertex 2.294400215148926 -1.7088004350662231 20.793601989746094
    vertex 2.4096016883850098 -1.804800271987915 20.793601989746094
  endloop
endfacet
facet normal 0.0 0.0 0.0
  outer loop
    vertex 4.003201484680176 -1.9814839902210224e-07 20.793601989746094
    vertex 2.1984009742736816 -1.5936005115509033 20.793601989746094
    vertex 2.294400215148926 -1.7088004350662231 20.793601989746094
  endloop
endfacet
facet normal 0.0 0.0 0.0
  outer loop
    vertex 4.003201484680176 -1.9814839902210224e-07 20.793601989746094
    vertex 2.1024017333984375 -1.459200382232666 20.793601989746094
    vertex 2.1984009742736816 -1.5936005115509033 20.793601989746094
  endloop
endfacet
facet normal 0.0 0.0 0.0
  outer loop
    vertex 4.003201484680176 -1.9814839902210224e-07 20.793601989746094
    vertex 2.0064001083374023 -1.3440003395080566 20.793601989746094
    vertex 2.1024017333984375 -1.459200382232666 20.793601989746094
  endloop
endfacet
facet normal 0.0 0.0 0.0
  outer loop
    vertex 4.003201484680176 -1.9814839902210224e-07 20.793601989746094
    vertex 1.9296005964279175 -1.2096002101898193 20.793601989746094
    vertex 2.0064001083374023 -1.3440003395080566 20.793601989746094
  endloop
endfacet
facet normal 0.0 0.0 0.0
  outer loop
    vertex 4.003201484680176 -1.9814839902210224e-07 20.793601989746094
    vertex 1.8528012037277222 -1.0560002326965332 20.793601989746094
    vertex 1.9296005964279175 -1.2096002101898193 20.793601989746094
  endloop
endfacet
facet normal 0.0 0.0 0.0
  outer loop
    vertex 4.003201484680176 -1.9814839902210224e-07 20.793601989746094
    vertex 1.7759994268417358 -0.9216000437736511 20.793601989746094
    vertex 1.8528012037277222 -1.0560002326965332 20.793601989746094
  endloop
endfacet
facet normal 0.0 0.0 0.0
  outer loop
    vertex 4.003201484680176 -1.9814839902210224e-07 20.793601989746094
    vertex 1.7184022665023804 -0.768000066280365 20.793601989746094
    vertex 1.7759994268417358 -0.9216000437736511 20.793601989746094
  endloop
endfacet
facet normal 0.0 0.0 0.0
  outer loop
    vertex 4.003201484680176 -1.9814839902210224e-07 20.793601989746094
    vertex 1.6800001859664917 -0.6336002349853516 20.793601989746094
    vertex 1.7184022665023804 -0.768000066280365 20.793601989746094
  endloop
endfacet
facet normal 0.0 0.0 0.0
  outer loop
    vertex 4.003201484680176 -1.9814839902210224e-07 20.793601989746094
    vertex 1.641600489616394 -0.47999998927116394 20.793601989746094
    vertex 1.6800001859664917 -0.6336002349853516 20.793601989746094
  endloop
endfacet
facet normal 0.0 0.0 0.0
  outer loop
    vertex 4.003201484680176 -1.9814839902210224e-07 20.793601989746094
    vertex 1.6224006414413452 -0.30720046162605286 20.793601989746094
    vertex 1.641600489616394 -0.47999998927116394 20.793601989746094
  endloop
endfacet
facet normal 0.0 0.0 0.0
  outer loop
    vertex 4.003201484680176 -1.9814839902210224e-07 20.793601989746094
    vertex 1.6032007932662964 -0.15360017120838165 20.793601989746094
    vertex 1.6224006414413452 -0.30720046162605286 20.793601989746094
  endloop
endfacet
facet normal 0.0 0.0 0.0
  outer loop
    vertex 4.003201484680176 -1.9814839902210224e-07 20.793601989746094
    vertex 1.6032007932662964 -1.9814839902210224e-07 20.793601989746094
    vertex 1.6032007932662964 -0.15360017120838165 20.793601989746094
  endloop
endfacet
facet normal 0.0 0.0 0.0
  outer loop
    vertex -1.6032007932662964 -1.9814839902210224e-07 20.793601989746094
    vertex -4.003202438354492 -1.9814839902210224e-07 20.793601989746094
    vertex -1.6032007932662964 -0.15360017120838165 20.793601989746094
  endloop
endfacet
facet normal 0.0 0.0 0.0
  outer loop
    vertex 1.6224006414413452 0.30719974637031555 20.793601989746094
    vertex 1.6032007932662964 0.1535997837781906 20.793601989746094
    vertex 4.003201484680176 -1.9814839902210224e-07 20.793601989746094
  endloop
endfacet
facet normal 0.0 0.0 0.0
  outer loop
    vertex 1.641600489616394 0.4607997238636017 20.793601989746094
    vertex 1.6224006414413452 0.30719974637031555 20.793601989746094
    vertex 4.003201484680176 -1.9814839902210224e-07 20.793601989746094
  endloop
endfacet
facet normal 0.0 0.0 0.0
  outer loop
    vertex 1.6800001859664917 0.6143997311592102 20.793601989746094
    vertex 1.641600489616394 0.4607997238636017 20.793601989746094
    vertex 4.003201484680176 -1.9814839902210224e-07 20.793601989746094
  endloop
endfacet
facet normal 0.0 0.0 0.0
  outer loop
    vertex 1.7184022665023804 0.7680000066757202 20.793601989746094
    vertex 1.6800001859664917 0.6143997311592102 20.793601989746094
    vertex 4.003201484680176 -1.9814839902210224e-07 20.793601989746094
  endloop
endfacet
facet normal 0.0 0.0 0.0
  outer loop
    vertex 1.7759994268417358 0.9215999841690063 20.793601989746094
    vertex 1.7184022665023804 0.7680000066757202 20.793601989746094
    vertex 4.003201484680176 -1.9814839902210224e-07 20.793601989746094
  endloop
endfacet
facet normal 0.0 0.0 0.0
  outer loop
    vertex 1.8528012037277222 1.055999994277954 20.793601989746094
    vertex 1.7759994268417358 0.9215999841690063 20.793601989746094
    vertex 4.003201484680176 -1.9814839902210224e-07 20.793601989746094
  endloop
endfacet
facet normal 0.0 0.0 0.0
  outer loop
    vertex 1.9296005964279175 1.1903996467590332 20.793601989746094
    vertex 1.8528012037277222 1.055999994277954 20.793601989746094
    vertex 4.003201484680176 -1.9814839902210224e-07 20.793601989746094
  endloop
endfacet
facet normal 0.0 0.0 0.0
  outer loop
    vertex 2.0064001083374023 1.3247997760772705 20.793601989746094
    vertex 1.9296005964279175 1.1903996467590332 20.793601989746094
    vertex 4.003201484680176 -1.9814839902210224e-07 20.793601989746094
  endloop
endfacet
facet normal 0.0 0.0 0.0
  outer loop
    vertex 2.1024017333984375 1.4591999053955078 20.793601989746094
    vertex 2.0064001083374023 1.3247997760772705 20.793601989746094
    vertex 4.003201484680176 -1.9814839902210224e-07 20.793601989746094
  endloop
endfacet
facet normal 0.0 0.0 0.0
  outer loop
    vertex 2.1984009742736816 1.5744001865386963 20.793601989746094
    vertex 2.1024017333984375 1.4591999053955078 20.793601989746094
    vertex 4.003201484680176 -1.9814839902210224e-07 20.793601989746094
  endloop
endfacet
facet normal 0.0 0.0 0.0
  outer loop
    vertex 2.294400215148926 1.6895997524261475 20.793601989746094
    vertex 2.1984009742736816 1.5744001865386963 20.793601989746094
    vertex 4.003201484680176 -1.9814839902210224e-07 20.793601989746094
  endloop
endfacet
facet normal 0.0 0.0 0.0
  outer loop
    vertex 2.4096016883850098 1.804800033569336 20.793601989746094
    vertex 2.294400215148926 1.6895997524261475 20.793601989746094
    vertex 4.003201484680176 -1.9814839902210224e-07 20.793601989746094
  endloop
endfacet
facet normal 0.0 0.0 0.0
  outer loop
    vertex 2.5440006256103516 1.9007999897003174 20.793601989746094
    vertex 2.4096016883850098 1.804800033569336 20.793601989746094
    vertex 4.003201484680176 -1.9814839902210224e-07 20.793601989746094
  endloop
endfacet
facet normal 0.0 0.0 0.0
  outer loop
    vertex 2.6591997146606445 1.9967997074127197 20.793601989746094
    vertex 2.5440006256103516 1.9007999897003174 20.793601989746094
    vertex 4.003201484680176 -1.9814839902210224e-07 20.793601989746094
  endloop
endfacet
facet normal 0.0 0.0 0.0
  outer loop
    vertex 2.7936010360717773 2.0735998153686523 20.793601989746094
    vertex 2.6591997146606445 1.9967997074127197 20.793601989746094
    vertex 4.003201484680176 -1.9814839902210224e-07 20.793601989746094
  endloop
endfacet
facet normal 0.0 0.0 0.0
  outer loop
    vertex 2.947202205657959 2.150400400161743 20.793601989746094
    vertex 2.7936010360717773 2.0735998153686523 20.793601989746094
    vertex 4.003201484680176 -1.9814839902210224e-07 20.793601989746094
  endloop
endfacet
facet normal 0.0 0.0 0.0
  outer loop
    vertex 3.081601142883301 2.2079999446868896 20.793601989746094
    vertex 2.947202205657959 2.150400400161743 20.793601989746094
    vertex 4.003201484680176 -1.9814839902210224e-07 20.793601989746094
  endloop
endfacet
facet normal 0.0 0.0 0.0
  outer loop
    vertex 3.2352025508880615 2.2655999660491943 20.793601989746094
    vertex 3.081601142883301 2.2079999446868896 20.793601989746094
    vertex 4.003201484680176 -1.9814839902210224e-07 20.793601989746094
  endloop
endfacet
facet normal 0.0 0.0 0.0
  outer loop
    vertex 3.3696014881134033 2.323200225830078 20.793601989746094
    vertex 3.2352025508880615 2.2655999660491943 20.793601989746094
    vertex 4.003201484680176 -1.9814839902210224e-07 20.793601989746094
  endloop
endfacet
facet normal 0.0 0.0 0.0
  outer loop
    vertex 3.523200273513794 2.342400074005127 20.793601989746094
    vertex 3.3696014881134033 2.323200225830078 20.793601989746094
    vertex 4.003201484680176 -1.9814839902210224e-07 20.793601989746094
  endloop
endfacet
facet normal 0.0 0.0 0.0
  outer loop
    vertex 3.6960012912750244 2.380800247192383 20.793601989746094
    vertex 3.523200273513794 2.342400074005127 20.793601989746094
    vertex 4.003201484680176 -1.9814839902210224e-07 20.793601989746094
  endloop
endfacet
facet normal 0.0 0.0 0.0
  outer loop
    vertex 3.849600076675415 2.3999996185302734 20.793601989746094
    vertex 3.6960012912750244 2.380800247192383 20.793601989746094
    vertex 4.003201484680176 -1.9814839902210224e-07 20.793601989746094
  endloop
endfacet
facet normal 0.0 0.0 0.0
  outer loop
    vertex 4.003201484680176 2.3999996185302734 20.793601989746094
    vertex 3.849600076675415 2.3999996185302734 20.793601989746094
    vertex 4.003201484680176 -1.9814839902210224e-07 20.793601989746094
  endloop
endfacet
facet normal 0.0 0.0 0.0
  outer loop
    vertex 4.003201484680176 -1.9814839902210224e-07 20.793601989746094
    vertex 4.156800270080566 2.3999996185302734 20.793601989746094
    vertex 4.003201484680176 2.3999996185302734 20.793601989746094
  endloop
endfacet
facet normal 0.0 0.0 0.0
  outer loop
    vertex 4.003201484680176 -1.9814839902210224e-07 20.793601989746094
    vertex 4.310401439666748 2.380800247192383 20.793601989746094
    vertex 4.156800270080566 2.3999996185302734 20.793601989746094
  endloop
endfacet
facet normal 0.0 0.0 0.0
  outer loop
    vertex 4.003201484680176 -1.9814839902210224e-07 20.793601989746094
    vertex 4.46400260925293 2.342400074005127 20.793601989746094
    vertex 4.310401439666748 2.380800247192383 20.793601989746094
  endloop
endfacet
facet normal 0.0 0.0 0.0
  outer loop
    vertex 4.003201484680176 -1.9814839902210224e-07 20.793601989746094
    vertex 4.61760139465332 2.323200225830078 20.793601989746094
    vertex 4.46400260925293 2.342400074005127 20.793601989746094
  endloop
endfacet
facet normal 0.0 0.0 0.0
  outer loop
    vertex 4.003201484680176 -1.9814839902210224e-07 20.793601989746094
    vertex 4.771200180053711 2.2655999660491943 20.793601989746094
    vertex 4.61760139465332 2.323200225830078 20.793601989746094
  endloop
endfacet
facet normal 0.0 0.0 0.0
  outer loop
    vertex 4.003201484680176 -1.9814839902210224e-07 20.793601989746094
    vertex 4.924801349639893 2.2079999446868896 20.793601989746094
    vertex 4.771200180053711 2.2655999660491943 20.793601989746094
  endloop
endfacet
facet normal 0.0 0.0 0.0
  outer loop
    vertex 4.003201484680176 -1.9814839902210224e-07 20.793601989746094
    vertex 5.059202671051025 2.150400400161743 20.793601989746094
    vertex 4.924801349639893 2.2079999446868896 20.793601989746094
  endloop
endfacet
facet normal 0.0 0.0 0.0
  outer loop
    vertex 4.003201484680176 -1.9814839902210224e-07 20.793601989746094
    vertex 5.193601608276367 2.0735998153686523 20.793601989746094
    vertex 5.059202671051025 2.150400400161743 20.793601989746094
  endloop
endfacet
facet normal 0.0 0.0 0.0
  outer loop
    vertex 4.003201484680176 -1.9814839902210224e-07 20.793601989746094
    vertex 5.328000545501709 1.9967997074127197 20.793601989746094
    vertex 5.193601608276367 2.0735998153686523 20.793601989746094
  endloop
endfacet
facet normal 0.0 0.0 0.0
  outer loop
    vertex 4.003201484680176 -1.9814839902210224e-07 20.793601989746094
    vertex 5.462399482727051 1.9007999897003174 20.793601989746094
    vertex 5.328000545501709 1.9967997074127197 20.793601989746094
  endloop
endfacet
facet normal 0.0 0.0 0.0
  outer loop
    vertex 4.003201484680176 -1.9814839902210224e-07 20.793601989746094
    vertex 5.577600955963135 1.804800033569336 20.793601989746094
    vertex 5.462399482727051 1.9007999897003174 20.793601989746094
  endloop
endfacet
facet normal 0.0 0.0 0.0
  outer loop
    vertex 4.003201484680176 -1.9814839902210224e-07 20.793601989746094
    vertex 5.692802429199219 1.6895997524261475 20.793601989746094
    vertex 5.577600955963135 1.804800033569336 20.793601989746094
  endloop
endfacet
facet normal 0.0 0.0 0.0
  outer loop
    vertex 4.003201484680176 -1.9814839902210224e-07 20.793601989746094
    vertex 5.808001518249512 1.5744001865386963 20.793601989746094
    vertex 5.692802429199219 1.6895997524261475 20.793601989746094
  endloop
endfacet
facet normal 0.0 0.0 0.0
  outer loop
    vertex 4.003201484680176 -1.9814839902210224e-07 20.793601989746094
    vertex 5.904000759124756 1.4591999053955078 20.793601989746094
    vertex 5.808001518249512 1.5744001865386963 20.793601989746094
  endloop
endfacet
facet normal 0.0 0.0 0.0
  outer loop
    vertex 4.003201484680176 -1.9814839902210224e-07 20.793601989746094
    vertex 6.0 1.3247997760772705 20.793601989746094
    vertex 5.904000759124756 1.4591999053955078 20.793601989746094
  endloop
endfacet
facet normal 0.0 0.0 0.0
  outer loop
    vertex 4.003201484680176 -1.9814839902210224e-07 20.793601989746094
    vertex 6.076801776885986 1.1903996467590332 20.793601989746094
    vertex 6.0 1.3247997760772705 20.793601989746094
  endloop
endfacet
facet normal 0.0 0.0 0.0
  outer loop
    vertex 4.003201484680176 -1.9814839902210224e-07 20.793601989746094
    vertex 6.153601169586182 1.055999994277954 20.793601989746094
    vertex 6.076801776885986 1.1903996467590332 20.793601989746094
  endloop
endfacet
facet normal 0.0 0.0 0.0
  outer loop
    vertex 4.003201484680176 -1.9814839902210224e-07 20.793601989746094
    vertex 6.211200714111328 0.9215999841690063 20.793601989746094
    vertex 6.153601169586182 1.055999994277954 20.793601989746094
  endloop
endfacet
facet normal 0.0 0.0 0.0
  outer loop
    vertex 4.003201484680176 -1.9814839902210224e-07 20.793601989746094
    vertex 6.268803119659424 0.7680000066757202 20.793601989746094
    vertex 6.211200714111328 0.9215999841690063 20.793601989746094
  endloop
endfacet
facet normal 0.0 0.0 0.0
  outer loop
    vertex 4.003201484680176 -1.9814839902210224e-07 20.793601989746094
    vertex 6.32640266418457 0.6143997311592102 20.793601989746094
    vertex 6.268803119659424 0.7680000066757202 20.793601989746094
  endloop
endfacet
facet normal 0.0 0.0 0.0
  outer loop
    vertex 4.003201484680176 -1.9814839902210224e-07 20.793601989746094
    vertex 6.345600128173828 0.4607997238636017 20.793601989746094
    vertex 6.32640266418457 0.6143997311592102 20.793601989746094
  endloop
endfacet
facet normal 0.0 0.0 0.0
  outer loop
    vertex 4.003201484680176 -1.9814839902210224e-07 20.793601989746094
    vertex 6.403202056884766 -1.9814839902210224e-07 20.793601989746094
    vertex 6.403202056884766 0.1535997837781906 20.793601989746094
  endloop
endfacet
facet normal 0.0 0.0 0.0
  outer loop
    vertex 4.003201484680176 -1.9814839902210224e-07 20.793601989746094
    vertex 6.383999824523926 0.30719974637031555 20.793601989746094
    vertex 6.345600128173828 0.4607997238636017 20.793601989746094
  endloop
endfacet
facet normal 0.0 0.0 0.0
  outer loop
    vertex 4.003201484680176 -1.9814839902210224e-07 20.793601989746094
    vertex 6.403202056884766 0.1535997837781906 20.793601989746094
    vertex 6.383999824523926 0.30719974637031555 20.793601989746094
  endloop
endfacet
facet normal 0.0 0.0 0.0
  outer loop
    vertex -1.6224006414413452 -0.30720046162605286 20.793601989746094
    vertex -1.6032007932662964 -0.15360017120838165 20.793601989746094
    vertex -4.003202438354492 -1.9814839902210224e-07 20.793601989746094
  endloop
endfacet
facet normal 0.0 0.0 0.0
  outer loop
    vertex -14.4096040725708 -1.9814839902210224e-07 20.793601989746094
    vertex -12.009603500366211 -1.9814839902210224e-07 20.793601989746094
    vertex -14.39040470123291 0.1535997837781906 20.793601989746094
  endloop
endfacet
facet normal 0.0 0.0 0.0
  outer loop
    vertex -1.641600489616394 -0.47999998927116394 20.793601989746094
    vertex -1.6224006414413452 -0.30720046162605286 20.793601989746094
    vertex -4.003202438354492 -1.9814839902210224e-07 20.793601989746094
  endloop
endfacet
facet normal 0.0 0.0 0.0
  outer loop
    vertex -1.6800001859664917 -0.6336002349853516 20.793601989746094
    vertex -1.641600489616394 -0.47999998927116394 20.793601989746094
    vertex -4.003202438354492 -1.9814839902210224e-07 20.793601989746094
  endloop
endfacet
facet normal 0.0 0.0 0.0
  outer loop
    vertex -1.7183998823165894 -0.768000066280365 20.793601989746094
    vertex -1.6800001859664917 -0.6336002349853516 20.793601989746094
    vertex -4.003202438354492 -1.9814839902210224e-07 20.793601989746094
  endloop
endfacet
facet normal 0.0 0.0 0.0
  outer loop
    vertex -1.7759994268417358 -0.9216000437736511 20.793601989746094
    vertex -1.7183998823165894 -0.768000066280365 20.793601989746094
    vertex -4.003202438354492 -1.9814839902210224e-07 20.793601989746094
  endloop
endfacet
facet normal 0.0 0.0 0.0
  outer loop
    vertex -1.8528012037277222 -1.0560002326965332 20.793601989746094
    vertex -1.7759994268417358 -0.9216000437736511 20.793601989746094
    vertex -4.003202438354492 -1.9814839902210224e-07 20.793601989746094
  endloop
endfacet
facet normal 0.0 0.0 0.0
  outer loop
    vertex -1.9296005964279175 -1.2096002101898193 20.793601989746094
    vertex -1.8528012037277222 -1.0560002326965332 20.793601989746094
    vertex -4.003202438354492 -1.9814839902210224e-07 20.793601989746094
  endloop
endfacet
facet normal 0.0 0.0 0.0
  outer loop
    vertex -2.0064001083374023 -1.3440003395080566 20.793601989746094
    vertex -1.9296005964279175 -1.2096002101898193 20.793601989746094
    vertex -4.003202438354492 -1.9814839902210224e-07 20.793601989746094
  endloop
endfacet
facet normal 0.0 0.0 0.0
  outer loop
    vertex -2.1023993492126465 -1.459200382232666 20.793601989746094
    vertex -2.0064001083374023 -1.3440003395080566 20.793601989746094
    vertex -4.003202438354492 -1.9814839902210224e-07 20.793601989746094
  endloop
endfacet
facet normal 0.0 0.0 0.0
  outer loop
    vertex -2.1983985900878906 -1.5936005115509033 20.793601989746094
    vertex -2.1023993492126465 -1.459200382232666 20.793601989746094
    vertex -4.003202438354492 -1.9814839902210224e-07 20.793601989746094
  endloop
endfacet
facet normal 0.0 0.0 0.0
  outer loop
    vertex -2.294402599334717 -1.7088004350662231 20.793601989746094
    vertex -2.1983985900878906 -1.5936005115509033 20.793601989746094
    vertex -4.003202438354492 -1.9814839902210224e-07 20.793601989746094
  endloop
endfacet
facet normal 0.0 0.0 0.0
  outer loop
    vertex -2.4095993041992188 -1.804800271987915 20.793601989746094
    vertex -2.294402599334717 -1.7088004350662231 20.793601989746094
    vertex -4.003202438354492 -1.9814839902210224e-07 20.793601989746094
  endloop
endfacet
facet normal 0.0 0.0 0.0
  outer loop
    vertex -2.5440006256103516 -1.9008004665374756 20.793601989746094
    vertex -2.4095993041992188 -1.804800271987915 20.793601989746094
    vertex -4.003202438354492 -1.9814839902210224e-07 20.793601989746094
  endloop
endfacet
facet normal 0.0 0.0 0.0
  outer loop
    vertex -2.6591997146606445 -1.996800422668457 20.793601989746094
    vertex -2.5440006256103516 -1.9008004665374756 20.793601989746094
    vertex -4.003202438354492 -1.9814839902210224e-07 20.793601989746094
  endloop
endfacet
facet normal 0.0 0.0 0.0
  outer loop
    vertex -2.7936010360717773 -2.0736002922058105 20.793601989746094
    vertex -2.6591997146606445 -1.996800422668457 20.793601989746094
    vertex -4.003202438354492 -1.9814839902210224e-07 20.793601989746094
  endloop
endfacet
facet normal 0.0 0.0 0.0
  outer loop
    vertex -2.947199821472168 -2.150400400161743 20.793601989746094
    vertex -2.7936010360717773 -2.0736002922058105 20.793601989746094
    vertex -4.003202438354492 -1.9814839902210224e-07 20.793601989746094
  endloop
endfacet
facet normal 0.0 0.0 0.0
  outer loop
    vertex -3.0815987586975098 -2.2272002696990967 20.793601989746094
    vertex -2.947199821472168 -2.150400400161743 20.793601989746094
    vertex -4.003202438354492 -1.9814839902210224e-07 20.793601989746094
  endloop
endfacet
facet normal 0.0 0.0 0.0
  outer loop
    vertex -3.2352001667022705 -2.2848005294799805 20.793601989746094
    vertex -3.0815987586975098 -2.2272002696990967 20.793601989746094
    vertex -4.003202438354492 -1.9814839902210224e-07 20.793601989746094
  endloop
endfacet
facet normal 0.0 0.0 0.0
  outer loop
    vertex -3.3696014881134033 -2.3232004642486572 20.793601989746094
    vertex -3.2352001667022705 -2.2848005294799805 20.793601989746094
    vertex -4.003202438354492 -1.9814839902210224e-07 20.793601989746094
  endloop
endfacet
facet normal 0.0 0.0 0.0
  outer loop
    vertex -3.523200273513794 -2.361600399017334 20.793601989746094
    vertex -3.3696014881134033 -2.3232004642486572 20.793601989746094
    vertex -4.003202438354492 -1.9814839902210224e-07 20.793601989746094
  endloop
endfacet
facet normal 0.0 0.0 0.0
  outer loop
    vertex -3.6960012912750244 -2.380800247192383 20.793601989746094
    vertex -3.523200273513794 -2.361600399017334 20.793601989746094
    vertex -4.003202438354492 -1.9814839902210224e-07 20.793601989746094
  endloop
endfacet
facet normal 0.0 0.0 0.0
  outer loop
    vertex -3.849602460861206 -2.4000003337860107 20.793601989746094
    vertex -3.6960012912750244 -2.380800247192383 20.793601989746094
    vertex -4.003202438354492 -1.9814839902210224e-07 20.793601989746094
  endloop
endfacet
facet normal 0.0 0.0 0.0
  outer loop
    vertex -4.003202438354492 -1.9814839902210224e-07 20.793601989746094
    vertex -4.156802654266357 -2.4000003337860107 20.793601989746094
    vertex -4.003202438354492 -2.4000003337860107 20.793601989746094
  endloop
endfacet
facet normal 0.0 0.0 0.0
  outer loop
    vertex -4.003202438354492 -2.4000003337860107 20.793601989746094
    vertex -3.849602460861206 -2.4000003337860107 20.793601989746094
    vertex -4.003202438354492 -1.9814839902210224e-07 20.793601989746094
  endloop
endfacet
facet normal 0.0 0.0 0.0
  outer loop
    vertex -4.003202438354492 -1.9814839902210224e-07 20.793601989746094
    vertex -4.310400009155273 -2.380800247192383 20.793601989746094
    vertex -4.156802654266357 -2.4000003337860107 20.793601989746094
  endloop
endfacet
facet normal 0.0 0.0 0.0
  outer loop
    vertex -4.003202438354492 -1.9814839902210224e-07 20.793601989746094
    vertex -4.464001178741455 -2.361600399017334 20.793601989746094
    vertex -4.310400009155273 -2.380800247192383 20.793601989746094
  endloop
endfacet
facet normal 0.0 0.0 0.0
  outer loop
    vertex -4.003202438354492 -1.9814839902210224e-07 20.793601989746094
    vertex -4.61760139465332 -2.3232004642486572 20.793601989746094
    vertex -4.464001178741455 -2.361600399017334 20.793601989746094
  endloop
endfacet
facet normal 0.0 0.0 0.0
  outer loop
    vertex -4.003202438354492 -1.9814839902210224e-07 20.793601989746094
    vertex -4.771201133728027 -2.2848005294799805 20.793601989746094
    vertex -4.61760139465332 -2.3232004642486572 20.793601989746094
  endloop
endfacet
facet normal 0.0 0.0 0.0
  outer loop
    vertex -4.003202438354492 -1.9814839902210224e-07 20.793601989746094
    vertex -4.924801349639893 -2.2272002696990967 20.793601989746094
    vertex -4.771201133728027 -2.2848005294799805 20.793601989746094
  endloop
endfacet
facet normal 0.0 0.0 0.0
  outer loop
    vertex -4.003202438354492 -1.9814839902210224e-07 20.793601989746094
    vertex -5.059201717376709 -2.150400400161743 20.793601989746094
    vertex -4.924801349639893 -2.2272002696990967 20.793601989746094
  endloop
endfacet
facet normal 0.0 0.0 0.0
  outer loop
    vertex -4.003202438354492 -1.9814839902210224e-07 20.793601989746094
    vertex -5.193601608276367 -2.0736002922058105 20.793601989746094
    vertex -5.059201717376709 -2.150400400161743 20.793601989746094
  endloop
endfacet
facet normal 0.0 0.0 0.0
  outer loop
    vertex -4.003202438354492 -1.9814839902210224e-07 20.793601989746094
    vertex -5.328001976013184 -1.996800422668457 20.793601989746094
    vertex -5.193601608276367 -2.0736002922058105 20.793601989746094
  endloop
endfacet
facet normal 0.0 0.0 0.0
  outer loop
    vertex -4.003202438354492 -1.9814839902210224e-07 20.793601989746094
    vertex -5.462401866912842 -1.9008004665374756 20.793601989746094
    vertex -5.328001976013184 -1.996800422668457 20.793601989746094
  endloop
endfacet
facet normal 0.0 0.0 0.0
  outer loop
    vertex -4.003202438354492 -1.9814839902210224e-07 20.793601989746094
    vertex -5.577600955963135 -1.804800271987915 20.793601989746094
    vertex -5.462401866912842 -1.9008004665374756 20.793601989746094
  endloop
endfacet
facet normal 0.0 0.0 0.0
  outer loop
    vertex -4.003202438354492 -1.9814839902210224e-07 20.793601989746094
    vertex -5.692801475524902 -1.7088004350662231 20.793601989746094
    vertex -5.577600955963135 -1.804800271987915 20.793601989746094
  endloop
endfacet
facet normal 0.0 0.0 0.0
  outer loop
    vertex -4.003202438354492 -1.9814839902210224e-07 20.793601989746094
    vertex -5.808001518249512 -1.5936005115509033 20.793601989746094
    vertex -5.692801475524902 -1.7088004350662231 20.793601989746094
  endloop
endfacet
facet normal 0.0 0.0 0.0
  outer loop
    vertex -4.003202438354492 -1.9814839902210224e-07 20.793601989746094
    vertex -5.9040021896362305 -1.459200382232666 20.793601989746094
    vertex -5.808001518249512 -1.5936005115509033 20.793601989746094
  endloop
endfacet
facet normal 0.0 0.0 0.0
  outer loop
    vertex -4.003202438354492 -1.9814839902210224e-07 20.793601989746094
    vertex -6.000001430511475 -1.3440003395080566 20.793601989746094
    vertex -5.9040021896362305 -1.459200382232666 20.793601989746094
  endloop
endfacet
facet normal 0.0 0.0 0.0
  outer loop
    vertex -4.003202438354492 -1.9814839902210224e-07 20.793601989746094
    vertex -6.076801776885986 -1.2096002101898193 20.793601989746094
    vertex -6.000001430511475 -1.3440003395080566 20.793601989746094
  endloop
endfacet
facet normal 0.0 0.0 0.0
  outer loop
    vertex -4.003202438354492 -1.9814839902210224e-07 20.793601989746094
    vertex -6.153602600097656 -1.0560002326965332 20.793601989746094
    vertex -6.076801776885986 -1.2096002101898193 20.793601989746094
  endloop
endfacet
facet normal 0.0 0.0 0.0
  outer loop
    vertex -4.003202438354492 -1.9814839902210224e-07 20.793601989746094
    vertex -6.211202144622803 -0.9216000437736511 20.793601989746094
    vertex -6.153602600097656 -1.0560002326965332 20.793601989746094
  endloop
endfacet
facet normal 0.0 0.0 0.0
  outer loop
    vertex -4.003202438354492 -1.9814839902210224e-07 20.793601989746094
    vertex -6.268801689147949 -0.768000066280365 20.793601989746094
    vertex -6.211202144622803 -0.9216000437736511 20.793601989746094
  endloop
endfacet
facet normal 0.0 0.0 0.0
  outer loop
    vertex -4.003202438354492 -1.9814839902210224e-07 20.793601989746094
    vertex -6.32640266418457 -0.6336002349853516 20.793601989746094
    vertex -6.268801689147949 -0.768000066280365 20.793601989746094
  endloop
endfacet
facet normal 0.0 0.0 0.0
  outer loop
    vertex -4.003202438354492 -1.9814839902210224e-07 20.793601989746094
    vertex -6.345602512359619 -0.47999998927116394 20.793601989746094
    vertex -6.32640266418457 -0.6336002349853516 20.793601989746094
  endloop
endfacet
facet normal 0.0 0.0 0.0
  outer loop
    vertex -4.003202438354492 -1.9814839902210224e-07 20.793601989746094
    vertex -6.384002208709717 -0.30720046162605286 20.793601989746094
    vertex -6.345602512359619 -0.47999998927116394 20.793601989746094
  endloop
endfacet
facet normal 0.0 0.0 0.0
  outer loop
    vertex -4.003202438354492 -1.9814839902210224e-07 20.793601989746094
    vertex -6.403202056884766 -0.15360017120838165 20.793601989746094
    vertex -6.384002208709717 -0.30720046162605286 20.793601989746094
  endloop
endfacet
facet normal 0.0 0.0 0.0
  outer loop
    vertex -4.003202438354492 -1.9814839902210224e-07 20.793601989746094
    vertex -6.403202056884766 -1.9814839902210224e-07 20.793601989746094
    vertex -6.403202056884766 -0.15360017120838165 20.793601989746094
  endloop
endfacet
facet normal 0.0 0.0 0.0
  outer loop
    vertex -9.609602928161621 -1.9814839902210224e-07 20.793601989746094
    vertex -12.009603500366211 -1.9814839902210224e-07 20.793601989746094
    vertex -9.609602928161621 -0.15360017120838165 20.793601989746094
  endloop
endfacet
facet normal 0.0 0.0 0.0
  outer loop
    vertex -6.384002208709717 0.30719974637031555 20.793601989746094
    vertex -6.403202056884766 0.1535997837781906 20.793601989746094
    vertex -4.003202438354492 -1.9814839902210224e-07 20.793601989746094
  endloop
endfacet
facet normal 0.0 0.0 0.0
  outer loop
    vertex -6.345602512359619 0.4607997238636017 20.793601989746094
    vertex -6.384002208709717 0.30719974637031555 20.793601989746094
    vertex -4.003202438354492 -1.9814839902210224e-07 20.793601989746094
  endloop
endfacet
facet normal 0.0 0.0 0.0
  outer loop
    vertex -6.32640266418457 0.6143997311592102 20.793601989746094
    vertex -6.345602512359619 0.4607997238636017 20.793601989746094
    vertex -4.003202438354492 -1.9814839902210224e-07 20.793601989746094
  endloop
endfacet
facet normal 0.0 0.0 0.0
  outer loop
    vertex -6.268801689147949 0.7680000066757202 20.793601989746094
    vertex -6.32640266418457 0.6143997311592102 20.793601989746094
    vertex -4.003202438354492 -1.9814839902210224e-07 20.793601989746094
  endloop
endfacet
facet normal 0.0 0.0 0.0
  outer loop
    vertex -6.211202144622803 0.9215999841690063 20.793601989746094
    vertex -6.268801689147949 0.7680000066757202 20.793601989746094
    vertex -4.003202438354492 -1.9814839902210224e-07 20.793601989746094
  endloop
endfacet
facet normal 0.0 0.0 0.0
  outer loop
    vertex -6.153602600097656 1.055999994277954 20.793601989746094
    vertex -6.211202144622803 0.9215999841690063 20.793601989746094
    vertex -4.003202438354492 -1.9814839902210224e-07 20.793601989746094
  endloop
endfacet
facet normal 0.0 0.0 0.0
  outer loop
    vertex -6.076801776885986 1.1903996467590332 20.793601989746094
    vertex -6.153602600097656 1.055999994277954 20.793601989746094
    vertex -4.003202438354492 -1.9814839902210224e-07 20.793601989746094
  endloop
endfacet
facet normal 0.0 0.0 0.0
  outer loop
    vertex -6.000001430511475 1.3247997760772705 20.793601989746094
    vertex -6.076801776885986 1.1903996467590332 20.793601989746094
    vertex -4.003202438354492 -1.9814839902210224e-07 20.793601989746094
  endloop
endfacet
facet normal 0.0 0.0 0.0
  outer loop
    vertex -5.9040021896362305 1.4591999053955078 20.793601989746094
    vertex -6.000001430511475 1.3247997760772705 20.793601989746094
    vertex -4.003202438354492 -1.9814839902210224e-07 20.793601989746094
  endloop
endfacet
facet normal 0.0 0.0 0.0
  outer loop
    vertex -5.808001518249512 1.5744001865386963 20.793601989746094
    vertex -5.9040021896362305 1.4591999053955078 20.793601989746094
    vertex -4.003202438354492 -1.9814839902210224e-07 20.793601989746094
  endloop
endfacet
facet normal 0.0 0.0 0.0
  outer loop
    vertex -5.692801475524902 1.6895997524261475 20.793601989746094
    vertex -5.808001518249512 1.5744001865386963 20.793601989746094
    vertex -4.003202438354492 -1.9814839902210224e-07 20.793601989746094
  endloop
endfacet
facet normal 0.0 0.0 0.0
  outer loop
    vertex -5.577600955963135 1.804800033569336 20.793601989746094
    vertex -5.692801475524902 1.6895997524261475 20.793601989746094
    vertex -4.003202438354492 -1.9814839902210224e-07 20.793601989746094
  endloop
endfacet
facet normal 0.0 0.0 0.0
  outer loop
    vertex -5.462401866912842 1.9007999897003174 20.793601989746094
    vertex -5.577600955963135 1.804800033569336 20.793601989746094
    vertex -4.003202438354492 -1.9814839902210224e-07 20.793601989746094
  endloop
endfacet
facet normal 0.0 0.0 0.0
  outer loop
    vertex -5.328001976013184 1.9967997074127197 20.793601989746094
    vertex -5.462401866912842 1.9007999897003174 20.793601989746094
    vertex -4.003202438354492 -1.9814839902210224e-07 20.793601989746094
  endloop
endfacet
facet normal 0.0 0.0 0.0
  outer loop
    vertex -5.193601608276367 2.0735998153686523 20.793601989746094
    vertex -5.328001976013184 1.9967997074127197 20.793601989746094
    vertex -4.003202438354492 -1.9814839902210224e-07 20.793601989746094
  endloop
endfacet
facet normal 0.0 0.0 0.0
  outer loop
    vertex -5.059201717376709 2.150400400161743 20.793601989746094
    vertex -5.193601608276367 2.0735998153686523 20.793601989746094
    vertex -4.003202438354492 -1.9814839902210224e-07 20.793601989746094
  endloop
endfacet
facet normal 0.0 0.0 0.0
  outer loop
    vertex -4.924801349639893 2.2079999446868896 20.793601989746094
    vertex -5.059201717376709 2.150400400161743 20.793601989746094
    vertex -4.003202438354492 -1.9814839902210224e-07 20.793601989746094
  endloop
endfacet
facet normal 0.0 0.0 0.0
  outer loop
    vertex -4.771201133728027 2.2655999660491943 20.793601989746094
    vertex -4.924801349639893 2.2079999446868896 20.793601989746094
    vertex -4.003202438354492 -1.9814839902210224e-07 20.793601989746094
  endloop
endfacet
facet normal 0.0 0.0 0.0
  outer loop
    vertex -4.61760139465332 2.323200225830078 20.793601989746094
    vertex -4.771201133728027 2.2655999660491943 20.793601989746094
    vertex -4.003202438354492 -1.9814839902210224e-07 20.793601989746094
  endloop
endfacet
facet normal 0.0 0.0 0.0
  outer loop
    vertex -4.464001178741455 2.342400074005127 20.793601989746094
    vertex -4.61760139465332 2.323200225830078 20.793601989746094
    vertex -4.003202438354492 -1.9814839902210224e-07 20.793601989746094
  endloop
endfacet
facet normal 0.0 0.0 0.0
  outer loop
    vertex -4.310400009155273 2.380800247192383 20.793601989746094
    vertex -4.464001178741455 2.342400074005127 20.793601989746094
    vertex -4.003202438354492 -1.9814839902210224e-07 20.793601989746094
  endloop
endfacet
facet normal 0.0 0.0 0.0
  outer loop
    vertex -4.156802654266357 2.3999996185302734 20.793601989746094
    vertex -4.310400009155273 2.380800247192383 20.793601989746094
    vertex -4.003202438354492 -1.9814839902210224e-07 20.793601989746094
  endloop
endfacet
facet normal 0.0 0.0 0.0
  outer loop
    vertex -4.003202438354492 2.3999996185302734 20.793601989746094
    vertex -4.156802654266357 2.3999996185302734 20.793601989746094
    vertex -4.003202438354492 -1.9814839902210224e-07 20.793601989746094
  endloop
endfacet
facet normal 0.0 0.0 0.0
  outer loop
    vertex -4.003202438354492 -1.9814839902210224e-07 20.793601989746094
    vertex -3.849602460861206 2.3999996185302734 20.793601989746094
    vertex -4.003202438354492 2.3999996185302734 20.793601989746094
  endloop
endfacet
facet normal 0.0 0.0 0.0
  outer loop
    vertex -4.003202438354492 -1.9814839902210224e-07 20.793601989746094
    vertex -3.6960012912750244 2.380800247192383 20.793601989746094
    vertex -3.849602460861206 2.3999996185302734 20.793601989746094
  endloop
endfacet
facet normal 0.0 0.0 0.0
  outer loop
    vertex -4.003202438354492 -1.9814839902210224e-07 20.793601989746094
    vertex -3.523200273513794 2.342400074005127 20.793601989746094
    vertex -3.6960012912750244 2.380800247192383 20.793601989746094
  endloop
endfacet
facet normal 0.0 0.0 0.0
  outer loop
    vertex -4.003202438354492 -1.9814839902210224e-07 20.793601989746094
    vertex -3.3696014881134033 2.323200225830078 20.793601989746094
    vertex -3.523200273513794 2.342400074005127 20.793601989746094
  endloop
endfacet
facet normal 0.0 0.0 0.0
  outer loop
    vertex -4.003202438354492 -1.9814839902210224e-07 20.793601989746094
    vertex -3.2352001667022705 2.2655999660491943 20.793601989746094
    vertex -3.3696014881134033 2.323200225830078 20.793601989746094
  endloop
endfacet
facet normal 0.0 0.0 0.0
  outer loop
    vertex -4.003202438354492 -1.9814839902210224e-07 20.793601989746094
    vertex -3.0815987586975098 2.2079999446868896 20.793601989746094
    vertex -3.2352001667022705 2.2655999660491943 20.793601989746094
  endloop
endfacet
facet normal 0.0 0.0 0.0
  outer loop
    vertex -4.003202438354492 -1.9814839902210224e-07 20.793601989746094
    vertex -2.947199821472168 2.150400400161743 20.793601989746094
    vertex -3.0815987586975098 2.2079999446868896 20.793601989746094
  endloop
endfacet
facet normal 0.0 0.0 0.0
  outer loop
    vertex -4.003202438354492 -1.9814839902210224e-07 20.793601989746094
    vertex -2.7936010360717773 2.0735998153686523 20.793601989746094
    vertex -2.947199821472168 2.150400400161743 20.793601989746094
  endloop
endfacet
facet normal 0.0 0.0 0.0
  outer loop
    vertex -4.003202438354492 -1.9814839902210224e-07 20.793601989746094
    vertex -2.6591997146606445 1.9967997074127197 20.793601989746094
    vertex -2.7936010360717773 2.0735998153686523 20.793601989746094
  endloop
endfacet
facet normal 0.0 0.0 0.0
  outer loop
    vertex -4.003202438354492 -1.9814839902210224e-07 20.793601989746094
    vertex -2.5440006256103516 1.9007999897003174 20.793601989746094
    vertex -2.6591997146606445 1.9967997074127197 20.793601989746094
  endloop
endfacet
facet normal 0.0 0.0 0.0
  outer loop
    vertex -4.003202438354492 -1.9814839902210224e-07 20.793601989746094
    vertex -2.4095993041992188 1.804800033569336 20.793601989746094
    vertex -2.5440006256103516 1.9007999897003174 20.793601989746094
  endloop
endfacet
facet normal 0.0 0.0 0.0
  outer loop
    vertex -4.003202438354492 -1.9814839902210224e-07 20.793601989746094
    vertex -2.294402599334717 1.6895997524261475 20.793601989746094
    vertex -2.4095993041992188 1.804800033569336 20.793601989746094
  endloop
endfacet
facet normal 0.0 0.0 0.0
  outer loop
    vertex -4.003202438354492 -1.9814839902210224e-07 20.793601989746094
    vertex -2.1983985900878906 1.5744001865386963 20.793601989746094
    vertex -2.294402599334717 1.6895997524261475 20.793601989746094
  endloop
endfacet
facet normal 0.0 0.0 0.0
  outer loop
    vertex -4.003202438354492 -1.9814839902210224e-07 20.793601989746094
    vertex -2.1023993492126465 1.4591999053955078 20.793601989746094
    vertex -2.1983985900878906 1.5744001865386963 20.793601989746094
  endloop
endfacet
facet normal 0.0 0.0 0.0
  outer loop
    vertex -4.003202438354492 -1.9814839902210224e-07 20.793601989746094
    vertex -2.0064001083374023 1.3247997760772705 20.793601989746094
    vertex -2.1023993492126465 1.4591999053955078 20.793601989746094
  endloop
endfacet
facet normal 0.0 0.0 0.0
  outer loop
    vertex -4.003202438354492 -1.9814839902210224e-07 20.793601989746094
    vertex -1.9296005964279175 1.1903996467590332 20.793601989746094
    vertex -2.0064001083374023 1.3247997760772705 20.793601989746094
  endloop
endfacet
facet normal 0.0 0.0 0.0
  outer loop
    vertex -4.003202438354492 -1.9814839902210224e-07 20.793601989746094
    vertex -1.8528012037277222 1.055999994277954 20.793601989746094
    vertex -1.9296005964279175 1.1903996467590332 20.793601989746094
  endloop
endfacet
facet normal 0.0 0.0 0.0
  outer loop
    vertex -4.003202438354492 -1.9814839902210224e-07 20.793601989746094
    vertex -1.7759994268417358 0.9215999841690063 20.793601989746094
    vertex -1.8528012037277222 1.055999994277954 20.793601989746094
  endloop
endfacet
facet normal 0.0 0.0 0.0
  outer loop
    vertex -4.003202438354492 -1.9814839902210224e-07 20.793601989746094
    vertex -1.7183998823165894 0.7680000066757202 20.793601989746094
    vertex -1.7759994268417358 0.9215999841690063 20.793601989746094
  endloop
endfacet
facet normal 0.0 0.0 0.0
  outer loop
    vertex -4.003202438354492 -1.9814839902210224e-07 20.793601989746094
    vertex -1.6800001859664917 0.6143997311592102 20.793601989746094
    vertex -1.7183998823165894 0.7680000066757202 20.793601989746094
  endloop
endfacet
facet normal 0.0 0.0 0.0
  outer loop
    vertex -4.003202438354492 -1.9814839902210224e-07 20.793601989746094
    vertex -1.641600489616394 0.4607997238636017 20.793601989746094
    vertex -1.6800001859664917 0.6143997311592102 20.793601989746094
  endloop
endfacet
facet normal 0.0 0.0 0.0
  outer loop
    vertex -4.003202438354492 -1.9814839902210224e-07 20.793601989746094
    vertex -1.6032007932662964 -1.9814839902210224e-07 20.793601989746094
    vertex -1.6032007932662964 0.1535997837781906 20.793601989746094
  endloop
endfacet
facet normal 0.0 0.0 0.0
  outer loop
    vertex -4.003202438354492 -1.9814839902210224e-07 20.793601989746094
    vertex -1.6224006414413452 0.30719974637031555 20.793601989746094
    vertex -1.641600489616394 0.4607997238636017 20.793601989746094
  endloop
endfacet
facet normal 0.0 0.0 0.0
  outer loop
    vertex -4.003202438354492 -1.9814839902210224e-07 20.793601989746094
    vertex -1.6032007932662964 0.1535997837781906 20.793601989746094
    vertex -1.6224006414413452 0.30719974637031555 20.793601989746094
  endloop
endfacet
facet normal 0.0 0.0 0.0
  outer loop
    vertex -9.628803253173828 -0.30720046162605286 20.793601989746094
    vertex -9.609602928161621 -0.15360017120838165 20.793601989746094
    vertex -12.009603500366211 -1.9814839902210224e-07 20.793601989746094
  endloop
endfacet
facet normal 0.0 0.0 0.0
  outer loop
    vertex -22.396806716918945 -1.9814839902210224e-07 20.793601989746094
    vertex -19.996807098388672 -1.9814839902210224e-07 20.793601989746094
    vertex -22.396806716918945 0.1535997837781906 20.793601989746094
  endloop
endfacet
facet normal 0.0 0.0 0.0
  outer loop
    vertex -9.648002624511719 -0.47999998927116394 20.793601989746094
    vertex -9.628803253173828 -0.30720046162605286 20.793601989746094
    vertex -12.009603500366211 -1.9814839902210224e-07 20.793601989746094
  endloop
endfacet
facet normal 0.0 0.0 0.0
  outer loop
    vertex -9.686402320861816 -0.6336002349853516 20.793601989746094
    vertex -9.648002624511719 -0.47999998927116394 20.793601989746094
    vertex -12.009603500366211 -1.9814839902210224e-07 20.793601989746094
  endloop
endfacet
facet normal 0.0 0.0 0.0
  outer loop
    vertex -9.724802017211914 -0.768000066280365 20.793601989746094
    vertex -9.686402320861816 -0.6336002349853516 20.793601989746094
    vertex -12.009603500366211 -1.9814839902210224e-07 20.793601989746094
  endloop
endfacet
facet normal 0.0 0.0 0.0
  outer loop
    vertex -9.782402992248535 -0.9216000437736511 20.793601989746094
    vertex -9.724802017211914 -0.768000066280365 20.793601989746094
    vertex -12.009603500366211 -1.9814839902210224e-07 20.793601989746094
  endloop
endfacet
facet normal 0.0 0.0 0.0
  outer loop
    vertex -9.84000301361084 -1.0560002326965332 20.793601989746094
    vertex -9.782402992248535 -0.9216000437736511 20.793601989746094
    vertex -12.009603500366211 -1.9814839902210224e-07 20.793601989746094
  endloop
endfacet
facet normal 0.0 0.0 0.0
  outer loop
    vertex -9.916803359985352 -1.2096002101898193 20.793601989746094
    vertex -9.84000301361084 -1.0560002326965332 20.793601989746094
    vertex -12.009603500366211 -1.9814839902210224e-07 20.793601989746094
  endloop
endfacet
facet normal 0.0 0.0 0.0
  outer loop
    vertex -10.012803077697754 -1.3440003395080566 20.793601989746094
    vertex -9.916803359985352 -1.2096002101898193 20.793601989746094
    vertex -12.009603500366211 -1.9814839902210224e-07 20.793601989746094
  endloop
endfacet
facet normal 0.0 0.0 0.0
  outer loop
    vertex -10.089603424072266 -1.459200382232666 20.793601989746094
    vertex -10.012803077697754 -1.3440003395080566 20.793601989746094
    vertex -12.009603500366211 -1.9814839902210224e-07 20.793601989746094
  endloop
endfacet
facet normal 0.0 0.0 0.0
  outer loop
    vertex -10.204802513122559 -1.5936005115509033 20.793601989746094
    vertex -10.089603424072266 -1.459200382232666 20.793601989746094
    vertex -12.009603500366211 -1.9814839902210224e-07 20.793601989746094
  endloop
endfacet
facet normal 0.0 0.0 0.0
  outer loop
    vertex -10.300803184509277 -1.7088004350662231 20.793601989746094
    vertex -10.204802513122559 -1.5936005115509033 20.793601989746094
    vertex -12.009603500366211 -1.9814839902210224e-07 20.793601989746094
  endloop
endfacet
facet normal 0.0 0.0 0.0
  outer loop
    vertex -10.416003227233887 -1.804800271987915 20.793601989746094
    vertex -10.300803184509277 -1.7088004350662231 20.793601989746094
    vertex -12.009603500366211 -1.9814839902210224e-07 20.793601989746094
  endloop
endfacet
facet normal 0.0 0.0 0.0
  outer loop
    vertex -10.531203269958496 -1.9008004665374756 20.793601989746094
    vertex -10.416003227233887 -1.804800271987915 20.793601989746094
    vertex -12.009603500366211 -1.9814839902210224e-07 20.793601989746094
  endloop
endfacet
facet normal 0.0 0.0 0.0
  outer loop
    vertex -10.665603637695312 -1.996800422668457 20.793601989746094
    vertex -10.531203269958496 -1.9008004665374756 20.793601989746094
    vertex -12.009603500366211 -1.9814839902210224e-07 20.793601989746094
  endloop
endfacet
facet normal 0.0 0.0 0.0
  outer loop
    vertex -10.800002098083496 -2.0736002922058105 20.793601989746094
    vertex -10.665603637695312 -1.996800422668457 20.793601989746094
    vertex -12.009603500366211 -1.9814839902210224e-07 20.793601989746094
  endloop
endfacet
facet normal 0.0 0.0 0.0
  outer loop
    vertex -10.934403419494629 -2.150400400161743 20.793601989746094
    vertex -10.800002098083496 -2.0736002922058105 20.793601989746094
    vertex -12.009603500366211 -1.9814839902210224e-07 20.793601989746094
  endloop
endfacet
facet normal 0.0 0.0 0.0
  outer loop
    vertex -11.08800220489502 -2.2272002696990967 20.793601989746094
    vertex -10.934403419494629 -2.150400400161743 20.793601989746094
    vertex -12.009603500366211 -1.9814839902210224e-07 20.793601989746094
  endloop
endfacet
facet normal 0.0 0.0 0.0
  outer loop
    vertex -11.222403526306152 -2.2848005294799805 20.793601989746094
    vertex -11.08800220489502 -2.2272002696990967 20.793601989746094
    vertex -12.009603500366211 -1.9814839902210224e-07 20.793601989746094
  endloop
endfacet
facet normal 0.0 0.0 0.0
  outer loop
    vertex -11.376004219055176 -2.3232004642486572 20.793601989746094
    vertex -11.222403526306152 -2.2848005294799805 20.793601989746094
    vertex -12.009603500366211 -1.9814839902210224e-07 20.793601989746094
  endloop
endfacet
facet normal 0.0 0.0 0.0
  outer loop
    vertex -11.529603004455566 -2.361600399017334 20.793601989746094
    vertex -11.376004219055176 -2.3232004642486572 20.793601989746094
    vertex -12.009603500366211 -1.9814839902210224e-07 20.793601989746094
  endloop
endfacet
facet normal 0.0 0.0 0.0
  outer loop
    vertex -11.683202743530273 -2.380800247192383 20.793601989746094
    vertex -11.529603004455566 -2.361600399017334 20.793601989746094
    vertex -12.009603500366211 -1.9814839902210224e-07 20.793601989746094
  endloop
endfacet
facet normal 0.0 0.0 0.0
  outer loop
    vertex -11.836804389953613 -2.4000003337860107 20.793601989746094
    vertex -11.683202743530273 -2.380800247192383 20.793601989746094
    vertex -12.009603500366211 -1.9814839902210224e-07 20.793601989746094
  endloop
endfacet
facet normal 0.0 0.0 0.0
  outer loop
    vertex -12.009603500366211 -1.9814839902210224e-07 20.793601989746094
    vertex -12.163202285766602 -2.4000003337860107 20.793601989746094
    vertex -12.009603500366211 -2.4000003337860107 20.793601989746094
  endloop
endfacet
facet normal 0.0 0.0 0.0
  outer loop
    vertex -12.009603500366211 -2.4000003337860107 20.793601989746094
    vertex -11.836804389953613 -2.4000003337860107 20.793601989746094
    vertex -12.009603500366211 -1.9814839902210224e-07 20.793601989746094
  endloop
endfacet
facet normal 0.0 0.0 0.0
  outer loop
    vertex -12.009603500366211 -1.9814839902210224e-07 20.793601989746094
    vertex -12.316803932189941 -2.380800247192383 20.793601989746094
    vertex -12.163202285766602 -2.4000003337860107 20.793601989746094
  endloop
endfacet
facet normal 0.0 0.0 0.0
  outer loop
    vertex -12.009603500366211 -1.9814839902210224e-07 20.793601989746094
    vertex -12.470403671264648 -2.361600399017334 20.793601989746094
    vertex -12.316803932189941 -2.380800247192383 20.793601989746094
  endloop
endfacet
facet normal 0.0 0.0 0.0
  outer loop
    vertex -12.009603500366211 -1.9814839902210224e-07 20.793601989746094
    vertex -12.624004364013672 -2.3232004642486572 20.793601989746094
    vertex -12.470403671264648 -2.361600399017334 20.793601989746094
  endloop
endfacet
facet normal 0.0 0.0 0.0
  outer loop
    vertex -12.009603500366211 -1.9814839902210224e-07 20.793601989746094
    vertex -12.777603149414062 -2.2848005294799805 20.793601989746094
    vertex -12.624004364013672 -2.3232004642486572 20.793601989746094
  endloop
endfacet
facet normal 0.0 0.0 0.0
  outer loop
    vertex -12.009603500366211 -1.9814839902210224e-07 20.793601989746094
    vertex -12.912004470825195 -2.2272002696990967 20.793601989746094
    vertex -12.777603149414062 -2.2848005294799805 20.793601989746094
  endloop
endfacet
facet normal 0.0 0.0 0.0
  outer loop
    vertex -12.009603500366211 -1.9814839902210224e-07 20.793601989746094
    vertex -13.065604209899902 -2.150400400161743 20.793601989746094
    vertex -12.912004470825195 -2.2272002696990967 20.793601989746094
  endloop
endfacet
facet normal 0.0 0.0 0.0
  outer loop
    vertex -12.009603500366211 -1.9814839902210224e-07 20.793601989746094
    vertex -13.200002670288086 -2.0736002922058105 20.793601989746094
    vertex -13.065604209899902 -2.150400400161743 20.793601989746094
  endloop
endfacet
facet normal 0.0 0.0 0.0
  outer loop
    vertex -12.009603500366211 -1.9814839902210224e-07 20.793601989746094
    vertex -13.334403991699219 -1.996800422668457 20.793601989746094
    vertex -13.200002670288086 -2.0736002922058105 20.793601989746094
  endloop
endfacet
facet normal 0.0 0.0 0.0
  outer loop
    vertex -12.009603500366211 -1.9814839902210224e-07 20.793601989746094
    vertex -13.468803405761719 -1.9008004665374756 20.793601989746094
    vertex -13.334403991699219 -1.996800422668457 20.793601989746094
  endloop
endfacet
facet normal 0.0 0.0 0.0
  outer loop
    vertex -12.009603500366211 -1.9814839902210224e-07 20.793601989746094
    vertex -13.584003448486328 -1.804800271987915 20.793601989746094
    vertex -13.468803405761719 -1.9008004665374756 20.793601989746094
  endloop
endfacet
facet normal 0.0 0.0 0.0
  outer loop
    vertex -12.009603500366211 -1.9814839902210224e-07 20.793601989746094
    vertex -13.699203491210938 -1.7088004350662231 20.793601989746094
    vertex -13.584003448486328 -1.804800271987915 20.793601989746094
  endloop
endfacet
facet normal 0.0 0.0 0.0
  outer loop
    vertex -12.009603500366211 -1.9814839902210224e-07 20.793601989746094
    vertex -13.795204162597656 -1.5936005115509033 20.793601989746094
    vertex -13.699203491210938 -1.7088004350662231 20.793601989746094
  endloop
endfacet
facet normal 0.0 0.0 0.0
  outer loop
    vertex -12.009603500366211 -1.9814839902210224e-07 20.793601989746094
    vertex -13.91040325164795 -1.459200382232666 20.793601989746094
    vertex -13.795204162597656 -1.5936005115509033 20.793601989746094
  endloop
endfacet
facet normal 0.0 0.0 0.0
  outer loop
    vertex -12.009603500366211 -1.9814839902210224e-07 20.793601989746094
    vertex -13.987204551696777 -1.3440003395080566 20.793601989746094
    vertex -13.91040325164795 -1.459200382232666 20.793601989746094
  endloop
endfacet
facet normal 0.0 0.0 0.0
  outer loop
    vertex -12.009603500366211 -1.9814839902210224e-07 20.793601989746094
    vertex -14.08320426940918 -1.2096002101898193 20.793601989746094
    vertex -13.987204551696777 -1.3440003395080566 20.793601989746094
  endloop
endfacet
facet normal 0.0 0.0 0.0
  outer loop
    vertex -12.009603500366211 -1.9814839902210224e-07 20.793601989746094
    vertex -14.160003662109375 -1.0560002326965332 20.793601989746094
    vertex -14.08320426940918 -1.2096002101898193 20.793601989746094
  endloop
endfacet
facet normal 0.0 0.0 0.0
  outer loop
    vertex -12.009603500366211 -1.9814839902210224e-07 20.793601989746094
    vertex -14.217604637145996 -0.9216000437736511 20.793601989746094
    vertex -14.160003662109375 -1.0560002326965332 20.793601989746094
  endloop
endfacet
facet normal 0.0 0.0 0.0
  outer loop
    vertex -12.009603500366211 -1.9814839902210224e-07 20.793601989746094
    vertex -14.275202751159668 -0.768000066280365 20.793601989746094
    vertex -14.217604637145996 -0.9216000437736511 20.793601989746094
  endloop
endfacet
facet normal 0.0 0.0 0.0
  outer loop
    vertex -12.009603500366211 -1.9814839902210224e-07 20.793601989746094
    vertex -14.313605308532715 -0.6336002349853516 20.793601989746094
    vertex -14.275202751159668 -0.768000066280365 20.793601989746094
  endloop
endfacet
facet normal 0.0 0.0 0.0
  outer loop
    vertex -12.009603500366211 -1.9814839902210224e-07 20.793601989746094
    vertex -14.352004051208496 -0.47999998927116394 20.793601989746094
    vertex -14.313605308532715 -0.6336002349853516 20.793601989746094
  endloop
endfacet
facet normal 0.0 0.0 0.0
  outer loop
    vertex -12.009603500366211 -1.9814839902210224e-07 20.793601989746094
    vertex -14.371203422546387 -0.30720046162605286 20.793601989746094
    vertex -14.352004051208496 -0.47999998927116394 20.793601989746094
  endloop
endfacet
facet normal 0.0 0.0 0.0
  outer loop
    vertex -12.009603500366211 -1.9814839902210224e-07 20.793601989746094
    vertex -14.39040470123291 -0.15360017120838165 20.793601989746094
    vertex -14.371203422546387 -0.30720046162605286 20.793601989746094
  endloop
endfacet
facet normal 0.0 0.0 0.0
  outer loop
    vertex -12.009603500366211 -1.9814839902210224e-07 20.793601989746094
    vertex -14.4096040725708 -1.9814839902210224e-07 20.793601989746094
    vertex -14.39040470123291 -0.15360017120838165 20.793601989746094
  endloop
endfacet
facet normal 0.0 0.0 0.0
  outer loop
    vertex -17.596805572509766 -1.9814839902210224e-07 20.793601989746094
    vertex -19.996807098388672 -1.9814839902210224e-07 20.793601989746094
    vertex -17.596805572509766 -0.15360017120838165 20.793601989746094
  endloop
endfacet
facet normal 0.0 0.0 0.0
  outer loop
    vertex -14.371203422546387 0.30719974637031555 20.793601989746094
    vertex -14.39040470123291 0.1535997837781906 20.793601989746094
    vertex -12.009603500366211 -1.9814839902210224e-07 20.793601989746094
  endloop
endfacet
facet normal 0.0 0.0 0.0
  outer loop
    vertex -14.352004051208496 0.4607997238636017 20.793601989746094
    vertex -14.371203422546387 0.30719974637031555 20.793601989746094
    vertex -12.009603500366211 -1.9814839902210224e-07 20.793601989746094
  endloop
endfacet
facet normal 0.0 0.0 0.0
  outer loop
    vertex -14.313605308532715 0.6143997311592102 20.793601989746094
    vertex -14.352004051208496 0.4607997238636017 20.793601989746094
    vertex -12.009603500366211 -1.9814839902210224e-07 20.793601989746094
  endloop
endfacet
facet normal 0.0 0.0 0.0
  outer loop
    vertex -14.275202751159668 0.7680000066757202 20.793601989746094
    vertex -14.313605308532715 0.6143997311592102 20.793601989746094
    vertex -12.009603500366211 -1.9814839902210224e-07 20.793601989746094
  endloop
endfacet
facet normal 0.0 0.0 0.0
  outer loop
    vertex -14.217604637145996 0.9215999841690063 20.793601989746094
    vertex -14.275202751159668 0.7680000066757202 20.793601989746094
    vertex -12.009603500366211 -1.9814839902210224e-07 20.793601989746094
  endloop
endfacet
facet normal 0.0 0.0 0.0
  outer loop
    vertex -14.160003662109375 1.055999994277954 20.793601989746094
    vertex -14.217604637145996 0.9215999841690063 20.793601989746094
    vertex -12.009603500366211 -1.9814839902210224e-07 20.793601989746094
  endloop
endfacet
facet normal 0.0 0.0 0.0
  outer loop
    vertex -14.08320426940918 1.1903996467590332 20.793601989746094
    vertex -14.160003662109375 1.055999994277954 20.793601989746094
    vertex -12.009603500366211 -1.9814839902210224e-07 20.793601989746094
  endloop
endfacet
facet normal 0.0 0.0 0.0
  outer loop
    vertex -13.987204551696777 1.3247997760772705 20.793601989746094
    vertex -14.08320426940918 1.1903996467590332 20.793601989746094
    vertex -12.009603500366211 -1.9814839902210224e-07 20.793601989746094
  endloop
endfacet
facet normal 0.0 0.0 0.0
  outer loop
    vertex -13.91040325164795 1.4591999053955078 20.793601989746094
    vertex -13.987204551696777 1.3247997760772705 20.793601989746094
    vertex -12.009603500366211 -1.9814839902210224e-07 20.793601989746094
  endloop
endfacet
facet normal 0.0 0.0 0.0
  outer loop
    vertex -13.795204162597656 1.5744001865386963 20.793601989746094
    vertex -13.91040325164795 1.4591999053955078 20.793601989746094
    vertex -12.009603500366211 -1.9814839902210224e-07 20.793601989746094
  endloop
endfacet
facet normal 0.0 0.0 0.0
  outer loop
    vertex -13.699203491210938 1.6895997524261475 20.793601989746094
    vertex -13.795204162597656 1.5744001865386963 20.793601989746094
    vertex -12.009603500366211 -1.9814839902210224e-07 20.793601989746094
  endloop
endfacet
facet normal 0.0 0.0 0.0
  outer loop
    vertex -13.584003448486328 1.804800033569336 20.793601989746094
    vertex -13.699203491210938 1.6895997524261475 20.793601989746094
    vertex -12.009603500366211 -1.9814839902210224e-07 20.793601989746094
  endloop
endfacet
facet normal 0.0 0.0 0.0
  outer loop
    vertex -13.468803405761719 1.9007999897003174 20.793601989746094
    vertex -13.584003448486328 1.804800033569336 20.793601989746094
    vertex -12.009603500366211 -1.9814839902210224e-07 20.793601989746094
  endloop
endfacet
facet normal 0.0 0.0 0.0
  outer loop
    vertex -13.334403991699219 1.9967997074127197 20.793601989746094
    vertex -13.468803405761719 1.9007999897003174 20.793601989746094
    vertex -12.009603500366211 -1.9814839902210224e-07 20.793601989746094
  endloop
endfacet
facet normal 0.0 0.0 0.0
  outer loop
    vertex -13.200002670288086 2.0735998153686523 20.793601989746094
    vertex -13.334403991699219 1.9967997074127197 20.793601989746094
    vertex -12.009603500366211 -1.9814839902210224e-07 20.793601989746094
  endloop
endfacet
facet normal 0.0 0.0 0.0
  outer loop
    vertex -13.065604209899902 2.150400400161743 20.793601989746094
    vertex -13.200002670288086 2.0735998153686523 20.793601989746094
    vertex -12.009603500366211 -1.9814839902210224e-07 20.793601989746094
  endloop
endfacet
facet normal 0.0 0.0 0.0
  outer loop
    vertex -12.912004470825195 2.2079999446868896 20.793601989746094
    vertex -13.065604209899902 2.150400400161743 20.793601989746094
    vertex -12.009603500366211 -1.9814839902210224e-07 20.793601989746094
  endloop
endfacet
facet normal 0.0 0.0 0.0
  outer loop
    vertex -12.777603149414062 2.2655999660491943 20.793601989746094
    vertex -12.912004470825195 2.2079999446868896 20.793601989746094
    vertex -12.009603500366211 -1.9814839902210224e-07 20.793601989746094
  endloop
endfacet
facet normal 0.0 0.0 0.0
  outer loop
    vertex -12.624004364013672 2.323200225830078 20.793601989746094
    vertex -12.777603149414062 2.2655999660491943 20.793601989746094
    vertex -12.009603500366211 -1.9814839902210224e-07 20.793601989746094
  endloop
endfacet
facet normal 0.0 0.0 0.0
  outer loop
    vertex -12.470403671264648 2.342400074005127 20.793601989746094
    vertex -12.624004364013672 2.323200225830078 20.793601989746094
    vertex -12.009603500366211 -1.9814839902210224e-07 20.793601989746094
  endloop
endfacet
facet normal 0.0 0.0 0.0
  outer loop
    vertex -12.316803932189941 2.380800247192383 20.793601989746094
    vertex -12.470403671264648 2.342400074005127 20.793601989746094
    vertex -12.009603500366211 -1.9814839902210224e-07 20.793601989746094
  endloop
endfacet
facet normal 0.0 0.0 0.0
  outer loop
    vertex -12.163202285766602 2.3999996185302734 20.793601989746094
    vertex -12.316803932189941 2.380800247192383 20.793601989746094
    vertex -12.009603500366211 -1.9814839902210224e-07 20.793601989746094
  endloop
endfacet
facet normal 0.0 0.0 0.0
  outer loop
    vertex -12.009603500366211 2.3999996185302734 20.793601989746094
    vertex -12.163202285766602 2.3999996185302734 20.793601989746094
    vertex -12.009603500366211 -1.9814839902210224e-07 20.793601989746094
  endloop
endfacet
facet normal 0.0 0.0 0.0
  outer loop
    vertex -12.009603500366211 -1.9814839902210224e-07 20.793601989746094
    vertex -11.836804389953613 2.3999996185302734 20.793601989746094
    vertex -12.009603500366211 2.3999996185302734 20.793601989746094
  endloop
endfacet
facet normal 0.0 0.0 0.0
  outer loop
    vertex -12.009603500366211 -1.9814839902210224e-07 20.793601989746094
    vertex -11.683202743530273 2.380800247192383 20.793601989746094
    vertex -11.836804389953613 2.3999996185302734 20.793601989746094
  endloop
endfacet
facet normal 0.0 0.0 0.0
  outer loop
    vertex -12.009603500366211 -1.9814839902210224e-07 20.793601989746094
    vertex -11.529603004455566 2.342400074005127 20.793601989746094
    vertex -11.683202743530273 2.380800247192383 20.793601989746094
  endloop
endfacet
facet normal 0.0 0.0 0.0
  outer loop
    vertex -12.009603500366211 -1.9814839902210224e-07 20.793601989746094
    vertex -11.376004219055176 2.323200225830078 20.793601989746094
    vertex -11.529603004455566 2.342400074005127 20.793601989746094
  endloop
endfacet
facet normal 0.0 0.0 0.0
  outer loop
    vertex -12.009603500366211 -1.9814839902210224e-07 20.793601989746094
    vertex -11.222403526306152 2.2655999660491943 20.793601989746094
    vertex -11.376004219055176 2.323200225830078 20.793601989746094
  endloop
endfacet
facet normal 0.0 0.0 0.0
  outer loop
    vertex -12.009603500366211 -1.9814839902210224e-07 20.793601989746094
    vertex -11.08800220489502 2.2079999446868896 20.793601989746094
    vertex -11.222403526306152 2.2655999660491943 20.793601989746094
  endloop
endfacet
facet normal 0.0 0.0 0.0
  outer loop
    vertex -12.009603500366211 -1.9814839902210224e-07 20.793601989746094
    vertex -10.934403419494629 2.150400400161743 20.793601989746094
    vertex -11.08800220489502 2.2079999446868896 20.793601989746094
  endloop
endfacet
facet normal 0.0 0.0 0.0
  outer loop
    vertex -12.009603500366211 -1.9814839902210224e-07 20.793601989746094
    vertex -10.800002098083496 2.0735998153686523 20.793601989746094
    vertex -10.934403419494629 2.150400400161743 20.793601989746094
  endloop
endfacet
facet normal 0.0 0.0 0.0
  outer loop
    vertex -12.009603500366211 -1.9814839902210224e-07 20.793601989746094
    vertex -10.665603637695312 1.9967997074127197 20.793601989746094
    vertex -10.800002098083496 2.0735998153686523 20.793601989746094
  endloop
endfacet
facet normal 0.0 0.0 0.0
  outer loop
    vertex -12.009603500366211 -1.9814839902210224e-07 20.793601989746094
    vertex -10.531203269958496 1.9007999897003174 20.793601989746094
    vertex -10.665603637695312 1.9967997074127197 20.793601989746094
  endloop
endfacet
facet normal 0.0 0.0 0.0
  outer loop
    vertex -12.009603500366211 -1.9814839902210224e-07 20.793601989746094
    vertex -10.416003227233887 1.804800033569336 20.793601989746094
    vertex -10.531203269958496 1.9007999897003174 20.793601989746094
  endloop
endfacet
facet normal 0.0 0.0 0.0
  outer loop
    vertex -12.009603500366211 -1.9814839902210224e-07 20.793601989746094
    vertex -10.300803184509277 1.6895997524261475 20.793601989746094
    vertex -10.416003227233887 1.804800033569336 20.793601989746094
  endloop
endfacet
facet normal 0.0 0.0 0.0
  outer loop
    vertex -12.009603500366211 -1.9814839902210224e-07 20.793601989746094
    vertex -10.204802513122559 1.5744001865386963 20.793601989746094
    vertex -10.300803184509277 1.6895997524261475 20.793601989746094
  endloop
endfacet
facet normal 0.0 0.0 0.0
  outer loop
    vertex -12.009603500366211 -1.9814839902210224e-07 20.793601989746094
    vertex -10.089603424072266 1.4591999053955078 20.793601989746094
    vertex -10.204802513122559 1.5744001865386963 20.793601989746094
  endloop
endfacet
facet normal 0.0 0.0 0.0
  outer loop
    vertex -12.009603500366211 -1.9814839902210224e-07 20.793601989746094
    vertex -10.012803077697754 1.3247997760772705 20.793601989746094
    vertex -10.089603424072266 1.4591999053955078 20.793601989746094
  endloop
endfacet
facet normal 0.0 0.0 0.0
  outer loop
    vertex -12.009603500366211 -1.9814839902210224e-07 20.793601989746094
    vertex -9.916803359985352 1.1903996467590332 20.793601989746094
    vertex -10.012803077697754 1.3247997760772705 20.793601989746094
  endloop
endfacet
facet normal 0.0 0.0 0.0
  outer loop
    vertex -12.009603500366211 -1.9814839902210224e-07 20.793601989746094
    vertex -9.84000301361084 1.055999994277954 20.793601989746094
    vertex -9.916803359985352 1.1903996467590332 20.793601989746094
  endloop
endfacet
facet normal 0.0 0.0 0.0
  outer loop
    vertex -12.009603500366211 -1.9814839902210224e-07 20.793601989746094
    vertex -9.782402992248535 0.9215999841690063 20.793601989746094
    vertex -9.84000301361084 1.055999994277954 20.793601989746094
  endloop
endfacet
facet normal 0.0 0.0 0.0
  outer loop
    vertex -12.009603500366211 -1.9814839902210224e-07 20.793601989746094
    vertex -9.724802017211914 0.7680000066757202 20.793601989746094
    vertex -9.782402992248535 0.9215999841690063 20.793601989746094
  endloop
endfacet
facet normal 0.0 0.0 0.0
  outer loop
    vertex -12.009603500366211 -1.9814839902210224e-07 20.793601989746094
    vertex -9.686402320861816 0.6143997311592102 20.793601989746094
    vertex -9.724802017211914 0.7680000066757202 20.793601989746094
  endloop
endfacet
facet normal 0.0 0.0 0.0
  outer loop
    vertex -12.009603500366211 -1.9814839902210224e-07 20.793601989746094
    vertex -9.648002624511719 0.4607997238636017 20.793601989746094
    vertex -9.686402320861816 0.6143997311592102 20.793601989746094
  endloop
endfacet
facet normal 0.0 0.0 0.0
  outer loop
    vertex -12.009603500366211 -1.9814839902210224e-07 20.793601989746094
    vertex -9.609602928161621 -1.9814839902210224e-07 20.793601989746094
    vertex -9.609602928161621 0.1535997837781906 20.793601989746094
  endloop
endfacet
facet normal 0.0 0.0 0.0
  outer loop
    vertex -12.009603500366211 -1.9814839902210224e-07 20.793601989746094
    vertex -9.628803253173828 0.30719974637031555 20.793601989746094
    vertex -9.648002624511719 0.4607997238636017 20.793601989746094
  endloop
endfacet
facet normal 0.0 0.0 0.0
  outer loop
    vertex -12.009603500366211 -1.9814839902210224e-07 20.793601989746094
    vertex -9.609602928161621 0.1535997837781906 20.793601989746094
    vertex -9.628803253173828 0.30719974637031555 20.793601989746094
  endloop
endfacet
facet normal 0.0 0.0 0.0
  outer loop
    vertex -17.616004943847656 -0.30720046162605286 20.793601989746094
    vertex -17.596805572509766 -0.15360017120838165 20.793601989746094
    vertex -19.996807098388672 -1.9814839902210224e-07 20.793601989746094
  endloop
endfacet
facet normal 0.0 0.0 0.0
  outer loop
    vertex -17.65440559387207 -0.47999998927116394 20.793601989746094
    vertex -17.616004943847656 -0.30720046162605286 20.793601989746094
    vertex -19.996807098388672 -1.9814839902210224e-07 20.793601989746094
  endloop
endfacet
facet normal 0.0 0.0 0.0
  outer loop
    vertex -17.67360496520996 -0.6336002349853516 20.793601989746094
    vertex -17.65440559387207 -0.47999998927116394 20.793601989746094
    vertex -19.996807098388672 -1.9814839902210224e-07 20.793601989746094
  endloop
endfacet
facet normal 0.0 0.0 0.0
  outer loop
    vertex -17.731204986572266 -0.768000066280365 20.793601989746094
    vertex -17.67360496520996 -0.6336002349853516 20.793601989746094
    vertex -19.996807098388672 -1.9814839902210224e-07 20.793601989746094
  endloop
endfacet
facet normal 0.0 0.0 0.0
  outer loop
    vertex -17.78880500793457 -0.9216000437736511 20.793601989746094
    vertex -17.731204986572266 -0.768000066280365 20.793601989746094
    vertex -19.996807098388672 -1.9814839902210224e-07 20.793601989746094
  endloop
endfacet
facet normal 0.0 0.0 0.0
  outer loop
    vertex -17.846405029296875 -1.0560002326965332 20.793601989746094
    vertex -17.78880500793457 -0.9216000437736511 20.793601989746094
    vertex -19.996807098388672 -1.9814839902210224e-07 20.793601989746094
  endloop
endfacet
facet normal 0.0 0.0 0.0
  outer loop
    vertex -17.923206329345703 -1.2096002101898193 20.793601989746094
    vertex -17.846405029296875 -1.0560002326965332 20.793601989746094
    vertex -19.996807098388672 -1.9814839902210224e-07 20.793601989746094
  endloop
endfacet
facet normal 0.0 0.0 0.0
  outer loop
    vertex -18.0000057220459 -1.3440003395080566 20.793601989746094
    vertex -17.923206329345703 -1.2096002101898193 20.793601989746094
    vertex -19.996807098388672 -1.9814839902210224e-07 20.793601989746094
  endloop
endfacet
facet normal 0.0 0.0 0.0
  outer loop
    vertex -18.096004486083984 -1.459200382232666 20.793601989746094
    vertex -18.0000057220459 -1.3440003395080566 20.793601989746094
    vertex -19.996807098388672 -1.9814839902210224e-07 20.793601989746094
  endloop
endfacet
facet normal 0.0 0.0 0.0
  outer loop
    vertex -18.192005157470703 -1.5936005115509033 20.793601989746094
    vertex -18.096004486083984 -1.459200382232666 20.793601989746094
    vertex -19.996807098388672 -1.9814839902210224e-07 20.793601989746094
  endloop
endfacet
facet normal 0.0 0.0 0.0
  outer loop
    vertex -18.307205200195312 -1.7088004350662231 20.793601989746094
    vertex -18.192005157470703 -1.5936005115509033 20.793601989746094
    vertex -19.996807098388672 -1.9814839902210224e-07 20.793601989746094
  endloop
endfacet
facet normal 0.0 0.0 0.0
  outer loop
    vertex -18.422405242919922 -1.804800271987915 20.793601989746094
    vertex -18.307205200195312 -1.7088004350662231 20.793601989746094
    vertex -19.996807098388672 -1.9814839902210224e-07 20.793601989746094
  endloop
endfacet
facet normal 0.0 0.0 0.0
  outer loop
    vertex -18.53760528564453 -1.9008004665374756 20.793601989746094
    vertex -18.422405242919922 -1.804800271987915 20.793601989746094
    vertex -19.996807098388672 -1.9814839902210224e-07 20.793601989746094
  endloop
endfacet
facet normal 0.0 0.0 0.0
  outer loop
    vertex -18.67200469970703 -1.996800422668457 20.793601989746094
    vertex -18.53760528564453 -1.9008004665374756 20.793601989746094
    vertex -19.996807098388672 -1.9814839902210224e-07 20.793601989746094
  endloop
endfacet
facet normal 0.0 0.0 0.0
  outer loop
    vertex -18.806406021118164 -2.0736002922058105 20.793601989746094
    vertex -18.67200469970703 -1.996800422668457 20.793601989746094
    vertex -19.996807098388672 -1.9814839902210224e-07 20.793601989746094
  endloop
endfacet
facet normal 0.0 0.0 0.0
  outer loop
    vertex -18.940805435180664 -2.150400400161743 20.793601989746094
    vertex -18.806406021118164 -2.0736002922058105 20.793601989746094
    vertex -19.996807098388672 -1.9814839902210224e-07 20.793601989746094
  endloop
endfacet
facet normal 0.0 0.0 0.0
  outer loop
    vertex -19.075204849243164 -2.2272002696990967 20.793601989746094
    vertex -18.940805435180664 -2.150400400161743 20.793601989746094
    vertex -19.996807098388672 -1.9814839902210224e-07 20.793601989746094
  endloop
endfacet
facet normal 0.0 0.0 0.0
  outer loop
    vertex -19.228805541992188 -2.2848005294799805 20.793601989746094
    vertex -19.075204849243164 -2.2272002696990967 20.793601989746094
    vertex -19.996807098388672 -1.9814839902210224e-07 20.793601989746094
  endloop
endfacet
facet normal 0.0 0.0 0.0
  outer loop
    vertex -19.38240623474121 -2.3232004642486572 20.793601989746094
    vertex -19.228805541992188 -2.2848005294799805 20.793601989746094
    vertex -19.996807098388672 -1.9814839902210224e-07 20.793601989746094
  endloop
endfacet
facet normal 0.0 0.0 0.0
  outer loop
    vertex -19.5360050201416 -2.361600399017334 20.793601989746094
    vertex -19.38240623474121 -2.3232004642486572 20.793601989746094
    vertex -19.996807098388672 -1.9814839902210224e-07 20.793601989746094
  endloop
endfacet
facet normal 0.0 0.0 0.0
  outer loop
    vertex -19.689605712890625 -2.380800247192383 20.793601989746094
    vertex -19.5360050201416 -2.361600399017334 20.793601989746094
    vertex -19.996807098388672 -1.9814839902210224e-07 20.793601989746094
  endloop
endfacet
facet normal 0.0 0.0 0.0
  outer loop
    vertex -19.843204498291016 -2.4000003337860107 20.793601989746094
    vertex -19.689605712890625 -2.380800247192383 20.793601989746094
    vertex -19.996807098388672 -1.9814839902210224e-07 20.793601989746094
  endloop
endfacet
facet normal 0.0 0.0 0.0
  outer loop
    vertex -19.996807098388672 -1.9814839902210224e-07 20.793601989746094
    vertex -20.150405883789062 -2.4000003337860107 20.793601989746094
    vertex -19.996807098388672 -2.4000003337860107 20.793601989746094
  endloop
endfacet
facet normal 0.0 0.0 0.0
  outer loop
    vertex -19.996807098388672 -2.4000003337860107 20.793601989746094
    vertex -19.843204498291016 -2.4000003337860107 20.793601989746094
    vertex -19.996807098388672 -1.9814839902210224e-07 20.793601989746094
  endloop
endfacet
facet normal 0.0 0.0 0.0
  outer loop
    vertex -19.996807098388672 -1.9814839902210224e-07 20.793601989746094
    vertex -20.304006576538086 -2.380800247192383 20.793601989746094
    vertex -20.150405883789062 -2.4000003337860107 20.793601989746094
  endloop
endfacet
facet normal 0.0 0.0 0.0
  outer loop
    vertex -19.996807098388672 -1.9814839902210224e-07 20.793601989746094
    vertex -20.476804733276367 -2.361600399017334 20.793601989746094
    vertex -20.304006576538086 -2.380800247192383 20.793601989746094
  endloop
endfacet
facet normal 0.0 0.0 0.0
  outer loop
    vertex -19.996807098388672 -1.9814839902210224e-07 20.793601989746094
    vertex -20.630407333374023 -2.3232004642486572 20.793601989746094
    vertex -20.476804733276367 -2.361600399017334 20.793601989746094
  endloop
endfacet
facet normal 0.0 0.0 0.0
  outer loop
    vertex -19.996807098388672 -1.9814839902210224e-07 20.793601989746094
    vertex -20.76480484008789 -2.2848005294799805 20.793601989746094
    vertex -20.630407333374023 -2.3232004642486572 20.793601989746094
  endloop
endfacet
facet normal 0.0 0.0 0.0
  outer loop
    vertex -19.996807098388672 -1.9814839902210224e-07 20.793601989746094
    vertex -20.918407440185547 -2.2272002696990967 20.793601989746094
    vertex -20.76480484008789 -2.2848005294799805 20.793601989746094
  endloop
endfacet
facet normal 0.0 0.0 0.0
  outer loop
    vertex -19.996807098388672 -1.9814839902210224e-07 20.793601989746094
    vertex -21.052804946899414 -2.150400400161743 20.793601989746094
    vertex -20.918407440185547 -2.2272002696990967 20.793601989746094
  endloop
endfacet
facet normal 0.0 0.0 0.0
  outer loop
    vertex -19.996807098388672 -1.9814839902210224e-07 20.793601989746094
    vertex -21.20640754699707 -2.0736002922058105 20.793601989746094
    vertex -21.052804946899414 -2.150400400161743 20.793601989746094
  endloop
endfacet
facet normal 0.0 0.0 0.0
  outer loop
    vertex -19.996807098388672 -1.9814839902210224e-07 20.793601989746094
    vertex -21.340805053710938 -1.996800422668457 20.793601989746094
    vertex -21.20640754699707 -2.0736002922058105 20.793601989746094
  endloop
endfacet
facet normal 0.0 0.0 0.0
  outer loop
    vertex -19.996807098388672 -1.9814839902210224e-07 20.793601989746094
    vertex -21.45600700378418 -1.9008004665374756 20.793601989746094
    vertex -21.340805053710938 -1.996800422668457 20.793601989746094
  endloop
endfacet
facet normal 0.0 0.0 0.0
  outer loop
    vertex -19.996807098388672 -1.9814839902210224e-07 20.793601989746094
    vertex -21.59040641784668 -1.804800271987915 20.793601989746094
    vertex -21.45600700378418 -1.9008004665374756 20.793601989746094
  endloop
endfacet
facet normal 0.0 0.0 0.0
  outer loop
    vertex -19.996807098388672 -1.9814839902210224e-07 20.793601989746094
    vertex -21.705604553222656 -1.7088004350662231 20.793601989746094
    vertex -21.59040641784668 -1.804800271987915 20.793601989746094
  endloop
endfacet
facet normal 0.0 0.0 0.0
  outer loop
    vertex -19.996807098388672 -1.9814839902210224e-07 20.793601989746094
    vertex -21.801607131958008 -1.5936005115509033 20.793601989746094
    vertex -21.705604553222656 -1.7088004350662231 20.793601989746094
  endloop
endfacet
facet normal 0.0 0.0 0.0
  outer loop
    vertex -19.996807098388672 -1.9814839902210224e-07 20.793601989746094
    vertex -21.897605895996094 -1.459200382232666 20.793601989746094
    vertex -21.801607131958008 -1.5936005115509033 20.793601989746094
  endloop
endfacet
facet normal 0.0 0.0 0.0
  outer loop
    vertex -19.996807098388672 -1.9814839902210224e-07 20.793601989746094
    vertex -21.99360466003418 -1.3440003395080566 20.793601989746094
    vertex -21.897605895996094 -1.459200382232666 20.793601989746094
  endloop
endfacet
facet normal 0.0 0.0 0.0
  outer loop
    vertex -19.996807098388672 -1.9814839902210224e-07 20.793601989746094
    vertex -22.07040786743164 -1.2096002101898193 20.793601989746094
    vertex -21.99360466003418 -1.3440003395080566 20.793601989746094
  endloop
endfacet
facet normal 0.0 0.0 0.0
  outer loop
    vertex -19.996807098388672 -1.9814839902210224e-07 20.793601989746094
    vertex -22.147207260131836 -1.0560002326965332 20.793601989746094
    vertex -22.07040786743164 -1.2096002101898193 20.793601989746094
  endloop
endfacet
facet normal 0.0 0.0 0.0
  outer loop
    vertex -19.996807098388672 -1.9814839902210224e-07 20.793601989746094
    vertex -22.22400665283203 -0.9216000437736511 20.793601989746094
    vertex -22.147207260131836 -1.0560002326965332 20.793601989746094
  endloop
endfacet
facet normal 0.0 0.0 0.0
  outer loop
    vertex -19.996807098388672 -1.9814839902210224e-07 20.793601989746094
    vertex -22.281604766845703 -0.768000066280365 20.793601989746094
    vertex -22.22400665283203 -0.9216000437736511 20.793601989746094
  endloop
endfacet
facet normal 0.0 0.0 0.0
  outer loop
    vertex -19.996807098388672 -1.9814839902210224e-07 20.793601989746094
    vertex -22.320005416870117 -0.6336002349853516 20.793601989746094
    vertex -22.281604766845703 -0.768000066280365 20.793601989746094
  endloop
endfacet
facet normal 0.0 0.0 0.0
  outer loop
    vertex -19.996807098388672 -1.9814839902210224e-07 20.793601989746094
    vertex -22.358407974243164 -0.47999998927116394 20.793601989746094
    vertex -22.320005416870117 -0.6336002349853516 20.793601989746094
  endloop
endfacet
facet normal 0.0 0.0 0.0
  outer loop
    vertex -19.996807098388672 -1.9814839902210224e-07 20.793601989746094
    vertex -22.377607345581055 -0.30720046162605286 20.793601989746094
    vertex -22.358407974243164 -0.47999998927116394 20.793601989746094
  endloop
endfacet
facet normal 0.0 0.0 0.0
  outer loop
    vertex -19.996807098388672 -1.9814839902210224e-07 20.793601989746094
    vertex -22.396806716918945 -0.15360017120838165 20.793601989746094
    vertex -22.377607345581055 -0.30720046162605286 20.793601989746094
  endloop
endfacet
facet normal 0.0 0.0 0.0
  outer loop
    vertex -19.996807098388672 -1.9814839902210224e-07 20.793601989746094
    vertex -22.396806716918945 -1.9814839902210224e-07 20.793601989746094
    vertex -22.396806716918945 -0.15360017120838165 20.793601989746094
  endloop
endfacet
facet normal 0.0 0.0 0.0
  outer loop
    vertex -22.377607345581055 0.30719974637031555 20.793601989746094
    vertex -22.396806716918945 0.1535997837781906 20.793601989746094
    vertex -19.996807098388672 -1.9814839902210224e-07 20.793601989746094
  endloop
endfacet
facet normal 0.0 0.0 0.0
  outer loop
    vertex -22.358407974243164 0.4607997238636017 20.793601989746094
    vertex -22.377607345581055 0.30719974637031555 20.793601989746094
    vertex -19.996807098388672 -1.9814839902210224e-07 20.793601989746094
  endloop
endfacet
facet normal 0.0 0.0 0.0
  outer loop
    vertex -22.320005416870117 0.6143997311592102 20.793601989746094
    vertex -22.358407974243164 0.4607997238636017 20.793601989746094
    vertex -19.996807098388672 -1.9814839902210224e-07 20.793601989746094
  endloop
endfacet
facet normal 0.0 0.0 0.0
  outer loop
    vertex -22.281604766845703 0.7680000066757202 20.793601989746094
    vertex -22.320005416870117 0.6143997311592102 20.793601989746094
    vertex -19.996807098388672 -1.9814839902210224e-07 20.793601989746094
  endloop
endfacet
facet normal 0.0 0.0 0.0
  outer loop
    vertex -22.22400665283203 0.9215999841690063 20.793601989746094
    vertex -22.281604766845703 0.7680000066757202 20.793601989746094
    vertex -19.996807098388672 -1.9814839902210224e-07 20.793601989746094
  endloop
endfacet
facet normal 0.0 0.0 0.0
  outer loop
    vertex -22.147207260131836 1.055999994277954 20.793601989746094
    vertex -22.22400665283203 0.9215999841690063 20.793601989746094
    vertex -19.996807098388672 -1.9814839902210224e-07 20.793601989746094
  endloop
endfacet
facet normal 0.0 0.0 0.0
  outer loop
    vertex -22.07040786743164 1.1903996467590332 20.793601989746094
    vertex -22.147207260131836 1.055999994277954 20.793601989746094
    vertex -19.996807098388672 -1.9814839902210224e-07 20.793601989746094
  endloop
endfacet
facet normal 0.0 0.0 0.0
  outer loop
    vertex -21.99360466003418 1.3247997760772705 20.793601989746094
    vertex -22.07040786743164 1.1903996467590332 20.793601989746094
    vertex -19.996807098388672 -1.9814839902210224e-07 20.793601989746094
  endloop
endfacet
facet normal 0.0 0.0 0.0
  outer loop
    vertex -21.897605895996094 1.4591999053955078 20.793601989746094
    vertex -21.99360466003418 1.3247997760772705 20.793601989746094
    vertex -19.996807098388672 -1.9814839902210224e-07 20.793601989746094
  endloop
endfacet
facet normal 0.0 0.0 0.0
  outer loop
    vertex -21.801607131958008 1.5744001865386963 20.793601989746094
    vertex -21.897605895996094 1.4591999053955078 20.793601989746094
    vertex -19.996807098388672 -1.9814839902210224e-07 20.793601989746094
  endloop
endfacet
facet normal 0.0 0.0 0.0
  outer loop
    vertex -21.705604553222656 1.6895997524261475 20.793601989746094
    vertex -21.801607131958008 1.5744001865386963 20.793601989746094
    vertex -19.996807098388672 -1.9814839902210224e-07 20.793601989746094
  endloop
endfacet
facet normal 0.0 0.0 0.0
  outer loop
    vertex -21.59040641784668 1.804800033569336 20.793601989746094
    vertex -21.705604553222656 1.6895997524261475 20.793601989746094
    vertex -19.996807098388672 -1.9814839902210224e-07 20.793601989746094
  endloop
endfacet
facet normal 0.0 0.0 0.0
  outer loop
    vertex -21.45600700378418 1.9007999897003174 20.793601989746094
    vertex -21.59040641784668 1.804800033569336 20.793601989746094
    vertex -19.996807098388672 -1.9814839902210224e-07 20.793601989746094
  endloop
endfacet
facet normal 0.0 0.0 0.0
  outer loop
    vertex -21.340805053710938 1.9967997074127197 20.793601989746094
    vertex -21.45600700378418 1.9007999897003174 20.793601989746094
    vertex -19.996807098388672 -1.9814839902210224e-07 20.793601989746094
  endloop
endfacet
facet normal 0.0 0.0 0.0
  outer loop
    vertex -21.20640754699707 2.0735998153686523 20.793601989746094
    vertex -21.340805053710938 1.9967997074127197 20.793601989746094
    vertex -19.996807098388672 -1.9814839902210224e-07 20.793601989746094
  endloop
endfacet
facet normal 0.0 0.0 0.0
  outer loop
    vertex -21.052804946899414 2.150400400161743 20.793601989746094
    vertex -21.20640754699707 2.0735998153686523 20.793601989746094
    vertex -19.996807098388672 -1.9814839902210224e-07 20.793601989746094
  endloop
endfacet
facet normal 0.0 0.0 0.0
  outer loop
    vertex -20.918407440185547 2.2079999446868896 20.793601989746094
    vertex -21.052804946899414 2.150400400161743 20.793601989746094
    vertex -19.996807098388672 -1.9814839902210224e-07 20.793601989746094
  endloop
endfacet
facet normal 0.0 0.0 0.0
  outer loop
    vertex -20.76480484008789 2.2655999660491943 20.793601989746094
    vertex -20.918407440185547 2.2079999446868896 20.793601989746094
    vertex -19.996807098388672 -1.9814839902210224e-07 20.793601989746094
  endloop
endfacet
facet normal 0.0 0.0 0.0
  outer loop
    vertex -20.630407333374023 2.323200225830078 20.793601989746094
    vertex -20.76480484008789 2.2655999660491943 20.793601989746094
    vertex -19.996807098388672 -1.9814839902210224e-07 20.793601989746094
  endloop
endfacet
facet normal 0.0 0.0 0.0
  outer loop
    vertex -20.476804733276367 2.342400074005127 20.793601989746094
    vertex -20.630407333374023 2.323200225830078 20.793601989746094
    vertex -19.996807098388672 -1.9814839902210224e-07 20.793601989746094
  endloop
endfacet
facet normal 0.0 0.0 0.0
  outer loop
    vertex -20.304006576538086 2.380800247192383 20.793601989746094
    vertex -20.476804733276367 2.342400074005127 20.793601989746094
    vertex -19.996807098388672 -1.9814839902210224e-07 20.793601989746094
  endloop
endfacet
facet normal 0.0 0.0 0.0
  outer loop
    vertex -20.150405883789062 2.3999996185302734 20.793601989746094
    vertex -20.304006576538086 2.380800247192383 20.793601989746094
    vertex -19.996807098388672 -1.9814839902210224e-07 20.793601989746094
  endloop
endfacet
facet normal 0.0 0.0 0.0
  outer loop
    vertex -19.996807098388672 2.3999996185302734 20.793601989746094
    vertex -20.150405883789062 2.3999996185302734 20.793601989746094
    vertex -19.996807098388672 -1.9814839902210224e-07 20.793601989746094
  endloop
endfacet
facet normal 0.0 0.0 0.0
  outer loop
    vertex -19.996807098388672 -1.9814839902210224e-07 20.793601989746094
    vertex -19.843204498291016 2.3999996185302734 20.793601989746094
    vertex -19.996807098388672 2.3999996185302734 20.793601989746094
  endloop
endfacet
facet normal 0.0 0.0 0.0
  outer loop
    vertex -19.996807098388672 -1.9814839902210224e-07 20.793601989746094
    vertex -19.689605712890625 2.380800247192383 20.793601989746094
    vertex -19.843204498291016 2.3999996185302734 20.793601989746094
  endloop
endfacet
facet normal 0.0 0.0 0.0
  outer loop
    vertex -19.996807098388672 -1.9814839902210224e-07 20.793601989746094
    vertex -19.5360050201416 2.342400074005127 20.793601989746094
    vertex -19.689605712890625 2.380800247192383 20.793601989746094
  endloop
endfacet
facet normal 0.0 0.0 0.0
  outer loop
    vertex -19.996807098388672 -1.9814839902210224e-07 20.793601989746094
    vertex -19.38240623474121 2.323200225830078 20.793601989746094
    vertex -19.5360050201416 2.342400074005127 20.793601989746094
  endloop
endfacet
facet normal 0.0 0.0 0.0
  outer loop
    vertex -19.996807098388672 -1.9814839902210224e-07 20.793601989746094
    vertex -19.228805541992188 2.2655999660491943 20.793601989746094
    vertex -19.38240623474121 2.323200225830078 20.793601989746094
  endloop
endfacet
facet normal 0.0 0.0 0.0
  outer loop
    vertex -19.996807098388672 -1.9814839902210224e-07 20.793601989746094
    vertex -19.075204849243164 2.2079999446868896 20.793601989746094
    vertex -19.228805541992188 2.2655999660491943 20.793601989746094
  endloop
endfacet
facet normal 0.0 0.0 0.0
  outer loop
    vertex -19.996807098388672 -1.9814839902210224e-07 20.793601989746094
    vertex -18.940805435180664 2.150400400161743 20.793601989746094
    vertex -19.075204849243164 2.2079999446868896 20.793601989746094
  endloop
endfacet
facet normal 0.0 0.0 0.0
  outer loop
    vertex -19.996807098388672 -1.9814839902210224e-07 20.793601989746094
    vertex -18.806406021118164 2.0735998153686523 20.793601989746094
    vertex -18.940805435180664 2.150400400161743 20.793601989746094
  endloop
endfacet
facet normal 0.0 0.0 0.0
  outer loop
    vertex -19.996807098388672 -1.9814839902210224e-07 20.793601989746094
    vertex -18.67200469970703 1.9967997074127197 20.793601989746094
    vertex -18.806406021118164 2.0735998153686523 20.793601989746094
  endloop
endfacet
facet normal 0.0 0.0 0.0
  outer loop
    vertex -19.996807098388672 -1.9814839902210224e-07 20.793601989746094
    vertex -18.53760528564453 1.9007999897003174 20.793601989746094
    vertex -18.67200469970703 1.9967997074127197 20.793601989746094
  endloop
endfacet
facet normal 0.0 0.0 0.0
  outer loop
    vertex -19.996807098388672 -1.9814839902210224e-07 20.793601989746094
    vertex -18.422405242919922 1.804800033569336 20.793601989746094
    vertex -18.53760528564453 1.9007999897003174 20.793601989746094
  endloop
endfacet
facet normal 0.0 0.0 0.0
  outer loop
    vertex -19.996807098388672 -1.9814839902210224e-07 20.793601989746094
    vertex -18.307205200195312 1.6895997524261475 20.793601989746094
    vertex -18.422405242919922 1.804800033569336 20.793601989746094
  endloop
endfacet
facet normal 0.0 0.0 0.0
  outer loop
    vertex -19.996807098388672 -1.9814839902210224e-07 20.793601989746094
    vertex -18.192005157470703 1.5744001865386963 20.793601989746094
    vertex -18.307205200195312 1.6895997524261475 20.793601989746094
  endloop
endfacet
facet normal 0.0 0.0 0.0
  outer loop
    vertex -19.996807098388672 -1.9814839902210224e-07 20.793601989746094
    vertex -18.096004486083984 1.4591999053955078 20.793601989746094
    vertex -18.192005157470703 1.5744001865386963 20.793601989746094
  endloop
endfacet
facet normal 0.0 0.0 0.0
  outer loop
    vertex -19.996807098388672 -1.9814839902210224e-07 20.793601989746094
    vertex -18.0000057220459 1.3247997760772705 20.793601989746094
    vertex -18.096004486083984 1.4591999053955078 20.793601989746094
  endloop
endfacet
facet normal 0.0 0.0 0.0
  outer loop
    vertex -19.996807098388672 -1.9814839902210224e-07 20.793601989746094
    vertex -17.923206329345703 1.1903996467590332 20.793601989746094
    vertex -18.0000057220459 1.3247997760772705 20.793601989746094
  endloop
endfacet
facet normal 0.0 0.0 0.0
  outer loop
    vertex -19.996807098388672 -1.9814839902210224e-07 20.793601989746094
    vertex -17.846405029296875 1.055999994277954 20.793601989746094
    vertex -17.923206329345703 1.1903996467590332 20.793601989746094
  endloop
endfacet
facet normal 0.0 0.0 0.0
  outer loop
    vertex -19.996807098388672 -1.9814839902210224e-07 20.793601989746094
    vertex -17.78880500793457 0.9215999841690063 20.793601989746094
    vertex -17.846405029296875 1.055999994277954 20.793601989746094
  endloop
endfacet
facet normal 0.0 0.0 0.0
  outer loop
    vertex -19.996807098388672 -1.9814839902210224e-07 20.793601989746094
    vertex -17.731204986572266 0.7680000066757202 20.793601989746094
    vertex -17.78880500793457 0.9215999841690063 20.793601989746094
  endloop
endfacet
facet normal 0.0 0.0 0.0
  outer loop
    vertex -19.996807098388672 -1.9814839902210224e-07 20.793601989746094
    vertex -17.67360496520996 0.6143997311592102 20.793601989746094
    vertex -17.731204986572266 0.7680000066757202 20.793601989746094
  endloop
endfacet
facet normal 0.0 0.0 0.0
  outer loop
    vertex -19.996807098388672 -1.9814839902210224e-07 20.793601989746094
    vertex -17.65440559387207 0.4607997238636017 20.793601989746094
    vertex -17.67360496520996 0.6143997311592102 20.793601989746094
  endloop
endfacet
facet normal 0.0 0.0 0.0
  outer loop
    vertex -19.996807098388672 -1.9814839902210224e-07 20.793601989746094
    vertex -17.596805572509766 -1.9814839902210224e-07 20.793601989746094
    vertex -17.596805572509766 0.1535997837781906 20.793601989746094
  endloop
endfacet
facet normal 0.0 0.0 0.0
  outer loop
    vertex -19.996807098388672 -1.9814839902210224e-07 20.793601989746094
    vertex -17.616004943847656 0.30719974637031555 20.793601989746094
    vertex -17.65440559387207 0.4607997238636017 20.793601989746094
  endloop
endfacet
facet normal 0.0 0.0 0.0
  outer loop
    vertex -19.996807098388672 -1.9814839902210224e-07 20.793601989746094
    vertex -17.596805572509766 0.1535997837781906 20.793601989746094
    vertex -17.616004943847656 0.30719974637031555 20.793601989746094
  endloop
endfacet
endsolid Uranium STLWriter Mon 31 Jan 2022 12:13:47
